identifier,transaction_count,avg_price_eth,max_price_eth,min_price_eth,total_volume_eth,unique_buyers,unique_sellers
8884,21,4.766947619047619,10.89,0.1699,100.1059,1,1
8874,18,4.124513333333334,5.54,0.055,74.24124,1,1
8873,2,0.165,0.275,0.055,0.33,1,1
8885,2,0.69,1.2,0.18,1.38,1,1
8887,13,10.193976923076924,29.949,0.34,132.5217,1,1
8878,3,1.0550333333333333,1.9969,0.195,3.1651,1,1
8877,2,0.747,1.069,0.425,1.494,1,1
8883,7,6.949285428571429,11.11,0.425,48.644998,1,1
8882,9,6.910965555555555,14.12,0.185,62.19869,1,1
8875,14,6.3354,14.68,0.055,88.6956,1,1
8886,19,10.716753,15.32,0.14,203.61830700000002,1,1
8879,49,5.521975510204081,17.8,0.375,270.5768,1,1
8876,3,2.2133333333333334,3.5,0.4,6.640000000000001,1,1
8880,2,1.375,2.5,0.25,2.75,1,1
8881,3,1.0183333333333333,2.0,0.055,3.0549999999999997,1,1
8830,3,2.3749,3.4747,0.8,7.1247,1,1
8782,2,0.74995,1.4499,0.05,1.4999,1,1
8814,4,15.004999999999999,36.33,2.4,60.019999999999996,1,1
8863,15,7.363859333333334,14.7,0.22,110.45789,1,1
8852,6,4.540833333333333,10.28,0.085,27.244999999999997,1,1
8865,3,0.45166666666666666,0.99,0.015,1.355,1,1
8810,72,6.523644847222222,25.89,1.5,469.702429,1,1
8835,1,0.1,0.1,0.1,0.1,1,1
8825,16,3.3333062499999997,17.83,0.049,53.332899999999995,1,1
8808,21,9.411708761904762,13.48,0.9,197.645884,1,1
8778,7,1.1686999999999999,2.64,0.05,8.1809,1,1
8848,5,1.191,2.25,0.025,5.955,1,1
8866,5,0.9873799999999999,1.99,0.05,4.9369,1,1
8775,7,3.569614285714285,5.88,0.045,24.987299999999998,1,1
8811,3,2.033333333333333,3.3,1.1,6.1,1,1
8791,5,2.0300000000000002,3.99,0.05,10.15,1,1
8854,8,7.17440025,10.54,0.0235,57.395202,1,1
8864,8,5.3339875,20.84,1.4999,42.6719,1,1
8820,0,0.0,0.0,0.0,0.0,0,0
8784,13,9.33079223076923,34.19,0.05,121.300299,1,1
8831,30,6.1670804666666665,31.6,0.25,185.012414,1,1
8807,19,5.680588842105263,15.819988,1.1,107.931188,1,1
8793,16,5.0374375,10.59,0.05,80.599,1,1
8803,14,13.97616407142857,34.7,0.88,195.666297,1,1
8779,61,4.462103491803279,7.0888,0.05,272.188313,1,1
8799,10,14.148493000000002,40.0,0.2,141.48493000000002,1,1
8822,2,14.934999999999999,19.88,9.99,29.869999999999997,1,1
8777,22,4.458311545454546,15.298,0.045,98.082854,1,1
8842,9,2.6951,7.5,0.12,24.2559,1,1
8860,4,7.2425,13.365,0.145,28.97,1,1
8786,2,0.165,0.28,0.05,0.33,1,1
8834,13,7.560918538461538,16.179951,0.15,98.291941,1,1
8832,10,2.617493,5.89993,0.05,26.17493,1,1
8789,3,2.438,4.284,0.05,7.314,1,1
8806,11,6.4106,11.22,1.1,70.5166,1,1
8794,7,4.4357114285714285,12.14898,0.3,31.049979999999998,1,1
8798,3,0.118,0.2,0.054,0.354,1,1
8853,3,7.466666666666666,14.9,1.75,22.4,1,1
8845,4,0.499475,0.9499,0.02,1.9979,1,1
8826,6,0.5975333333333334,2.0,0.049,3.5852,1,1
8801,4,10.458425,17.301,0.0547,41.8337,1,1
8843,6,2.8699999999999997,6.8,0.03,17.22,1,1
8840,20,3.402955,4.49,0.04,68.0591,1,1
8816,1,1.174,1.174,1.174,1.174,1,1
8812,1,1.1,1.1,1.1,1.1,1,1
8813,15,4.05994,5.2462,0.33,60.899100000000004,1,1
8790,15,4.176733333333333,9.45,0.045,62.650999999999996,1,1
8823,12,6.8747495,10.48,0.9,82.496994,1,1
8785,9,1.2106666666666668,2.68,0.05,10.896,1,1
8862,2,0.255,0.35,0.16,0.51,1,1
8827,6,1.0416833333333333,3.0,0.049,6.2501,1,1
8783,13,8.723592307692307,20.99,0.05,113.4067,1,1
8805,6,7.454999999999999,18.49,1.1,44.73,1,1
8815,8,2.9665500000000002,4.8559,0.339,23.732400000000002,1,1
8855,7,1.8790714285714287,3.33,0.0235,13.153500000000001,1,1
8837,20,4.96297,9.739,0.0669,99.2594,1,1
8818,4,2.2335000000000003,4.76,0.344,8.934000000000001,1,1
8846,15,3.1248603333333334,4.95,0.0122,46.872905,1,1
8795,6,1.764,3.5,0.054,10.584,1,1
8867,5,1.7752,6.0,0.025,8.876,1,1
8800,1,1.5,1.5,1.5,1.5,1,1
8849,9,6.6907776666666665,11.987999,0.4,60.216999,1,1
8850,16,15.216185375,32.5,0.2,243.458966,1,1
8792,14,3.07715,6.06,0.05,43.0801,1,1
8829,10,4.8156300000000005,9.382,0.05,48.1563,1,1
8817,7,1.6658571428571427,3.098,0.2,11.661,1,1
8788,10,7.8426,18.15,0.013,78.426,1,1
8861,8,1.375763875,3.8,0.185,11.006111,1,1
8856,3,2.1148333333333333,5.631,0.0235,6.3445,1,1
8802,21,4.084970952380952,9.2,0.0549,85.78439,1,1
8796,11,1.8660909090909092,5.1429,0.032,20.527,1,1
8776,15,3.4439455999999997,5.54,0.045,51.659183999999996,1,1
8847,4,0.46255,1.0,0.0122,1.8502,1,1
8828,3,0.5096666666666666,0.98,0.049,1.529,1,1
8797,5,7.818821,33.0,0.053,39.094105,1,1
8833,12,3.8308324999999996,10.69,0.05,45.969989999999996,1,1
8844,20,2.987945,7.08,0.012,59.7589,1,1
8857,11,1.7827636363636363,4.92,0.0235,19.6104,1,1
8851,10,8.7013486,22.79,0.0549,87.013486,1,1
8841,15,7.083433333333333,21.69,0.0115,106.2515,1,1
8872,6,2.7416666666666667,6.5,1.04,16.45,1,1
8774,8,3.39299875,5.38,0.05,27.14399,1,1
8787,10,6.4079999999999995,12.55,0.05,64.08,1,1
8838,3,0.7400000000000001,2.0,0.03,2.22,1,1
8781,6,3.1616666666666666,7.25,0.05,18.97,1,1
8821,5,1.5804,2.222,0.88,7.902,1,1
8868,7,3.6955714285714287,6.57,2.089,25.869,1,1
8809,2,6.5,12.0,1.0,13.0,1,1
8870,50,6.55207,17.5,1.69,327.6035,1,1
8858,3,0.39409999999999995,0.969,0.0235,1.1823,1,1
8859,23,8.904846826086956,18.18,0.0235,204.811477,1,1
8869,11,10.468645454545454,31.9,0.988,115.1551,1,1
8780,25,3.75839448,5.5,0.052,93.959862,1,1
8819,8,8.560500000000001,9.72,6.1,68.48400000000001,1,1
8839,9,1.0734000000000001,2.1999,0.05,9.6606,1,1
8871,12,7.0946225,20.65,0.9987,85.13547,1,1
8836,4,1.6955,2.95,0.012,6.782,1,1
8824,6,5.143166666666667,6.06,1.45,30.859,1,1
8804,4,1.765,3.18,0.8,7.06,1,1
8698,5,7.631780000000001,12.851,0.9789,38.1589,1,1
8685,9,5.512922222222222,20.68,0.1111,49.616299999999995,1,1
8718,3,1.7849000000000002,2.0777,1.5,5.3547,1,1
8745,31,5.392839032258064,18.668,0.0888,167.17801,1,1
8766,4,1.9700000000000002,3.2,0.24,7.880000000000001,1,1
8721,0,0.0,0.0,0.0,0.0,0,0
8709,15,8.7052858,12.340687,0.7,130.579287,1,1
8674,7,1.9585352857142857,3.5,0.0469,13.709747,1,1
8773,1,0.099,0.099,0.099,0.099,1,1
8711,20,6.59915,15.95,0.835,131.983,1,1
8747,40,5.255417,11.7498,0.048,210.21668,1,1
8723,21,5.531275714285714,13.26,2.59,116.15679,1,1
8681,5,1.0104199999999999,2.19,0.2222,5.052099999999999,1,1
8694,1,8.75,8.75,8.75,8.75,1,1
8689,28,5.693996785714285,12.7,0.4444,159.43191,1,1
8724,6,3.5431666666666666,8.0,0.059,21.259,1,1
8696,6,10.706616666666667,11.99,8.0,64.2397,1,1
8734,7,9.115142857142859,21.75,0.058,63.806000000000004,1,1
8740,10,4.2328,12.778,1.15,42.328,1,1
8763,7,1.7397142857142858,3.29,0.049,12.178,1,1
8697,22,3.7099954545454548,4.95,0.99,81.6199,1,1
8768,8,9.411,19.0,0.449,75.288,1,1
8714,3,1.8856333333333335,3.4,0.95,5.6569,1,1
8751,10,3.4496900000000004,4.4,0.05,34.496900000000004,1,1
8703,25,7.5624702,14.88,0.81,189.061755,1,1
8717,3,2.1999999999999997,3.0,1.0,6.6,1,1
8743,3,0.32,0.56,0.05,0.96,1,1
8769,19,8.614415368421053,19.88,0.135,163.673892,1,1
8670,7,8.759557142857144,25.79,0.0469,61.316900000000004,1,1
8739,6,1.2253333333333334,2.5,0.04,7.352,1,1
8752,4,0.844175,2.75,0.0777,3.3767,1,1
8692,4,3.01725,10.069,0.25,12.069,1,1
8683,5,6.55038,11.0,0.2222,32.7519,1,1
8738,11,5.853454545454546,18.3,1.05,64.388,1,1
8672,4,3.409725,10.5,0.0469,13.6389,1,1
8726,10,5.6902,24.75,0.25,56.902,1,1
8716,9,3.5316666666666667,6.75,1.19,31.785,1,1
8753,10,7.66169,17.777,0.0899,76.6169,1,1
8690,3,11.448933333333335,13.5678,8.81,34.3468,1,1
8759,2,3.874,7.7,0.048,7.748,1,1
8727,5,5.264,8.5,0.38,26.32,1,1
8671,23,10.371114956521739,40.0,0.0469,238.535644,1,1
8678,13,1.1532283076923078,3.3,0.2222,14.991968,1,1
8676,18,4.940484388888889,12.66,0.052,88.928719,1,1
8730,32,6.0711390625,17.5,0.04,194.27645,1,1
8699,2,2.5,3.3,1.7,5.0,1,1
8728,6,1.4165,3.83,0.25,8.499,1,1
8702,1,5.08,5.08,5.08,5.08,1,1
8765,31,5.086774193548387,19.45,0.449,157.69,1,1
8710,4,6.485,10.15,0.99,25.94,1,1
8693,19,9.397647368421053,22.8,0.4444,178.5553,1,1
8750,16,7.3164406875,20.1279,0.04,117.063051,1,1
8731,3,0.11,0.25,0.03,0.33,1,1
8705,3,3.2100000000000004,4.0,1.99,9.63,1,1
8772,2,0.14,0.19,0.09,0.28,1,1
8754,7,8.546214142857142,23.499999,0.254,59.823499,1,1
8757,38,3.9948420789473684,5.65,0.055,151.803999,1,1
8720,1,1.5,1.5,1.5,1.5,1,1
8715,1,1.85,1.85,1.85,1.85,1,1
8737,78,5.9401785897435895,31.69,0.853,463.33393,1,1
8761,20,7.057264999999999,16.5,0.054,141.1453,1,1
8713,28,8.762563107142856,16.13,2.5,245.351767,1,1
8722,8,6.1712711250000005,11.768169,0.059,49.370169000000004,1,1
8673,7,1.5609857142857142,2.66,0.0469,10.9269,1,1
8748,3,0.7666666666666666,1.25,0.05,2.3,1,1
8732,2,0.6698999999999999,0.9398,0.4,1.3397999999999999,1,1
8719,5,4.454,6.57,1.5,22.27,1,1
8741,33,8.475248151515153,20.4795,1.44,279.683189,1,1
8756,14,12.226303571428572,36.95,0.252,171.16825,1,1
8706,14,9.07555,22.0,0.9789,127.0577,1,1
8695,21,6.14592380952381,16.98,0.25,129.0644,1,1
8675,6,4.21845,6.88,0.052,25.3107,1,1
8688,39,6.409410717948718,19.01,0.1111,249.967018,1,1
8771,2,1.639,3.15,0.128,3.278,1,1
8700,8,9.950399375,13.0,0.9789,79.603195,1,1
8755,14,4.366280714285714,10.0,0.92,61.12793,1,1
8679,3,5.896666666666667,13.24,0.25,17.69,1,1
8746,9,4.48098888888889,27.5,0.08,40.328900000000004,1,1
8735,4,2.91,3.5,2.45,11.64,1,1
8749,14,7.458564285714286,24.79,0.05,104.4199,1,1
8708,9,11.197433333333333,29.987,2.5,100.7769,1,1
8680,23,7.953517391304348,33.05,4.08,182.9309,1,1
8682,19,7.64859947368421,19.05,0.25,145.32339,1,1
8677,17,2.926464705882353,5.088,0.4444,49.749900000000004,1,1
8701,1,1.9,1.9,1.9,1.9,1,1
8725,31,7.299290322580645,40.0,0.25,226.278,1,1
8762,16,9.098143125,33.489,0.0545,145.57029,1,1
8758,7,4.150128571428572,9.88,0.055,29.050900000000002,1,1
8770,13,3.897384615384616,6.2,0.03,50.666000000000004,1,1
8736,7,1.5505714285714285,7.2362,0.0888,10.854,1,1
8712,2,10.4065,16.313,4.5,20.813,1,1
8767,8,3.0701,4.5597,0.29,24.5608,1,1
8687,35,4.104532285714285,6.0,0.25,143.65863,1,1
8729,5,1.3874,2.3,0.32,6.936999999999999,1,1
8764,3,8.032333333333334,13.469,0.048,24.097,1,1
8707,2,0.845,0.88,0.81,1.69,1,1
8742,8,3.973025,13.399,0.0888,31.7842,1,1
8684,2,0.6261,1.03,0.2222,1.2522,1,1
8691,5,4.2219999999999995,5.995,2.916,21.11,1,1
8704,3,2.7399999999999998,3.5,2.13,8.219999999999999,1,1
8744,10,16.17193,28.6495,0.0469,161.7193,1,1
8686,3,12.653433333333334,14.0603,11.15,37.960300000000004,1,1
8733,5,7.88,22.2,0.6,39.4,1,1
8760,10,2.011309,4.17399,0.053,20.11309,1,1
8574,10,5.2369799,11.65,0.9,52.369799,1,1
8634,5,0.5948,1.5,0.089,2.974,1,1
8567,2,1.73,3.4,0.06,3.46,1,1
8632,33,5.034342121212121,11.79899,0.15,166.13329,1,1
8618,5,3.85242,7.49,0.89,19.2621,1,1
8666,15,9.206220066666667,15.13,0.024401,138.093301,1,1
8638,15,6.685973333333333,18.0,0.049,100.2896,1,1
8639,15,4.199852666666667,6.21,0.0499,62.99779,1,1
8561,4,13.23375,19.49,3.98,52.935,1,1
8654,2,1.27775,2.5,0.0555,2.5555,1,1
8659,15,2.027816066666667,5.3,0.021941,30.417241,1,1
8657,5,0.7074,1.79,0.015,3.537,1,1
8590,11,0.887490909090909,2.65,0.0199,9.7624,1,1
8564,5,2.984,5.65,1.66,14.92,1,1
8626,4,5.09,16.58,0.38,20.36,1,1
8592,9,6.799166666666666,11.556,0.0275,61.192499999999995,1,1
8586,17,9.190176470588236,18.5,0.14,156.233,1,1
8643,3,0.9549666666666666,2.79,0.025,2.8649,1,1
8584,18,2.3938055555555557,4.5,0.015,43.0885,1,1
8611,8,5.4928799999999995,11.298,0.42,43.943039999999996,1,1
8649,29,4.426140689655172,5.89,0.0499,128.35808,1,1
8599,5,2.8449999999999998,7.0,0.1,14.225,1,1
8602,6,2.1058333333333334,4.5,0.07,12.635,1,1
8636,10,7.35197,11.88,0.055,73.5197,1,1
8625,7,2.9513515714285714,11.11,0.02,20.659461,1,1
8583,9,1.3894444444444445,4.9,0.06,12.505,1,1
8579,8,1.5835,2.978,0.1,12.668,1,1
8600,14,1.9357142857142857,4.1,0.09,27.1,1,1
8612,18,4.1989777777777775,5.52,1.29,75.5816,1,1
8591,7,1.0570142857142857,3.0,0.0275,7.3991,1,1
8628,17,6.205917647058824,10.79,0.28,105.5006,1,1
8627,5,1.24586,2.479,0.25,6.2293,1,1
8620,5,6.766,10.9,0.99,33.83,1,1
8610,21,2.670952380952381,4.52,0.75,56.089999999999996,1,1
8594,4,1.20375,2.35,0.09,4.815,1,1
8562,2,14.2471,26.8,1.6942,28.4942,1,1
8633,24,10.220457375,22.699,2.21,245.290977,1,1
8597,5,0.5157,1.069,0.06,2.5785,1,1
8663,6,10.689644833333332,18.0,0.217869,64.137869,1,1
8660,1,0.99,0.99,0.99,0.99,1,1
8577,15,3.919313333333333,6.0,2.59,58.789699999999996,1,1
8614,7,4.057357142857143,6.3,0.69,28.4015,1,1
8615,14,13.049307142857142,40.0,1.0,182.69029999999998,1,1
8572,1,3.0,3.0,3.0,3.0,1,1
8637,31,4.286328999999999,6.1053,0.019,132.87619899999999,1,1
8601,10,1.9260000000000002,3.69,0.125,19.26,1,1
8604,17,8.28928794117647,18.99,1.4,140.917895,1,1
8646,16,628.4089062500001,10000.0,0.0499,10054.542500000001,1,1
8653,5,9.493979999999999,36.22,0.0499,47.469899999999996,1,1
8596,3,1.3383333333333336,3.68,0.06,4.015000000000001,1,1
8644,6,4.900049999999999,6.1,0.0499,29.400299999999998,1,1
8565,14,7.309992357142858,27.5,0.06,102.339893,1,1
8595,87,5.677214632183908,16.0,0.09,493.917673,1,1
8581,6,13.080966666666667,18.8,8.1508,78.4858,1,1
8668,4,7.6436,18.5,0.0244,30.5744,1,1
8665,4,1.8299647499999998,3.5,0.029859,7.319858999999999,1,1
8650,6,1.5366499999999998,3.5,0.0499,9.219899999999999,1,1
8651,3,0.48996666666666666,1.17,0.0499,1.4699,1,1
8613,4,1.6255,2.98,0.473,6.502,1,1
8656,5,0.7501,2.2,0.045,3.7505,1,1
8589,8,0.8889375,1.67,0.0275,7.1115,1,1
8629,13,3.228480769230769,4.46,0.2,41.97025,1,1
8631,46,6.725669543478261,32.4,0.29,309.380799,1,1
8645,23,8.565034782608695,16.3,0.0499,196.9958,1,1
8603,8,4.8874875,6.0,0.9,39.0999,1,1
8578,4,9.129999999999999,11.29,3.6,36.519999999999996,1,1
8635,27,8.685514814814814,24.7,0.047,234.50889999999998,1,1
8630,12,3.81125,4.91,0.175,45.735,1,1
8640,6,5.728149999999999,10.799,0.0499,34.3689,1,1
8623,9,3.744333333333333,9.45,0.15,33.699,1,1
8588,5,1.737,5.0,0.2,8.685,1,1
8669,2,7.815,15.5,0.13,15.63,1,1
8566,1,3.6,3.6,3.6,3.6,1,1
8605,6,9.509633333333333,18.9703,0.69,57.0578,1,1
8587,15,6.4286,24.5,0.225,96.429,1,1
8570,1,1.25,1.25,1.25,1.25,1,1
8598,19,6.334252631578947,32.245,0.065,120.35079999999999,1,1
8575,6,6.1499999999999995,15.8,2.5,36.9,1,1
8621,3,9.882181000000001,18.88,0.89,29.646543,1,1
8563,64,5.03678840625,19.939951,2.4,322.354458,1,1
8667,13,4.011775999999999,10.09,0.01,52.153088,1,1
8606,7,7.196857142857143,11.85,0.85,50.378,1,1
8569,7,3.438742857142857,4.02,1.6942,24.0712,1,1
8571,3,2.466666666666667,2.85,2.2,7.4,1,1
8658,2,0.27775,0.5,0.0555,0.5555,1,1
8585,6,1.2286666666666666,2.897,0.05,7.372,1,1
8641,10,9.151990000000001,32.0,0.0499,91.5199,1,1
8576,0,0.0,0.0,0.0,0.0,0,0
8580,17,4.164796588235294,5.69,0.1,70.801542,1,1
8568,22,8.892131681818183,10.34,2.6,195.626897,1,1
8616,8,2.7989113750000003,4.16,1.3,22.391291000000002,1,1
8647,5,4.2558777999999995,5.489989,0.0499,21.279389,1,1
8608,6,4.930968166666667,9.02,1.4,29.585809,1,1
8609,4,21.06725,28.869,0.99,84.269,1,1
8617,6,1.8079999999999998,2.69,1.0,10.847999999999999,1,1
8622,7,3.9971428571428573,11.6,0.99,27.98,1,1
8619,9,14.914444444444444,35.8,0.79,134.23,1,1
8624,7,2.971857142857143,7.206,0.45,20.803,1,1
8607,6,7.226665,18.83999,1.0,43.359989999999996,1,1
8652,12,8.595325,20.777,0.0499,103.1439,1,1
8642,20,9.822260250000001,29.42,0.0222,196.44520500000002,1,1
8661,4,1.04252925,3.2,0.030117,4.170117,1,1
8573,9,12.178788888888889,16.93,2.1001,109.6091,1,1
8593,3,0.36733333333333335,0.75,0.077,1.102,1,1
8648,17,3.509935294117647,5.999,0.0499,59.6689,1,1
8655,5,6.859100000000001,25.0,0.0555,34.295500000000004,1,1
8582,17,13.497576470588236,38.4,0.15,229.4588,1,1
8662,7,3.100027428571429,8.6543,0.043372,21.700192,1,1
8664,37,5.187216189189189,6.04,0.024399,191.926999,1,1
8471,5,0.7594000000000001,1.1,0.02,3.797,1,1
8541,11,7.7193452727272724,12.84,0.0198,84.912798,1,1
8542,18,6.580440555555556,27.33,0.0298,118.44793,1,1
8537,6,0.9189833333333333,2.8,0.0139,5.5139,1,1
8493,2,3.395,4.5,2.29,6.79,1,1
8490,5,10.459399999999999,15.11,1.5,52.297,1,1
8498,2,1.47,1.49,1.45,2.94,1,1
8554,8,7.2274987500000005,12.92999,3.5,57.819990000000004,1,1
8506,32,8.19753078125,17.83,0.25,262.320985,1,1
8496,8,4.4979735,9.078788,0.075,35.983788,1,1
8479,2,0.05,0.055,0.045,0.1,1,1
8523,10,5.3917,11.25,0.028,53.917,1,1
8495,6,0.9445,2.949,0.05,5.667,1,1
8533,6,2.106666666666667,3.7,0.39,12.64,1,1
8482,0,0.0,0.0,0.0,0.0,0,0
8544,16,3.4532375,11.999,0.0198,55.2518,1,1
8559,7,8.078100000000001,14.9497,0.03,56.5467,1,1
8525,3,2.036,6.0,0.049,6.108,1,1
8553,3,2.356,3.5,1.768,7.068,1,1
8475,3,0.2733333333333334,0.5,0.08,0.8200000000000001,1,1
8478,3,10.118599999999999,30.0503,0.0555,30.3558,1,1
8546,0,0.0,0.0,0.0,0.0,0,0
8514,2,1.5075,3.0,0.015,3.015,1,1
8535,10,10.08896,22.68,0.022,100.8896,1,1
8543,7,5.286842857142857,10.9,0.0279,37.0079,1,1
8517,21,7.030125428571428,12.28,0.014,147.632634,1,1
8538,6,1.9068166666666666,3.33,0.0129,11.4409,1,1
8477,4,0.12755,0.299,0.0111,0.5102,1,1
8518,38,6.841122368421052,14.4,0.015,259.96265,1,1
8468,4,1.02475,2.19,0.1,4.099,1,1
8522,34,7.961014323529412,15.009701,0.05,270.674487,1,1
8499,9,1.4753333333333334,3.99,0.06,13.278,1,1
8527,19,3.099393368421053,4.7985,0.06,58.888474,1,1
8508,9,7.150944444444445,14.44,0.98,64.3585,1,1
8507,10,5.7269995,11.649995,0.25,57.269995,1,1
8516,2,1.6375,3.0,0.275,3.275,1,1
8497,8,1.316125,2.7,0.055,10.529,1,1
8483,47,6.909750680851064,27.5,0.3,324.758282,1,1
8548,0,0.0,0.0,0.0,0.0,0,0
8534,12,4.543166666666667,11.0,0.12,54.518,1,1
8550,39,4.1983999999999995,6.04,0.05,163.7376,1,1
8503,3,0.9466666666666668,2.39,0.06,2.8400000000000003,1,1
8558,34,3.450687617647059,4.87,0.45,117.323379,1,1
8524,4,1.694625,2.45,0.3,6.7785,1,1
8531,13,16.075770538461537,35.78,0.93,208.985017,1,1
8539,2,0.09519999999999999,0.1765,0.0139,0.19039999999999999,1,1
8492,26,5.141418884615385,9.86,0.94,133.676891,1,1
8474,27,3.9368148148148148,5.71,0.02,106.294,1,1
8491,8,6.1691,18.888,0.2,49.3528,1,1
8536,9,3.1799444444444447,4.45,0.0199,28.619500000000002,1,1
8489,0,0.0,0.0,0.0,0.0,0,0
8473,27,5.867481703703704,15.849951,0.025,158.422006,1,1
8555,3,0.8183333333333334,0.99,0.7167,2.455,1,1
8500,10,1.3012000000000001,3.4,0.03,13.012,1,1
8485,16,10.453885125000001,17.22999,1.25,167.26216200000002,1,1
8472,39,8.423286358974359,18.18,0.02,328.508168,1,1
8552,4,0.415625,0.6125,0.3,1.6625,1,1
8556,1,12.0,12.0,12.0,12.0,1,1
8519,4,1.794,3.69,0.046,7.176,1,1
8469,23,3.993778260869565,11.199,0.0429,91.8569,1,1
8505,1,0.21,0.21,0.21,0.21,1,1
8530,8,3.9172000000000002,7.5,0.06,31.337600000000002,1,1
8528,7,2.6130142857142857,4.92,0.06,18.2911,1,1
8487,4,5.88225,12.889,1.0,23.529,1,1
8501,5,0.43900000000000006,1.5,0.05,2.1950000000000003,1,1
8488,35,8.037397342857142,14.18,0.35,281.308907,1,1
8481,1,20.0,20.0,20.0,20.0,1,1
8480,43,9.999970790697674,30.3,0.0512,429.998744,1,1
8504,13,5.564215384615385,18.0,0.07,72.3348,1,1
8557,39,4.155212820512821,5.5,0.3,162.0533,1,1
8560,4,1.785,2.465,0.03,7.14,1,1
8540,3,3.1979666666666673,6.23,0.0139,9.593900000000001,1,1
8521,5,1.8980000000000001,3.3,0.04,9.49,1,1
8512,1,2.25,2.25,2.25,2.25,1,1
8549,5,5.422,19.3,0.05,27.11,1,1
8515,19,8.182514947368421,34.95,0.015,155.467784,1,1
8466,10,5.25552,11.4573,0.059,52.5552,1,1
8532,8,9.41225,12.0,0.94,75.298,1,1
8520,2,0.19499999999999998,0.35,0.04,0.38999999999999996,1,1
8529,2,2.4,2.8,2.0,4.8,1,1
8551,20,3.7776000000000005,6.0,0.3,75.552,1,1
8494,21,4.831014285714286,16.1,0.9282,101.4513,1,1
8476,12,3.6537644166666667,9.21,0.03,43.845173,1,1
8511,20,6.680305,17.83,0.55,133.6061,1,1
8545,19,4.037346842105263,5.86,0.18,76.70959,1,1
8470,8,3.1933374999999997,5.3777,0.15,25.546699999999998,1,1
8510,4,0.8274999999999999,1.88,0.09,3.3099999999999996,1,1
8502,11,3.1347272727272726,5.91,0.045,34.482,1,1
8467,29,6.420272379310345,34.88,0.06,186.187899,1,1
8547,10,4.337400000000001,10.02,0.15,43.374,1,1
8513,1,3.75,3.75,3.75,3.75,1,1
8509,32,6.344846875,10.599,0.25,203.0351,1,1
8486,39,5.495136076923076,14.45,1.42,214.310307,1,1
8484,6,1.54,2.9,0.69,9.24,1,1
8526,12,6.695477,10.65,0.5,80.345724,1,1
8362,11,3.374127272727273,6.85,0.18,37.1154,1,1
8376,2,0.09295,0.15,0.0359,0.1859,1,1
8430,16,9.1454375,31.3,0.048,146.327,1,1
8461,11,3.694545363636364,7.11,0.33,40.639999,1,1
8437,3,3.014,5.0,0.042,9.042,1,1
8438,11,12.626181727272728,34.97,1.25,138.887999,1,1
8463,3,0.5833333333333334,1.5,0.05,1.75,1,1
8404,2,3.265,4.2,2.33,6.53,1,1
8410,5,4.4562354,8.0,1.631177,22.281177,1,1
8443,9,3.476510888888889,5.33,1.011,31.288598,1,1
8419,4,0.547,1.85,0.039,2.188,1,1
8436,13,8.652152846153847,21.642,0.02,112.477987,1,1
8382,5,0.55798,0.99,0.2,2.7899000000000003,1,1
8412,9,8.987386666666668,16.34,0.02,80.88648,1,1
8413,22,8.2849535,19.4,0.039,182.268977,1,1
8417,10,10.7999,20.0,0.039,107.999,1,1
8391,2,0.37,0.55,0.19,0.74,1,1
8368,17,6.732646470588235,21.75,0.17,114.45499,1,1
8420,20,3.204665,4.58,0.039,64.0933,1,1
8405,24,1758.487624791667,41999.0,0.01,42203.70299500001,1,1
8372,5,8.14558,29.5,0.041,40.727900000000005,1,1
8421,15,5.720326600000001,25.079999,0.35,85.804899,1,1
8402,5,12.75194,19.9497,1.95,63.759699999999995,1,1
8450,2,1.7151005000000001,1.741401,1.6888,3.4302010000000003,1,1
8429,4,1.4012499999999999,2.195,0.05,5.6049999999999995,1,1
8384,29,9.659517241379309,34.98,0.24,280.126,1,1
8407,2,1.05,2.0,0.1,2.1,1,1
8433,6,7.393666666666667,21.35,0.015,44.362,1,1
8401,3,2.2463333333333333,2.499,1.91,6.739,1,1
8374,7,1.0642857142857143,2.1191,0.0359,7.45,1,1
8370,4,7.886475,11.45,0.0359,31.5459,1,1
8392,35,3.8554265714285716,6.79,0.16,134.93993,1,1
8447,2,1.77565,1.9499,1.6014,3.5513,1,1
8387,16,9.05318475,18.0,0.18,144.850956,1,1
8456,9,8.214305555555555,19.97,0.35,73.92875,1,1
8378,8,1.3642875,2.68,0.0359,10.9143,1,1
8383,24,4.510479166666667,5.98,0.19,108.25150000000001,1,1
8464,5,1.18248,2.58,0.028,5.9124,1,1
8425,2,3.225,5.25,1.2,6.45,1,1
8440,5,1.9238,3.88,0.25,9.619,1,1
8371,7,1.3513714285714287,2.5,0.0359,9.4596,1,1
8386,3,0.9966666666666667,2.45,0.14,2.99,1,1
8439,17,7.365068705882353,15.13,0.9,125.206168,1,1
8435,25,10.285304000000002,18.23,0.015,257.1326,1,1
8408,9,10.60158888888889,30.98,0.015,95.4143,1,1
8465,29,5.425617586206896,15.296,0.0544,157.34291,1,1
8460,16,5.297180625,11.057,0.33,84.75489,1,1
8365,6,2.8216666666666668,6.5,0.18,16.93,1,1
8366,15,3.5472566666666667,7.34999,0.19,53.20885,1,1
8403,3,5.423333333333333,6.9,4.38,16.27,1,1
8381,13,5.269456692307693,9.899999,0.3,68.502937,1,1
8390,12,9.352324916666666,15.74,0.17,112.227899,1,1
8377,6,2.024316666666667,5.1,0.0359,12.145900000000001,1,1
8394,18,13.8214375,31.03,0.24,248.785875,1,1
8411,19,5.965796315789474,13.02,0.2999,113.35013000000001,1,1
8459,44,4.966829772727273,11.21,2.0,218.54051,1,1
8363,2,7.605,11.88,3.33,15.21,1,1
8422,16,6.51361875,40.0,0.17,104.2179,1,1
8375,7,8.552128571428572,32.0,0.0359,59.8649,1,1
8360,5,1.4258000000000002,3.5,0.19,7.1290000000000004,1,1
8379,6,4.2184833333333325,8.69,0.0359,25.310899999999997,1,1
8409,35,5.176092,11.977,0.02,181.16322,1,1
8452,2,2.05,2.1,2.0,4.1,1,1
8442,6,10.5715,16.5,0.3,63.429,1,1
8416,5,0.72378,1.38,0.0379,3.6189,1,1
8449,11,6.366413636363635,10.7136,1.0,70.03054999999999,1,1
8388,2,0.555,1.0,0.11,1.11,1,1
8431,5,12.04262,21.45,0.1,60.2131,1,1
8426,14,4.3294285,5.969999,0.046,60.611999,1,1
8445,14,3.6414278571428573,6.06,0.33,50.97999,1,1
8462,15,3.448899333333333,5.095,0.87,51.733489999999996,1,1
8418,11,13.326120000000001,26.0,0.025,146.58732,1,1
8415,4,0.9350087499999999,2.0,0.0379,3.7400349999999998,1,1
8385,1,0.2,0.2,0.2,0.2,1,1
8369,10,1.6933,3.2,0.18,16.933,1,1
8400,41,6.4134150000000005,10.44,0.56,262.950015,1,1
8451,6,8.312616666666667,18.89,2.0793,49.8757,1,1
8428,16,3.7164375,6.12,0.05,59.463,1,1
8453,7,1.7173571428571428,2.99,0.88,12.0215,1,1
8458,8,626.9884625,5000.0,0.7737,5015.9077,1,1
8414,2,0.25845,0.48,0.0369,0.5169,1,1
8455,2,2.0633,2.3244,1.8022,4.1266,1,1
8454,8,1.6505,2.66,0.35,13.204,1,1
8395,3,2.4133333333333336,2.9,1.49,7.24,1,1
8397,2,2.43495,2.95,1.9199,4.8699,1,1
8457,5,1.4938,2.189,0.75,7.469,1,1
8367,5,8.799600000000002,16.998,0.5,43.998000000000005,1,1
8448,12,4.5362833333333334,10.51,0.98,54.4354,1,1
8399,9,4.528777777777778,10.12,2.22,40.759,1,1
8444,47,8.608316170212767,32.9,0.33,404.59086,1,1
8406,2,0.0735,0.11,0.037,0.147,1,1
8424,3,2.813333333333334,3.95,2.0,8.440000000000001,1,1
8441,5,36.060500000000005,100.5025,0.4,180.3025,1,1
8396,12,8.638399999999999,13.92,2.2,103.6608,1,1
8434,4,3.976,12.5,0.015,15.904,1,1
8364,2,0.2175,0.245,0.19,0.435,1,1
8423,10,4.9915851,11.629951,0.28,49.915851,1,1
8380,2,6.1,12.0,0.2,12.2,1,1
8389,5,2.122138,4.9,0.1,10.61069,1,1
8373,16,5.2999,20.0,0.0359,84.7984,1,1
8398,1,3.33,3.33,3.33,3.33,1,1
8393,2,0.355,0.5,0.21,0.71,1,1
8446,13,6.059230769230769,9.13,2.49,78.77,1,1
8427,2,0.12435,0.2,0.0487,0.2487,1,1
8361,3,0.24766666666666667,0.383,0.18,0.743,1,1
8432,4,5.125,10.0,0.1,20.5,1,1
8276,21,7.4690714285714295,23.77,0.049,156.8505,1,1
8294,15,6.7986466666666665,17.11,0.0499,101.9797,1,1
8257,2,0.3,0.5,0.1,0.6,1,1
8262,5,3.5667999999999997,12.85,0.1,17.834,1,1
8298,15,5.413083333333334,9.34,0.014,81.19625,1,1
8348,17,7.936762705882353,19.299,0.015,134.924966,1,1
8264,3,11.496666666666668,20.26,0.1,34.49,1,1
8352,10,2.7245,4.95,0.22,27.245,1,1
8303,34,6.372521470588235,16.94,0.015,216.66573,1,1
8336,23,5.891337391304348,10.93196,0.33,135.50076,1,1
8323,6,1.4731666666666667,3.25,0.33,8.839,1,1
8335,5,1.564,2.13,0.845,7.82,1,1
8261,7,4.281514285714286,12.69,0.5,29.970599999999997,1,1
8292,10,7.0896,11.59,0.046,70.896,1,1
8254,15,3.85886,11.76,0.02,57.8829,1,1
8260,14,8.211606357142857,19.2424,0.1,114.962489,1,1
8322,0,0.0,0.0,0.0,0.0,0,0
8333,42,9.813278190476192,31.0,0.02,412.157684,1,1
8343,17,4.219976470588235,14.941,0.0169,71.7396,1,1
8359,0,0.0,0.0,0.0,0.0,0,0
8266,3,6.2,12.0,0.1,18.6,1,1
8314,15,12.094624733333335,19.69,0.0148,181.419371,1,1
8280,5,2.088,3.83,0.07,10.440000000000001,1,1
8358,5,0.68222,1.85,0.01,3.4111000000000002,1,1
8342,6,1.7541666666666667,2.47,0.38,10.525,1,1
8253,16,6.2504043750000005,11.8,0.782,100.00647000000001,1,1
8329,14,2.664659285714286,5.47993,0.72,37.30523,1,1
8315,27,10.915302555555556,27.0,0.0199,294.713169,1,1
8247,10,2.5449999,4.294999,0.22,25.449999000000002,1,1
8308,3,2.5313333333333334,7.5,0.035,7.594,1,1
8312,4,3.30375,7.2,0.035,13.215,1,1
8288,13,8.863009230769231,40.0,0.046,115.21912,1,1
8289,21,8.158198476190476,29.45,0.046,171.322168,1,1
8265,7,1.5692857142857142,2.88,0.1,10.985,1,1
8332,2,1.36,2.39,0.33,2.72,1,1
8321,6,1.1848333333333334,3.25,0.18,7.109,1,1
8250,7,10.520098571428573,17.0,1.42069,73.64069,1,1
8305,8,3.0093375,5.36,0.02,24.0747,1,1
8326,4,12.6075,25.85,0.33,50.43,1,1
8302,2,0.27735,0.5,0.0547,0.5547,1,1
8354,1,0.2,0.2,0.2,0.2,1,1
8306,5,4.484,9.36,0.42,22.42,1,1
8310,39,9.468364871794872,25.128531,0.027,369.26623,1,1
8311,9,6.193315222222221,18.4,0.07,55.739836999999994,1,1
8307,25,3.60172652,5.55,0.01,90.043163,1,1
8345,7,6.262857142857143,10.5,0.05,43.84,1,1
8317,2,2.25,3.0,1.5,4.5,1,1
8267,4,1.9875,3.55,0.3,7.95,1,1
8349,39,5.2408179487179485,15.41,0.1,204.3919,1,1
8273,6,1.6416666666666668,3.85,0.1,9.850000000000001,1,1
8263,1,0.1,0.1,0.1,0.1,1,1
8281,14,3.6052500000000003,6.04,0.7167,50.4735,1,1
8269,3,8.366666666666667,15.0,0.1,25.1,1,1
8347,10,10.947790000000001,34.5,0.0169,109.4779,1,1
8287,5,0.36258,0.9,0.046,1.8129,1,1
8268,25,9.353844,24.1,0.1,233.8461,1,1
8300,22,12.117267727272726,31.43,0.05,266.57989,1,1
8350,6,1.2588166666666667,3.18,0.011,7.5529,1,1
8274,3,0.6377666666666667,0.948,0.1,1.9133,1,1
8338,5,14.646600000000001,27.5,3.0,73.233,1,1
8251,3,2.8166666666666664,3.6,1.4,8.45,1,1
8319,5,4.4378,6.58,0.049,22.189,1,1
8341,4,1.58235,1.89,1.0004,6.3294,1,1
8325,9,9.159866666666666,20.5,2.2,82.4388,1,1
8283,1,3.0,3.0,3.0,3.0,1,1
8304,28,10.280832821428572,23.75,0.0547,287.863319,1,1
8351,3,1.4559666666666666,4.2069,0.011,4.3679,1,1
8334,8,11.635,17.69,1.67,93.08,1,1
8282,1,0.222,0.222,0.222,0.222,1,1
8256,12,11.077859666666667,18.325,0.1,132.934316,1,1
8355,3,3.1666666666666665,5.0,1.0,9.5,1,1
8339,2,2.75205,3.3182,2.1859,5.5041,1,1
8316,36,8.548194138888888,31.84,0.16,307.734989,1,1
8313,3,3.56,5.55,0.13,10.68,1,1
8330,7,2.344985714285714,3.31,1.1,16.4149,1,1
8255,14,11.900135214285713,26.1999,0.1,166.601893,1,1
8275,8,1.8823750000000001,4.37,0.049,15.059000000000001,1,1
8271,2,0.15000000000000002,0.2,0.1,0.30000000000000004,1,1
8331,20,3.3961384000000003,14.825,0.33,67.922768,1,1
8270,3,8.799999999999999,22.0,0.5,26.4,1,1
8337,6,5.425999999999999,16.666,1.8,32.556,1,1
8297,2,0.0579235,0.065847,0.05,0.115847,1,1
8249,14,4.903571428571429,10.25,1.69,68.65,1,1
8277,19,8.333068368421053,23.75,0.032,158.328299,1,1
8301,12,6.984766666666666,20.28,0.05,83.8172,1,1
8248,2,2.1875,3.075,1.3,4.375,1,1
8284,8,2.973625,6.0,0.05,23.789,1,1
8252,1,1.0,1.0,1.0,1.0,1,1
8286,3,0.4243333333333333,1.2,0.027,1.273,1,1
8353,19,4.729999421052632,17.7,0.015,89.869989,1,1
8278,1,0.1,0.1,0.1,0.1,1,1
8258,36,7.0980305277777775,17.88,0.1,255.529099,1,1
8328,3,1.5353333333333332,1.935,1.0,4.606,1,1
8346,3,0.5644666666666667,1.5,0.0169,1.6934,1,1
8279,4,3.42,6.66,0.12,13.68,1,1
8357,16,3.611975,4.95,0.016,57.7916,1,1
8259,11,4.858148636363636,9.86,0.1,53.439634999999996,1,1
8318,3,2.58,4.99,1.0,7.74,1,1
8293,2,0.24995,0.45,0.0499,0.4999,1,1
8296,13,2.9733,5.6,0.05,38.6529,1,1
8324,14,7.343628571428572,19.2,1.45,102.8108,1,1
8340,13,7.168846153846153,20.499,1.9,93.195,1,1
8320,4,1.5995,2.5,0.049,6.398,1,1
8299,13,8.432361153846154,22.67,0.05,109.620695,1,1
8356,17,6.432178647058824,11.698,0.016,109.347037,1,1
8290,10,1.5719717,3.89,0.027,15.719717,1,1
8291,13,4.0026153846153845,10.593,0.027,52.034,1,1
8285,4,1.34525,3.01,0.05,5.381,1,1
8344,13,3.3612733846153846,5.0,0.002744,43.696554,1,1
8309,1,0.036,0.036,0.036,0.036,1,1
8295,4,2.05375,3.675,0.05,8.215,1,1
8327,26,3.8365,4.65,0.33,99.749,1,1
8272,17,10.38467588235294,24.039,0.1,176.53949,1,1
8197,6,5.54,17.2,0.25,33.24,1,1
8232,13,1.5177384615384615,3.25,0.0546,19.7306,1,1
8174,2,0.6699999999999999,0.85,0.49,1.3399999999999999,1,1
8208,22,4.478872954545455,10.303,0.75,98.535205,1,1
8205,4,3.41725,10.75,0.179,13.669,1,1
8246,30,4.3708919999999996,15.94,0.04917,131.12676,1,1
8151,4,1.69,3.25,0.01,6.76,1,1
8204,7,10.727042857142859,20.5,0.9999,75.08930000000001,1,1
8178,8,4.63408725,9.6969,0.49,37.072698,1,1
8221,3,1.1116333333333333,2.8,0.0549,3.3348999999999998,1,1
8223,11,1.0309,2.6,0.0489,11.3399,1,1
8154,3,0.3016666666666667,0.74,0.045,0.905,1,1
8243,6,3.3507895,4.85,0.049737,20.104737,1,1
8226,3,0.029266666666666667,0.0548,0.015,0.0878,1,1
8193,4,1.73225,2.96,0.02,6.929,1,1
8194,16,10.832265625,27.0,0.029,173.31625,1,1
8203,5,2.094,3.21,0.99,10.469999999999999,1,1
8175,3,1.5633333333333335,2.1,0.49,4.69,1,1
8170,5,1.2633800000000002,2.0,0.0479,6.3169,1,1
8198,4,0.49324999999999997,1.25,0.15,1.9729999999999999,1,1
8244,11,10.029263909090908,28.87,0.049903,110.32190299999999,1,1
8167,26,3.4027499999999997,5.28,0.029,88.47149999999999,1,1
8182,10,4.13393,11.0,0.001,41.3393,1,1
8225,18,6.050822222222222,18.8,0.0199,108.9148,1,1
8195,21,5.1487995714285715,14.8,0.139,108.124791,1,1
8171,4,0.691975,1.45,0.02,2.7679,1,1
8161,4,1.5212500000000002,4.69,0.045,6.085000000000001,1,1
8160,2,1.305,2.6,0.01,2.61,1,1
8218,2,3.4499999999999997,6.8,0.1,6.8999999999999995,1,1
8214,3,2.6323333333333334,2.87,2.25,7.897,1,1
8156,12,1.1497916666666665,2.5,0.01,13.7975,1,1
8213,7,2.8956857142857144,5.4698,0.05,20.2698,1,1
8224,3,1.6906333333333332,4.999,0.02,5.071899999999999,1,1
8227,2,6.14945,12.25,0.0489,12.2989,1,1
8238,3,0.8676333333333334,1.5,0.0529,2.6029,1,1
8241,10,1.127661,2.75,0.04761,11.27661,1,1
8166,2,0.06405,0.1181,0.01,0.1281,1,1
8187,8,6.3829875,11.7,0.245,51.0639,1,1
8216,9,8.398888888888889,21.89,0.05,75.59,1,1
8245,32,7.238485375,32.2,0.048032,231.631532,1,1
8210,19,8.05143947368421,35.878,0.04,152.97735,1,1
8206,3,4.366666666666666,7.8,1.65,13.1,1,1
8176,3,2.1466666666666665,4.0,0.49,6.4399999999999995,1,1
8180,5,2.616,5.95,0.49,13.08,1,1
8199,8,5.5706125,12.7,0.0549,44.5649,1,1
8191,23,6.62414247826087,20.99,0.001,152.355277,1,1
8236,3,3.927633333333334,5.99,0.0529,11.782900000000001,1,1
8155,26,6.840569192307693,11.3,0.045,177.854799,1,1
8157,3,2.066666666666667,5.0,0.2,6.2,1,1
8222,28,10.270903571428573,34.6,0.0549,287.5853,1,1
8212,29,3.4868999655172415,5.3,0.05,101.120099,1,1
8234,8,8.0166,24.0,0.0529,64.1328,1,1
8215,7,7.044885999999999,21.649,0.95,49.314201999999995,1,1
8184,3,6.781666666666667,20.0,0.1,20.345000000000002,1,1
8196,6,1.2491666666666668,3.0,0.015,7.495,1,1
8237,14,8.575602357142857,14.6,0.0546,120.05843300000001,1,1
8177,8,2.69025,5.1,0.49,21.522,1,1
8186,4,5.93625,14.0,0.245,23.745,1,1
8165,15,4.173566666666667,10.63,0.049,62.6035,1,1
8229,12,4.805533333333334,14.9,0.0488,57.6664,1,1
8152,22,4.916795454545454,15.22,0.011,108.1695,1,1
8201,6,1.4982999999999997,2.6,0.15,8.989799999999999,1,1
8190,5,4.649,7.15,0.095,23.245,1,1
8163,12,7.305991666666667,15.42,0.045,87.67190000000001,1,1
8202,9,5.692510888888888,20.5,0.019,51.232597999999996,1,1
8162,20,11.7079753,23.438,0.01,234.159506,1,1
8153,10,3.78926,10.69,0.01,37.8926,1,1
8239,22,5.16635,13.8,0.0529,113.6597,1,1
8242,21,8.861003952380953,22.849951,0.048132,186.081083,1,1
8173,27,4.634213703703704,18.0,0.49,125.12377000000001,1,1
8235,6,1.5851333333333333,4.98,0.0488,9.5108,1,1
8169,8,3.1289875,5.76,0.0479,25.0319,1,1
8233,17,4.837817647058824,10.394,0.053,82.2429,1,1
8228,10,2.90749,11.88,0.0549,29.0749,1,1
8188,5,5.11,16.8,0.5,25.55,1,1
8209,16,13.469875,30.21,0.365,215.518,1,1
8150,28,4.6969071428571425,10.8,0.011,131.5134,1,1
8179,4,2.51125,4.925,0.49,10.045,1,1
8189,9,2.9623444444444442,5.75,0.02,26.661099999999998,1,1
8158,3,1.6816666666666666,4.0,0.045,5.045,1,1
8211,5,3.778,12.9,0.1,18.89,1,1
8220,7,1.3912857142857145,2.95,0.04,9.739,1,1
8159,3,0.945,2.6,0.045,2.835,1,1
8181,15,3.792386666666667,9.88,0.37,56.8858,1,1
8231,7,0.9853142857142857,3.0,0.0549,6.8972,1,1
8219,4,0.740475,1.9,0.03,2.9619,1,1
8207,9,8.786590444444444,18.68,0.1999,79.079314,1,1
8200,9,2.5793,4.9788,0.15,23.2137,1,1
8230,5,16.138778,27.8,0.0549,80.69389,1,1
8192,6,1.505,3.4,0.02,9.03,1,1
8168,12,1.8172833333333334,6.42,0.016,21.8074,1,1
8148,25,4.85470708,16.14,0.015,121.367677,1,1
8185,7,4.805142857142856,10.94,0.245,33.635999999999996,1,1
8164,2,0.1225,0.2,0.045,0.245,1,1
8183,14,3.270642857142857,5.62,0.245,45.789,1,1
8172,4,1.2719749999999999,3.05,0.04,5.087899999999999,1,1
8240,6,0.4084666666666667,1.2,0.044,2.4508,1,1
8149,19,3.7235105263157897,6.35,0.045,70.7467,1,1
8217,3,2.3133333333333335,5.69,0.05,6.94,1,1
8058,52,6.563184384615385,19.8,0.25,341.285588,1,1
8115,16,10.7000405,27.4,0.15,171.200648,1,1
8092,4,0.905,1.49,0.06,3.62,1,1
8066,14,5.454842857142857,19.11,0.2222,76.3678,1,1
8089,10,1.53691,4.44,0.05,15.3691,1,1
8136,29,5.150544275862068,10.119384,0.09,149.365784,1,1
8116,2,0.32,0.49,0.15,0.64,1,1
8081,2,0.975,1.9,0.05,1.95,1,1
8079,13,6.794259538461538,11.989,0.054,88.325374,1,1
8128,4,4.05,7.15,0.1,16.2,1,1
8145,12,2.846894333333333,3.99,0.85,34.162732,1,1
8146,19,5.682568368421053,15.01,1.3,107.968799,1,1
8118,7,1.1474142857142857,3.49,0.25,8.0319,1,1
8047,14,10.405371928571428,29.0,0.052,145.675207,1,1
8137,6,4.764998333333334,11.84999,0.05,28.58999,1,1
8061,18,3.733711111111111,11.0,0.1111,67.2068,1,1
8063,10,6.4097818,10.36,2.99,64.097818,1,1
8073,11,10.94090909090909,27.25,0.25,120.35,1,1
8060,3,3.5933333333333337,5.98,0.25,10.780000000000001,1,1
8098,38,8.547122605263159,15.7,0.5,324.790659,1,1
8097,3,1.7233333333333334,2.88,0.69,5.17,1,1
8103,30,7.016586666666667,10.2666,2.73,210.4976,1,1
8077,2,8.844999999999999,13.69,4.0,17.689999999999998,1,1
8085,7,2.4277142857142855,4.84,0.069,16.994,1,1
8050,4,3.9025,7.0,1.09,15.61,1,1
8068,4,5.9825,10.49,0.25,23.93,1,1
8074,0,0.0,0.0,0.0,0.0,0,0
8096,3,1.3933333333333333,2.49,0.69,4.18,1,1
8102,5,1.4300000000000002,2.95,0.1,7.15,1,1
8120,5,8.41738,11.269,0.05,42.0869,1,1
8062,6,4.420733333333334,20.0,0.4444,26.5244,1,1
8117,11,9.178436363636363,24.95,0.05,100.9628,1,1
8053,6,2.096083333333333,4.0895,0.057,12.5765,1,1
8080,2,1.4775,2.9,0.055,2.955,1,1
8108,0,0.0,0.0,0.0,0.0,0,0
8083,6,1.2333333333333334,2.68,0.05,7.4,1,1
8113,0,0.0,0.0,0.0,0.0,0,0
8141,6,3.113166666666667,4.169,0.45,18.679000000000002,1,1
8091,16,4.634245625,5.69,1.337,74.14793,1,1
8127,15,8.09796,20.6186,0.015,121.46940000000001,1,1
8130,11,5.023545181818182,11.649998,0.36,55.258997,1,1
8086,13,8.786,23.92,0.05,114.218,1,1
8067,51,4.34181268627451,6.68,0.25,221.432447,1,1
8131,10,5.6989,14.45,0.51,56.989,1,1
8119,21,6.802564523809524,25.71,0.05,142.853855,1,1
8094,6,1.3150000000000002,2.99,0.05,7.890000000000001,1,1
8055,7,6.540071428571428,21.499,0.02,45.780499999999996,1,1
8125,8,2.439366375,5.55,0.06,19.514931,1,1
8100,5,3.492,6.9,0.12,17.46,1,1
8087,34,5.4386794117647055,28.25,0.05,184.9151,1,1
8134,4,1.5786165,2.99,0.09,6.314466,1,1
8104,14,9.084142857142856,12.85,2.25,127.178,1,1
8076,35,5.014392857142857,11.048,0.1111,175.50375,1,1
8143,11,9.523,40.0,0.35,104.753,1,1
8048,7,6.312857142857142,19.88,0.05,44.19,1,1
8133,3,1.7433333333333334,3.2,0.6,5.23,1,1
8111,4,9.2475,13.99,5.0,36.99,1,1
8110,12,3.59185825,4.395,1.6,43.102299,1,1
8088,53,7.5249243396226415,32.8,0.05,398.82099,1,1
8140,5,2.0631999999999997,5.75,0.018,10.315999999999999,1,1
8135,9,2.303888888888889,6.55,0.09,20.735,1,1
8072,1,3.09,3.09,3.09,3.09,1,1
8082,2,0.0749805,0.099961,0.05,0.149961,1,1
8121,6,1.4796251666666667,3.39,0.05,8.877751,1,1
8069,1,11.989,11.989,11.989,11.989,1,1
8122,2,0.7522,0.79,0.7144,1.5044,1,1
8051,4,1.142325,2.1899,0.059,4.5693,1,1
8045,5,0.35760000000000003,1.1,0.05,1.788,1,1
8065,26,7.563884923076923,17.55,0.1111,196.661008,1,1
8052,10,5.4201999999999995,10.343,0.059,54.202,1,1
8046,5,0.9693999999999999,1.85,0.052,4.8469999999999995,1,1
8059,2,8.025,10.3,5.75,16.05,1,1
8109,9,6.1683111111111115,10.7,1.99,55.5148,1,1
8142,24,4.303083333333333,6.06,1.4312,103.274,1,1
8106,21,6.320047571428572,14.44,3.41,132.720999,1,1
8129,8,3.8889125,10.3423,0.056,31.1113,1,1
8057,5,0.954,2.2,0.03,4.77,1,1
8095,5,1.9940000000000002,6.9,0.05,9.97,1,1
8099,4,1.31,2.689,0.05,5.24,1,1
8105,19,11.08978947368421,28.55,3.625,210.706,1,1
8132,8,4.50999675,11.549974,0.22,36.079974,1,1
8064,14,8.875340071428571,21.04999,0.4444,124.254761,1,1
8147,11,4.368636363636363,10.67,1.38,48.055,1,1
8054,2,0.0885,0.12,0.057,0.177,1,1
8084,3,1.7,3.1,0.5,5.1,1,1
8139,20,6.03618,26.69,0.055,120.7236,1,1
8101,17,6.973235294117647,10.88,0.25,118.545,1,1
8138,12,16.50290825,31.43,0.05,198.034899,1,1
8078,14,2.9557571428571427,4.0995,0.851,41.3806,1,1
8090,9,2.364333333333333,4.0,0.069,21.279,1,1
8071,10,3.6119950000000003,5.8291,0.1111,36.11995,1,1
8093,21,6.466714285714285,40.0,0.05,135.801,1,1
8123,9,11.536666666666667,32.15,0.4,103.83,1,1
8124,7,3.995142857142857,5.397,0.05,27.966,1,1
8049,17,6.272376411764705,15.28,0.049,106.630399,1,1
8056,20,6.213425,13.4295,0.055,124.2685,1,1
8144,18,8.710277722222223,19.05,1.13,156.784999,1,1
8107,8,9.376,19.3,3.64,75.008,1,1
8075,11,8.830163636363636,14.09,0.2222,97.1318,1,1
8070,19,7.080442105263158,21.45,0.1111,134.5284,1,1
8114,3,1.2566666666666668,2.47,0.3,3.7700000000000005,1,1
8112,20,10.171735,25.56,3.24,203.4347,1,1
8126,32,4.568558125,12.25,0.013,146.19386,1,1
8006,3,3.875,6.175,2.7,11.625,1,1
7980,17,7.224809764705882,31.874947,0.049,122.821766,1,1
7960,4,0.5911500000000001,1.0,0.05,2.3646000000000003,1,1
7967,5,1.9385400000000002,2.93,0.7967,9.6927,1,1
7997,7,6.4131414285714285,15.09999,1.65,44.89199,1,1
8027,16,6.09871875,10.891,0.03,97.5795,1,1
7973,3,0.30833333333333335,0.8,0.045,0.925,1,1
8017,6,1.9416666666666667,3.85,0.12,11.65,1,1
7955,17,6.979723470588235,12.32,0.018,118.655299,1,1
7957,21,9.082828047619047,20.39999,0.018,190.739389,1,1
7976,10,4.3485,11.64,0.04,43.485,1,1
8022,15,2.5619266666666665,4.65,0.15,38.4289,1,1
8029,9,2.1584444444444446,3.669,0.053,19.426000000000002,1,1
7965,4,2.18025,3.49,1.2,8.721,1,1
8007,10,4.63889,9.289,0.33,46.3889,1,1
7950,13,3.817184615384616,5.99,0.016,49.623400000000004,1,1
7968,21,7.491661904761905,20.649,0.25,157.3249,1,1
7952,3,0.9466666666666667,2.1,0.19,2.84,1,1
8016,11,2.8559727272727273,5.8,0.069,31.4157,1,1
7959,16,6.5564555625,18.48,0.029,104.903289,1,1
7954,5,8.545100000000001,21.69,0.04,42.725500000000004,1,1
7971,8,2.35537475,4.439998,0.028,18.842998,1,1
8028,6,0.8021666666666668,1.37,0.011,4.813000000000001,1,1
8023,4,4.6875,8.0,0.3,18.75,1,1
8039,1,0.045,0.045,0.045,0.045,1,1
7975,2,0.47250000000000003,0.9,0.045,0.9450000000000001,1,1
7986,4,1.8912499999999999,3.777,0.049,7.5649999999999995,1,1
7981,15,8.9239498,20.89,0.045,133.859247,1,1
8011,4,1.4319250000000001,1.7777,1.1,5.7277000000000005,1,1
7993,17,364.29622652941174,6000.0,1.0,6193.035851,1,1
7951,2,0.325,0.55,0.1,0.65,1,1
7979,2,0.5245,1.0,0.049,1.049,1,1
8025,19,6.080335894736842,11.5,0.053,115.526382,1,1
7977,8,5.654875,18.0,0.049,45.239,1,1
7991,19,12.824593210526317,40.0,0.05,243.667271,1,1
8035,12,4.069820833333334,8.89885,0.053,48.83785,1,1
8042,12,1.50275,3.0,0.053,18.033,1,1
8033,3,0.9476666666666667,1.6,0.053,2.843,1,1
7974,39,4.957689743589744,24.0,0.059,193.3499,1,1
7956,19,3.7456105263157897,6.42,0.016,71.1666,1,1
7964,15,5.087763333333333,12.4,0.045,76.31645,1,1
7992,11,6.32890909090909,12.799,0.001,69.618,1,1
7987,12,2.7595000000000005,5.075,0.02,33.114000000000004,1,1
7953,3,2.311666666666667,6.33,0.055,6.9350000000000005,1,1
7958,3,3.1166666666666667,5.0,0.05,9.35,1,1
7984,4,0.442225,1.24,0.049,1.7689,1,1
8044,7,1.627857142857143,4.0,0.046,11.395,1,1
7969,2,0.53,1.0,0.06,1.06,1,1
7999,27,8.708631296296296,20.053866,1.18,235.133045,1,1
8024,16,9.491875,19.87,0.19,151.87,1,1
8000,4,2.635,5.05,1.4,10.54,1,1
8043,14,2.5676790714285715,4.754,0.047,35.947507,1,1
8036,4,1.29875,4.5,0.045,5.195,1,1
7982,20,7.9660244,20.288889,0.018,159.320488,1,1
8026,24,4.125666666666667,16.08,0.05,99.01599999999999,1,1
7990,3,4.066666666666666,11.0,0.19,12.2,1,1
8031,2,0.7765,1.5,0.053,1.553,1,1
7998,9,5.422111,14.75,1.0,48.798999,1,1
7961,40,4.58505575,6.04,0.05,183.40223,1,1
8021,2,0.1875,0.35,0.025,0.375,1,1
8010,4,8.80945,13.5678,2.75,35.2378,1,1
7985,7,5.232571428571428,11.979,0.049,36.628,1,1
8038,6,2.3725,9.85,0.045,14.235,1,1
8034,24,7.043041666666667,17.83,0.046,169.03300000000002,1,1
8037,13,8.819976923076924,15.88,0.025,114.6597,1,1
7996,8,1.843,3.41,1.0,14.744,1,1
8019,22,5.131345727272727,10.9,0.059,112.889606,1,1
8004,4,5.5825,19.2,0.345,22.33,1,1
8014,13,10.758523076923078,19.328,2.65,139.8608,1,1
8013,1,5.0,5.0,5.0,5.0,1,1
7988,3,1.5863333333333334,2.49,0.049,4.759,1,1
8015,26,4.159705653846154,11.3769,0.042,108.152347,1,1
7978,6,1.9808333333333332,4.5,0.045,11.885,1,1
8030,5,3.0106,5.1,0.053,15.053,1,1
7972,5,0.7798,1.79,0.059,3.899,1,1
8001,4,3.1325,9.2,0.4,12.53,1,1
7994,2,0.325,0.45,0.2,0.65,1,1
8008,20,8.22488,21.12,2.3,164.4976,1,1
8012,10,2.26011,5.69,0.37,22.601100000000002,1,1
8020,2,2.2195,4.39,0.049,4.439,1,1
8018,11,1.677618181818182,3.2,0.1,18.4538,1,1
8003,4,13.2625,24.99,4.92,53.05,1,1
8009,4,1.43095,2.6333,0.275,5.7238,1,1
8040,6,11.012166666666667,19.19,0.053,66.07300000000001,1,1
7983,15,6.347593333333333,13.26,0.055,95.2139,1,1
7970,4,1.7619999999999998,4.27,0.045,7.047999999999999,1,1
8041,11,7.8259977272727275,29.91,0.047,86.085975,1,1
8032,12,7.124699916666667,21.75,0.0455,85.496399,1,1
7963,29,11.12191675862069,23.768,0.045,322.535586,1,1
7989,20,7.266450000000001,21.9,0.049,145.329,1,1
8005,1,2.35,2.35,2.35,2.35,1,1
7966,28,4.286928571428571,8.99,0.25,120.03399999999999,1,1
8002,5,10.3399196,18.498998,1.94,51.699598,1,1
7962,11,5.319636363636364,14.5,0.037,58.516000000000005,1,1
7995,7,3.6142857142857143,6.39,0.99,25.3,1,1
7857,4,10.6725,19.0,0.5,42.69,1,1
7922,12,2.834725,5.5,0.29,34.0167,1,1
7838,12,6.520458333333333,11.9,0.138,78.24549999999999,1,1
7885,3,0.66,0.99,0.39,1.98,1,1
7856,1,0.88,0.88,0.88,0.88,1,1
7879,10,5.525,16.7,0.8,55.25,1,1
7882,1,0.99,0.99,0.99,0.99,1,1
7873,21,5.68369380952381,14.125,0.99,119.35757,1,1
7837,3,2.2993333333333332,2.85,1.35,6.898,1,1
7921,6,12.017566666666667,34.65,0.0454,72.1054,1,1
7940,4,0.5791000000000001,1.1989,0.05,2.3164000000000002,1,1
7847,18,9.465511055555556,18.2412,0.99,170.379199,1,1
7941,17,6.342993941176471,9.798,0.05,107.83089700000001,1,1
7890,10,12.226495,28.69,0.99,122.26495,1,1
7917,3,2.2423333333333333,3.49,0.037,6.727,1,1
7945,4,6.42625,19.8,0.63,25.705,1,1
7855,4,1.0725,1.99,0.1,4.29,1,1
7841,9,1.4973324444444445,4.139992,0.18,13.475992,1,1
7935,3,1.4133333333333333,2.395,0.045,4.24,1,1
7881,12,7.903583333333333,17.83,2.3,94.84299999999999,1,1
7913,21,6.038238095238095,12.25,0.017,126.803,1,1
7895,70,7.202907,27.28,0.2999,504.20349,1,1
7844,9,1.7327777777777778,3.49,0.18,15.594999999999999,1,1
7903,6,0.2373166666666667,0.865,0.044,1.4239000000000002,1,1
7859,10,9.8329976,19.43,0.1,98.329976,1,1
7947,19,4.012992631578947,6.03996,0.013,76.24686,1,1
7867,19,4.7295262631578945,6.63,0.1,89.86099899999999,1,1
7836,10,7.965279,16.39999,0.12,79.65279,1,1
7845,3,1.0826666666666667,2.65,0.148,3.2479999999999998,1,1
7868,4,1.2475,2.7,0.2,4.99,1,1
7858,5,3.0038,5.5,0.15,15.019,1,1
7899,15,9.745846666666667,14.72,0.05,146.1877,1,1
7909,36,6.972452722222222,18.99,0.055,251.008298,1,1
7929,2,0.0335,0.048,0.019,0.067,1,1
7892,17,7.804411764705883,26.5,1.45,132.675,1,1
7851,10,2.1719,8.0,0.054,21.719,1,1
7949,19,4.464456105263158,5.34,3.0,84.82466600000001,1,1
7842,3,0.606,0.79,0.278,1.818,1,1
7870,40,7.117348425,27.509966,0.054,284.693937,1,1
7928,30,4.6677360666666665,6.55,0.0125,140.032082,1,1
7931,54,6.710348148148148,26.35,0.0475,362.3588,1,1
7942,12,4.423991666666667,14.84,0.05,53.0879,1,1
7887,7,2.559857142857143,6.2,0.9,17.919,1,1
7888,6,2.9716666666666662,11.85,0.99,17.83,1,1
7924,26,9.157819153846154,31.45,0.047,238.103298,1,1
7934,4,10.919094999999999,28.2,0.0475,43.676379999999995,1,1
7902,11,1.5513636363636365,2.77,0.05,17.065,1,1
7918,6,1.8428333333333333,2.64,0.039,11.057,1,1
7872,13,6.117769230769231,17.1,0.058,79.531,1,1
7897,9,19.628666111111112,35.25,0.3,176.657995,1,1
7871,4,15.710325000000001,30.5,0.055,62.841300000000004,1,1
7853,6,7.112499833333334,11.64,0.02,42.674999,1,1
7877,20,5.109603,11.38,1.4,102.19206,1,1
7850,6,8.185833333333333,15.56,0.055,49.115,1,1
7891,2,51.5,100.0,3.0,103.0,1,1
7946,17,3.8578076470588236,9.67,0.0155,65.58273,1,1
7908,11,6.168172090909092,19.0,0.0499,67.84989300000001,1,1
7915,9,4.2541,13.0,0.0369,38.2869,1,1
7848,5,5.890000000000001,10.64,0.13,29.450000000000003,1,1
7943,19,9.523676894736843,35.2,0.02,180.949861,1,1
7860,25,4.86156,5.9,0.1,121.539,1,1
7874,4,4.26675,10.0,0.3,17.067,1,1
7894,24,10.50465,31.399,0.2999,252.1116,1,1
7926,8,4.996575,11.47,0.45,39.9726,1,1
7911,21,9.901366619047618,23.85,0.055,207.928699,1,1
7933,5,3.221,6.0,0.045,16.105,1,1
7904,6,10.274099999999999,19.8,0.05,61.6446,1,1
7875,3,0.8383333333333334,0.99,0.725,2.515,1,1
7925,2,1.2200000000000002,2.2,0.24,2.4400000000000004,1,1
7839,40,8.690648975,17.93,0.078,347.625959,1,1
7905,1,0.05,0.05,0.05,0.05,1,1
7932,2,0.0367615,0.0475,0.026023,0.073523,1,1
7864,2,5.6450000000000005,11.15,0.14,11.290000000000001,1,1
7907,20,3.94095,7.7,0.054,78.819,1,1
7869,9,3.670477777777778,9.8492,0.052,33.0343,1,1
7840,4,8.75,15.35,2.0,35.0,1,1
7884,3,9.726666666666667,21.95,0.79,29.18,1,1
7901,51,6.662273627450981,43.0,0.02,339.775955,1,1
7849,3,0.7181666666666667,1.5555,0.199,2.1545,1,1
7910,5,7.007,16.67,0.055,35.035,1,1
7861,2,0.65,1.0,0.3,1.3,1,1
7948,16,4.02130625,5.89,0.0199,64.3409,1,1
7883,8,1.6077875,3.48,0.79,12.8623,1,1
7880,3,6.609666666666667,18.129,0.3,19.829,1,1
7865,35,5.090682857142857,7.08,0.1,178.1739,1,1
7906,19,5.768139263157894,10.1,0.035,109.594646,1,1
7927,8,3.975175,9.99,0.0444,31.8014,1,1
7937,1,0.495,0.495,0.495,0.495,1,1
7878,2,3.445,6.0,0.89,6.89,1,1
7923,5,7.46798,15.4499,0.5,37.3399,1,1
7930,4,9.3545,18.189,0.049,37.418,1,1
7886,4,2.4675000000000002,4.2,0.99,9.870000000000001,1,1
7936,27,5.0593111111111115,16.7999,0.0475,136.6014,1,1
7900,2,1.025,2.0,0.05,2.05,1,1
7896,1,0.2999,0.2999,0.2999,0.2999,1,1
7898,21,7.903180952380953,11.5,0.05,165.9668,1,1
7919,3,1.0865,1.6195,0.39,3.2595,1,1
7876,6,7.776516666666666,19.999,0.85,46.659099999999995,1,1
7835,20,5.085395,10.9,0.169,101.7079,1,1
7912,9,17.82922222222222,49.0,0.055,160.463,1,1
7938,11,8.068090909090909,19.97,0.25,88.749,1,1
7843,62,5.302788693548387,18.5,0.08,328.772899,1,1
7914,1,0.0369,0.0369,0.0369,0.0369,1,1
7854,25,4.1888812,9.85,0.02,104.72203,1,1
7862,8,3.9109866250000005,4.549894,0.4,31.287893000000004,1,1
7863,28,4.4806,7.08,0.1,125.4568,1,1
7893,5,2.5557642,5.97,0.959,12.778821,1,1
7866,9,3.076655555555556,4.1,0.4,27.6899,1,1
7920,1,0.99,0.99,0.99,0.99,1,1
7939,7,1.0398571428571428,3.3,0.05,7.279,1,1
7846,2,3.5200000000000005,4.19,2.85,7.040000000000001,1,1
7852,2,2.5132499999999998,4.999,0.0275,5.0264999999999995,1,1
7944,1,0.44,0.44,0.44,0.44,1,1
7916,18,3.6549388888888887,5.0,0.0369,65.7889,1,1
7889,12,7.64575,29.0,1.25,91.749,1,1
7768,13,7.497148461538462,19.55,0.05,97.46293,1,1
7756,13,4.4936152307692305,22.69,0.049,58.416998,1,1
7718,36,6.253463888888889,18.59,0.08,225.1247,1,1
7721,5,5.784000000000001,16.5,0.05,28.92,1,1
7746,23,4.317039130434782,5.25,0.525,99.2919,1,1
7782,12,14.629333583333334,26.77,0.0145,175.552003,1,1
7834,4,5.52725,8.0,0.14,22.109,1,1
7790,5,2.4638,8.69,0.049,12.318999999999999,1,1
7733,20,143.63081035,2800.0,0.047,2872.616207,1,1
7801,6,0.96915,2.25,0.04,5.8149,1,1
7755,12,4.9804615,12.12,0.049,59.765538,1,1
7830,2,0.45,0.88,0.02,0.9,1,1
7819,29,6.499974620689655,21.96,0.17,188.499264,1,1
7807,6,0.645,2.08,0.13,3.87,1,1
7778,2,1.045,2.0,0.09,2.09,1,1
7789,7,2.9452428571428575,10.55,0.015,20.6167,1,1
7717,6,7.760166666666667,28.15,0.04,46.561,1,1
7722,7,7.393442857142857,18.28,0.06,51.7541,1,1
7774,17,4.76964705882353,20.299,0.01,81.084,1,1
7796,15,4.43848,6.0496,0.45,66.5772,1,1
7804,1,0.03,0.03,0.03,0.03,1,1
7754,17,6.442458823529412,33.0,0.049,109.5218,1,1
7806,14,9.530484999999999,29.29,0.18,133.42678999999998,1,1
7761,3,0.6789999999999999,1.5,0.012,2.037,1,1
7832,3,0.903,1.999,0.06,2.709,1,1
7808,14,2.310407142857143,4.5,0.18,32.3457,1,1
7750,8,6.16475,20.0,0.049,49.318,1,1
7732,35,7.648482542857143,15.89,0.05,267.696889,1,1
7805,5,6.713800000000001,10.9,1.5,33.569,1,1
7731,9,6.857277777777778,20.69,0.029,61.715500000000006,1,1
7798,3,2.3966666666666665,3.75,1.0,7.1899999999999995,1,1
7780,3,0.32133333333333336,0.93,0.013,0.9640000000000001,1,1
7739,3,1.6386666666666667,3.69,0.276,4.916,1,1
7811,3,2.8366666666666664,4.22,0.3,8.51,1,1
7773,17,6.102911764705883,21.629,0.012,103.74950000000001,1,1
7726,4,5.36725,20.169,0.03,21.469,1,1
7814,7,7.115714285714286,12.69,0.6,49.81,1,1
7764,10,2.1064999999999996,6.188,0.012,21.064999999999998,1,1
7766,3,0.43333333333333335,0.9,0.1,1.3,1,1
7742,2,1.73,3.11,0.35,3.46,1,1
7720,9,9.720888666666667,19.49,0.03,87.487998,1,1
7758,13,4.745147153846154,9.379913,0.049,61.686913000000004,1,1
7784,7,1.8780285714285714,2.99,0.014,13.1462,1,1
7822,26,8.829206884615385,21.98,0.02,229.559379,1,1
7724,5,5.566,12.0,0.04,27.83,1,1
7730,30,3.766573333333333,7.08,0.03,112.99719999999999,1,1
7812,3,1.7833333333333332,3.1,0.25,5.35,1,1
7771,4,1.72,3.75,0.03,6.88,1,1
7723,4,1.80375,2.635,0.03,7.215,1,1
7816,2,2.59,3.2,1.98,5.18,1,1
7767,3,0.26499999999999996,0.45,0.045,0.7949999999999999,1,1
7810,19,9.390436315789474,19.68,0.18,178.41829,1,1
7735,21,10.347888142857144,33.18,0.036,217.305651,1,1
7809,4,1.7325,2.9,0.18,6.93,1,1
7745,2,3.1875,5.85,0.525,6.375,1,1
7744,4,3.3075,5.89,0.64,13.23,1,1
7833,0,0.0,0.0,0.0,0.0,0,0
7738,13,6.413046153846153,14.3,0.276,83.36959999999999,1,1
7769,2,0.2375,0.3,0.175,0.475,1,1
7788,4,3.4897,10.45,0.027,13.9588,1,1
7729,5,2.9696000000000002,4.45,0.188,14.848,1,1
7799,2,2.125,3.1,1.15,4.25,1,1
7831,33,3.933,5.52,0.02,129.789,1,1
7734,3,2.7153333333333336,6.0,0.276,8.146,1,1
7795,18,5.915272222222223,10.99,0.275,106.4749,1,1
7770,5,8.898,22.5,0.2,44.489999999999995,1,1
7821,4,17.6415,30.0,0.046,70.566,1,1
7725,3,0.8206666666666668,2.222,0.04,2.462,1,1
7792,2,0.31,0.35,0.27,0.62,1,1
7829,1,0.015,0.015,0.015,0.015,1,1
7728,3,0.7426,1.1888,0.0235,2.2278000000000002,1,1
7719,6,2.234666666666667,3.99,0.069,13.408000000000001,1,1
7827,24,9.726430125,18.53,0.05,233.434323,1,1
7772,13,2.9899273846153847,4.3497,0.09,38.869056,1,1
7762,42,4.860902333333333,11.633,0.0122,204.157898,1,1
7820,6,1.383816666666667,5.21,0.046,8.302900000000001,1,1
7783,4,0.59375,1.79,0.06,2.375,1,1
7791,73,5.576632849315069,14.61,0.225,407.094198,1,1
7794,3,1.55,2.45,0.25,4.65,1,1
7751,28,9.298888857142858,21.0,0.049,260.368888,1,1
7815,3,2.01,3.9,0.24,6.029999999999999,1,1
7797,3,2.016666666666667,2.95,1.1,6.050000000000001,1,1
7828,7,3.7885714285714287,13.0,0.15,26.52,1,1
7802,14,3.5637039285714285,8.967,0.035,49.891855,1,1
7737,6,2.3443216666666666,4.19993,0.276,14.06593,1,1
7759,16,3.303933125,6.4,0.049,52.86293,1,1
7818,22,7.519509090909091,18.46,0.24,165.4292,1,1
7825,1,3.5,3.5,3.5,3.5,1,1
7749,11,4.071345454545455,5.0,0.525,44.7848,1,1
7741,5,1.63488,2.99,0.055,8.1744,1,1
7813,6,1.393,2.95,0.3,8.358,1,1
7826,35,5.414857028571428,6.81,1.5,189.519996,1,1
7824,15,9.27132,26.25,0.041,139.0698,1,1
7785,2,0.8125,1.61,0.015,1.625,1,1
7800,2,1.74,2.0,1.48,3.48,1,1
7743,18,10.365978333333333,35.0,0.55,186.58760999999998,1,1
7793,0,0.0,0.0,0.0,0.0,0,0
7740,9,2.8141,6.3,0.276,25.3269,1,1
7752,19,3.935157894736842,6.499,0.049,74.768,1,1
7777,4,1.138,2.3,0.012,4.552,1,1
7787,1,0.02,0.02,0.02,0.02,1,1
7753,17,8.573822352941177,13.67,0.049,145.75498,1,1
7748,9,8.177987777777778,10.7437,0.525,73.60189,1,1
7747,5,4.57882,6.8,0.525,22.8941,1,1
7760,29,6.608274689655173,21.94,0.012,191.63996600000002,1,1
7757,9,1.706,3.35,0.049,15.354,1,1
7765,12,7.8975,14.4,0.8,94.77,1,1
7803,4,6.385,23.0,0.4,25.54,1,1
7786,1,0.014,0.014,0.014,0.014,1,1
7817,4,1.0545,2.0,0.48,4.218,1,1
7781,16,4.83261875,14.0,0.015,77.3219,1,1
7823,18,3.279722222222222,5.0,0.125,59.035,1,1
7776,19,3.535947368421052,6.0,0.012,67.18299999999999,1,1
7736,8,2.097975,5.55,0.276,16.7838,1,1
7775,3,0.6333333333333333,1.65,0.05,1.9,1,1
7763,46,6.062088652173913,23.69,0.012,278.856078,1,1
7727,6,2.1329666666666665,4.88,0.0188,12.797799999999999,1,1
7779,3,1.7443333333333333,2.8,0.013,5.233,1,1
7704,2,2.845,4.2,1.49,5.69,1,1
7620,1,3.33,3.33,3.33,3.33,1,1
7608,32,3.93680625,5.5,0.05,125.9778,1,1
7622,9,0.7516666666666667,1.3,0.25,6.765000000000001,1,1
7690,5,1.617998,4.15,0.19,8.08999,1,1
7672,4,1.9125,3.0,0.35,7.65,1,1
7639,8,6.558625,13.67,0.049,52.469,1,1
7688,15,3.9903427333333337,4.9,0.025,59.855141,1,1
7618,46,6.58336952173913,31.97,0.25,302.834998,1,1
7678,85,5.363909388235294,24.98,3.71,455.932298,1,1
7703,6,2.4899768333333334,2.9999,1.995,14.939861,1,1
7657,33,9.286498363636364,21.59,0.19,306.454446,1,1
7641,15,3.3506,5.22,0.049,50.259,1,1
7699,6,1.6070833333333334,5.0,0.0495,9.6425,1,1
7655,8,2.565875,6.57,0.057,20.527,1,1
7631,3,2.3133333333333335,3.99,0.95,6.94,1,1
7693,2,1.6225,3.2,0.045,3.245,1,1
7680,0,0.0,0.0,0.0,0.0,0,0
7679,28,4.504625,15.9497,3.41,126.12950000000001,1,1
7705,7,31.225428571428573,69.0,8.888,218.578,1,1
7659,5,13.039600000000002,20.78,0.2,65.19800000000001,1,1
7674,21,6.805842857142856,16.27,0.35,142.9227,1,1
7668,1,0.35,0.35,0.35,0.35,1,1
7635,11,4.565454545454545,15.0,0.05,50.22,1,1
7682,24,8.362179124999999,15.999,0.0169,200.692299,1,1
7638,16,5.444,21.88,0.03,87.104,1,1
7656,90,6.4280655555555555,17.5,0.011,578.5259,1,1
7654,4,5.38225,15.95,0.0544,21.529,1,1
7700,1,1.185,1.185,1.185,1.185,1,1
7617,1,11.0,11.0,11.0,11.0,1,1
7713,6,1.1567715,2.85,0.055,6.940629,1,1
7624,13,2.229476923076923,3.88,0.2222,28.9832,1,1
7616,2,0.13555,0.16,0.1111,0.2711,1,1
7662,7,4.599571428571429,5.5,1.09,32.197,1,1
7702,4,5.69,12.97,2.79,22.76,1,1
7649,22,3.9467445454545453,7.29,0.018,86.82838,1,1
7671,7,3.368992857142857,8.8583,0.35,23.58295,1,1
7701,5,3.5700000000000003,5.9,2.3,17.85,1,1
7653,6,3.7956833333333333,7.5,0.0541,22.7741,1,1
7712,13,10.394324384615384,30.19,0.054,135.126217,1,1
7651,8,4.8709875,30.0,0.0539,38.9679,1,1
7646,6,2.8706666666666667,8.42,0.054,17.224,1,1
7695,3,0.9849666666666667,2.65,0.045,2.9549,1,1
7660,5,1.6286200000000002,2.5,0.3,8.1431,1,1
7663,7,1.2277142857142855,3.0,0.02,8.594,1,1
7619,5,10.18486,16.344,5.99,50.9243,1,1
7667,7,2.897998571428571,5.32999,0.02,20.285989999999998,1,1
7623,0,0.0,0.0,0.0,0.0,0,0
7612,20,6.2668427,15.09,0.2222,125.336854,1,1
7692,8,1.2943875,3.1,0.04,10.3551,1,1
7686,7,1.8550000000000002,3.62,0.033,12.985000000000001,1,1
7652,12,2.9274991666666668,5.2711,0.02,35.12999,1,1
7670,23,6.017818260869565,17.16,0.35,138.40982,1,1
7630,4,2.8,4.8,1.0,11.2,1,1
7676,4,3.5625,5.4,0.35,14.25,1,1
7666,22,5.116409090909091,11.11,0.02,112.561,1,1
7613,21,9.194471428571429,17.999,0.1111,193.0839,1,1
7645,4,1.04605,2.48,0.0542,4.1842,1,1
7687,2,0.01985,0.025,0.0147,0.0397,1,1
7634,11,6.4602,13.45,0.015,71.0622,1,1
7697,14,5.956213285714286,11.98,0.0495,83.38698600000001,1,1
7681,21,11.294747619047618,35.2,0.015,237.1897,1,1
7708,4,2.01225,3.0,1.19,8.049,1,1
7644,5,1.2884,4.9,0.042,6.442,1,1
7673,3,2.016666666666667,3.5,0.35,6.050000000000001,1,1
7658,7,12.800985714285714,15.6969,0.17,89.6069,1,1
7677,2,7.675,15.0,0.35,15.35,1,1
7610,36,8.616785111111112,31.89,0.1111,310.204264,1,1
7607,11,4.821909090909091,18.24,0.05,53.041,1,1
7628,20,11.247445,21.0,5.0,224.9489,1,1
7621,9,6.037532111111111,13.6499,0.1111,54.337789,1,1
7636,20,8.3206245,16.48,0.0549,166.41249,1,1
7711,8,3.882512375,6.23,0.055,31.060099,1,1
7669,15,7.687473333333333,22.07,0.35,115.3121,1,1
7632,22,5.12604,10.977,0.013,112.77288,1,1
7637,22,3.9072181818181817,4.71,0.044,85.9588,1,1
7661,2,6.0595,11.67,0.449,12.119,1,1
7648,15,3.926533333333333,5.98,0.048,58.897999999999996,1,1
7691,12,10.951749999999999,31.2,0.012,131.421,1,1
7675,29,6.1517040000000005,10.55,0.35,178.399416,1,1
7684,1,0.1,0.1,0.1,0.1,1,1
7683,3,0.6213333333333333,0.98,0.015,1.8639999999999999,1,1
7615,18,9.7655,32.0,0.1111,175.779,1,1
7647,24,4.628655,7.12,0.053,111.08772,1,1
7609,4,1.9055499999999999,3.3,0.2222,7.622199999999999,1,1
7626,17,5.652094117647059,7.08,2.54,96.0856,1,1
7696,9,1.927505,5.169955,0.015,17.347545,1,1
7614,1,5.1,5.1,5.1,5.1,1,1
7650,11,8.208290909090909,22.24,0.019,90.2912,1,1
7715,4,1.59925,5.5,0.044,6.397,1,1
7698,12,10.211592999999999,32.3,0.04,122.53911599999999,1,1
7664,7,1.78792,3.5,0.029,12.51544,1,1
7709,26,13.559493884615385,23.79,0.055,352.54684100000003,1,1
7665,4,6.9018885,13.979954,0.02,27.607554,1,1
7716,2,0.4675,0.88,0.055,0.935,1,1
7611,3,0.29003333333333337,0.398,0.2222,0.8701000000000001,1,1
7689,29,5.07811724137931,20.0,0.02,147.2654,1,1
7642,1,0.47,0.47,0.47,0.47,1,1
7706,16,2.95500625,4.1,2.0,47.2801,1,1
7629,4,1.66975,2.0,1.2,6.679,1,1
7640,49,6.055099387755101,18.4,0.0545,296.69987,1,1
7643,9,7.046888888888889,11.13,0.042,63.422,1,1
7707,6,6.485833333333333,10.5,0.0575,38.915,1,1
7694,3,2.3116666666666665,5.39,0.045,6.935,1,1
7710,5,11.333,20.4,1.295,56.665,1,1
7714,3,0.5496666666666666,1.5,0.054,1.649,1,1
7625,0,0.0,0.0,0.0,0.0,0,0
7685,9,6.676666666666667,19.98,0.02,60.09,1,1
7633,19,4.132735736842105,13.679979,0.015,78.521979,1,1
7627,23,7.495326304347826,10.69,0.25,172.392505,1,1
7558,11,8.824481818181818,20.5499,0.042,97.0693,1,1
7557,3,3.1839999999999997,8.82,0.042,9.552,1,1
7502,11,1.340818181818182,2.78,0.198,14.749,1,1
7565,25,4.179092,9.969,0.044,104.4773,1,1
7597,3,0.38166666666666665,0.95,0.045,1.145,1,1
7585,8,7.0103625,10.799,0.185,56.0829,1,1
7509,4,0.1825,0.42,0.047,0.73,1,1
7596,3,0.10466666666666667,0.149,0.045,0.314,1,1
7515,1,0.016,0.016,0.016,0.016,1,1
7599,2,12.45,18.0,6.9,24.9,1,1
7532,26,9.056939846153846,23.69,0.25,235.480436,1,1
7504,1,7.0,7.0,7.0,7.0,1,1
7539,23,4.512343,16.0,0.5,103.783889,1,1
7588,20,3.3709949999999997,4.47,1.5,67.4199,1,1
7589,4,7.91001275,9.58,6.300051,31.640051,1,1
7514,4,2.5695,4.8,0.068,10.278,1,1
7530,65,4.339615076923077,5.89,0.02,282.07498,1,1
7517,10,5.5329951,11.65,0.055,55.329951,1,1
7580,21,7.43405219047619,31.0,0.011,156.115096,1,1
7507,7,3.4196999999999997,10.75,0.012,23.9379,1,1
7576,29,5.923913620689655,18.89,0.0175,171.793495,1,1
7503,2,2.235,4.3,0.17,4.47,1,1
7546,6,2.0416666666666665,3.29,0.35,12.25,1,1
7555,21,5.796019047619048,11.935,0.042,121.7164,1,1
7506,6,2.562,6.66,0.054,15.372,1,1
7567,1,1.0,1.0,1.0,1.0,1,1
7563,7,4.087487142857142,6.18,0.0469,28.612409999999997,1,1
7516,4,5.141249999999999,12.0,0.065,20.564999999999998,1,1
7512,1,0.018,0.018,0.018,0.018,1,1
7586,4,1.685,2.44,0.55,6.74,1,1
7499,14,3.884428571428572,7.65,0.047,54.382000000000005,1,1
7583,10,2.0405,4.3,0.295,20.405,1,1
7564,9,5.547306,14.769,0.0469,49.925754,1,1
7538,7,4.247,10.75,0.45,29.729,1,1
7566,12,9.158734583333333,22.13,0.0469,109.904815,1,1
7518,2,0.089,0.12,0.058,0.178,1,1
7598,11,9.629136363636364,22.97,0.055,105.9205,1,1
7525,6,1.4512333333333334,2.4444,0.008,8.7074,1,1
7548,8,13.184874875,23.899999,0.45,105.478999,1,1
7575,10,3.7397,11.8,0.04,37.397,1,1
7513,6,1.3466666666666667,2.98,0.06,8.08,1,1
7535,5,2.1808,3.74,0.4,10.904,1,1
7553,8,7.46875,15.0,3.0,59.75,1,1
7570,5,2.3761,5.385,0.048,11.8805,1,1
7605,9,11.7,28.28,0.1,105.3,1,1
7579,1,0.011,0.011,0.011,0.011,1,1
7592,2,12.5,19.0,6.0,25.0,1,1
7527,7,1.8044571428571428,3.9,0.015,12.6312,1,1
7606,19,5.255521,12.8,0.046,99.854899,1,1
7603,27,7.795295962962963,13.4,0.19,210.472991,1,1
7541,6,2.813333333333333,6.0,0.4,16.88,1,1
7545,11,15.590909,36.0,3.0,171.499999,1,1
7587,12,10.975058333333335,26.7337,0.02,131.7007,1,1
7519,6,1.0621666666666667,2.74,0.058,6.373,1,1
7505,4,1.062222,1.48,0.36,4.248888,1,1
7533,16,9.418561875,15.85,0.33,150.69699,1,1
7561,3,1.6366666666666667,2.89,0.22,4.91,1,1
7510,7,2.7148571428571424,6.38,0.012,19.003999999999998,1,1
7582,10,9.2157371,24.0,0.029,92.157371,1,1
7572,9,0.9916666666666667,2.2,0.04,8.925,1,1
7604,2,0.25,0.4,0.1,0.5,1,1
7602,2,1.285,1.39,1.18,2.57,1,1
7550,8,4.60625,6.99,0.5,36.85,1,1
7559,12,7.895499833333333,16.35,0.22,94.745998,1,1
7511,5,0.28280000000000005,0.74,0.01,1.4140000000000001,1,1
7577,4,1.653625,2.7489,0.07,6.6145,1,1
7595,27,3.8875185185185184,5.7186,0.0549,104.963,1,1
7554,2,5.421,10.8,0.042,10.842,1,1
7520,14,3.691057142857143,19.11,0.0525,51.6748,1,1
7543,8,6.31875,22.26,0.4,50.55,1,1
7573,26,3.6246923076923077,8.459,0.048,94.242,1,1
7581,28,3.714765357142857,4.6,0.036,104.01343,1,1
7522,15,5.189382,10.998,0.02,77.84073000000001,1,1
7536,52,6.239361942307692,10.21,0.45,324.446821,1,1
7574,13,8.188976846153846,28.6494,0.89,106.456699,1,1
7526,32,8.14133121875,31.4,0.013,260.522599,1,1
7591,1,0.01,0.01,0.01,0.01,1,1
7571,3,0.9326666666666666,2.5,0.048,2.798,1,1
7542,24,13.991120375,36.4,0.35,335.786889,1,1
7551,16,6.3859515,15.45,0.33,102.175224,1,1
7556,8,2.7215,7.95,0.042,21.772,1,1
7540,14,5.469507142857142,12.01,0.33,76.5731,1,1
7500,15,7.8081876,19.88,2.5,117.122814,1,1
7528,11,3.1829953636363637,6.0,0.053,35.012949,1,1
7508,12,14.721329249999998,21.709951,0.053,176.655951,1,1
7601,4,1.342,3.8,0.028,5.368,1,1
7537,14,6.583189357142857,19.81,0.3,92.16465099999999,1,1
7547,6,2.813333333333334,5.99,0.45,16.880000000000003,1,1
7560,2,1.35,2.48,0.22,2.7,1,1
7569,8,1.82025,4.96,0.12,14.562,1,1
7578,4,0.704,1.5,0.05,2.816,1,1
7562,2,2.02345,4.0,0.0469,4.0469,1,1
7600,2,4.6,4.64,4.56,9.2,1,1
7531,4,0.6619999999999999,1.9,0.05,2.6479999999999997,1,1
7498,22,5.65355,12.3,0.25,124.3781,1,1
7544,10,9.97646,25.1256,0.5,99.7646,1,1
7552,8,5.29726,11.489,0.8,42.37808,1,1
7584,5,0.952,1.9,0.04,4.76,1,1
7549,15,4.291913333333333,19.99,0.4,64.3787,1,1
7529,12,1.3114333333333332,2.59,0.05,15.7372,1,1
7501,4,11.723275000000001,26.6231,3.5,46.893100000000004,1,1
7524,2,0.0725,0.09,0.055,0.145,1,1
7568,4,8.279250000000001,16.328,0.149,33.117000000000004,1,1
7521,5,1.8076,2.89,0.02,9.038,1,1
7590,3,2.0166333333333335,4.5,0.0499,6.0499,1,1
7593,10,3.0297975,7.8,0.01,30.297975,1,1
7594,37,4.249408108108108,6.11,0.055,157.2281,1,1
7534,1,12.7,12.7,12.7,12.7,1,1
7523,52,7.089247923076924,25.05,0.053,368.640892,1,1
7428,11,9.695363636363636,21.999,0.02,106.649,1,1
7478,9,7.769211,14.298899,0.75,69.922899,1,1
7461,11,4.573457272727273,14.85,0.05,50.30803,1,1
7442,8,4.58291875,10.5,1.03635,36.66335,1,1
7425,5,12.4,26.95,1.2,62.0,1,1
7482,5,2.41698,3.77,0.0149,12.084900000000001,1,1
7396,22,6.450325045454545,22.95,0.055,141.907151,1,1
7436,13,9.647027307692309,15.449,0.03,125.411355,1,1
7494,9,5.768888777777779,14.599999,0.3,51.919999000000004,1,1
7496,6,2.3636833333333334,6.66,0.041,14.1821,1,1
7446,11,2.744854545454545,5.06,0.049,30.193399999999997,1,1
7418,23,6.400330434782608,16.2,0.025,147.20759999999999,1,1
7437,6,2.276666666666667,3.63,0.14,13.66,1,1
7480,17,3.7858027058823525,9.6,0.0149,64.358646,1,1
7440,12,3.1757750000000002,4.438,0.27,38.109300000000005,1,1
7392,12,7.144816666666666,14.9698,0.11,85.7378,1,1
7398,24,11.622120833333334,33.0,0.046,278.9309,1,1
7479,2,1.383,2.75,0.016,2.766,1,1
7401,8,6.622,28.988,0.049,52.976,1,1
7406,15,6.696926666666667,20.0,0.3999,100.4539,1,1
7463,16,2.59981875,4.85,0.05,41.5971,1,1
7433,14,4.953641428571428,11.16598,0.025,69.35097999999999,1,1
7390,9,8.406971888888888,20.77,0.0549,75.662747,1,1
7469,4,1.1110250000000002,2.87,0.061,4.444100000000001,1,1
7421,2,1.0,1.75,0.25,2.0,1,1
7474,19,13.622310526315788,26.1,4.0,258.8239,1,1
7429,12,6.071093333333334,18.5288,0.2149,72.85312,1,1
7391,4,0.87275,2.25,0.07,3.491,1,1
7397,16,7.0447174375,16.4,0.05,112.715479,1,1
7439,7,2.604942857142857,11.0,0.27,18.2346,1,1
7441,17,4.747623529411764,11.99,0.45,80.7096,1,1
7464,4,2.695,3.18,2.0,10.78,1,1
7497,10,7.29841,19.463,0.032,72.9841,1,1
7481,8,2.3653625,5.4,0.0149,18.9229,1,1
7432,8,1.1065,2.48,0.02,8.852,1,1
7404,5,6.5658,26.77,1.089,32.829,1,1
7444,18,11.894772166666666,32.84,0.049,214.105899,1,1
7410,8,0.568725,1.75,0.04,4.5498,1,1
7467,1,0.18,0.18,0.18,0.18,1,1
7455,3,4.333333333333333,7.0,0.05,13.0,1,1
7434,3,1.5694333333333332,2.35,0.025,4.7082999999999995,1,1
7476,3,0.8793333333333334,2.2,0.058,2.6380000000000003,1,1
7420,6,2.3166666666666664,3.5,1.16,13.899999999999999,1,1
7483,7,3.8467142857142855,6.55,0.099,26.927,1,1
7450,3,7.959666666666666,11.969,1.09,23.878999999999998,1,1
7472,2,0.735,1.3,0.17,1.47,1,1
7407,38,3.6949155263157896,5.5,0.04,140.40679,1,1
7394,5,2.3353,4.5,0.0465,11.6765,1,1
7491,4,1.8775,3.2,0.01,7.51,1,1
7470,13,1.091923076923077,3.099,0.05,14.195,1,1
7431,5,6.577680000000001,12.9,0.025,32.888400000000004,1,1
7427,8,6.37486,16.1,0.025,50.99888,1,1
7417,14,4.743871142857143,8.599997,0.04,66.414196,1,1
7393,18,7.861639055555555,22.4,0.056,141.509503,1,1
7453,3,7.726666666666667,15.8,2.5,23.18,1,1
7405,12,3.4783333333333335,6.5,0.49,41.74,1,1
7430,13,6.166146153846153,11.95,0.3199,80.1599,1,1
7414,0,0.0,0.0,0.0,0.0,0,0
7471,4,4.4,6.6,2.0,17.6,1,1
7465,26,9.230353730769231,24.079988,0.18,239.989197,1,1
7487,12,7.608744333333333,21.665,0.01,91.304932,1,1
7473,6,7.10335,10.8,5.0001,42.6201,1,1
7458,17,7.905647058823528,20.768,0.05,134.396,1,1
7426,7,3.7231285714285716,10.5,0.04,26.0619,1,1
7485,3,2.5866666666666664,4.0,0.01,7.76,1,1
7408,29,4.6901065517241385,10.79799,0.02,136.01309,1,1
7462,25,4.6959152,22.25,0.05,117.39788,1,1
7448,2,0.6244999999999999,1.2,0.049,1.2489999999999999,1,1
7445,10,7.40971,12.98,0.049,74.0971,1,1
7490,4,0.36777499999999996,1.0,0.01,1.4710999999999999,1,1
7395,17,3.691105882352941,5.3,0.077,62.748799999999996,1,1
7484,18,4.255066666666667,10.17,0.01,76.5912,1,1
7423,15,6.463273333333333,10.97,0.05,96.9491,1,1
7456,19,6.951052631578947,18.1,0.05,132.07,1,1
7495,4,2.0875,3.65,0.15,8.35,1,1
7457,4,0.6125,1.45,0.05,2.45,1,1
7460,8,4.098743375,9.2,0.05,32.789947,1,1
7452,8,3.2824875000000002,6.111,0.75,26.259900000000002,1,1
7403,21,9.713190476190476,18.788,0.058,203.977,1,1
7422,16,7.742164375,31.85,0.23,123.87463,1,1
7492,27,4.9735000000000005,7.08,0.01,134.2845,1,1
7459,5,4.8576718,10.1,0.05,24.288359,1,1
7389,23,3.7525739130434785,14.25,0.125,86.3092,1,1
7438,3,1.0431666666666668,2.7,0.0495,3.1295,1,1
7486,9,2.7533111111111115,4.95,0.01,24.7798,1,1
7415,0,0.0,0.0,0.0,0.0,0,0
7424,3,1.2033333333333334,2.06,0.25,3.6100000000000003,1,1
7399,8,5.6931125,9.2,0.0479,45.5449,1,1
7416,4,2.6100000000000003,4.19,0.05,10.440000000000001,1,1
7435,9,4.128139111111111,14.44,0.025,37.153252,1,1
7411,2,2.775,3.4,2.15,5.55,1,1
7489,4,1.860475,2.9,0.0419,7.4419,1,1
7475,1,8.88,8.88,8.88,8.88,1,1
7412,11,6.133955545454546,10.44,1.65,67.473511,1,1
7409,11,2.7264536363636362,4.8,0.025,29.99099,1,1
7466,1,0.15,0.15,0.15,0.15,1,1
7454,9,4.721477777777778,10.2,0.08,42.493300000000005,1,1
7493,9,6.1818888888888885,16.7,1.199,55.637,1,1
7477,4,2.9612499999999997,6.215,1.15,11.844999999999999,1,1
7400,48,5.320215166666666,12.44,1e-05,255.370328,1,1
7449,19,7.645946842105263,11.5,0.049,145.27299,1,1
7419,2,13.55,22.1,5.0,27.1,1,1
7468,7,3.612428571428571,5.4,0.38,25.287,1,1
7447,6,1.5178333333333331,2.75,0.049,9.107,1,1
7402,6,8.187333333333333,21.9,0.054,49.123999999999995,1,1
7443,27,7.9446259259259255,24.49,1.3499,214.5049,1,1
7413,1,5.0,5.0,5.0,5.0,1,1
7451,4,5.9399999999999995,7.47,1.75,23.759999999999998,1,1
7488,50,6.721667579999999,17.9906,0.012,336.083379,1,1
7377,5,2.85,7.2,0.4,14.25,1,1
7330,10,4.371,9.85,0.68,43.71,1,1
7371,2,1.155,1.98,0.33,2.31,1,1
7319,1,3.5,3.5,3.5,3.5,1,1
7323,4,1.336725,1.7969,1.0,5.3469,1,1
7314,16,12.7682331875,34.55,0.04,204.291731,1,1
7367,0,0.0,0.0,0.0,0.0,0,0
7304,7,9.492142857142856,19.98,0.045,66.445,1,1
7349,7,8.744071428571429,15.1999,0.29,61.2085,1,1
7358,7,4.097132857142857,8.78,0.4,28.67993,1,1
7292,18,9.612829444444445,24.5,0.045,173.03093,1,1
7379,20,7.111095000000001,16.27,0.45,142.2219,1,1
7336,10,9.46378,12.25,2.649,94.6378,1,1
7302,2,0.07250000000000001,0.095,0.05,0.14500000000000002,1,1
7366,16,5.6645562499999995,11.923,0.8,90.63289999999999,1,1
7298,13,3.2294854615384616,10.09,0.011,41.983311,1,1
7285,17,3.352129117647059,9.98,0.052,56.986195,1,1
7318,34,6.420941176470588,11.35,0.044,218.312,1,1
7372,4,3.4875,6.5,0.4,13.95,1,1
7381,4,6.91425,14.069,1.5,27.657,1,1
7343,5,1.58,3.0,0.45,7.9,1,1
7321,31,4.169235451612903,6.5,1.4215,129.246299,1,1
7295,2,0.4455,0.88,0.011,0.891,1,1
7324,9,5.950178333333334,9.85,0.94,53.551605,1,1
7364,7,1.7942857142857143,3.0,0.45,12.56,1,1
7317,14,6.125328571428571,11.75,0.0549,85.7546,1,1
7299,2,0.09385,0.1767,0.011,0.1877,1,1
7378,2,2.7,4.95,0.45,5.4,1,1
7383,3,0.18900000000000003,0.4,0.042,0.5670000000000001,1,1
7289,5,1.2022,2.4,0.011,6.011,1,1
7382,2,0.275,0.5,0.05,0.55,1,1
7346,19,7.1342105263157904,34.0,0.45,135.55,1,1
7380,10,3.179,5.7,0.5,31.79,1,1
7357,22,4.7970904545454545,10.68,0.4,105.53599,1,1
7333,3,2.9966666666666666,6.0,1.0,8.99,1,1
7384,5,2.654,9.98,0.09,13.27,1,1
7309,7,2.329857142857143,6.5,0.039,16.309,1,1
7316,13,4.702915384615385,10.19,0.0379,61.1379,1,1
7335,2,3.705,3.97,3.44,7.41,1,1
7334,4,11.284475,19.0,0.06,45.1379,1,1
7375,3,1.688,2.524,0.4,5.064,1,1
7341,3,5.168,13.0,0.014,15.504,1,1
7307,16,11.0563375,19.489,0.045,176.9014,1,1
7315,7,1.2534142857142856,3.45,0.0379,8.7739,1,1
7288,17,5.1358379411764705,12.5,0.0575,87.309245,1,1
7345,13,9.303280846153847,18.4,0.4,120.942651,1,1
7369,6,2.475,6.55,0.5,14.85,1,1
7356,3,1.4533333333333334,2.1,0.5,4.36,1,1
7312,12,1.6100666666666665,4.3,0.0388,19.3208,1,1
7351,13,3.456760769230769,5.52,0.4,44.937889999999996,1,1
7286,8,1.28975,3.75,0.001,10.318,1,1
7360,4,4.9872499999999995,12.699,0.4,19.948999999999998,1,1
7303,17,8.123629411764705,20.0,0.011,138.1017,1,1
7308,17,10.742582352941175,37.94,0.011,182.6239,1,1
7297,5,10.745999999999999,15.99,0.011,53.73,1,1
7344,2,3.75,6.0,1.5,7.5,1,1
7374,4,33.66,50.0,8.0,134.64,1,1
7355,9,5.060877777777778,19.99,0.4,45.5479,1,1
7359,26,4.885315384615384,6.0302,0.4,127.0182,1,1
7313,6,2.4193333333333333,10.0,0.044,14.516,1,1
7326,47,3.855436170212766,5.1256,1.5,181.2055,1,1
7328,17,5.093056176470588,10.19,1.365955,86.581955,1,1
7385,37,3.9682162162162165,4.95,0.07,146.824,1,1
7363,17,8.187435294117646,16.8945,1.25,139.1864,1,1
7320,10,7.2385732,16.3,1.067,72.385732,1,1
7348,28,11.92226642857143,23.891879,0.4,333.82346,1,1
7306,3,0.18543333333333334,0.3113,0.045,0.5563,1,1
7332,10,9.3881599,17.83,1.21,93.881599,1,1
7342,4,4.815,9.81,0.45,19.26,1,1
7387,5,0.22410000000000002,0.6,0.0145,1.1205,1,1
7291,7,2.967557142857143,12.6989,0.045,20.7729,1,1
7331,3,6.66,10.13,2.85,19.98,1,1
7300,15,2.4781989999999996,5.04,0.045,37.172985,1,1
7352,8,6.469875,10.99,0.4,51.759,1,1
7322,10,2.50375,4.4208,1.198,25.0375,1,1
7284,10,1.485709,2.4765,0.052,14.85709,1,1
7368,18,5.665494333333333,10.8,0.4,101.978898,1,1
7301,13,11.554246153846153,19.197,0.011,150.2052,1,1
7290,9,3.893442222222222,8.9,0.011,35.04098,1,1
7353,18,4.761488611111111,10.89,0.4,85.706795,1,1
7338,18,12.148444444444443,31.0,2.17,218.672,1,1
7340,12,9.267041666666666,17.088,0.0485,111.2045,1,1
7386,5,5.125,16.18,0.09,25.625,1,1
7361,1,0.45,0.45,0.45,0.45,1,1
7388,7,1.302503142857143,3.1,0.046,9.117522000000001,1,1
7327,5,7.6191536,10.89,2.2,38.095768,1,1
7350,7,1.6085714285714285,2.89,0.45,11.26,1,1
7337,4,2.09540125,3.0,0.834,8.381605,1,1
7293,4,0.894425,2.99,0.011,3.5777,1,1
7365,2,244.5,420.0,69.0,489.0,1,1
7370,13,5.333229230769231,12.128,0.33,69.33198,1,1
7339,7,2.2064999999999997,5.88,0.0485,15.4455,1,1
7311,6,4.7781666666666665,12.8,0.044,28.669,1,1
7373,4,4.58,10.99,0.45,18.32,1,1
7325,11,7.4878159090909095,12.6,0.049,82.365975,1,1
7376,15,4.403019933333334,7.61,0.4,66.045299,1,1
7287,5,1.6156,3.98,0.048,8.078,1,1
7305,8,0.93675,2.25,0.045,7.494,1,1
7296,20,5.12655,7.08,0.011,102.531,1,1
7362,34,7.404781823529412,21.75,0.4,251.762582,1,1
7347,12,7.1083325833333335,19.0,0.45,85.299991,1,1
7294,35,7.150791428571429,18.888,0.01,250.2777,1,1
7329,3,10.520000000000001,19.0,1.5,31.560000000000002,1,1
7310,15,8.148803266666667,17.44,0.03,122.232049,1,1
7354,2,7.9,8.0,7.8,15.8,1,1
7223,10,1.3926,3.95,0.027,13.926,1,1
7174,3,6.37,10.0,1.11,19.11,1,1
7280,2,0.037,0.054,0.02,0.074,1,1
7200,8,2.3310625,8.8,0.05,18.6485,1,1
7176,12,8.386000000000001,14.68,0.041,100.632,1,1
7276,21,3.6847857142857143,10.646,0.0495,77.3805,1,1
7221,18,6.632360555555556,12.04,1.0525,119.38249,1,1
7204,30,7.584153,20.27,1.59,227.52459,1,1
7243,16,6.1366425,11.7486,1.25,98.18628,1,1
7218,20,13.03761485,32.3,1.4,260.752297,1,1
7241,11,2.669209090909091,5.11,1.0,29.3613,1,1
7225,14,2.481964285714286,5.397,0.053,34.7475,1,1
7253,2,2.2,2.3,2.1,4.4,1,1
7191,22,4.607759090909091,17.6,0.041,101.3707,1,1
7264,4,1.86404125,4.09,0.175,7.456165,1,1
7201,19,3.701757842105263,5.25,0.049,70.333399,1,1
7277,18,5.0693965,13.589,0.011,91.249137,1,1
7273,8,1.7048125,4.05,0.015,13.6385,1,1
7266,9,10.155333333333333,28.8,0.03,91.398,1,1
7220,32,8.898465625,18.0,2.0,284.7509,1,1
7179,4,7.3475,18.67,0.041,29.39,1,1
7232,1,1.25,1.25,1.25,1.25,1,1
7271,5,10.272780000000001,21.349,0.0149,51.3639,1,1
7229,12,7.856533333333334,23.5,2.6305,94.2784,1,1
7183,41,6.505984024390243,12.12,0.041,266.745345,1,1
7195,2,0.1,0.15,0.05,0.2,1,1
7231,9,6.116044444444444,13.66,1.0,55.044399999999996,1,1
7236,28,5.264539642857143,27.3,1.25,147.40711,1,1
7190,5,1.355,2.835,0.041,6.775,1,1
7205,4,7.289,12.186,2.3,29.156,1,1
7283,1,0.3,0.3,0.3,0.3,1,1
7217,26,4.99550423076923,11.91,1.39,129.88311,1,1
7263,4,2.126875,6.99,0.175,8.5075,1,1
7262,13,2.9727615384615382,5.0636,0.22,38.6459,1,1
7186,10,16.297479,33.27,0.045,162.97478999999998,1,1
7198,2,4.1495,8.25,0.049,8.299,1,1
7210,70,6.71912,32.45,1.69,470.33840000000004,1,1
7227,4,0.9802500000000001,2.33,0.192,3.9210000000000003,1,1
7226,3,5.283,15.0,0.049,15.849,1,1
7235,7,7.708571428571429,16.1,1.0,53.96,1,1
7246,23,4.465800000000001,5.9,1.6,102.71340000000001,1,1
7184,3,0.5303333333333334,1.0,0.041,1.5910000000000002,1,1
7245,12,10.573708333333334,32.146,1.12,126.8845,1,1
7172,14,7.90687,20.44,0.041,110.69618,1,1
7238,15,4.097873333333333,6.5,0.698,61.4681,1,1
7214,4,11.04265,14.0,9.2006,44.1706,1,1
7250,6,4.525033333333334,11.33,0.349,27.1502,1,1
7207,3,2.0166666666666666,2.89,1.4,6.05,1,1
7222,3,4.166666666666667,10.45,0.06,12.5,1,1
7242,13,16.74668453846154,33.799899,1.0,217.70689900000002,1,1
7272,21,7.107947142857142,23.509,0.019,149.26689,1,1
7257,20,8.573415,17.49,0.055,171.4683,1,1
7180,5,2.54646,4.296,0.041,12.7323,1,1
7239,13,9.595553846153846,32.8,0.835,124.7422,1,1
7202,27,9.97801374074074,19.69,0.65,269.406371,1,1
7247,3,5.333333333333333,7.5,2.0,16.0,1,1
7197,2,0.1195,0.19,0.049,0.239,1,1
7233,6,2.1075,2.98,1.0,12.645,1,1
7187,64,4.797792109375,8.71,0.041,307.058695,1,1
7255,14,7.191912214285714,32.25,0.349,100.686771,1,1
7177,9,22.01211111111111,42.069,3.0,198.109,1,1
7185,4,3.1077500000000002,4.5,0.041,12.431000000000001,1,1
7224,9,0.8588544444444444,1.593,0.04,7.72969,1,1
7175,25,4.6095440000000005,6.39,0.041,115.2386,1,1
7199,19,8.277568421052631,26.48,0.05,157.2738,1,1
7275,4,0.604975,1.5,0.0109,2.4199,1,1
7192,20,6.72544995,10.999999,0.049,134.508999,1,1
7282,6,1.6383333333333334,2.5,1.26,9.83,1,1
7206,5,38.85534,69.3467,10.0,194.2767,1,1
7252,1,3.5,3.5,3.5,3.5,1,1
7254,4,6.727375,8.81,2.5,26.9095,1,1
7182,1,2.0,2.0,2.0,2.0,1,1
7234,15,6.1710666666666665,16.18,1.0,92.566,1,1
7173,16,5.1517631875,10.01,0.041,82.428211,1,1
7209,3,3.716633333333333,4.1499,3.0,11.149899999999999,1,1
7251,7,7.4951302857142865,16.5,1.0,52.465912,1,1
7270,15,5.415926,12.1,0.0149,81.23889,1,1
7258,57,4.160767105263158,11.1,0.09,237.163725,1,1
7260,7,5.140994,9.21,0.018,35.986958,1,1
7281,3,1.0146666666666668,2.49,0.054,3.0440000000000005,1,1
7265,10,3.5647930000000003,5.17,0.065,35.64793,1,1
7213,2,1.3250000000000002,1.6,1.05,2.6500000000000004,1,1
7259,8,2.3600625,4.788,0.1,18.8805,1,1
7216,5,4.73438,7.8919,1.0,23.6719,1,1
7249,1,0.349,0.349,0.349,0.349,1,1
7240,3,3.1733333333333333,4.0,1.7,9.52,1,1
7178,18,3.9852222222222218,7.08,0.041,71.734,1,1
7189,3,2.4803333333333333,4.0,0.041,7.441,1,1
7261,19,7.4658105263157895,27.27,0.125,141.8504,1,1
7256,2,2.6944,3.8888,1.5,5.3888,1,1
7230,8,1.915658375,4.0,0.81,15.325267,1,1
7237,5,2.562,3.11,1.0,12.809999999999999,1,1
7278,18,4.133701666666667,10.55,0.0109,74.40663,1,1
7244,28,8.671564285714286,19.69,1.25,242.8038,1,1
7188,11,7.860872909090909,14.7,0.041,86.469602,1,1
7208,8,5.882125,10.797,1.7,47.057,1,1
7211,37,4.979089054054054,14.77,1.69,184.226295,1,1
7212,58,7.982036206896551,33.15,1.64,462.9581,1,1
7269,2,13.65795,27.3,0.0159,27.3159,1,1
7203,9,1.549581111111111,3.26623,0.6,13.94623,1,1
7228,7,16.897142857142857,30.0,6.3,118.28,1,1
7219,13,9.588376692307692,17.15,0.98,124.648897,1,1
7279,1,0.0495,0.0495,0.0495,0.0495,1,1
7181,7,2.057,4.1,0.041,14.399,1,1
7248,10,8.1637992,12.0,1.8,81.637992,1,1
7194,17,7.331480058823529,15.9,0.001,124.635161,1,1
7215,14,6.607428571428571,10.328,1.0,92.50399999999999,1,1
7274,8,4.235425,9.9,0.0495,33.8834,1,1
7268,1,0.0139,0.0139,0.0139,0.0139,1,1
7196,9,4.488144444444444,12.47,0.05,40.393299999999996,1,1
7193,5,3.1277999999999997,5.85,0.05,15.639,1,1
7267,4,7.29885,11.4999,0.049,29.1954,1,1
7142,22,13.986463136363636,34.49,0.95,307.702189,1,1
7155,2,1.7674999999999998,3.3,0.235,3.5349999999999997,1,1
7126,55,8.365832727272727,40.0,0.4,460.1208,1,1
7168,7,0.7181428571428572,1.5,0.05,5.027,1,1
7128,1,50.0,50.0,50.0,50.0,1,1
7094,7,3.9613419999999997,10.689794,0.055,27.729394,1,1
7131,4,6.6875,15.75,2.0,26.75,1,1
7067,5,2.0117599999999998,2.35,1.14,10.0588,1,1
7095,3,1.135,2.85,0.055,3.4050000000000002,1,1
7082,3,0.288,0.5,0.175,0.864,1,1
7161,6,3.0015,3.95,0.059,18.009,1,1
7171,21,6.277228571428571,20.63,0.0121,131.8218,1,1
7120,4,1.6345,2.888,0.35,6.538,1,1
7113,23,13.55264047826087,23.299,0.3,311.710731,1,1
7148,19,4.952573684210527,6.12,0.3,94.0989,1,1
7119,6,6.683833333333333,14.44,0.5,40.103,1,1
7065,2,1.7495,3.45,0.049,3.499,1,1
7111,23,10.74817147826087,18.45,0.45,247.207944,1,1
7096,12,7.883741666666666,18.1569,0.025,94.6049,1,1
7068,2,1.69,1.88,1.5,3.38,1,1
7078,0,0.0,0.0,0.0,0.0,0,0
7069,0,0.0,0.0,0.0,0.0,0,0
7086,7,1.8737285714285714,5.4975,0.015,13.1161,1,1
7107,17,5.214376470588236,11.45,0.07,88.6444,1,1
7144,9,3.301833333333333,4.3015,0.245,29.7165,1,1
7092,5,2.8608000000000002,9.0,0.054,14.304,1,1
7163,7,5.2968714285714285,14.98,0.059,37.0781,1,1
7079,7,1.332,3.0,0.3,9.324,1,1
7123,20,7.43639475,22.0,0.3,148.727895,1,1
7101,26,5.084834192307692,11.499989,0.26,132.205689,1,1
7134,11,3.710672727272727,9.65,0.08,40.8174,1,1
7143,4,2.60375,4.65,0.845,10.415,1,1
7140,20,7.1135949499999995,17.79,0.165,142.271899,1,1
7169,2,0.064,0.09,0.038,0.128,1,1
7127,15,6.8038473999999995,32.0,0.3,102.057711,1,1
7149,13,5.120761538461538,15.69,1.49,66.5699,1,1
7130,4,7.5495,16.666,0.2,30.198,1,1
7084,22,4.425272272727273,10.08999,0.4,97.35599,1,1
7156,10,4.6601300000000005,10.4524,0.05,46.6013,1,1
7085,22,7.994451590909091,14.11,0.054,175.877935,1,1
7124,17,4.371764705882352,4.96,1.9,74.32,1,1
7061,11,8.979454454545454,24.25,0.159,98.773999,1,1
7129,36,5.146687611111111,11.157,0.099,185.280754,1,1
7062,1,0.155,0.155,0.155,0.155,1,1
7066,62,4.881756451612904,6.11,0.598,302.6689,1,1
7063,5,4.527800000000001,15.41,0.049,22.639000000000003,1,1
7070,11,9.079718181818182,23.3669,1.24,99.8769,1,1
7074,34,4.280258823529412,5.73,2.2,145.5288,1,1
7166,13,2.2467724615384617,5.1999,0.02,29.208042,1,1
7138,18,5.451940166666667,11.38,0.35,98.134923,1,1
7077,9,11.83999988888889,16.039999,2.45,106.559999,1,1
7147,1,0.475,0.475,0.475,0.475,1,1
7103,5,5.68012,25.1256,0.275,28.400599999999997,1,1
7152,4,5.29225,12.5,0.049,21.169,1,1
7167,10,1.1816900000000001,3.0,0.037,11.8169,1,1
7073,1,2.35,2.35,2.35,2.35,1,1
7137,14,9.90092857142857,18.09,1.15,138.613,1,1
7162,15,5.02806,17.6,0.059,75.4209,1,1
7110,7,5.467714285714286,11.057,0.4,38.274,1,1
7083,5,2.7695540000000003,5.15,0.5,13.84777,1,1
7151,15,9.246733333333333,21.5,0.029,138.701,1,1
7088,7,10.409285714285716,34.6,0.02,72.86500000000001,1,1
7102,5,4.03598,5.69,0.275,20.1799,1,1
7098,81,4.947361728395062,6.04,2.0,400.7363,1,1
7114,2,1.8900000000000001,3.33,0.45,3.7800000000000002,1,1
7154,4,3.9875,5.8,0.95,15.95,1,1
7159,7,1.7048571428571428,4.444,0.059,11.934,1,1
7157,3,1.9766666666666666,3.88,0.1,5.93,1,1
7133,23,9.766173913043477,22.69,0.1,224.62199999999999,1,1
7091,4,4.67625,14.5,0.054,18.705,1,1
7146,2,10.145,20.0,0.29,20.29,1,1
7158,39,7.557586000000001,20.769,0.089,294.745854,1,1
7105,15,9.8390112,22.148,0.1,147.585168,1,1
7109,3,3.783333333333333,7.1,1.5,11.35,1,1
7071,6,1.4915316666666667,2.8002,0.51,8.94919,1,1
7125,3,2.09,3.9,0.45,6.27,1,1
7106,23,3.6644939130434784,6.37,0.135,84.28336,1,1
7139,6,10.0809935,22.22,0.266,60.485960999999996,1,1
7160,20,5.5103389499999995,10.666,0.059,110.206779,1,1
7170,16,4.054105625,10.0,0.012,64.86569,1,1
7089,4,2.0,4.0,0.4,8.0,1,1
7141,6,1.5466666666666666,3.49,0.289,9.28,1,1
7075,3,2.546666666666667,2.99,1.9,7.640000000000001,1,1
7117,7,1.9399857142857144,3.5,0.33,13.5799,1,1
7104,6,1.5316666666666665,4.0,0.25,9.19,1,1
7108,12,3.252575,5.26,0.07,39.0309,1,1
7087,4,3.1730989999999997,4.282403,0.4,12.692395999999999,1,1
7153,1,0.31,0.31,0.31,0.31,1,1
7135,35,4.177371428571429,6.499,1.83,146.208,1,1
7090,10,7.7753198999999995,23.4,0.054,77.753199,1,1
7080,11,5.962090909090909,17.588,0.175,65.583,1,1
7064,6,2.04575,8.0,0.049,12.2745,1,1
7121,11,2.3447454545454547,4.0,0.4,25.7922,1,1
7081,4,2.2135,3.96,0.5,8.854,1,1
7112,9,8.957666666666666,29.99,0.399,80.619,1,1
7145,17,3.5786320588235294,4.66,0.011,60.836745,1,1
7122,2,0.9199999999999999,1.39,0.45,1.8399999999999999,1,1
7099,4,3.94125,13.0,0.275,15.765,1,1
7165,4,2.39945,6.0,0.059,9.5978,1,1
7118,21,8.50092280952381,18.68339,0.4,178.51937900000001,1,1
7093,10,2.56751,4.6,0.055,25.6751,1,1
7116,4,5.80597,8.13488,0.4,23.22388,1,1
7076,7,3.0207142857142855,3.955,1.09,21.145,1,1
7164,8,5.749249875,19.99,0.059,45.993999,1,1
7115,3,1.0166666666666666,2.3,0.25,3.05,1,1
7072,0,0.0,0.0,0.0,0.0,0,0
7097,10,1.5859,3.0,0.4,15.859,1,1
7100,6,1.0341666666666667,2.4,0.275,6.205,1,1
7150,7,1.212142857142857,2.979,0.039,8.485,1,1
7136,11,12.572272727272725,20.22,2.5,138.295,1,1
7132,36,7.930700277777778,21.2,0.09,285.50521000000003,1,1
7011,2,0.6625,1.25,0.075,1.325,1,1
6959,5,13.391300000000001,32.0,0.0575,66.9565,1,1
7010,3,1.3466666666666667,2.24,0.3,4.04,1,1
7053,3,0.23483333333333334,0.56,0.0545,0.7045,1,1
6996,21,6.175423761904762,13.05,0.0481,129.683899,1,1
6970,2,1.65,2.3,1.0,3.3,1,1
7001,5,2.75054,3.75,0.0487,13.7527,1,1
6998,5,3.7756600000000007,16.37,0.0483,18.878300000000003,1,1
7027,21,4.799620476190476,5.66,0.134,100.79203,1,1
7049,2,1.075,2.0,0.15,2.15,1,1
6968,4,1.62875,2.275,1.0,6.515,1,1
7000,7,1.6147142857142858,2.5,0.054,11.303,1,1
6985,8,6.566875,15.4,1.0,52.535,1,1
7040,13,9.529953846153846,23.19,0.338,123.8894,1,1
6972,37,4.041781054054054,4.94,0.42,149.545899,1,1
6969,2,1.0,1.0,1.0,2.0,1,1
7009,4,3.1953335000000003,8.75,0.051,12.781334000000001,1,1
7050,11,9.430909,28.7,0.035,103.739999,1,1
7030,20,5.686215,12.5,1.49,113.7243,1,1
6965,6,5.614999999999999,10.75,0.01,33.69,1,1
7059,9,3.3335555555555554,5.73,0.962,30.002,1,1
7054,8,4.985925,5.9,0.055,39.8874,1,1
7005,5,1.81178,2.8,0.0489,9.0589,1,1
7056,11,5.8944090909090905,10.12,0.0545,64.8385,1,1
6957,11,2.0605363636363636,3.65,0.0489,22.6659,1,1
7018,4,1.895,3.75,0.29,7.58,1,1
6997,54,6.041275925925926,40.0,0.015,326.2289,1,1
7031,6,2.9248333333333334,4.78,1.259,17.549,1,1
6976,3,1.3816666666666666,2.3,0.845,4.145,1,1
7037,7,2.3784428571428573,3.33,0.329,16.6491,1,1
7013,16,3.63842825,5.689,0.0439,58.214852,1,1
7034,25,8.334464279999999,17.975,1.88,208.361607,1,1
6963,6,3.9916623333333336,10.379974,0.01,23.949974,1,1
6978,5,2.6358,6.369,1.0,13.179,1,1
7015,21,6.737270476190476,15.42,0.0498,141.48268,1,1
6956,2,0.030449999999999998,0.0489,0.012,0.060899999999999996,1,1
7039,5,15.4435598,19.488,11.6,77.217799,1,1
6992,79,7.70162146835443,27.22,0.047,608.428096,1,1
6973,4,7.3422475,12.85999,1.0,29.36899,1,1
6962,11,1.7249545454545454,3.94,0.0575,18.9745,1,1
7022,24,6.078499999999999,18.598,0.12,145.884,1,1
7019,3,2.78,4.8,0.24,8.34,1,1
7020,23,6.633604869565217,21.69,0.23,152.572912,1,1
7032,5,2.5398,3.79,1.359,12.699,1,1
7035,11,3.1854545454545455,12.2,0.98,35.04,1,1
6999,8,3.6273375,7.0,0.0484,29.0187,1,1
7052,9,1.5550555555555556,3.0,0.049,13.9955,1,1
7060,8,1.42,2.48,0.6,11.36,1,1
6990,5,2.9272,5.99,0.053,14.636,1,1
7029,8,9.37256125,19.97999,0.99,74.98049,1,1
7017,1,0.0498,0.0498,0.0498,0.0498,1,1
6983,15,7.208513333333333,17.5879,1.0,108.1277,1,1
7045,4,10.84,13.0,9.96,43.36,1,1
6991,2,0.05145,0.0529,0.05,0.1029,1,1
6986,9,2.621111111111111,4.41,0.96,23.59,1,1
7006,34,6.719358205882353,22.8,0.0467,228.458179,1,1
7044,1,1.35,1.35,1.35,1.35,1,1
6994,2,0.5994499999999999,1.15,0.0489,1.1988999999999999,1,1
7003,5,6.5017,19.24,0.0485,32.5085,1,1
6975,17,4.545741176470589,6.2,1.0,77.2776,1,1
7043,19,10.418256894736842,23.29,0.439,197.946881,1,1
6989,5,1.4798,3.15,0.017,7.399,1,1
7026,6,3.5091666666666668,9.9,0.28,21.055,1,1
7046,12,1.57951675,3.0,0.589,18.954201,1,1
6981,5,4.26562,6.9,1.0,21.3281,1,1
7038,17,5.8165,9.15,0.489,98.8805,1,1
7004,45,5.231390866666667,10.94,0.0499,235.412589,1,1
7047,3,1.7933333333333332,1.99,1.5,5.38,1,1
6984,12,4.6582795,7.035,0.41,55.899354,1,1
6971,27,5.7126428888888885,10.278398,0.4,154.241358,1,1
7007,25,3.599228,4.98,0.0467,89.9807,1,1
6988,27,5.351431592592593,8.79,0.02,144.488653,1,1
6979,19,4.615257894736842,10.65,1.0,87.6899,1,1
6964,16,6.1588166875,27.6382,0.02,98.541067,1,1
7024,10,2.2878999999999996,4.329,0.16,22.878999999999998,1,1
6977,7,8.93093942857143,14.45,1.0,62.516576,1,1
7002,17,7.532138235294117,36.8,0.0464,128.04635,1,1
7057,7,3.941,5.859,0.88,27.587,1,1
7033,16,9.71250425,14.99,6.99,155.400068,1,1
6993,4,1.5156,2.92,0.0524,6.0624,1,1
7055,18,4.267838888888889,11.25,0.03,76.8211,1,1
7048,12,2.180616666666667,6.3195,0.05,26.1674,1,1
7023,22,5.911019181818181,11.98,0.12,130.042422,1,1
7021,11,9.49234709090909,15.9,0.44,104.415818,1,1
6955,6,2.9334298333333333,10.98,0.0489,17.600579,1,1
6961,2,0.13875,0.22,0.0575,0.2775,1,1
6966,4,1.86375,6.77,0.01,7.455,1,1
7008,22,6.073477272727273,11.93,1.73,133.6165,1,1
6987,24,5.212833333333333,10.88,0.725,125.108,1,1
7012,2,3.5249,7.0,0.0498,7.0498,1,1
7028,20,6.8376,23.33,0.379,136.752,1,1
7016,2,1.0249,2.0,0.0498,2.0498,1,1
6974,5,3.4798,5.199,1.0,17.399,1,1
7025,5,3.3560000000000003,5.55,0.14,16.78,1,1
6982,3,2.2733333333333334,3.83,1.0,6.82,1,1
6958,14,2.834278571428572,5.4,0.0489,39.6799,1,1
7014,1,0.0498,0.0498,0.0498,0.0498,1,1
7058,1,1.48,1.48,1.48,1.48,1,1
7042,1,1.69,1.69,1.69,1.69,1,1
7041,3,14.576266666666667,15.1288,14.0,43.7288,1,1
6995,11,6.938863636363636,27.0,0.0499,76.3275,1,1
7036,2,4.3694500000000005,4.4999,4.239,8.738900000000001,1,1
6967,2,0.10435,0.1987,0.01,0.2087,1,1
7051,7,0.5834428571428572,0.84,0.03,4.0841,1,1
6980,5,1.9581600000000001,2.85,1.0,9.7908,1,1
6960,9,5.508611111111112,19.29,0.0575,49.5775,1,1
6891,1,0.24,0.24,0.24,0.24,1,1
6945,15,8.695399333333334,33.33,0.15,130.43099,1,1
6928,8,6.669725,22.15,0.0489,53.3578,1,1
6944,12,6.850157416666668,14.188,0.045,82.20188900000001,1,1
6878,7,1.4220000000000002,2.82,0.015,9.954,1,1
6861,5,4.5628,11.497,0.25,22.814,1,1
6933,2,0.40245,0.75,0.0549,0.8049,1,1
6952,1,2.79,2.79,2.79,2.79,1,1
6914,21,5.243932857142857,10.299,0.0538,110.12259,1,1
6932,3,0.1346,0.25,0.0548,0.4038,1,1
6863,13,5.557251538461538,18.15,0.25,72.24427,1,1
6871,17,5.868403117647059,16.3999,0.1111,99.762853,1,1
6916,6,1.3386333333333333,2.9,0.0538,8.0318,1,1
6949,9,1.8689,3.2,0.33,16.8201,1,1
6872,1,25.0,25.0,25.0,25.0,1,1
6931,1,0.0489,0.0489,0.0489,0.0489,1,1
6876,6,1.7103000000000002,4.2,0.015,10.261800000000001,1,1
6918,4,0.88175,1.5,0.017,3.527,1,1
6939,4,2.2225,7.99,0.25,8.89,1,1
6953,5,1.36152,2.75,0.035,6.8076,1,1
6942,0,0.0,0.0,0.0,0.0,0,0
6904,20,4.6633317,10.6,0.095,93.266634,1,1
6890,10,8.7487804,27.8,0.5,87.487804,1,1
6950,5,11.9458,30.2,2.79,59.729,1,1
6947,3,2.1166666666666667,4.2,0.15,6.35,1,1
6941,1,2.4,2.4,2.4,2.4,1,1
6895,11,1.6788818181818181,3.69,0.037,18.4677,1,1
6884,10,8.4699889,11.199999,0.015,84.699889,1,1
6869,3,8681.166333333333,26000.0,9.899,26043.499,1,1
6925,21,5.930933333333333,19.9497,0.0394,124.5496,1,1
6874,15,7.8122593333333334,19.85,0.026,117.18389,1,1
6901,6,1.7816666666666665,3.49,0.15,10.69,1,1
6936,14,5.3173422142857145,17.89,0.048,74.442791,1,1
6898,18,4.186405555555556,6.6,0.07,75.3553,1,1
6857,5,1.8637397999999998,5.429999,0.2222,9.318698999999999,1,1
6866,25,5.052796,11.7486,0.2222,126.3199,1,1
6938,12,2.863356833333333,5.9,0.069,34.360282,1,1
6924,7,8.763557,20.495,0.0499,61.344899,1,1
6870,5,1.25422,2.65,0.1111,6.2711,1,1
6954,56,6.876739107142858,16.0,0.035,385.09739,1,1
6900,19,7.3583299473684205,15.89,0.22,139.808269,1,1
6888,6,1.4467046666666665,2.39,0.03,8.680228,1,1
6951,5,0.9928000000000001,1.885,0.309,4.964,1,1
6858,6,3.2144166666666667,15.0653,0.2222,19.2865,1,1
6910,12,5.0873333333333335,5.588,1.5,61.048,1,1
6935,10,6.1565098,17.9,0.069,61.565098,1,1
6915,7,3.475071428571429,20.0206,0.04,24.3255,1,1
6927,1,0.0499,0.0499,0.0499,0.0499,1,1
6877,7,13.275428571428572,21.5,0.03,92.928,1,1
6940,11,15.654154454545454,25.01,0.751,172.195699,1,1
6883,8,1.21645,3.5,0.015,9.7316,1,1
6917,5,1.8419600000000003,3.0,0.0498,9.209800000000001,1,1
6908,9,3.5664444444444445,6.07,0.095,32.098,1,1
6860,23,9.784326086956522,22.45,0.1111,225.0395,1,1
6889,8,2.5521,5.3668,0.03,20.4168,1,1
6894,5,2.7138,4.969,0.05,13.568999999999999,1,1
6920,5,0.52198,1.29,0.0399,2.6099,1,1
6937,80,4.67142625,6.37,0.048,373.7141,1,1
6903,4,2.51125,4.0,0.095,10.045,1,1
6854,1,9.5,9.5,9.5,9.5,1,1
6919,3,0.8616333333333334,2.23,0.0499,2.5849,1,1
6913,18,3.8620177777777775,5.52,0.19,69.51632,1,1
6865,7,1.3794285714285714,2.5,0.1111,9.656,1,1
6943,3,0.14333333333333334,0.21,0.03,0.43,1,1
6926,4,6.386225,20.0,0.0449,25.5449,1,1
6885,8,4.236625,9.0,0.013,33.893,1,1
6934,13,4.979311615384615,12.829951,0.05,64.731051,1,1
6864,9,8.488888888888889,24.99,0.25,76.4,1,1
6905,2,0.394,0.6,0.188,0.788,1,1
6948,9,1.5980555555555556,2.49,0.89,14.3825,1,1
6893,4,3.83725,7.8,0.049,15.349,1,1
6911,5,6.055999999999999,19.99,0.39,30.279999999999998,1,1
6921,14,3.3952714285714287,6.499,0.0199,47.5338,1,1
6906,11,1.7107272727272729,3.19,0.095,18.818,1,1
6879,5,0.961,3.5,0.015,4.805,1,1
6881,21,7.666261904761905,19.5,0.015,160.9915,1,1
6859,1,3.0,3.0,3.0,3.0,1,1
6912,13,6.222467230769231,12.95,0.29,80.89207400000001,1,1
6896,32,8.27252096875,20.438932,0.037,264.720671,1,1
6882,1,0.015,0.015,0.015,0.015,1,1
6902,7,1.6162428571428573,5.444,0.395,11.3137,1,1
6887,2,16.7914,33.5678,0.015,33.5828,1,1
6929,11,2.4121636363636365,4.99,0.0538,26.5338,1,1
6855,10,15.126067,33.11497,3.099,151.26067,1,1
6922,8,3.233060375,4.5,0.0549,25.864483,1,1
6856,5,1.03966,2.35,0.3333,5.1983,1,1
6875,4,2.843,4.9,0.022,11.372,1,1
6886,8,9.445,16.69,0.013,75.56,1,1
6862,24,4.786716666666667,7.08,0.1111,114.8812,1,1
6892,5,6.455800000000001,12.98,0.049,32.279,1,1
6880,5,1.22012,3.99,0.015,6.1006,1,1
6897,5,1.6262999999999999,2.69,0.155,8.131499999999999,1,1
6909,4,0.7125,1.5,0.2,2.85,1,1
6867,24,4.54298,5.92,0.1111,109.03152,1,1
6899,3,0.8333333333333334,1.8,0.2,2.5,1,1
6868,16,8.3083124375,24.13,0.25,132.932999,1,1
6907,8,1.7548625,4.5,0.095,14.0389,1,1
6946,4,3.1625,5.5,0.15,12.65,1,1
6873,4,243.75,400.0,150.0,975.0,1,1
6923,14,4.922385571428571,18.6935,0.0499,68.913398,1,1
6930,24,7.6815456666666675,21.5,0.0349,184.357096,1,1
6800,19,10.024309736842104,33.2663,0.015,190.461885,1,1
6833,4,1.6949999999999998,2.96,0.07,6.779999999999999,1,1
6777,22,4.644025409090909,9.989999,0.155,102.168559,1,1
6792,9,9.066422222222222,19.42,0.0428,81.5978,1,1
6829,3,0.5846666666666667,1.5,0.08,1.754,1,1
6852,4,6.05475,22.0,0.189,24.219,1,1
6764,5,3.075,6.155,0.48,15.375,1,1
6835,8,1.7708373750000002,4.111099,0.189,14.166699000000001,1,1
6816,42,8.137848190476191,21.28,0.0546,341.789624,1,1
6808,2,0.2774,0.5,0.0548,0.5548,1,1
6843,8,1.9902625,2.7,0.179,15.9221,1,1
6794,28,6.119242857142857,18.0,0.0428,171.3388,1,1
6765,7,1130.0485714285714,7900.0,0.17,7910.34,1,1
6840,27,6.512886703703703,23.79,0.154,175.847941,1,1
6769,18,7.102221666666667,21.35,0.04,127.83999,1,1
6850,9,3.3891887777777776,5.4098,0.169,30.502699,1,1
6774,10,3.138898,4.28498,0.13,31.38898,1,1
6789,2,1.49,2.0,0.98,2.98,1,1
6839,22,5.651126363636364,10.825,0.149,124.32478,1,1
6783,5,10.324000000000002,36.0,0.14,51.620000000000005,1,1
6826,3,3.033333333333333,3.1,3.0,9.1,1,1
6831,12,5.459749166666666,14.99,0.09,65.51698999999999,1,1
6787,3,0.915,1.95,0.045,2.745,1,1
6782,15,3.054686666666667,10.85,0.745,45.8203,1,1
6779,6,2.323166666666667,4.0,0.049,13.939,1,1
6796,20,3.7518445,6.6,0.0429,75.03689,1,1
6842,14,3.101859857142857,8.69,0.499,43.426038,1,1
6773,11,1.1449999999999998,2.75,0.04,12.594999999999999,1,1
6806,7,1.205842857142857,3.88,0.028,8.4409,1,1
6790,50,5.321325460000001,19.4968,0.039,266.066273,1,1
6801,11,3.0416636363636367,10.8543,0.069,33.4583,1,1
6799,39,5.5026917948717955,17.3,0.042,214.60498,1,1
6766,36,4.377632500000001,10.79,0.17,157.59477,1,1
6844,2,1.5394999999999999,2.8,0.279,3.0789999999999997,1,1
6775,5,3.176,5.48,0.14,15.88,1,1
6793,6,3.9974166666666666,8.9777,0.0368,23.9845,1,1
6824,7,1.2352857142857143,2.8,0.048,8.647,1,1
6841,4,1.562,3.1,0.449,6.248,1,1
6814,11,2.530509090909091,4.744,0.0546,27.8356,1,1
6786,6,8.095,22.0,0.2,48.57,1,1
6813,1,0.0546,0.0546,0.0546,0.0546,1,1
6802,13,8.743215384615384,20.0,0.45,113.6618,1,1
6830,11,8.055,27.55,0.192,88.605,1,1
6778,14,4.058521428571429,17.69,0.049,56.8193,1,1
6819,4,0.981325,1.9293,0.0547,3.9253,1,1
6776,4,6.799975,9.9999,0.95,27.1999,1,1
6836,24,3.8032874999999997,6.37,0.1499,91.2789,1,1
6834,3,13.663333333333332,30.0,0.99,40.989999999999995,1,1
6849,19,7.393963157894737,27.31,0.189,140.4853,1,1
6810,13,6.5296,12.0,0.0548,84.8848,1,1
6822,3,0.5705,0.89,0.0539,1.7115,1,1
6838,16,2.7917437499999997,4.39,0.159,44.667899999999996,1,1
6788,12,15.787249166666667,35.2,0.25,189.44699,1,1
6781,9,5.884438888888889,14.49995,1.32,52.95995,1,1
6846,13,5.5715063076923075,11.5,0.179,72.429582,1,1
6817,7,6.1321,11.7,0.0547,42.9247,1,1
6827,25,11.212658,32.379951,0.8385,280.31645,1,1
6791,44,4.748861136363637,6.05,0.0429,208.94989,1,1
6804,41,3.691260731707317,9.88,0.015,151.34169,1,1
6772,12,1.9158333333333333,3.98,0.04,22.99,1,1
6785,10,5.0263,7.76,1.15,50.263,1,1
6815,1,0.0548,0.0548,0.0548,0.0548,1,1
6851,20,4.3009,5.7,0.28,86.018,1,1
6848,1,0.289,0.289,0.289,0.289,1,1
6837,3,5.3229999999999995,9.69,0.379,15.969,1,1
6820,3,0.09486666666666667,0.2,0.03,0.2846,1,1
6818,21,8.692615714285713,28.2,0.0546,182.54493,1,1
6780,31,4.403083870967742,5.9296,0.22,136.4956,1,1
6767,6,2.4185499999999998,6.189,0.04,14.511299999999999,1,1
6825,22,13.373479090909091,32.87,0.16,294.21654,1,1
6768,7,9.678,24.216,0.17,67.74600000000001,1,1
6823,14,12.91347907142857,31.99,0.35,180.788707,1,1
6828,4,0.9299999999999999,1.289,0.38,3.7199999999999998,1,1
6798,4,0.5,1.52,0.05,2.0,1,1
6845,19,8.170667368421054,17.85,0.1649,155.24268,1,1
6803,7,1.8384142857142858,6.9,0.054,12.8689,1,1
6795,5,0.95638,1.689,0.014,4.7819,1,1
6797,4,3.504225,6.95,0.0369,14.0169,1,1
6847,6,5.4623,10.789,0.1649,32.7738,1,1
6784,24,6.128533333333333,20.92,0.2,147.0848,1,1
6771,4,0.9349999999999999,2.09,0.17,3.7399999999999998,1,1
6821,2,0.0369,0.0538,0.02,0.0738,1,1
6853,8,2.4121626249999997,5.7348,0.1489,19.297300999999997,1,1
6832,23,8.436124000000001,22.889,0.09,194.030852,1,1
6811,7,1.7625714285714285,3.3333,0.0547,12.338,1,1
6812,85,5.6598190705882345,22.39,0.0547,481.08462099999997,1,1
6805,7,3.549114285714286,19.0,0.025,24.8438,1,1
6809,12,12.615991666666666,17.97,0.0548,151.3919,1,1
6770,4,1.17875,4.0,0.04,4.715,1,1
6807,12,6.670573999999999,15.979999,0.0494,80.046888,1,1
6721,4,5.281,18.11,0.044,21.124,1,1
6729,2,2.2184500000000003,4.2069,0.23,4.4369000000000005,1,1
6719,11,1.4402727272727274,2.7,0.043,15.843,1,1
6728,4,1.065,1.65,0.23,4.26,1,1
6752,6,1.122,2.1,0.014,6.732,1,1
6725,2,0.259,0.475,0.043,0.518,1,1
6761,1,0.05,0.05,0.05,0.05,1,1
6661,4,1.965,3.49,0.55,7.86,1,1
6673,2,1.7575,3.5,0.015,3.515,1,1
6743,6,1.469,3.18,0.014,8.814,1,1
6756,7,11.536421428571428,24.5,0.035,80.75495,1,1
6687,4,3.04,8.9,0.36,12.16,1,1
6732,13,11.893383923076923,34.0,0.03,154.613991,1,1
6665,5,1.4479324,3.43,0.049,7.239662,1,1
6723,17,8.406218647058823,16.75,0.03,142.905717,1,1
6741,48,4.79990625,6.58,0.014,230.3955,1,1
6689,1,0.29,0.29,0.29,0.29,1,1
6706,4,2.4074999999999998,3.59,1.25,9.629999999999999,1,1
6736,6,2.8485246666666666,6.161148,0.013,17.091148,1,1
6684,6,1.3349666666666666,2.5,0.0498,8.0098,1,1
6750,8,3.58875,6.0,0.03,28.71,1,1
6677,15,4.451453333333333,9.99,0.0129,66.7718,1,1
6737,6,2.0113333333333334,4.65,0.018,12.068000000000001,1,1
6695,4,5.5875,13.25,0.4,22.35,1,1
6705,11,16.71819290909091,35.0,2.39,183.900122,1,1
6755,7,9.34442857142857,27.956,0.015,65.411,1,1
6697,19,5.531736842105263,11.24,0.8,105.103,1,1
6662,12,18.574825,31.0,0.33,222.8979,1,1
6709,18,7.861643166666667,14.68,0.049,141.509577,1,1
6698,1,0.29,0.29,0.29,0.29,1,1
6744,5,0.9827999999999999,2.5,0.014,4.914,1,1
6733,9,8.163554444444445,16.66,0.014,73.47199,1,1
6663,7,12.454141428571429,27.5,0.049,87.17899,1,1
6718,22,4.223380909090909,11.2,0.014,92.91438,1,1
6666,5,10.042978,32.3,0.0499,50.21489,1,1
6710,4,0.7935,2.34,0.049,3.174,1,1
6762,16,5.24625,10.71,2.0,83.94,1,1
6748,11,7.748618181818181,12.408,0.029,85.23479999999999,1,1
6671,3,0.6696666666666666,1.0,0.009,2.009,1,1
6716,2,0.03445,0.049,0.0199,0.0689,1,1
6745,7,3.5807857142857142,6.0,0.019,25.0655,1,1
6758,2,0.037500000000000006,0.05,0.025,0.07500000000000001,1,1
6683,20,4.00938995,5.949999,0.0169,80.187799,1,1
6720,7,2.7796857142857143,4.2588,0.249,19.4578,1,1
6715,3,10.849666666666666,30.0,0.049,32.549,1,1
6664,15,7.291986,28.3,0.349,109.37979,1,1
6708,3,1.5496666666666667,2.5,0.049,4.649,1,1
6704,6,6.204984,9.86,1.2,37.229904,1,1
6681,3,2.6133333333333333,4.49,0.35,7.84,1,1
6759,9,11.850632222222222,27.42069,0.04,106.65568999999999,1,1
6730,50,4.778542,40.0,0.2,238.9271,1,1
6703,5,1.8780000000000001,3.0,0.8,9.39,1,1
6746,4,1.5547499999999999,3.5,0.019,6.218999999999999,1,1
6679,35,5.367281085714286,10.41,0.06,187.854838,1,1
6686,5,1.26986,3.0,0.0149,6.3492999999999995,1,1
6717,13,9.361453769230769,20.554999,0.049,121.698899,1,1
6675,5,1.6578000000000004,4.5,0.009,8.289000000000001,1,1
6693,10,10.698310000000001,30.0,1.25,106.98310000000001,1,1
6667,3,0.44133333333333336,1.1,0.049,1.324,1,1
6688,7,8.921771428571429,27.4824,2.4,62.4524,1,1
6731,7,2.13,4.5,0.23,14.91,1,1
6711,6,1.4715,3.37,0.04,8.829,1,1
6742,6,2.0078333333333336,3.967,0.04,12.047,1,1
6740,30,5.924883333333333,11.42,0.015,177.7465,1,1
6735,7,2.307822857142857,3.9,0.014,16.15476,1,1
6680,80,4.394245124999999,5.89,0.01,351.53961,1,1
6726,5,1.33398,2.5,0.04,6.6699,1,1
6676,3,3.905,5.9,0.015,11.715,1,1
6685,11,6.172263545454545,26.75,0.0499,67.894899,1,1
6692,12,9.017416666666668,20.0,0.75,108.209,1,1
6751,6,9.804166666666667,21.43,0.027,58.825,1,1
6696,11,7.2382361818181815,11.65,1.4,79.620598,1,1
6713,22,7.367924272727273,22.469,0.049,162.094334,1,1
6724,41,5.020491487804878,18.4,0.043,205.840151,1,1
6669,9,2.8236666666666665,4.18,0.009,25.413,1,1
6754,41,6.029329268292683,19.5,0.0145,247.2025,1,1
6668,21,3.5977405238095237,4.88,0.015,75.552551,1,1
6722,13,9.182307692307692,15.899,0.044,119.37,1,1
6707,6,0.8846666666666666,1.479,0.045,5.308,1,1
6700,1,5.3,5.3,5.3,5.3,1,1
6747,13,2.4557586923076924,4.369603,0.015,31.924863,1,1
6757,9,4.239988888888889,19.02,0.05,38.1599,1,1
6738,17,3.352523529411765,5.9387,0.017,56.9929,1,1
6734,4,1.8645,4.2,0.019,7.458,1,1
6712,4,3.4522500000000003,6.0,0.049,13.809000000000001,1,1
6674,26,6.2475654615384615,10.94,0.009,162.436702,1,1
6694,13,1.8121538461538462,2.99,0.589,23.558,1,1
6727,6,5.093333333333334,19.68,0.23,30.560000000000002,1,1
6699,4,2.2975,3.2,1.8,9.19,1,1
6691,7,3.172857142857143,4.2,1.1,22.21,1,1
6714,3,0.13633333333333333,0.35,0.01,0.409,1,1
6763,20,4.215895000000001,22.5,0.03,84.31790000000001,1,1
6670,4,2.366375,4.2069,0.009,9.4655,1,1
6701,15,3.8258886666666663,8.76,0.98,57.388329999999996,1,1
6702,6,2.32095,4.0,0.9758,13.925699999999999,1,1
6739,55,7.779604436363636,13.8,0.015,427.878244,1,1
6682,2,1.6499,3.25,0.0498,3.2998,1,1
6678,4,0.40225,1.3,0.029,1.609,1,1
6749,19,5.43492052631579,18.969,0.015,103.26349,1,1
6690,3,2.983333333333333,5.5,0.95,8.95,1,1
6672,5,1.9378,4.63,0.009,9.689,1,1
6753,7,0.8335714285714285,2.2,0.015,5.835,1,1
6760,4,1.425,2.5,0.05,5.7,1,1
6580,4,11.225,38.0,0.1,44.9,1,1
6593,10,4.96784,11.99,0.05,49.678399999999996,1,1
6573,1,3.49,3.49,3.49,3.49,1,1
6561,23,5.263847826086956,16.8,1.89,121.0685,1,1
6622,5,6.201600000000001,12.198,0.5,31.008000000000003,1,1
6581,11,3.113818181818182,5.25,0.05,34.252,1,1
6641,17,9.848963529411764,24.1,0.38,167.43238,1,1
6553,13,10.004992307692307,25.99,0.048,130.0649,1,1
6585,24,8.08822375,24.0,0.05,194.11737,1,1
6558,5,11.794661399999999,19.99,1.4,58.973307,1,1
6566,48,5.519308124999999,20.12,0.0432,264.92679,1,1
6609,10,11.5034899,19.395,0.0169,115.034899,1,1
6556,37,6.704472702702703,17.04999,2.1,248.06549,1,1
6559,7,4.966428571428572,7.59,2.79,34.765,1,1
6565,8,8.003675,19.5,0.058,64.0294,1,1
6611,16,4.66580625,11.82,0.0169,74.6529,1,1
6653,8,4.7783875,10.911,0.49,38.2271,1,1
6634,19,9.216863105263158,26.75,0.0459,175.120399,1,1
6597,2,0.265,0.5,0.03,0.53,1,1
6612,21,6.183552047619047,10.592,0.0169,129.854593,1,1
6614,5,1.0841999999999998,2.5,0.03,5.420999999999999,1,1
6658,21,9.726754761904763,21.84,0.319,204.26185,1,1
6550,10,3.3855184,6.459,0.011,33.855184,1,1
6582,3,1.5466666666666669,3.99,0.05,4.640000000000001,1,1
6613,6,2.51165,10.599,0.0169,15.0699,1,1
6552,9,2.0037777777777777,7.0,0.046,18.034,1,1
6647,27,4.611846296296297,7.76,0.38,124.51985,1,1
6619,7,1.6564285714285716,3.195,0.05,11.595,1,1
6651,2,9.59,9.68,9.5,19.18,1,1
6594,5,0.966,2.7,0.05,4.83,1,1
6555,2,2.0,2.5,1.5,4.0,1,1
6659,3,0.843,1.9,0.31,2.529,1,1
6615,7,9.335142857142857,35.0,0.139,65.346,1,1
6564,3,2.9263333333333335,5.5,1.299,8.779,1,1
6608,2,5.995,11.49,0.5,11.99,1,1
6636,7,1.2782714285714287,2.7,0.042,8.9479,1,1
6610,20,7.288785,12.9988,0.03,145.7757,1,1
6628,34,3.4466205,5.53,0.18,117.185097,1,1
6603,6,0.5485,1.5,0.085,3.291,1,1
6590,3,0.35000000000000003,0.6,0.05,1.05,1,1
6604,7,9.106571428571428,26.69,0.5,63.745999999999995,1,1
6586,14,3.182142857142857,4.95,0.05,44.55,1,1
6562,6,8.581666666666667,11.99,3.6,51.49,1,1
6616,8,5.4071125,7.08,0.0169,43.2569,1,1
6571,2,1.995,2.16,1.83,3.99,1,1
6630,1,6.0,6.0,6.0,6.0,1,1
6605,2,2.8,5.0,0.6,5.6,1,1
6575,12,4.012300000000001,5.58,0.015,48.147600000000004,1,1
6656,8,2.765,6.3,0.32,22.12,1,1
6560,8,1.890625,2.59,1.3,15.125,1,1
6617,4,0.8619749999999999,1.3699,0.0169,3.4478999999999997,1,1
6635,20,6.63849,12.8,0.0459,132.7698,1,1
6640,39,6.164797435897436,14.79,0.0459,240.4271,1,1
6627,4,16.0,24.0,0.8,64.0,1,1
6584,9,9.052377555555555,27.549998,0.05,81.471398,1,1
6652,5,1.95305,2.549,0.94,9.76525,1,1
6621,9,3.5209888888888887,9.69,0.15,31.6889,1,1
6591,2,2.525,5.0,0.05,5.05,1,1
6649,9,3.1968166666666664,6.5,0.0499,28.771349999999998,1,1
6631,14,2.7154792857142853,5.22,0.014,38.016709999999996,1,1
6572,27,8.12829625925926,18.2,0.0432,219.463999,1,1
6642,4,11.542075,31.6583,0.51,46.1683,1,1
6569,4,3.642,9.5,0.058,14.568,1,1
6623,8,1.8286250000000002,2.749,0.18,14.629000000000001,1,1
6629,11,5.5936272727272724,11.88,0.1399,61.5299,1,1
6648,15,5.025798666666666,10.75,0.399,75.38698,1,1
6625,3,0.21233333333333335,0.32,0.15,0.637,1,1
6632,4,1.7037250000000002,4.469,0.0459,6.814900000000001,1,1
6574,3,4.923,6.969,3.0,14.769,1,1
6639,48,3.785136479166667,5.2,0.0459,181.686551,1,1
6592,29,3.945610344827586,5.67,0.05,114.42269999999999,1,1
6551,9,4.049666666666667,9.93,0.048,36.447,1,1
6655,10,1.6213000000000002,3.424,0.319,16.213,1,1
6554,14,3.9211428571428573,4.82,0.057,54.896,1,1
6624,5,1.2187999999999999,3.5,0.15,6.093999999999999,1,1
6654,7,6.446071428571429,15.725,0.74,45.1225,1,1
6567,3,17.416666666666668,36.5,1.25,52.25,1,1
6570,4,34.475,62.0,6.4,137.9,1,1
6589,10,1.6480000000000001,3.3,0.05,16.48,1,1
6576,4,1.11225,3.999,0.025,4.449,1,1
6601,0,0.0,0.0,0.0,0.0,0,0
6620,6,2.337,5.42,0.05,14.022,1,1
6595,7,9.467142857142857,15.23,0.03,66.27,1,1
6568,1,13.0,13.0,13.0,13.0,1,1
6596,2,0.23950000000000002,0.4,0.079,0.47900000000000004,1,1
6643,2,1.505,2.5,0.51,3.01,1,1
6645,19,3.397478947368421,5.069,0.2,64.5521,1,1
6583,9,4.721109777777778,10.479988,0.05,42.489988000000004,1,1
6650,10,5.901379,16.71,0.15,59.01379,1,1
6577,39,6.661879487179488,16.5,0.015,259.8133,1,1
6657,5,13.04498,19.4689,3.97,65.2249,1,1
6599,1,3.0,3.0,3.0,3.0,1,1
6637,3,0.35863333333333336,1.0,0.03,1.0759,1,1
6600,5,2.302,5.24,0.18,11.51,1,1
6660,2,3.95,5.0,2.9,7.9,1,1
6557,3,2.13,2.8,1.4,6.39,1,1
6588,1,0.05,0.05,0.05,0.05,1,1
6578,3,1.324,3.3,0.015,3.972,1,1
6607,13,8.955907692307692,20.038,0.1,116.4268,1,1
6606,3,1.29,1.99,0.4,3.87,1,1
6618,36,7.973387555555555,20.247443,0.0169,287.041952,1,1
6598,34,10.61751455882353,31.0,0.15,360.995495,1,1
6646,5,1.2182,3.55,0.2,6.090999999999999,1,1
6579,1,0.3,0.3,0.3,0.3,1,1
6587,4,1.9925000000000002,3.87,0.05,7.970000000000001,1,1
6638,30,3.616573333333333,4.889,0.0459,108.49719999999999,1,1
6633,8,4.3771112500000005,11.407,0.044,35.016890000000004,1,1
6644,12,9.011374166666668,12.05,0.2,108.13649000000001,1,1
6602,0,0.0,0.0,0.0,0.0,0,0
6563,24,6.477585833333333,18.15,0.058,155.46206,1,1
6626,12,6.949139166666666,10.26,0.17,83.38967,1,1
6520,11,2.861372727272727,4.868,0.18,31.4751,1,1
6535,3,0.975,1.875,0.06,2.925,1,1
6510,4,2.102975,3.76,0.0119,8.4119,1,1
6514,6,1.3005,3.369,0.049,7.803,1,1
6527,15,3.77256,5.16,0.0385,56.5884,1,1
6533,3,0.6528333333333333,1.2,0.0385,1.9585,1,1
6506,6,1.2175666666666667,2.65,0.04,7.305400000000001,1,1
6485,7,1.3298571428571428,3.25,0.035,9.309,1,1
6526,6,2.15475,4.0,0.0385,12.9285,1,1
6470,5,1.3999,3.96,0.0495,6.999499999999999,1,1
6491,2,0.58,1.15,0.01,1.16,1,1
6486,2,0.25,0.46,0.04,0.5,1,1
6469,19,11.284823736842105,33.3,0.045,214.411651,1,1
6476,4,0.64125,1.22,0.02,2.565,1,1
6467,10,13.555340000000001,25.39,0.07,135.5534,1,1
6538,36,6.092436944444445,18.15,0.06,219.32773,1,1
6471,7,1.7027142857142858,2.496,0.015,11.919,1,1
6500,1,2.2,2.2,2.2,2.2,1,1
6515,8,2.191,4.0,0.049,17.528,1,1
6508,17,5.410529411764706,11.49,0.0129,91.979,1,1
6542,37,4.625811486486486,6.0398,0.06,171.155025,1,1
6502,9,9.840222222222222,15.2,1.39,88.562,1,1
6466,8,12.1047125,26.92,0.035,96.8377,1,1
6524,3,4.2316666666666665,7.5,0.195,12.695,1,1
6498,21,8.924937952380953,23.56,0.0378,187.423697,1,1
6522,4,1.41475,3.4,0.039,5.659,1,1
6475,13,2.868306923076923,4.62,0.15,37.28799,1,1
6480,5,18.268,30.0,0.35,91.34,1,1
6499,11,1.4248,3.05,0.0378,15.6728,1,1
6511,27,11.078272370370371,31.0,0.014,299.113354,1,1
6461,65,4.044871076923077,6.78,0.03,262.91662,1,1
6501,11,7.274283636363637,12.206,1.4999,80.01712,1,1
6530,30,9.0580422,22.39,0.0385,271.741266,1,1
6543,6,4.921666666666667,22.2,0.1,29.53,1,1
6529,15,3.9698866666666666,6.1498,0.0385,59.5483,1,1
6512,5,3.819,6.969,0.016,19.095,1,1
6487,6,1.6429833333333332,2.69,0.065,9.857899999999999,1,1
6548,26,6.049303846153847,26.93,0.075,157.2819,1,1
6497,10,5.18223,21.1055,0.0378,51.8223,1,1
6496,11,2.970527272727273,5.499,0.0378,32.6758,1,1
6544,15,8.009446666666667,11.275,0.15,120.1417,1,1
6468,4,10.8125,23.0,0.5,43.25,1,1
6478,3,2.0833333333333335,3.4,0.5,6.25,1,1
6482,8,3.71125,8.0,0.49,29.69,1,1
6484,33,7.153530757575757,16.058,0.04,236.06651499999998,1,1
6473,2,0.295,0.49,0.1,0.59,1,1
6518,4,3.4684749999999998,4.3739,2.5,13.873899999999999,1,1
6546,5,2.84,7.0,0.05,14.2,1,1
6462,2,1.085,2.0,0.17,2.17,1,1
6483,10,1.30534,2.74,0.35,13.0534,1,1
6505,14,1.8241642857142857,4.199,0.015,25.5383,1,1
6479,54,5.647316666666667,40.0,0.04,304.9551,1,1
6531,5,2.0818,3.38,0.039,10.408999999999999,1,1
6532,11,3.0852,5.8987,0.0385,33.9372,1,1
6477,3,0.18666666666666668,0.29,0.07,0.56,1,1
6519,3,4.416666666666667,9.0,0.5,13.25,1,1
6521,14,1.8233285714285714,3.199,0.0355,25.5266,1,1
6528,7,1.1644494285714286,2.98,0.0385,8.151146,1,1
6464,7,1.7924092857142857,4.5,0.125,12.546865,1,1
6534,6,11.864166666666668,31.76,0.15,71.185,1,1
6490,3,0.1839333333333333,0.3,0.0368,0.5518,1,1
6507,18,9.973145944444445,20.769,0.05,179.516627,1,1
6460,7,3.68,16.92,0.3,25.76,1,1
6459,1,0.3,0.3,0.3,0.3,1,1
6513,6,1.3175000000000001,2.85,0.125,7.905,1,1
6481,6,1.18,1.93,0.035,7.08,1,1
6523,4,1.726,6.055,0.039,6.904,1,1
6549,9,2.1966666666666668,3.87,0.29,19.77,1,1
6537,23,5.933129521739131,21.87,0.06,136.461979,1,1
6458,5,12.606,27.0,0.2,63.03,1,1
6536,7,4.1935714285714285,9.98,0.0385,29.355,1,1
6472,6,26.5227,38.0,17.444,159.1362,1,1
6541,1,0.0385,0.0385,0.0385,0.0385,1,1
6540,5,3.8952,15.426,0.06,19.476,1,1
6516,11,9.940090909090909,22.15,0.99,109.341,1,1
6547,15,8.4023086,18.68,0.55,126.034629,1,1
6474,6,1.1033333333333333,1.9,0.02,6.619999999999999,1,1
6545,6,3.0241000000000002,6.2947,0.07,18.1446,1,1
6465,49,5.75083387755102,10.92,0.03,281.79086,1,1
6494,13,4.79983076923077,7.77,0.0378,62.397800000000004,1,1
6489,4,0.72375,1.35,0.045,2.895,1,1
6463,6,3.010333333333333,11.0,0.05,18.061999999999998,1,1
6493,6,1.4535333333333333,3.4999,0.0378,8.7212,1,1
6539,15,12.813066666666666,23.65,0.06,192.196,1,1
6509,8,3.364875,6.95,0.049,26.919,1,1
6488,11,6.104454545454545,19.99,0.69,67.149,1,1
6517,3,2.1963,3.6999,0.969,6.5889,1,1
6504,5,1.7091999999999998,3.3,0.016,8.546,1,1
6492,6,1.4471333333333334,2.9,0.0378,8.6828,1,1
6503,14,3.6830965,6.25,0.85,51.563351,1,1
6525,16,4.50844375,6.2,0.039,72.1351,1,1
6495,8,1.250975,2.8,0.0378,10.0078,1,1
6452,10,4.7677898,12.19,0.0489,47.677898,1,1
6446,19,7.442834263157894,17.999,0.039,141.413851,1,1
6361,7,7.677999999999999,17.4,2.1,53.745999999999995,1,1
6354,10,11.165429,29.57,0.38,111.65429,1,1
6386,3,1.6283333333333332,2.605,0.99,4.885,1,1
6434,1,0.145,0.145,0.145,0.145,1,1
6399,14,7.640635714285714,21.249,0.06,106.96889999999999,1,1
6373,9,10.69,35.0,0.2,96.21,1,1
6359,10,12.142999999999999,26.1,4.2,121.42999999999999,1,1
6440,15,10.928873333333334,25.92,0.035,163.9331,1,1
6346,9,2.120566666666667,5.25,0.0517,19.0851,1,1
6384,0,0.0,0.0,0.0,0.0,0,0
6456,17,7.592,15.79,0.05,129.064,1,1
6430,16,4.8688499375,9.45,0.049,77.901599,1,1
6391,4,3.529,11.6,0.016,14.116,1,1
6387,2,2.0115,3.69,0.333,4.023,1,1
6397,9,2.764998888888889,4.45,0.035,24.884990000000002,1,1
6427,9,2.020992222222222,4.15993,0.049,18.18893,1,1
6348,10,16.8616937,31.5,0.052,168.616937,1,1
6451,4,2.8875,5.0,0.85,11.55,1,1
6375,2,2500.625,5000.0,1.25,5001.25,1,1
6455,2,1.37,2.22,0.52,2.74,1,1
6426,7,3.9384285714285716,10.8,0.049,27.569000000000003,1,1
6357,13,3.8533992307692304,5.09799,1.5,50.09419,1,1
6349,6,3.1336666666666666,6.75,0.052,18.802,1,1
6383,20,15.3907995,35.49999,2.899,307.81599,1,1
6444,18,4.798672222222222,10.4888,0.049,86.3761,1,1
6379,2,6.0995,11.2,0.999,12.199,1,1
6428,6,1.4915,2.9,0.049,8.949,1,1
6381,4,4.4975000000000005,11.0,1.5,17.990000000000002,1,1
6410,6,0.9427500000000001,2.5,0.0175,5.6565,1,1
6449,2,1.45,2.5,0.4,2.9,1,1
6442,9,7.387888888888889,15.5,0.7,66.491,1,1
6363,4,1.2567249999999999,2.4,0.05,5.0268999999999995,1,1
6362,9,8.005133333333333,31.95,0.4,72.0462,1,1
6431,7,3.014,5.8,0.049,21.098,1,1
6416,9,4.300333333333334,5.8291,0.0439,38.703,1,1
6402,4,1.8447500000000001,3.249,0.1,7.3790000000000004,1,1
6374,9,17.49433077777778,32.979,0.7,157.448977,1,1
6371,8,4.335625,11.087,0.3,34.685,1,1
6380,3,4.713333333333334,5.48,3.55,14.14,1,1
6450,4,1.6195,1.99,1.0,6.478,1,1
6392,4,4.4725,6.1,2.0,17.89,1,1
6420,3,0.87,1.5,0.055,2.61,1,1
6406,12,8.079491666666668,20.8999,0.014,96.9539,1,1
6367,3,1.3499999999999999,3.9,0.05,4.05,1,1
6378,1,4.11,4.11,4.11,4.11,1,1
6411,1,0.024,0.024,0.024,0.024,1,1
6457,4,0.5624750000000001,2.0,0.0499,2.2499000000000002,1,1
6409,19,4.290342105263157,14.85,0.0275,81.5165,1,1
6412,4,2.0532500000000002,4.888,0.025,8.213000000000001,1,1
6441,15,7.843514,21.299,0.035,117.65271,1,1
6400,4,1.751,3.66,0.055,7.004,1,1
6376,11,3.4816090909090907,5.2362,0.7,38.2977,1,1
6439,33,4.254749090909091,10.5,0.035,140.40672,1,1
6389,27,11.055654777777777,24.59,1.35,298.502679,1,1
6355,3,0.5876666666666667,0.887,0.2,1.763,1,1
6403,3,1.2616333333333334,3.5,0.0949,3.7849,1,1
6369,45,5.096316666666667,9.19766,0.05,229.33425,1,1
6437,12,2.551334,9.16,0.541008,30.616008,1,1
6394,2,2.3,2.8,1.8,4.6,1,1
6366,2,0.77,1.49,0.05,1.54,1,1
6372,5,5.11956,8.5,0.288,25.5978,1,1
6453,9,6.463226333333334,11.09,0.052,58.169037,1,1
6429,10,5.082189,15.29999,0.049,50.821889999999996,1,1
6368,6,2.9766666666666666,5.75,0.02,17.86,1,1
6360,6,2.981666666666667,4.0,1.7,17.89,1,1
6398,5,10.041044600000001,21.5,0.0485,50.205223000000004,1,1
6351,5,2.2558,3.5,0.33,11.279,1,1
6353,8,14.3199875,24.24,0.14,114.5599,1,1
6445,4,5.5375,10.0,0.95,22.15,1,1
6393,15,6.202859933333333,15.25,1.0,93.042899,1,1
6364,26,9.279957653846154,26.99,0.05,241.278899,1,1
6425,15,7.450199333333333,11.7,0.049,111.75299,1,1
6443,3,1.845,3.35,0.185,5.535,1,1
6435,1,3.0,3.0,3.0,3.0,1,1
6417,5,1.19678,2.96,0.0439,5.9839,1,1
6408,10,7.42475,14.69,0.0675,74.2475,1,1
6405,6,0.9682333333333334,2.3276,0.0525,5.8094,1,1
6438,6,1.4483166666666667,2.7499,0.47,8.6899,1,1
6365,15,9.120143333333335,19.9,0.05,136.80215,1,1
6415,12,3.3220766666666663,5.32,0.0497,39.86492,1,1
6407,4,1.051625,2.25,0.0175,4.2065,1,1
6347,10,6.7793662,20.72,0.037,67.793662,1,1
6404,3,3.9759999999999995,8.69,0.089,11.927999999999999,1,1
6385,6,2.0098333333333334,3.7,0.65,12.059000000000001,1,1
6350,13,9.397076153846154,36.33,0.052,122.16199,1,1
6423,8,9.422125,19.99,0.055,75.377,1,1
6395,14,1.7838857142857143,3.1,0.59,24.9744,1,1
6377,2,1.8695,2.94,0.799,3.739,1,1
6454,15,3.3406599999999997,5.7,0.052,50.109899999999996,1,1
6433,4,8.382249999999999,19.99,0.049,33.528999999999996,1,1
6414,8,9.1762125,12.25,0.0497,73.4097,1,1
6390,12,9.3130825,16.199,3.0,111.75699,1,1
6358,25,10.5040712,16.4,0.25,262.60178,1,1
6396,4,2.0355,3.444,0.048,8.142,1,1
6413,4,2.5854,5.3,0.0516,10.3416,1,1
6401,4,0.500975,1.469,0.0949,2.0039,1,1
6436,4,2.7435,6.6,0.125,10.974,1,1
6422,24,12.31515675,30.99,0.055,295.563762,1,1
6424,9,4.666555555555556,16.1,0.049,41.999,1,1
6447,5,2.9548,4.04,0.045,14.774000000000001,1,1
6418,2,1.64695,3.25,0.0439,3.2939,1,1
6448,9,5.234222222222223,10.9,0.68,47.108000000000004,1,1
6388,4,6.2375,13.5,1.95,24.95,1,1
6370,7,4.212930285714285,11.7,0.15,29.490512,1,1
6432,8,6.272375,15.75,0.049,50.179,1,1
6419,3,1.048,2.89,0.055,3.144,1,1
6352,4,2.4947,3.39,1.2088,9.9788,1,1
6421,3,0.5816666666666667,1.5,0.055,1.745,1,1
6356,1,0.14,0.14,0.14,0.14,1,1
6382,1,0.81,0.81,0.81,0.81,1,1
6291,7,5.976857142857143,10.33,0.498,41.838,1,1
6322,6,1.930316666666667,3.39,0.022,11.581900000000001,1,1
6344,5,2.33,8.4,0.17,11.65,1,1
6345,10,7.5286,17.83,0.24,75.286,1,1
6287,8,1.08075,3.2,0.025,8.646,1,1
6329,9,3.104444444444445,6.57,0.14,27.94,1,1
6310,11,11.784818181818183,36.5,0.03,129.633,1,1
6242,3,0.7000000000000001,1.3,0.25,2.1,1,1
6311,4,0.8799999999999999,1.69,0.05,3.5199999999999996,1,1
6250,9,3.1575555555555557,11.31,0.25,28.418,1,1
6327,4,1.2425,1.99,0.18,4.97,1,1
6298,6,0.8861666666666667,2.235,0.017,5.317,1,1
6257,8,5.43828775,11.88,0.25,43.506302,1,1
6305,40,6.298120925,15.183,0.0548,251.924837,1,1
6336,7,1.475319,2.46,0.18,10.327233,1,1
6278,5,1.0694000000000001,2.89,0.017,5.347,1,1
6339,4,0.2,0.4,0.12,0.8,1,1
6337,16,5.789125,18.849,0.14,92.626,1,1
6279,13,9.748874076923077,27.4,0.01,126.73536299999999,1,1
6323,19,7.828314684210526,16.685,1.69,148.737979,1,1
6256,3,6.260000000000001,15.65,0.25,18.78,1,1
6235,17,5.139885294117647,7.08,0.1222,87.37805,1,1
6264,7,9.527571428571429,15.15,0.055,66.693,1,1
6294,23,5.528408260869566,19.29,0.0499,127.15339,1,1
6273,27,7.709160925925926,13.37,0.0175,208.147345,1,1
6306,9,11.361877777777778,27.6,0.02,102.2569,1,1
6309,1,0.5,0.5,0.5,0.5,1,1
6335,5,1.8539999999999999,3.5,0.33,9.27,1,1
6283,5,5.8778,16.99,0.049,29.389,1,1
6312,7,7.052714285714286,17.05,0.039,49.369,1,1
6236,7,9.629999999999999,27.23,0.4,67.41,1,1
6295,33,5.801825939393939,11.98799,0.0394,191.460256,1,1
6341,5,0.9259999999999999,2.5,0.26,4.63,1,1
6241,2,0.4,0.55,0.25,0.8,1,1
6237,17,7.769881470588236,11.7,2.39,132.087985,1,1
6262,9,3.615522222222222,7.21,0.1999,32.539699999999996,1,1
6276,77,5.592873623376623,14.94,0.05,430.651269,1,1
6282,14,6.69497,16.599,0.01,93.72958,1,1
6253,41,5.072625121951219,15.23,0.25,207.97763,1,1
6284,8,9.2111125,19.5,0.049,73.6889,1,1
6275,3,2.236666666666667,3.5,0.01,6.71,1,1
6302,8,8.009703,14.59,0.017,64.077624,1,1
6261,28,9.796637178571428,26.69,0.7499,274.305841,1,1
6299,10,4.8192,17.989,0.025,48.192,1,1
6246,30,4.409986666666667,5.8291,0.55,132.2996,1,1
6340,4,1.4725000000000001,2.5,0.39,5.890000000000001,1,1
6297,7,3.2258142857142857,13.94,0.027,22.5807,1,1
6308,8,6.303742625,20.02,0.05,50.429941,1,1
6252,4,1.945,2.94,0.25,7.78,1,1
6244,9,3.2365555555555554,6.7,0.55,29.128999999999998,1,1
6286,3,0.08266666666666667,0.15,0.047,0.248,1,1
6320,42,8.64488476190476,19.75,0.38,363.08516,1,1
6319,19,9.991963157894737,18.25,0.022,189.84730000000002,1,1
6263,8,4.773375,10.4,0.777,38.187,1,1
6303,16,5.8483580625,20.0,0.02,93.573729,1,1
6245,3,1.83,2.95,0.55,5.49,1,1
6326,4,0.97824425,1.562977,0.26,3.912977,1,1
6248,19,6.228336736842105,23.999,0.25,118.338398,1,1
6265,19,6.893302947368421,10.31,0.047,130.972756,1,1
6304,11,2.333290909090909,5.5474,0.0489,25.6662,1,1
6271,7,1.5742045714285715,3.4,0.079,11.019432,1,1
6318,3,1.3293333333333335,3.7,0.019,3.9880000000000004,1,1
6289,5,2.78498,6.4269,0.35,13.924900000000001,1,1
6280,5,4.843999999999999,13.5,0.08,24.22,1,1
6300,4,5.8374500000000005,15.0,0.0498,23.349800000000002,1,1
6247,3,0.75,1.5,0.2,2.25,1,1
6259,6,1.2189833333333333,4.99,0.069,7.3139,1,1
6267,3,0.8183333333333334,2.2,0.055,2.455,1,1
6249,7,2.1577142857142855,2.8,0.25,15.104,1,1
6328,2,2.19,4.0,0.38,4.38,1,1
6268,6,1.4783333333333335,2.49,0.04,8.870000000000001,1,1
6316,24,3.7808875,6.6833,0.014,90.7413,1,1
6313,5,10.987,19.94,0.035,54.935,1,1
6285,4,2.70725,6.29,0.049,10.829,1,1
6333,8,3.1462375000000002,6.9,0.09,25.169900000000002,1,1
6301,13,4.2333,10.994,0.0489,55.0329,1,1
6314,55,4.892417418181819,18.75,0.049,269.082958,1,1
6277,12,8.516793333333334,17.7889,0.02,102.20152,1,1
6238,19,3.106526315789474,6.91,0.55,59.024,1,1
6270,4,1.488725,2.94,0.015,5.9549,1,1
6315,8,1.989875,10.5,0.03,15.919,1,1
6296,4,3.3225,9.9,0.19,13.29,1,1
6293,4,6.2125,11.19,0.17,24.85,1,1
6274,5,1.1899799999999998,1.98,0.0499,5.9498999999999995,1,1
6332,23,4.341118695652174,5.35,0.27,99.84573,1,1
6331,1,0.22,0.22,0.22,0.22,1,1
6338,4,4.515000000000001,6.9,0.16,18.060000000000002,1,1
6272,1,2.1,2.1,2.1,2.1,1,1
6266,23,6.002086260869566,10.93,0.98,138.047984,1,1
6240,28,11.604347535714286,27.69,0.55,324.921731,1,1
6251,4,1.13,2.0,0.25,4.52,1,1
6321,13,4.92076923076923,18.209,0.024,63.97,1,1
6292,2,1.459,2.42,0.498,2.918,1,1
6281,10,2.1390000000000002,3.97,0.055,21.39,1,1
6330,7,5.087142857142857,11.1,0.09,35.61,1,1
6258,5,1.6979599999999997,4.25,0.4999,8.489799999999999,1,1
6317,5,0.7144199999999999,1.7999,0.011,3.5721,1,1
6324,13,7.267569076923077,10.278398,0.5,94.478398,1,1
6288,6,2.1163333333333334,6.6,0.3,12.698,1,1
6255,7,9.103985714285715,18.45,0.25,63.7279,1,1
6334,23,8.038564391304348,22.3,0.11,184.886981,1,1
6254,10,4.766325,19.99,0.25,47.66325,1,1
6325,8,1.8569125,2.74,1.4,14.8553,1,1
6343,6,13.015,27.4,0.15,78.09,1,1
6307,11,6.534081727272727,14.64,0.0549,71.874899,1,1
6290,5,0.7054,1.01,0.3,3.527,1,1
6243,1,0.55,0.55,0.55,0.55,1,1
6239,7,8.185,11.85,0.55,57.295,1,1
6342,5,1.466,2.5,0.18,7.33,1,1
6269,1,0.01,0.01,0.01,0.01,1,1
6260,25,8.05507404,15.13,0.369,201.376851,1,1
6187,3,0.88,2.0,0.24,2.64,1,1
6156,17,9.81679411764706,25.369,0.03,166.8855,1,1
6160,24,2.9382083333333333,4.3,0.058,70.517,1,1
6186,3,10.7601,30.0503,0.48,32.2803,1,1
6205,2,0.62275,1.2,0.0455,1.2455,1,1
6190,10,4.37206,21.42,0.03,43.720600000000005,1,1
6189,10,8.51601,15.11,0.033,85.1601,1,1
6131,7,4.4752285714285716,8.9447,0.2669,31.3266,1,1
6211,13,2.819380846153846,4.599951,0.014,36.651951,1,1
6232,5,5.90998,23.8069,0.02,29.5499,1,1
6183,11,1.5654454545454544,3.7,0.0499,17.2199,1,1
6225,4,5.286,15.0,0.014,21.144,1,1
6216,3,1.6349999999999998,2.49,0.014,4.904999999999999,1,1
6145,3,2.345833333333333,5.79,0.0475,7.0375,1,1
6203,19,5.488157894736842,7.08,0.735,104.275,1,1
6181,14,6.768142785714285,16.09,0.049,94.753999,1,1
6128,3,2.315,3.78,0.015,6.945,1,1
6174,9,5.4932,12.5,0.049,49.4388,1,1
6196,9,4.996453333333333,14.5201,0.049,44.96808,1,1
6202,6,6.663166666666666,10.2,0.049,39.979,1,1
6171,3,7.416296666666667,11.10989,0.049,22.24889,1,1
6140,10,4.8165,7.08,0.015,48.165,1,1
6188,7,1.2524285714285714,2.55,0.029,8.767,1,1
6219,3,1.221,2.5,0.014,3.6630000000000003,1,1
6167,7,1.2617714285714285,2.5,0.03,8.8324,1,1
6146,20,8.212354999999999,16.37,0.054,164.2471,1,1
6137,1,0.2669,0.2669,0.2669,0.2669,1,1
6151,4,1.666125,5.13,0.0545,6.6645,1,1
6153,11,1.8628181818181817,3.49,0.026,20.491,1,1
6213,2,0.17200000000000001,0.33,0.014,0.34400000000000003,1,1
6215,9,13.914777777777779,23.74,0.014,125.233,1,1
6154,10,4.7174,13.79,0.044,47.174,1,1
6126,8,8.338625,20.525,0.015,66.709,1,1
6141,21,5.379666666666667,11.41,0.055,112.973,1,1
6179,4,1.89975,4.0,0.049,7.599,1,1
6139,8,4.114235,10.79998,0.055,32.91388,1,1
6158,9,3.090533333333333,17.91,0.054,27.814799999999998,1,1
6233,5,1.494,2.55,0.02,7.47,1,1
6197,21,7.575290476190476,18.38,0.0041,159.0811,1,1
6201,4,1.6022500000000002,4.0,0.049,6.409000000000001,1,1
6214,4,0.9758249999999999,1.9199,0.014,3.9032999999999998,1,1
6162,6,13.573133333333333,52.0,0.0488,81.4388,1,1
6192,6,1.1765346666666667,2.5,0.01,7.059208,1,1
6124,2,0.375,0.7,0.05,0.75,1,1
6217,11,2.692172727272727,4.3599,0.014,29.6139,1,1
6169,35,8.929342028571428,30.1508,0.049,312.526971,1,1
6170,5,12.4158,27.65,0.049,62.079,1,1
6218,1,4.99,4.99,4.99,4.99,1,1
6184,1,0.1,0.1,0.1,0.1,1,1
6177,3,6.082999999999999,16.2,0.049,18.249,1,1
6136,13,3.0513,4.31,0.1,39.6669,1,1
6182,3,0.16966666666666663,0.3,0.049,0.5089999999999999,1,1
6132,10,3.05168,4.44,0.2669,30.5168,1,1
6231,6,4.1865,19.99,0.08,25.119,1,1
6226,4,1.3086,3.29,0.014,5.2344,1,1
6222,2,0.027,0.04,0.014,0.054,1,1
6204,3,0.10763333333333334,0.189,0.0489,0.3229,1,1
6210,3,0.9380000000000001,1.5,0.014,2.814,1,1
6185,3,4.873333333333334,8.0,0.12,14.620000000000001,1,1
6227,6,1.4956666666666667,2.75,0.014,8.974,1,1
6228,4,6.32,12.0,2.5,25.28,1,1
6220,10,1.3678000000000001,3.58,0.014,13.678,1,1
6168,16,3.9772375,15.15,0.049,63.6358,1,1
6195,7,8.26447142857143,14.9,0.049,57.8513,1,1
6165,6,1.0948166666666668,2.9,0.0489,6.5689,1,1
6200,6,13.74665,29.5,0.0499,82.4799,1,1
6199,7,3.2498571428571426,6.15,0.049,22.749,1,1
6127,11,4.480636363636363,14.599,0.015,49.287,1,1
6223,3,0.8213333333333334,1.4,0.014,2.464,1,1
6133,7,2.3245328571428567,9.8765,0.2669,16.271729999999998,1,1
6161,33,4.629062666666667,10.8699,0.058,152.759068,1,1
6163,23,3.534760869565217,4.93,0.053,81.2995,1,1
6159,15,3.9983,7.5,0.0545,59.9745,1,1
6172,4,0.9472499999999999,2.5,0.049,3.7889999999999997,1,1
6173,12,1.2347416666666666,3.42,0.015,14.8169,1,1
6234,3,0.1997,0.328,0.015,0.5991,1,1
6224,8,18.456873625,29.999999,0.014,147.654989,1,1
6134,5,0.51138,1.2,0.25,2.5568999999999997,1,1
6135,3,0.33630000000000004,0.5,0.242,1.0089000000000001,1,1
6164,39,4.229223230769231,5.89,0.0489,164.939706,1,1
6143,10,1.8739899999999998,4.0,0.055,18.7399,1,1
6175,7,1.1040137142857143,3.0,0.049,7.728096,1,1
6148,10,6.7667755,16.58,0.0188,67.667755,1,1
6180,5,1.8218,4.0,0.049,9.109,1,1
6166,5,1.3357800000000002,2.84,0.0489,6.6789000000000005,1,1
6198,3,3.9663333333333335,9.3,0.049,11.899000000000001,1,1
6193,22,4.361977272727273,16.55,0.049,95.96350000000001,1,1
6207,4,3.1879,5.3166,0.275,12.7516,1,1
6142,73,4.851394520547945,9.61,0.03,354.1518,1,1
6221,1,0.014,0.014,0.014,0.014,1,1
6150,9,1.746311111111111,2.95,0.058,15.7168,1,1
6229,24,4.120887375,5.8794,0.08,98.901297,1,1
6206,2,3.24,4.58,1.9,6.48,1,1
6130,5,1.7293800000000001,2.4,0.2669,8.6469,1,1
6155,23,7.826894,21.4,0.019,180.018562,1,1
6144,2,0.20299999999999999,0.35,0.056,0.40599999999999997,1,1
6176,17,6.414508235294117,18.0,0.049,109.04664,1,1
6149,19,5.8253157894736844,11.57,0.029,110.681,1,1
6147,6,2.4377999999999997,3.5,0.058,14.6268,1,1
6209,18,3.447722222222222,6.145,0.014,62.059,1,1
6191,2,0.07500000000000001,0.14,0.01,0.15000000000000002,1,1
6212,5,3.0054000000000003,7.333,0.014,15.027000000000001,1,1
6157,21,3.828664285714286,10.687,0.052,80.40195,1,1
6178,11,6.669809636363637,12.5,0.049,73.367906,1,1
6152,8,1.750625,4.07,0.055,14.005,1,1
6208,18,12.036327,33.0,0.0489,216.653886,1,1
6125,15,2.508526666666667,9.13,0.01,37.627900000000004,1,1
6230,14,6.099234857142856,10.86,0.08,85.389288,1,1
6138,68,7.8462123970588245,32.0,0.05,533.542443,1,1
6129,1,0.025,0.025,0.025,0.025,1,1
6194,7,3.1027142857142858,11.0,0.049,21.719,1,1
6099,23,4.57745652173913,11.54,0.01,105.2815,1,1
6106,3,0.2683333333333333,0.7,0.05,0.8049999999999999,1,1
6042,10,6.7189,11.6,0.045,67.189,1,1
6054,26,3.764173115384615,4.5998,0.019,97.868501,1,1
6050,25,4.473732,13.9799,0.045,111.8433,1,1
6081,10,6.06382,18.07,0.05,60.6382,1,1
6048,31,11.928059129032258,24.8,0.027,369.769833,1,1
6037,4,6.213625,19.8,0.0195,24.8545,1,1
6052,19,5.862563157894737,18.88,0.011,111.3887,1,1
6046,15,9.252,20.0,0.045,138.78,1,1
6057,6,13.587000000000002,27.6,0.022,81.522,1,1
6082,7,6.264485714285714,10.69,2.0,43.8514,1,1
6064,4,10.0725,19.0,2.15,40.29,1,1
6038,34,6.628232764705882,15.26,0.025,225.359914,1,1
6034,3,0.16,0.34,0.06,0.48000000000000004,1,1
6091,6,5.237633333333334,7.87,0.0358,31.425800000000002,1,1
6074,12,8.376583333333333,20.6,0.73,100.51899999999999,1,1
6118,2,7.215,12.69,1.74,14.43,1,1
6101,5,1.17188,2.0,0.0494,5.8594,1,1
6103,3,10.683300000000001,25.0,0.0499,32.0499,1,1
6094,16,6.4811375,15.5,0.0499,103.6982,1,1
6076,4,2.854225,3.22,2.49,11.4169,1,1
6078,7,3.1128428571428572,6.07,0.25,21.7899,1,1
6084,5,4.769,15.9,0.015,23.845,1,1
6089,34,5.390698705882353,18.5,0.0399,183.283756,1,1
6111,3,7.843333333333334,12.1,0.03,23.53,1,1
6056,10,4.9089,13.31,0.014,49.089,1,1
6033,5,1.2650000000000001,2.5,0.045,6.325,1,1
6110,8,5.65925,16.89,0.06,45.274,1,1
6109,1,0.042,0.042,0.042,0.042,1,1
6092,13,5.238530769230769,11.107,0.0349,68.1009,1,1
6115,9,12.712217333333335,40.0,3.253756,114.40995600000001,1,1
6055,2,1.5235,2.99,0.057,3.047,1,1
6077,6,2.65,4.39,0.01,15.899999999999999,1,1
6051,5,1.1668600000000002,2.2,0.045,5.834300000000001,1,1
6045,19,3.7173082105263155,4.63,0.045,70.628856,1,1
6053,4,0.855975,2.5,0.027,3.4239,1,1
6080,4,4.545,5.99,4.0,18.18,1,1
6096,3,0.19596666666666665,0.288,0.0499,0.5879,1,1
6067,1,3.0,3.0,3.0,3.0,1,1
6040,5,8.110800000000001,22.49,0.045,40.554,1,1
6035,2,0.9674999999999999,1.89,0.045,1.9349999999999998,1,1
6121,1,0.0489,0.0489,0.0489,0.0489,1,1
6070,15,5.264491333333334,12.7,1.1,78.96737,1,1
6105,4,3.8512,15.0,0.0548,15.4048,1,1
6069,5,5.958,11.0,2.0,29.79,1,1
6060,3,6.733333333333334,15.8,0.4,20.200000000000003,1,1
6043,4,0.9535,3.3,0.045,3.814,1,1
6086,8,5.32575,7.15,0.029,42.606,1,1
6036,8,1.6998625,4.75,0.03,13.5989,1,1
6047,2,1.757,3.469,0.045,3.514,1,1
6093,24,3.3269207916666663,4.65,0.019,79.846099,1,1
6039,2,0.76,1.475,0.045,1.52,1,1
6087,15,4.718657533333333,10.65,0.019,70.779863,1,1
6068,5,2.5300000000000002,3.3,1.15,12.65,1,1
6119,19,8.341994526315789,19.875,0.285,158.497896,1,1
6095,10,4.02599,9.83,0.0499,40.2599,1,1
6116,4,3.3325,6.0,0.08,13.33,1,1
6049,3,0.7513333333333333,1.299,0.045,2.254,1,1
6088,19,11.617394736842106,20.69,0.019,220.7305,1,1
6114,35,5.774117685714286,16.85,0.08,202.094119,1,1
6107,9,1.3790555555555555,2.6,0.0546,12.4115,1,1
6065,25,9.34627908,16.749999,2.39,233.656977,1,1
6113,5,8.1,14.5,2.0,40.5,1,1
6071,8,2.3782375,5.25,0.25,19.0259,1,1
6059,1,2.49,2.49,2.49,2.49,1,1
6098,7,2.0719714285714286,3.87,0.0489,14.5038,1,1
6112,1,0.02,0.02,0.02,0.02,1,1
6120,2,9.295,17.5,1.09,18.59,1,1
6108,3,1.3183333333333334,3.4,0.055,3.955,1,1
6090,4,2.4509499999999997,6.39,0.0438,9.803799999999999,1,1
6058,36,4.458830555555555,14.69,0.73,160.5179,1,1
6063,4,3.5975,6.26,0.32,14.39,1,1
6122,4,4.159725,6.7,0.0489,16.6389,1,1
6085,2,3.025,6.0,0.05,6.05,1,1
6083,13,3.106104769230769,11.1999,0.015,40.379362,1,1
6102,4,7.33195,26.9899,0.0499,29.3278,1,1
6117,7,2.306142857142857,4.4,0.175,16.143,1,1
6072,4,2.2335,2.88,1.664,8.934,1,1
6041,26,3.6703726538461536,10.888889,0.0165,95.429689,1,1
6100,14,7.803519214285714,14.2,0.0499,109.249269,1,1
6097,10,10.03588,18.28,0.0499,100.3588,1,1
6073,2,8.495000000000001,11.99,5.0,16.990000000000002,1,1
6066,4,2.11,2.99,1.15,8.44,1,1
6104,26,4.8716923076923075,6.75,0.049,126.664,1,1
6062,4,10.46,20.21,1.35,41.84,1,1
6079,11,7.214727272727273,16.0,0.333,79.362,1,1
6044,2,0.5575,1.07,0.045,1.115,1,1
6061,26,6.862150538461538,16.0,1.35,178.415914,1,1
6075,3,3.9233333333333333,7.1,2.17,11.77,1,1
6123,8,1.8212375,2.8,0.1999,14.5699,1,1
5973,1,0.52,0.52,0.52,0.52,1,1
6026,3,7.015666666666665,10.95,0.017,21.046999999999997,1,1
5988,25,5.8281519600000005,14.73,0.0529,145.703799,1,1
6000,27,3.8273333333333333,4.65,0.044,103.338,1,1
6025,8,10.280750000000001,34.24,0.076,82.24600000000001,1,1
6016,12,6.337075,15.15,0.048,76.0449,1,1
6032,12,7.615558333333333,26.69,0.04,91.3867,1,1
5972,7,7.724414285714286,19.44,0.52,54.0709,1,1
5981,3,0.64518,0.8349,0.498,1.93554,1,1
5994,3,2.4325,6.49,0.0575,7.2975,1,1
5989,7,1.1597000000000002,2.439,0.0529,8.1179,1,1
5984,3,1.415,2.1,0.47,4.245,1,1
5955,1,2.6,2.6,2.6,2.6,1,1
6003,6,0.8215833333333333,2.8,0.049,4.9295,1,1
5990,3,5.855,17.42,0.045,17.565,1,1
5953,4,10.996175000000001,21.555,2.6,43.984700000000004,1,1
5978,12,5.9394,15.3,0.035,71.2728,1,1
5974,24,5.1196279166666665,9.19,0.52,122.87107,1,1
5962,11,9.409818181818183,20.76,1.463,103.50800000000001,1,1
6004,7,0.9927142857142857,2.08,0.049,6.949,1,1
6015,5,11.3485,18.0,0.0525,56.7425,1,1
5970,9,2.761111111111111,5.39,0.4,24.849999999999998,1,1
6021,7,9.728285714285715,19.69,0.048,68.098,1,1
5968,9,12.027675555555554,34.0,0.52,108.24907999999999,1,1
6027,8,1.6058999999999999,4.0,0.015,12.847199999999999,1,1
6029,2,0.5275,1.0,0.055,1.055,1,1
6006,3,0.9999666666666666,2.449,0.0509,2.9999,1,1
6014,9,0.8392345555555555,1.35,0.015,7.5531109999999995,1,1
5949,1,3.75,3.75,3.75,3.75,1,1
5985,5,3.09146,5.0673,0.22,15.4573,1,1
5961,1,4.5,4.5,4.5,4.5,1,1
6012,5,5.318,11.19,0.59,26.59,1,1
5998,5,1.8488,5.85,0.045,9.244,1,1
5979,3,2.2626666666666666,3.29,0.498,6.788,1,1
5952,17,6.7739617647058825,12.08,0.99,115.15735000000001,1,1
5975,21,5.548032857142857,10.87999,0.52,116.50869,1,1
5993,5,0.9228,2.569,0.045,4.614,1,1
6024,22,6.569449681818182,23.98,0.02,144.527893,1,1
6031,1,0.025,0.025,0.025,0.025,1,1
5959,6,3.2399,12.37,0.85,19.4394,1,1
5996,46,9.703616239130435,35.0,0.059,446.366347,1,1
6001,2,0.21295,0.379,0.0469,0.4259,1,1
5958,8,7.1311625,19.39,2.5,57.0493,1,1
6020,4,2.482,4.69,0.048,9.928,1,1
5948,2,1.76,1.97,1.55,3.52,1,1
5950,2,3.09,3.58,2.6,6.18,1,1
6009,2,0.051000000000000004,0.052,0.05,0.10200000000000001,1,1
5976,4,0.755,1.22,0.08,3.02,1,1
5960,12,10.074499166666667,22.65,1.9551,120.89399,1,1
6030,14,3.949992857142857,5.85,0.2,55.2999,1,1
6010,65,4.838805384615385,9.98,0.012,314.52235,1,1
5945,52,6.502185865384616,33.15,2.55,338.113665,1,1
5982,13,4.89239876923077,14.61,0.0549,63.601184,1,1
5967,2,2.76,5.0,0.52,5.52,1,1
6002,2,0.19045,0.333,0.0479,0.3809,1,1
5946,10,2.8293544,4.25,0.83,28.293544,1,1
5983,4,1.76825,4.45,0.498,7.073,1,1
5977,25,12.5792604,32.35,0.498,314.48151,1,1
6017,20,2.62388495,8.5,0.015,52.477699,1,1
6013,4,0.9716,1.35,0.45,3.8864,1,1
5966,9,4.8305444444444445,16.069,0.018,43.4749,1,1
5999,2,0.038,0.056,0.02,0.076,1,1
5954,7,2.7551428571428573,3.28,1.276,19.286,1,1
6022,15,2.6073367333333333,5.4271,0.021,39.110051,1,1
5995,2,2.0225,4.0,0.045,4.045,1,1
6023,2,0.32375,0.6,0.0475,0.6475,1,1
5947,13,7.060073076923077,11.888,1.34,91.78095,1,1
5956,1,2.5,2.5,2.5,2.5,1,1
5986,39,4.7947435897435895,10.02,0.025,186.995,1,1
5965,7,44.86714285714286,150.0,0.1,314.07,1,1
5987,17,6.508017529411765,12.07,0.045,110.636298,1,1
5944,12,4.095833333333333,4.65,2.5,49.15,1,1
5963,13,7.723026307692308,16.34,0.575,100.399342,1,1
5997,10,6.85616,18.5,0.0526,68.5616,1,1
5969,5,1.14576,3.0,0.0498,5.7288,1,1
5957,18,8.866888888888889,25.64,2.29,159.604,1,1
5992,2,0.1265,0.2,0.053,0.253,1,1
5980,2,2.749,5.0,0.498,5.498,1,1
6018,24,5.527454166666666,16.25,0.018,132.6589,1,1
6007,5,2.90218,8.5,0.0519,14.5109,1,1
6008,16,2.6348125,4.61,0.02,42.157,1,1
5951,11,10.093009,18.06,2.1036,111.023099,1,1
5991,25,5.72921476,11.61,0.053,143.230369,1,1
6005,10,8.99282,24.6969,0.0333,89.9282,1,1
6019,3,0.8225000000000001,2.2,0.0475,2.4675000000000002,1,1
5964,31,4.736915806451613,11.22,0.0488,146.84439,1,1
6011,7,1.9825714285714287,8.38,0.399,13.878,1,1
5971,3,12.173333333333332,30.0,0.52,36.519999999999996,1,1
6028,21,12.321530714285714,23.314295,0.018,258.752145,1,1
5907,9,7.259233333333333,16.79,0.048,65.3331,1,1
5881,2,1.602,3.165,0.039,3.204,1,1
5917,5,2.3786,4.95,0.068,11.893,1,1
5851,5,1.035,2.4,0.12,5.175,1,1
5896,1,0.49,0.49,0.49,0.49,1,1
5906,9,3.0083333333333333,5.67,0.048,27.075,1,1
5888,12,6.8303,17.722,0.98,81.9636,1,1
5942,24,7.121697916666666,15.0177,0.0444,170.92075,1,1
5836,10,3.15679,9.98,0.18,31.5679,1,1
5861,6,1.0288916666666668,2.6,0.051,6.17335,1,1
5913,3,1.51,3.65,0.28,4.53,1,1
5878,1,0.22,0.22,0.22,0.22,1,1
5941,14,10.1656,14.93,0.045,142.3184,1,1
5933,54,5.282139759259259,15.819951,0.14,285.235547,1,1
5922,9,1.4220777777777778,3.95,0.0398,12.7987,1,1
5934,6,8.298166666666667,36.0,0.039,49.789,1,1
5885,4,6.9625,17.5,3.05,27.85,1,1
5867,4,0.723725,1.35,0.195,2.8949,1,1
5868,18,5.496318333333333,20.8,0.039,98.93373,1,1
5935,32,6.36569596875,15.95,0.039,203.702271,1,1
5916,17,3.589135294117647,15.69,0.04,61.015299999999996,1,1
5920,5,6.615959999999999,20.0,0.0398,33.0798,1,1
5871,6,2.419006833333333,4.09,0.039,14.514040999999999,1,1
5852,16,2.656125,4.24,0.11,42.498,1,1
5845,8,10.002125,19.93,0.44,80.017,1,1
5864,20,7.4942945000000005,17.67,0.019,149.88589000000002,1,1
5874,13,8.643614538461538,14.25,0.039,112.36698899999999,1,1
5884,8,3.4337375,10.745,0.0749,27.4699,1,1
5909,11,10.586079999999999,15.25,0.148,116.44688,1,1
5844,2,2.04,3.99,0.09,4.08,1,1
5882,23,6.13879552173913,11.88,0.039,141.192297,1,1
5879,15,2.7158314,5.549,0.5,40.737471,1,1
5857,5,1.4503448,3.38,0.017,7.251724,1,1
5891,2,0.4995,0.9,0.099,0.999,1,1
5926,6,1.3808,4.0,0.35,8.2848,1,1
5892,5,2.1550000000000002,3.48,1.036,10.775,1,1
5937,2,0.76,1.07,0.45,1.52,1,1
5910,14,7.446507142857143,26.989,0.04,104.25110000000001,1,1
5918,8,2.85787625,4.3989,0.0398,22.86301,1,1
5931,10,5.23534,19.0445,0.14,52.3534,1,1
5883,13,5.515160153846153,13.113182,0.0169,71.697082,1,1
5936,23,7.295249739130434,17.11,0.049,167.790744,1,1
5838,8,7.2225,26.0,0.19,57.78,1,1
5901,5,8.6937508,21.45,0.1989,43.468754,1,1
5904,10,2.0482,4.44,0.049,20.482,1,1
5902,5,2.8446122,7.0352,0.059,14.223061,1,1
5894,7,13.398014285714286,22.29,1.25,93.7861,1,1
5900,18,3.1720055555555557,4.369,0.498,57.0961,1,1
5834,5,7.601999999999999,17.69,0.14,38.01,1,1
5887,5,5.850199999999999,10.746,1.395,29.250999999999998,1,1
5858,7,1.9999247142857144,3.172473,0.017,13.999473,1,1
5939,12,7.419991666666667,19.0,0.0299,89.0399,1,1
5866,29,6.098017241379311,35.25,0.039,176.8425,1,1
5843,4,0.33475,0.85,0.11,1.339,1,1
5842,2,1.655,2.99,0.32,3.31,1,1
5895,2,2.95,3.95,1.95,5.9,1,1
5850,13,5.038614615384616,10.05,0.09,65.50199,1,1
5923,6,3.6958333333333333,15.0,0.025,22.175,1,1
5860,3,1.4696666666666667,2.38,0.029,4.409,1,1
5930,27,5.817284185185185,18.075,0.14,157.066673,1,1
5921,7,1.4849999999999999,2.69,0.025,10.395,1,1
5890,2,2.84,3.49,2.19,5.68,1,1
5899,12,7.948170916666666,11.98,0.349,95.378051,1,1
5876,12,3.1991666666666667,5.89,0.025,38.39,1,1
5940,4,0.7436,2.2,0.0444,2.9744,1,1
5846,13,4.420746153846154,5.98,0.09,57.4697,1,1
5903,26,4.303748076923077,6.15,0.099,111.89745,1,1
5870,6,4.4965,7.0,0.039,26.979,1,1
5893,12,4.2555829166666665,7.76,0.799,51.066995,1,1
5898,28,6.974350392857143,20.15,0.895,195.281811,1,1
5837,9,12.162408333333333,33.78,0.37,109.461675,1,1
5943,27,10.471674074074075,19.775,1.666,282.7352,1,1
5925,16,3.3436916875000002,4.96,0.14,53.499067000000004,1,1
5856,45,3.656631111111111,5.5,0.017,164.5484,1,1
5927,9,8.473444444444445,20.0,0.35,76.261,1,1
5919,35,4.320288571428572,6.1307,0.0398,151.2101,1,1
5835,2,2.005,3.77,0.24,4.01,1,1
5915,7,2.6025714285714288,4.62,0.048,18.218,1,1
5863,3,8.746666666666666,25.0,0.25,26.24,1,1
5840,10,5.6137250000000005,11.24,0.21,56.13725,1,1
5853,28,4.534021285714286,6.459,0.38,126.952596,1,1
5839,2,1.54,2.8,0.28,3.08,1,1
5886,11,9.408790909090909,19.8799,0.149,103.4967,1,1
5841,6,1.235,2.39,0.33,7.41,1,1
5911,4,0.880611,1.499444,0.048,3.522444,1,1
5928,23,5.73495047826087,25.6,0.14,131.903861,1,1
5862,4,0.16824999999999998,0.475,0.015,0.6729999999999999,1,1
5865,4,1.90725,5.0,0.039,7.629,1,1
5859,14,8.337499928571429,11.69,0.019,116.724999,1,1
5908,14,2.5367928571428573,5.2663,0.0498,35.515100000000004,1,1
5873,3,6.656333333333333,9.944,0.125,19.969,1,1
5938,19,8.96531052631579,19.44,0.0489,170.3409,1,1
5872,16,11.350615625,32.9,0.06,181.60985,1,1
5880,9,3.4175444444444443,4.42,0.039,30.7579,1,1
5855,14,11.102864285714286,23.0,0.05,155.4401,1,1
5877,12,8.043916666666666,26.65,0.19,96.527,1,1
5849,51,6.481360137254902,26.91,0.134,330.549367,1,1
5932,5,2.6558900000000003,4.20945,0.35,13.27945,1,1
5905,4,4.555,5.98,3.25,18.22,1,1
5914,1,0.042,0.042,0.042,0.042,1,1
5912,7,6.2318428571428575,11.65,0.048,43.6229,1,1
5889,3,2.8996666666666666,3.2,2.499,8.699,1,1
5847,9,8.321419555555556,14.4,0.14,74.892776,1,1
5924,8,1.4651375,3.553,0.15,11.7211,1,1
5897,5,2.9058,4.2,0.149,14.529,1,1
5869,11,7.199263545454546,19.05,0.023,79.191899,1,1
5854,5,3.7893999999999997,11.37,0.017,18.947,1,1
5848,6,4.206666666666667,7.0,0.55,25.240000000000002,1,1
5875,18,5.867943888888889,11.52,0.19,105.62299,1,1
5929,7,2.067252857142857,5.25,0.14,14.47077,1,1
5804,29,6.894096413793104,14.95,0.0429,199.928796,1,1
5764,1,2.5,2.5,2.5,2.5,1,1
5769,12,6.241666666666667,10.21,1.9,74.9,1,1
5763,9,6.1145555555555555,15.774,0.044,55.031,1,1
5758,23,5.734634130434782,11.39,0.139,131.896585,1,1
5779,18,7.2514660555555555,20.0,1.12,130.526389,1,1
5821,9,1.6307444444444446,2.99,0.02,14.6767,1,1
5772,8,1.631875,4.0,0.285,13.055,1,1
5822,4,5.14555,10.744,0.016,20.5822,1,1
5781,29,4.753255103448276,6.06,0.63,137.844398,1,1
5780,19,2.5103684210526316,4.44,0.96,47.697,1,1
5802,6,2.107466666666667,4.0,0.0348,12.6448,1,1
5827,6,9.155850000000001,22.25,0.014,54.935100000000006,1,1
5825,12,7.2549166666666665,22.55,0.02,87.059,1,1
5833,16,5.88223125,12.4,0.0537,94.1157,1,1
5801,10,2.22447,8.9,0.0348,22.2447,1,1
5784,12,11.795766333333333,22.2,0.38,141.549196,1,1
5789,20,7.881220000000001,32.1608,0.0448,157.6244,1,1
5766,13,10.739907692307693,25.95,2.5,139.6188,1,1
5759,2,4.1850000000000005,4.88,3.49,8.370000000000001,1,1
5824,4,1.981125,3.16,0.0145,7.9245,1,1
5831,4,6.036975,9.68,0.0779,24.1479,1,1
5786,2,1.9200000000000002,2.99,0.85,3.8400000000000003,1,1
5820,4,4.67,9.0,0.2,18.68,1,1
5791,5,0.49654,1.38,0.011,2.4827,1,1
5806,4,1.027975,2.2,0.0429,4.1119,1,1
5771,10,4.196504,9.34,0.31,41.96504,1,1
5788,8,2.451625,4.69,0.84,19.613,1,1
5812,6,1.7449999999999999,3.49,0.03,10.469999999999999,1,1
5797,45,7.745288866666667,31.95,0.0235,348.537999,1,1
5818,6,8.29665,16.25,0.0499,49.7799,1,1
5826,8,3.8975,14.0,0.2,31.18,1,1
5795,15,4.4343200000000005,6.1,0.0448,66.51480000000001,1,1
5814,20,3.702393,5.5,0.015,74.04786,1,1
5807,30,7.852369666666666,33.999,0.038,235.57109,1,1
5811,44,9.92202609090909,33.3,0.02,436.569148,1,1
5768,5,2.0223199999999997,2.9,0.27,10.1116,1,1
5770,2,3.60345,4.2069,3.0,7.2069,1,1
5817,7,4.7045,10.04,0.0145,32.9315,1,1
5756,4,2.4675,3.9,1.49,9.87,1,1
5765,32,4.518946875,6.399,1.33,144.6063,1,1
5828,1,0.0149,0.0149,0.0149,0.0149,1,1
5794,9,1.7466444444444444,2.82,0.0448,15.7198,1,1
5787,6,2.0866666666666664,3.29,0.89,12.52,1,1
5782,3,2.34,3.5,0.3,7.02,1,1
5803,3,1.2366,2.8,0.0348,3.7097999999999995,1,1
5777,3,1.4266666666666667,1.5,1.35,4.28,1,1
5813,3,1.4016666666666666,3.5,0.015,4.205,1,1
5799,10,7.90498,20.2,0.0348,79.0498,1,1
5815,3,1.0183333333333333,3.0,0.015,3.055,1,1
5785,8,8.852870125,26.23,0.759,70.822961,1,1
5793,4,2.7112,6.45,0.0448,10.8448,1,1
5819,10,7.197749999999999,13.0825,0.016,71.97749999999999,1,1
5809,21,6.79806138095238,14.779989,0.015,142.759289,1,1
5783,18,11.251169833333334,30.1508,0.7199,202.521057,1,1
5762,5,1.65262,3.2,0.0388,8.2631,1,1
5773,17,5.734785882352941,9.00936,1.779,97.49136,1,1
5774,3,1.5140333333333331,1.9499,1.0922,4.5421,1,1
5778,1,0.5,0.5,0.5,0.5,1,1
5800,5,2.16156,5.0,0.0348,10.8078,1,1
5805,3,1.2316,3.47,0.0348,3.6948000000000003,1,1
5757,12,6.376158333333334,9.365,3.12,76.5139,1,1
5792,17,9.682558705882354,24.94,0.0448,164.603498,1,1
5776,1,0.99,0.99,0.99,0.99,1,1
5823,12,2.8713416666666665,5.22,0.015,34.4561,1,1
5810,2,5.0,5.5,4.5,10.0,1,1
5755,9,7.802057444444445,11.229717,1.49,70.218517,1,1
5816,32,4.90968125,11.75,0.02,157.1098,1,1
5775,16,4.6027281250000005,10.4,1.05,73.64365000000001,1,1
5832,19,3.933268421052632,5.8291,0.048,74.7321,1,1
5796,14,6.303142857142857,20.0,0.0448,88.244,1,1
5808,6,11.606333333333334,24.5,0.038,69.638,1,1
5798,12,11.160275,24.99,0.0347,133.9233,1,1
5761,5,2.41432,3.99,0.0516,12.0716,1,1
5830,2,0.03275,0.052,0.0135,0.0655,1,1
5829,16,15.6329125,34.6,0.05,250.1266,1,1
5767,6,6.588333333333334,22.0,2.0,39.53,1,1
5790,2,0.0374,0.0448,0.03,0.0748,1,1
5760,2,5.1499999999999995,9.7,0.6,10.299999999999999,1,1
5703,4,1.7294999999999998,3.14,0.028,6.917999999999999,1,1
5698,6,0.6295000000000001,1.39,0.011,3.777,1,1
5709,0,0.0,0.0,0.0,0.0,0,0
5744,6,1.2216666666666667,3.0,0.31,7.33,1,1
5712,31,5.900996741935484,13.739,0.099,182.930899,1,1
5720,9,3.652222222222222,5.0,0.03,32.87,1,1
5718,1,0.145,0.145,0.145,0.145,1,1
5730,4,1.01325,2.8,0.03,4.053,1,1
5719,12,8.820829583333333,22.7,0.03,105.849955,1,1
5688,2,1.589,3.15,0.028,3.178,1,1
5722,20,5.6104199999999995,11.9,0.03,112.2084,1,1
5729,25,7.43474024,13.776999,0.03,185.868506,1,1
5692,18,5.185088277777777,10.734,0.45,93.331589,1,1
5677,7,2.575714285714286,6.59,0.835,18.03,1,1
5686,12,5.275748,8.59,0.035,63.308976,1,1
5702,52,4.032337115384616,5.48,0.029,209.68153,1,1
5745,3,3.8666666666666667,5.6,3.0,11.6,1,1
5694,11,517.3310636363636,5643.0,0.27,5690.6417,1,1
5751,16,5.878825,19.2,0.2,94.0612,1,1
5717,12,2.7587166666666665,7.0,0.22,33.1046,1,1
5750,3,1.1033333333333333,2.0,0.21,3.31,1,1
5695,4,5.65,10.75,0.85,22.6,1,1
5725,29,7.573072137931034,15.188,0.198092,219.619092,1,1
5715,2,1.33,2.5,0.16,2.66,1,1
5667,1,4.9,4.9,4.9,4.9,1,1
5687,11,3.9369090909090905,6.3,0.487,43.306,1,1
5752,3,2.763333333333333,5.99,0.3,8.29,1,1
5741,2,0.093,0.14,0.046,0.186,1,1
5666,9,8.763333333333334,19.99,0.73,78.87,1,1
5733,4,1.8355000000000001,2.79,0.052,7.3420000000000005,1,1
5696,12,7.81514975,20.95,0.3,93.781797,1,1
5735,7,1.307014285714286,2.4801,0.014,9.1491,1,1
5682,0,0.0,0.0,0.0,0.0,0,0
5679,7,2.4235714285714285,4.5,0.9002,16.965,1,1
5734,5,9.48196,19.18,0.045,47.409800000000004,1,1
5748,3,1.8496,3.5,0.0488,5.5488,1,1
5674,6,2.1163333333333334,3.7,0.058,12.698,1,1
5681,18,10.233427777777779,19.333,0.0121,184.20170000000002,1,1
5707,0,0.0,0.0,0.0,0.0,0,0
5710,19,4.835,6.0,0.099,91.865,1,1
5728,7,0.9,2.1,0.03,6.3,1,1
5700,5,0.924,1.23,0.19,4.62,1,1
5705,6,1.6023333333333334,3.99,0.69,9.614,1,1
5743,10,4.3729,14.369,0.03,43.729,1,1
5727,10,6.485939999999999,21.99,0.03,64.8594,1,1
5738,4,0.90785,1.48,0.045,3.6314,1,1
5716,22,4.713691818181818,11.4,0.155,103.70122,1,1
5736,7,1.7950000000000002,3.0,0.045,12.565000000000001,1,1
5704,10,10.376099,27.0,0.035,103.76098999999999,1,1
5672,11,3.1704363636363637,4.424,0.032,34.8748,1,1
5676,6,3.111666666666667,4.73,0.055,18.67,1,1
5670,3,18.666666666666668,50.0,2.0,56.0,1,1
5711,4,1.4825,3.3,0.25,5.93,1,1
5684,6,2.380666666666667,3.88,0.195,14.284,1,1
5713,29,8.811851862068965,25.359,0.09,255.543704,1,1
5726,26,7.594960346153846,15.98,0.03,197.46896900000002,1,1
5683,3,1.1396666666666666,3.0,0.069,3.419,1,1
5723,3,1.0786153333333333,1.69,0.05,3.235846,1,1
5742,5,2.977,12.5,0.046,14.885,1,1
5739,2,0.75,1.0,0.5,1.5,1,1
5754,7,1.9028714285714285,3.95,0.05,13.3201,1,1
5675,6,5.087166666666667,13.02,0.055,30.523,1,1
5701,2,1.72,3.0,0.44,3.44,1,1
5697,22,4.810156863636364,32.5,0.245,105.823451,1,1
5732,2,2.276,4.5,0.052,4.552,1,1
5693,11,13.192345454545455,20.59,0.38,145.1158,1,1
5671,9,2.6026666666666665,5.2,0.034,23.424,1,1
5685,35,6.4361628571428575,15.25,0.195,225.2657,1,1
5680,22,15.070482090909092,24.79995,0.011,331.550606,1,1
5747,10,1.1454,2.5,0.045,11.454,1,1
5746,15,3.7946668666666667,18.35,0.0488,56.920003,1,1
5740,5,7.9465,24.0,0.0425,39.7325,1,1
5673,9,5.914333333333333,19.56,0.03,53.229,1,1
5737,8,1.57194425,4.0,0.015,12.575554,1,1
5731,14,3.8392857142857144,4.95,0.18,53.75,1,1
5706,0,0.0,0.0,0.0,0.0,0,0
5753,18,3.7264994444444444,8.0,0.179,67.07699,1,1
5714,4,2.0469999999999997,3.24,0.348,8.187999999999999,1,1
5678,4,34.2475,100.0,1.99,136.99,1,1
5668,10,0.759,1.339,0.041,7.59,1,1
5689,6,2.7146666666666666,4.52,0.29,16.288,1,1
5721,17,11.858027823529412,34.639999,0.05,201.586473,1,1
5690,12,7.149033333333333,17.9,0.33,85.7884,1,1
5749,12,10.207324999999999,21.998,0.45,122.4879,1,1
5691,26,10.83745726923077,20.3,1.29,281.773889,1,1
5669,2,3.9045,4.479,3.33,7.809,1,1
5708,4,1.0585,1.405,0.45,4.234,1,1
5724,14,4.858989357142858,8.449851,1.277,68.025851,1,1
5699,14,8.71065657142857,28.11,0.19,121.949192,1,1
5626,2,25.6,50.0,1.2,51.2,1,1
5598,10,2.4443998999999996,4.319,0.06,24.443998999999998,1,1
5628,17,9.463823529411764,32.69,0.19,160.885,1,1
5622,13,2.987480769230769,5.35,0.18,38.83725,1,1
5612,5,1.331,3.25,0.015,6.654999999999999,1,1
5621,9,1.788788888888889,2.96,0.039,16.0991,1,1
5581,6,5.232530000000001,9.7101,0.16,31.395180000000003,1,1
5633,8,1.6448875,2.99,0.18,13.1591,1,1
5644,10,4.0543968,7.098968,0.425,40.543968,1,1
5629,11,6.468090909090909,27.34,0.019,71.149,1,1
5602,1,2.5,2.5,2.5,2.5,1,1
5567,19,7.185773684210526,19.0,0.41,136.5297,1,1
5654,8,4.98,10.99,0.06,39.84,1,1
5575,5,2.10398,3.38,0.7,10.5199,1,1
5662,1,0.1,0.1,0.1,0.1,1,1
5661,5,2.1676,3.0,0.01,10.838000000000001,1,1
5561,1,0.16,0.16,0.16,0.16,1,1
5647,25,8.04936912,23.889951,0.49,201.234228,1,1
5582,1,1.2499,1.2499,1.2499,1.2499,1,1
5595,1,3.5,3.5,3.5,3.5,1,1
5580,14,2.674355714285714,4.14,0.38,37.440979999999996,1,1
5610,4,1.3626500000000001,2.2286,0.022,5.4506000000000006,1,1
5660,11,4.7807272727272725,15.2,0.01,52.588,1,1
5571,23,14.091082173913044,31.8,0.165,324.09489,1,1
5650,7,5.8914285714285715,12.0,0.02,41.24,1,1
5655,12,5.20248,13.9,0.05,62.42976,1,1
5563,22,9.472453363636363,20.14,0.04,208.39397400000001,1,1
5636,8,5.4979375,20.0,0.045,43.9835,1,1
5635,15,3.0372,6.17,0.15,45.558,1,1
5639,12,6.116359333333333,10.78,0.0198,73.396312,1,1
5590,4,1.109475,3.9,0.021,4.4379,1,1
5641,21,4.022685714285714,6.0,0.02,84.4764,1,1
5614,10,4.7118892,11.1,0.029,47.118892,1,1
5663,1,0.01,0.01,0.01,0.01,1,1
5589,20,6.46255,11.95,0.188,129.251,1,1
5640,16,4.8270906875,11.808951,0.0197,77.233451,1,1
5604,6,1.9244,3.7,0.09,11.5464,1,1
5623,17,10.642175058823529,30.0,0.039,180.916976,1,1
5637,3,2.4,5.0,0.7,7.2,1,1
5613,5,1.9368000000000003,4.69,0.029,9.684000000000001,1,1
5630,5,1.497,3.5,0.02,7.485,1,1
5632,15,4.479013333333333,5.74,0.27,67.1852,1,1
5569,12,13.178164166666667,34.7,0.31,158.13797,1,1
5565,15,4.054641066666666,6.8442,0.035,60.819615999999996,1,1
5583,4,1.66125,3.0,0.395,6.645,1,1
5591,3,4.984733333333334,6.64,2.5,14.9542,1,1
5609,3,1.5226666666666666,1.81,0.97,4.568,1,1
5601,1,0.3,0.3,0.3,0.3,1,1
5645,9,2.6429811111111112,4.8,1.0269,23.786830000000002,1,1
5564,8,3.4674875,7.49,0.05,27.7399,1,1
5587,3,11.038400000000001,16.4399,0.98,33.1152,1,1
5607,13,7.466599923076923,18.377,1.97,97.065799,1,1
5619,3,1.4166666666666667,3.5,0.35,4.25,1,1
5659,11,1.1567272727272728,2.7,0.01,12.724,1,1
5631,11,4.208045454545455,14.89,0.249,46.2885,1,1
5642,5,1.024,2.48,0.25,5.12,1,1
5615,9,2.6116555555555556,4.88,0.43,23.5049,1,1
5616,14,5.926585642857143,25.9,1.08,82.972199,1,1
5618,7,2.205857142857143,3.25,0.39,15.441,1,1
5643,19,6.210005210526316,11.5,0.025,117.990099,1,1
5562,36,5.0766108333333335,12.77,0.19,182.75799,1,1
5594,8,2.919825,6.1297,0.08,23.3586,1,1
5656,21,3.6889999999999996,5.85,0.02,77.469,1,1
5559,2,0.07500000000000001,0.1,0.05,0.15000000000000002,1,1
5568,20,8.18500495,17.5,0.0344,163.700099,1,1
5648,2,1.125,1.6,0.65,2.25,1,1
5573,15,2.728466666666667,5.3,0.15,40.927,1,1
5664,5,1.42,3.16,0.15,7.1,1,1
5578,7,10.932857142857143,32.18,0.63,76.53,1,1
5585,5,7.616937,9.81,3.99,38.084685,1,1
5597,16,5.8420993125,15.23,0.469,93.473589,1,1
5638,56,4.853638946428572,17.5,0.21,271.803781,1,1
5624,12,3.8575916666666665,10.3,0.02,46.2911,1,1
5652,2,2.105,3.99,0.22,4.21,1,1
5665,3,4.619633333333334,10.72,0.969,13.8589,1,1
5572,29,7.684973241379311,27.0,0.772,222.864224,1,1
5592,6,3.486666666666667,9.0,0.15,20.92,1,1
5646,13,1.5529230769230769,3.29,0.45,20.188,1,1
5617,11,8.782727272727273,19.85,1.5,96.61,1,1
5588,2,3.294,3.488,3.1,6.588,1,1
5653,11,8.433,23.1,0.22,92.763,1,1
5593,5,1.3439999999999999,3.65,0.1,6.72,1,1
5657,8,1.163,2.65,0.014,9.304,1,1
5603,7,10.381857142857143,22.5,0.08,72.673,1,1
5625,13,2.6825692307692313,6.57,0.35,34.873400000000004,1,1
5605,5,1.3619999999999999,2.65,0.06,6.81,1,1
5611,2,0.10725,0.1945,0.02,0.2145,1,1
5608,9,2.5390844444444443,5.75,0.12,22.85176,1,1
5566,2,0.7963,1.5566,0.036,1.5926,1,1
5651,8,13.8378125,23.888,0.02,110.7025,1,1
5560,3,7.226666666666666,19.99,0.4,21.679999999999996,1,1
5596,5,3.3667000000000002,5.4975,0.08,16.8335,1,1
5577,4,1.99375,3.5,0.2,7.975,1,1
5586,8,2.6127124999999998,4.0,0.16,20.901699999999998,1,1
5627,12,4.153908333333333,19.49,0.018,49.8469,1,1
5600,0,0.0,0.0,0.0,0.0,0,0
5606,10,3.2180210000000002,9.47,0.1,32.18021,1,1
5634,2,1.085,2.15,0.02,2.17,1,1
5570,19,4.858842105263157,6.15,0.16,92.318,1,1
5599,42,4.439954619047619,5.66,0.07,186.478094,1,1
5584,9,5.672755555555556,9.6999,0.3799,51.0548,1,1
5574,4,6.81725,22.7,0.799,27.269,1,1
5658,6,4.9766666666666675,19.69,0.12,29.860000000000003,1,1
5579,6,1.326,2.49,0.175,7.956,1,1
5649,2,1.045,1.6,0.49,2.09,1,1
5576,5,1.6628,2.99,0.398,8.314,1,1
5620,3,2.1663333333333337,3.76,0.039,6.4990000000000006,1,1
5487,5,2.07,5.62,0.05,10.35,1,1
5512,8,2.7704874999999998,4.5,0.0549,22.163899999999998,1,1
5474,2,1.2149999999999999,2.4,0.03,2.4299999999999997,1,1
5550,6,12.342941833333333,21.47,0.0498,74.05765099999999,1,1
5535,18,11.01214388888889,32.085,0.28,198.21859,1,1
5495,14,9.497421428571428,33.89,0.045,132.9639,1,1
5488,2,1.86925,3.69,0.0485,3.7385,1,1
5540,22,8.126509045454545,27.13,0.055,178.783199,1,1
5494,16,8.0081029375,21.46,0.049,128.129647,1,1
5519,8,1.7643125,3.75,0.0555,14.1145,1,1
5555,6,1.0374999999999999,2.2,0.25,6.225,1,1
5516,18,7.264777777777777,18.599,0.12,130.766,1,1
5502,7,4.512,7.0,0.045,31.584,1,1
5492,21,3.2444476190476186,6.0,0.013,68.1334,1,1
5542,13,8.022611461538462,30.38,0.055,104.293949,1,1
5526,17,11.60035288235294,30.2,0.056,197.205999,1,1
5489,2,0.60425,1.16,0.0485,1.2085,1,1
5490,9,7.395353,13.5756,0.047,66.558177,1,1
5485,3,0.85,1.9,0.05,2.55,1,1
5527,41,4.039021951219512,11.74,0.056,165.5999,1,1
5533,18,3.731863555555556,5.69,0.180944,67.173544,1,1
5547,10,6.3255702,13.11,0.055,63.255702,1,1
5482,3,3.766666666666667,4.5,2.3,11.3,1,1
5528,2,0.035,0.05,0.02,0.07,1,1
5557,6,5.239833333333333,8.89,0.4,31.439,1,1
5501,12,8.415208250000001,15.9899,0.0188,100.982499,1,1
5536,21,6.391657142857143,11.9899,2.25,134.22480000000002,1,1
5517,15,3.0748264666666665,6.65,0.067,46.122397,1,1
5466,3,0.36799999999999994,0.94,0.017,1.1039999999999999,1,1
5464,4,1.32995,2.74,0.4898,5.3198,1,1
5541,26,9.743780384615384,34.1,0.055,253.33829,1,1
5553,10,8.4719,21.98,0.054,84.719,1,1
5510,11,6.991772727272727,12.19,0.04,76.9095,1,1
5486,41,4.489639024390244,6.15,0.05,184.0752,1,1
5558,5,2.136,3.88,0.3,10.68,1,1
5468,3,0.3363333333333334,0.9,0.034,1.0090000000000001,1,1
5543,12,9.337083333333334,34.97,0.055,112.045,1,1
5513,7,1.5886285714285715,3.0,0.036,11.1204,1,1
5525,5,2.03332,3.75,0.0566,10.166599999999999,1,1
5483,9,6.04111111111111,20.5,0.03,54.37,1,1
5503,10,11.185598899999999,34.87,0.45,111.855989,1,1
5522,1,0.055,0.055,0.055,0.055,1,1
5499,26,5.80015,40.0,0.04,150.8039,1,1
5546,5,1.33156,2.49,0.055,6.6578,1,1
5534,0,0.0,0.0,0.0,0.0,0,0
5529,8,6.9746250000000005,18.69,0.042,55.797000000000004,1,1
5475,8,15.067875,37.0,0.145,120.543,1,1
5538,3,3.983,5.999,2.0,11.949,1,1
5530,45,4.753241533333333,9.03,0.054,213.895869,1,1
5524,8,5.3157499999999995,16.799,0.057,42.525999999999996,1,1
5515,5,2.135084,4.24992,0.0555,10.67542,1,1
5465,4,1.9545,2.86,0.018,7.818,1,1
5469,11,3.3603727272727273,5.93,0.0395,36.9641,1,1
5511,4,0.5813745,1.2,0.0495,2.325498,1,1
5520,6,1.4176666666666666,3.0,0.056,8.506,1,1
5473,21,5.286442857142857,20.89,0.05,111.0153,1,1
5551,6,3.1916499999999997,6.6,0.3999,19.1499,1,1
5461,20,11.33574,28.92,0.1648,226.7148,1,1
5472,5,0.8442399999999999,1.298,0.25,4.2212,1,1
5491,13,6.433046230769231,10.369967,0.047,83.62960100000001,1,1
5480,19,7.682052578947369,15.58,0.03,145.958999,1,1
5497,38,7.899578421052632,18.88,0.02,300.18398,1,1
5463,2,0.73725,1.24,0.2345,1.4745,1,1
5484,3,2.0766666666666667,4.0,0.03,6.23,1,1
5505,4,1.866625,5.89,0.029,7.4665,1,1
5537,2,3.545,4.59,2.5,7.09,1,1
5508,10,10.14732,31.6583,0.0499,101.4732,1,1
5532,3,1.699679,4.998137,0.049,5.099037,1,1
5548,4,9.63875,25.0,0.055,38.555,1,1
5470,20,6.594322750000001,12.85,0.037,131.886455,1,1
5477,10,7.822199899999999,10.833,0.03,78.221999,1,1
5496,6,11.896409499999999,19.287957,0.0485,71.378457,1,1
5462,1,1.8888,1.8888,1.8888,1.8888,1,1
5549,6,0.48900000000000005,1.245,0.055,2.934,1,1
5493,10,2.3052598,5.349998,0.0535,23.052598,1,1
5500,3,1.7391666666666665,2.6,0.0475,5.217499999999999,1,1
5556,6,11.365,26.9,0.25,68.19,1,1
5544,3,6.084733333333332,9.8492,0.055,18.254199999999997,1,1
5531,3,0.18133333333333335,0.28,0.054,0.544,1,1
5478,8,5.2204999999999995,14.406,0.03,41.763999999999996,1,1
5545,2,1.5275,3.0,0.055,3.055,1,1
5504,8,3.79933625,5.39,0.059,30.39469,1,1
5479,4,3.095,4.99,1.1,12.38,1,1
5539,0,0.0,0.0,0.0,0.0,0,0
5506,7,1.874857142857143,5.0,0.055,13.124,1,1
5471,2,0.17475,0.3,0.0495,0.3495,1,1
5552,49,3.8145128163265305,6.12,0.0489,186.911128,1,1
5507,15,2.846419933333333,5.5,0.0575,42.696298999999996,1,1
5518,5,0.32498,1.0,0.03,1.6249,1,1
5481,26,5.162423769230769,14.940919,0.03,134.223018,1,1
5509,46,6.001590195652174,22.439,0.0499,276.073149,1,1
5476,12,1.6702116666666667,3.65,0.03,20.04254,1,1
5521,16,9.822151875,20.45,0.0555,157.15443,1,1
5554,6,9.216666666666667,25.5,0.5,55.3,1,1
5467,14,5.046928571428571,13.0,0.024,70.657,1,1
5523,4,1.4675555,2.5,0.0568,5.870222,1,1
5514,5,0.8221,2.4,0.041,4.1105,1,1
5498,13,8.120184615384614,20.456,0.0475,105.5624,1,1
5449,6,0.7864999999999999,1.89,0.01,4.718999999999999,1,1
5442,6,6.737000000000001,12.997,0.44,40.422000000000004,1,1
5458,12,3.7560445833333334,6.862,0.055,45.072535,1,1
5384,9,9.418722222222222,19.42,0.0495,84.7685,1,1
5393,24,4.337366125,6.14,0.0519,104.09678699999999,1,1
5389,15,4.4358933333333335,10.969,0.048,66.5384,1,1
5348,2,0.7000000000000001,1.35,0.05,1.4000000000000001,1,1
5396,15,3.471886,16.1,0.0333,52.07829,1,1
5450,4,1.637,2.99,0.858,6.548,1,1
5363,9,3.3232777777777778,12.0,0.0395,29.9095,1,1
5414,15,2.5326400000000002,5.0,0.011,37.9896,1,1
5392,12,6.519908333333333,17.02,0.0519,78.2389,1,1
5350,7,2.000714285714286,5.65,0.05,14.005,1,1
5343,11,5.571909090909092,18.076,0.001,61.291000000000004,1,1
5394,5,2.13,3.37,0.03,10.65,1,1
5371,2,2.14475,4.25,0.0395,4.2895,1,1
5357,51,4.454865705882352,15.18,0.035,227.198151,1,1
5358,2,0.0625,0.09,0.035,0.125,1,1
5362,3,0.37833333333333335,0.7,0.035,1.135,1,1
5382,11,5.017318181818182,10.26,0.0395,55.1905,1,1
5413,6,1.2761666666666667,2.4,0.02,7.657,1,1
5422,3,0.466,0.9,0.02,1.3980000000000001,1,1
5405,8,2.09585,3.9888,0.033,16.7668,1,1
5427,5,1.1263,2.0,0.0515,5.6315,1,1
5411,4,2.40525,3.96,0.011,9.621,1,1
5446,1,11.04495,11.04495,11.04495,11.04495,1,1
5365,15,6.076806666666667,11.2656,0.0395,91.1521,1,1
5390,17,2.2414705882352943,5.6401,0.018,38.105000000000004,1,1
5367,4,1.5723500000000001,4.0,0.0394,6.2894000000000005,1,1
5407,7,1.3812857142857144,3.05,0.015,9.669,1,1
5437,10,3.6388,6.8,0.019,36.388,1,1
5421,13,3.2149923076923077,6.04,0.02,41.7949,1,1
5454,1,0.0925,0.0925,0.0925,0.0925,1,1
5436,13,4.552469153846154,12.99,0.018,59.182099,1,1
5415,5,3.8061999999999996,9.69,0.011,19.031,1,1
5428,17,5.9982981764705885,24.8,0.02,101.971069,1,1
5395,3,1.5,2.8,0.03,4.5,1,1
5368,9,6.9413333333333345,31.44,0.0399,62.47200000000001,1,1
5346,6,1.7716666666666665,4.5,0.05,10.629999999999999,1,1
5356,12,3.9907500000000002,6.3,0.035,47.889,1,1
5416,2,0.5499999999999999,1.055,0.045,1.0999999999999999,1,1
5385,12,3.7965416666666663,5.06,0.0495,45.558499999999995,1,1
5431,6,1.2978333333333334,3.2,0.167,7.787000000000001,1,1
5366,6,1.5340833333333332,2.935,0.0394,9.2045,1,1
5360,7,1.2305714285714286,3.4,0.05,8.614,1,1
5435,5,2.4546,8.0,0.023,12.273,1,1
5452,8,7.4408125,40.0,0.125,59.5265,1,1
5432,39,6.908189410256411,32.58,0.17,269.41938700000003,1,1
5447,10,6.2209,21.75,0.1999,62.209,1,1
5378,8,4.0195375,10.9,0.0395,32.1563,1,1
5453,2,1.0085,2.0,0.017,2.017,1,1
5433,4,1.105,2.15,0.03,4.42,1,1
5347,3,0.7433333333333333,1.98,0.05,2.23,1,1
5374,5,2.0459,6.0,0.0395,10.2295,1,1
5381,10,2.936047,5.42997,0.012,29.36047,1,1
5418,5,2.5829999999999997,3.75,0.02,12.915,1,1
5459,4,2.46485,4.5,0.35,9.8594,1,1
5370,9,6.969722222222222,10.998,0.0395,62.7275,1,1
5398,24,6.655012458333334,25.9604,0.011,159.720299,1,1
5351,11,2.1131818181818183,3.79,0.05,23.245,1,1
5445,3,5.886666666666667,14.4,1.48,17.66,1,1
5364,5,1.0787,1.625,0.0395,5.3934999999999995,1,1
5426,9,1.9922222222222221,3.28,0.02,17.93,1,1
5429,2,4.012,8.0,0.024,8.024,1,1
5397,21,12.353897571428572,18.0,0.059,259.431849,1,1
5349,5,1.916,4.0,0.05,9.58,1,1
5345,20,8.7861999,19.03,0.035,175.723998,1,1
5443,12,6.876891416666667,16.01,0.218,82.52269700000001,1,1
5391,9,4.805877777777777,14.14,0.018,43.2529,1,1
5380,8,5.916175,16.51,0.0395,47.3294,1,1
5434,4,0.9475000000000001,2.39,0.019,3.7900000000000005,1,1
5451,8,1.3428,2.9,0.08,10.7424,1,1
5444,8,2.311125,3.95,1.39,18.489,1,1
5372,4,0.7148749999999999,2.0,0.0395,2.8594999999999997,1,1
5456,8,6.0787625,19.7,0.09,48.6301,1,1
5373,4,1.067375,2.87,0.0395,4.2695,1,1
5361,2,5.0175,10.0,0.035,10.035,1,1
5423,27,6.5861454814814815,19.96,0.02,177.825928,1,1
5419,6,0.9785833333333334,2.15,0.02,5.8715,1,1
5377,3,4.8666,12.0603,0.0395,14.5998,1,1
5402,6,1.0605166666666666,2.4,0.049,6.363099999999999,1,1
5460,39,12.255384487179487,28.4,0.055,477.959995,1,1
5386,7,15.614410714285714,25.45,0.023,109.300875,1,1
5425,1,0.021,0.021,0.021,0.021,1,1
5344,11,3.6577272727272727,5.25,0.035,40.235,1,1
5448,11,6.202272727272727,19.59,0.58,68.225,1,1
5352,12,1.6960916666666668,3.49,0.05,20.3531,1,1
5401,4,1.1712500000000001,3.5,0.04,4.6850000000000005,1,1
5439,8,2.336498625,4.19,0.25,18.691989,1,1
5388,10,4.75985,20.0,0.0485,47.5985,1,1
5420,4,8.7825,17.55,0.09,35.13,1,1
5354,17,7.99948694117647,15.13,0.05,135.991278,1,1
5457,4,6.737125000000001,10.396,0.8025,26.948500000000003,1,1
5376,20,7.08138695,10.818,0.0395,141.627739,1,1
5400,2,1.0175,1.99,0.045,2.035,1,1
5440,8,1.50440475,3.498,0.139,12.035238,1,1
5379,4,6.569875,10.99,0.0395,26.2795,1,1
5399,2,1.016,1.987,0.045,2.032,1,1
5353,17,9.542579411764706,15.199,0.05,162.22385,1,1
5406,3,6.866666666666667,15.55,0.05,20.6,1,1
5369,34,9.303579529411765,27.599,0.0399,316.321704,1,1
5408,13,4.713923076923077,18.849,0.045,61.281,1,1
5441,11,2.5902718181818183,5.125,0.198,28.49299,1,1
5403,22,7.802631818181819,21.7989,0.011,171.6579,1,1
5424,5,4.2875286,6.1,0.09,21.437643,1,1
5375,11,1.9367727272727273,8.88,0.0395,21.3045,1,1
5404,1,0.011,0.011,0.011,0.011,1,1
5417,6,2.2485,3.99,0.011,13.491,1,1
5412,11,7.298995909090909,18.0,0.045,80.288955,1,1
5409,18,6.819240555555556,14.55,0.045,122.74633,1,1
5383,25,4.42300192,16.1,0.012,110.575048,1,1
5455,1,0.235,0.235,0.235,0.235,1,1
5410,20,5.82278385,11.488,0.011,116.45567700000001,1,1
5359,17,2.425529294117647,4.67,0.035,41.233998,1,1
5355,17,3.1443529411764706,5.6,0.05,53.454,1,1
5387,4,13.247125,50.0,0.0485,52.9885,1,1
5430,11,2.6188090909090906,4.049,0.021,28.8069,1,1
5438,17,12.553372529411764,28.5,0.16,213.407333,1,1
5257,2,0.039,0.048,0.03,0.078,1,1
5245,7,7.919485714285714,11.799,0.185,55.4364,1,1
5287,4,0.9450000000000001,1.56,0.02,3.7800000000000002,1,1
5330,12,4.991666666666667,12.5,0.05,59.900000000000006,1,1
5284,17,9.362941176470587,34.9,0.1,159.17,1,1
5301,9,1.0100604444444443,2.3,0.049544,9.090544,1,1
5288,24,8.922958333333334,19.43,0.015,214.151,1,1
5269,2,1.474,1.648,1.3,2.948,1,1
5306,6,4.862733333333334,6.25,1.5,29.1764,1,1
5332,23,7.298881304347826,20.11,0.045,167.87427,1,1
5304,3,1.3026666666666666,3.69,0.048,3.908,1,1
5276,9,3.4771888888888887,5.445,0.499,31.2947,1,1
5329,15,4.2429266666666665,6.76,1.068,63.6439,1,1
5341,4,1.609,3.22,0.017,6.436,1,1
5318,9,3.4769555555555556,6.777,0.1485,31.2926,1,1
5278,17,13.106480823529411,25.799,0.499,222.810174,1,1
5337,8,1.40825,4.0,0.045,11.266,1,1
5242,7,1.443457142857143,3.2,0.125,10.1042,1,1
5299,7,6.904895714285714,17.58,0.02,48.33427,1,1
5280,29,4.683024689655173,10.4,0.3,135.807716,1,1
5262,2,0.665,1.3,0.03,1.33,1,1
5305,5,8.6158,34.0,0.044,43.079,1,1
5328,11,12.801727272727272,20.2,1.169,140.819,1,1
5312,12,5.588166666666667,11.989,0.069,67.058,1,1
5253,9,169.72665333333333,1500.0,0.0449,1527.53988,1,1
5335,2,0.9135,1.777,0.05,1.827,1,1
5256,5,1.1756,3.0,0.028,5.878,1,1
5322,10,12.19601,27.88,0.15,121.9601,1,1
5327,41,3.9448853658536582,5.4,0.16,161.7403,1,1
5275,3,1.8596666666666666,2.78,0.499,5.579,1,1
5292,15,6.3108200000000005,15.39,0.021,94.6623,1,1
5319,6,1650.9798333333335,9900.0,0.149,9905.879,1,1
5314,28,5.538574250000001,13.499,0.1475,155.080079,1,1
5266,3,22.663,29.99,11.999,67.989,1,1
5297,10,1.7418778,2.9,0.04,17.418778,1,1
5313,9,4.127466666666667,22.0,0.147,37.1472,1,1
5340,5,11.6674,15.4,0.017,58.337,1,1
5338,8,2.0768750000000002,4.9,0.05,16.615000000000002,1,1
5268,39,4.580753846153846,7.08,0.78,178.6494,1,1
5261,11,1.7948181818181816,3.99,0.03,19.743,1,1
5283,5,6.513,14.78,0.015,32.565,1,1
5291,4,1.439675,2.8877,0.021,5.7587,1,1
5271,6,9.092979,10.948,3.0,54.557874,1,1
5258,10,5.241,20.8,0.05,52.41,1,1
5285,19,3.877778947368421,4.65,0.015,73.6778,1,1
5324,9,7.165530555555555,10.75,1.82,64.489775,1,1
5333,3,1.5999999999999999,4.5,0.05,4.8,1,1
5267,1,3.5,3.5,3.5,3.5,1,1
5286,7,7.862857142857143,20.0,0.3,55.04,1,1
5315,9,4.871668777777778,10.1,0.148,43.845019,1,1
5317,24,7.485776708333333,15.55,0.65,179.658641,1,1
5342,6,11.084816666666667,24.99,0.78,66.5089,1,1
5308,3,1.5737333333333332,2.0,1.2222,4.7212,1,1
5279,6,2.5915,4.06,0.499,15.549,1,1
5259,3,4.416666666666667,5.5,2.75,13.25,1,1
5251,6,4.827816666666667,11.0,0.155,28.966900000000003,1,1
5296,9,1.2477287777777777,1.99,0.049559,11.229559,1,1
5339,5,3.933,7.45,0.045,19.665,1,1
5252,20,11.30188375,30.6533,0.0449,226.037675,1,1
5290,4,0.52527675,1.896107,0.015,2.101107,1,1
5334,8,4.205375,10.8,0.045,33.643,1,1
5250,10,3.9921999,8.389999,0.039,39.921999,1,1
5309,13,2.275730769230769,3.054,1.2,29.5845,1,1
5255,39,4.434553846153846,6.15,0.0169,172.9476,1,1
5295,2,0.0348205,0.049641,0.02,0.069641,1,1
5249,4,1.19375,3.5,0.275,4.775,1,1
5326,1,7.0,7.0,7.0,7.0,1,1
5244,3,0.225,0.4,0.05,0.675,1,1
5320,13,3.6014,5.28,0.1495,46.8182,1,1
5282,7,6.928757142857143,15.21,0.499,48.5013,1,1
5302,20,6.76716745,32.1,0.035,135.343349,1,1
5323,28,4.866001464285715,10.8,0.8,136.248041,1,1
5321,14,12.092038785714285,19.39,0.5,169.288543,1,1
5274,4,6.22475,10.5,0.499,24.899,1,1
5294,4,1.299879,5.0,0.049516,5.199516,1,1
5272,17,8.350140999999999,20.5469,1.69,141.952397,1,1
5325,7,4.359528571428571,19.32,0.75,30.5167,1,1
5265,12,8.8687625,18.27,3.85,106.42515,1,1
5289,5,2.5200000000000005,6.9,0.1,12.600000000000001,1,1
5270,13,7.8115218461538465,9.96,1.25,101.549784,1,1
5293,15,5.4426044,16.869534,0.049533,81.639066,1,1
5298,6,1.3947335,3.689,0.04,8.368401,1,1
5243,5,0.8399800000000001,1.6,0.085,4.1999,1,1
5273,2,3.0244999999999997,5.55,0.499,6.0489999999999995,1,1
5303,30,3.7177966666666666,6.65,0.047,111.5339,1,1
5307,7,1.532857142857143,2.22,0.9,10.73,1,1
5316,7,2.5779428571428573,4.0,1.0,18.0456,1,1
5254,7,5.744756857142858,11.879998,0.019,40.213298,1,1
5281,33,6.009085484848485,15.8,0.499,198.299821,1,1
5277,22,10.115822272727273,20.1279,0.499,222.54809,1,1
5248,12,7.611833333333333,19.6,0.275,91.342,1,1
5300,1,0.049955,0.049955,0.049955,0.049955,1,1
5263,10,3.04576,4.76,0.019,30.4576,1,1
5246,2,0.14250000000000002,0.225,0.06,0.28500000000000003,1,1
5247,9,7.0905555555555555,23.95,0.275,63.815,1,1
5310,20,10.57684995,28.88,0.2,211.536999,1,1
5336,6,2.4965,5.49,0.05,14.979000000000001,1,1
5264,6,9.487366166666666,19.9,0.1,56.924197,1,1
5260,5,8.664,10.55,3.25,43.32,1,1
5331,3,3.65,10.0,0.05,10.95,1,1
5311,17,1.7561705882352943,3.389,0.069,29.8549,1,1
5150,5,2.0138,5.5,0.25,10.068999999999999,1,1
5223,35,6.058571428571429,11.9,0.029,212.05,1,1
5142,5,7.744,15.2,0.19,38.72,1,1
5157,3,1.1300000000000001,2.95,0.05,3.39,1,1
5193,13,3.8417684615384617,15.61,0.048,49.94299,1,1
5205,2,4.5165,9.0,0.033,9.033,1,1
5236,12,3.7678333333333334,11.26,0.12,45.214,1,1
5164,11,2.631850090909091,5.45,0.05,28.950351,1,1
5238,10,2.0809,3.88,0.19,20.809,1,1
5225,11,2.1811818181818183,3.9,0.013,23.993000000000002,1,1
5204,5,2.1348,7.77,0.034,10.674,1,1
5203,10,7.403297499999999,15.9,0.033,74.032975,1,1
5178,18,4.076777777777778,6.34,0.74,73.382,1,1
5182,3,1.393,2.75,0.2,4.179,1,1
5146,24,9.692424541666666,19.489,0.1,232.618189,1,1
5211,2,3.624,7.2,0.048,7.248,1,1
5152,10,6.2734499999999995,10.69,0.05,62.7345,1,1
5207,2,0.727,1.42,0.034,1.454,1,1
5241,8,5.92875,19.99,0.06,47.43,1,1
5213,2,0.11074999999999999,0.175,0.0465,0.22149999999999997,1,1
5197,10,1.4125400000000001,2.49,0.059,14.1254,1,1
5180,21,3.9510045714285718,6.57,0.019,82.971096,1,1
5187,12,2.5561583333333333,4.25,0.038,30.6739,1,1
5192,10,2.8608000000000002,4.55,0.028,28.608,1,1
5160,5,5.304,12.4,1.42,26.52,1,1
5153,9,3.2718888888888893,15.15,0.05,29.447000000000003,1,1
5138,3,2.8800000000000003,6.0,1.2,8.64,1,1
5231,3,0.9500000000000001,2.45,0.12,2.85,1,1
5147,18,3.6425549999999998,11.13899,0.08,65.56599,1,1
5210,2,0.624,1.2,0.048,1.248,1,1
5177,1,0.6,0.6,0.6,0.6,1,1
5136,18,6.0808515,13.17,1.23,109.455327,1,1
5168,6,9.215483333333333,19.88,0.05,55.292899999999996,1,1
5183,4,0.8935,3.0,0.035,3.574,1,1
5165,9,8.937555555555555,21.48,0.05,80.438,1,1
5189,33,6.4168721818181815,15.269,0.02,211.756782,1,1
5135,6,1.9031500000000001,2.9498,1.14,11.4189,1,1
5154,10,1.61408,2.66,0.05,16.1408,1,1
5162,49,6.680315204081633,19.1,0.05,327.335445,1,1
5218,5,3.9516,12.07,0.048,19.758,1,1
5198,7,1.1777142857142857,2.4,0.035,8.244,1,1
5166,11,4.925272727272728,11.8,0.05,54.178000000000004,1,1
5185,9,1.8066666666666669,3.45,0.035,16.26,1,1
5220,4,1.96475,2.85,0.049,7.859,1,1
5156,31,7.549645161290322,24.67,0.05,234.039,1,1
5184,5,9.05586,19.88,0.95,45.2793,1,1
5188,75,4.786773333333333,6.84,0.015,359.008,1,1
5235,5,12.804000000000002,19.69,5.0,64.02000000000001,1,1
5233,13,4.113523,5.389999,0.19,53.475799,1,1
5216,2,1.5732,3.0999,0.0465,3.1464,1,1
5206,5,2.8098,7.25,0.034,14.049,1,1
5215,2,0.27325,0.5,0.0465,0.5465,1,1
5200,1,0.033,0.033,0.033,0.033,1,1
5217,4,0.819125,1.75,0.0465,3.2765,1,1
5133,2,1.4,1.4,1.4,2.8,1,1
5229,7,1.291842857142857,2.49,0.048,9.0429,1,1
5202,4,6.370749999999999,11.7,0.033,25.482999999999997,1,1
5161,4,1.6680000000000001,3.4,0.05,6.672000000000001,1,1
5169,40,5.6872660250000004,18.7,0.05,227.490641,1,1
5208,1,0.033,0.033,0.033,0.033,1,1
5191,53,5.649341509433962,21.7989,0.0488,299.4151,1,1
5175,8,14.093125,34.97,0.035,112.745,1,1
5209,36,4.646002222222222,17.4,0.0299,167.25608,1,1
5155,1,0.05,0.05,0.05,0.05,1,1
5214,5,0.51554,1.23,0.0465,2.5777,1,1
5172,19,8.534953157894737,20.7,0.035,162.16411,1,1
5228,2,0.3715,0.69,0.053,0.743,1,1
5151,21,5.000442809523809,26.474,0.05,105.009299,1,1
5163,5,3.38,6.66,0.06,16.9,1,1
5186,5,1.3644,2.222,0.54,6.822,1,1
5179,19,10.980043105263157,26.888,0.02,208.62081899999998,1,1
5239,5,1.222,1.83,0.63,6.109999999999999,1,1
5158,12,6.22971,15.998,0.05,74.75652,1,1
5221,24,10.527755458333333,25.55,0.046,252.666131,1,1
5144,1,0.009,0.009,0.009,0.009,1,1
5148,6,1.0340333333333334,2.0748,0.05,6.2042,1,1
5224,6,4.719665833333333,10.949995,0.048,28.317995,1,1
5222,15,13.264533333333334,35.0,0.048,198.96800000000002,1,1
5141,2,1.0,1.6,0.4,2.0,1,1
5143,1,0.009,0.009,0.009,0.009,1,1
5219,30,6.48775,11.44,0.048,194.6325,1,1
5170,14,5.495530642857142,9.37,0.05,76.937429,1,1
5176,6,3.422065,8.34569,0.6768,20.53239,1,1
5140,18,4.519837222222222,6.70417,1.0,81.35707,1,1
5174,5,1.75774,3.7588,0.14,8.7887,1,1
5167,1,0.05,0.05,0.05,0.05,1,1
5232,20,6.3377965000000005,12.0,1.0,126.75593,1,1
5196,5,2.2278,4.44,0.059,11.139,1,1
5195,2,0.20149999999999998,0.35,0.053,0.40299999999999997,1,1
5201,13,9.315792307692307,21.6898,0.035,121.1053,1,1
5240,13,3.359146153846154,6.95,0.05,43.6689,1,1
5137,2,17.1,26.3,7.9,34.2,1,1
5145,9,1.5478666666666667,3.125,0.06,13.9308,1,1
5227,34,5.084158441176471,11.559,0.054,172.861387,1,1
5173,7,11.176884571428571,24.48,0.035,78.238192,1,1
5149,3,8.321333333333333,24.45,0.175,24.964,1,1
5194,4,3.1272,6.89,0.0488,12.5088,1,1
5234,4,13.207,24.678,1.9,52.828,1,1
5134,9,1.7925222222222221,3.0,0.9,16.1327,1,1
5190,7,2.8461428571428575,10.33,0.088,19.923000000000002,1,1
5139,9,11.178682333333334,14.589951,1.21,100.608141,1,1
5212,8,2.8911374999999997,4.999,0.048,23.129099999999998,1,1
5230,11,3.2584848181818185,16.3,0.12,35.843333,1,1
5171,11,6.989798909090909,30.25,0.04,76.887788,1,1
5181,7,5.0442857142857145,15.8,0.85,35.31,1,1
5159,3,2.1333333333333333,3.4,0.5,6.4,1,1
5237,10,5.7613,9.148,0.19,57.613,1,1
5226,9,1.2423333333333335,2.499,0.048,11.181000000000001,1,1
5199,16,6.194870625,11.739,0.039,99.11793,1,1
5052,25,6.26039196,37.0,0.192,156.509799,1,1
5073,20,6.2190123999999996,13.08,0.3749,124.380248,1,1
5059,3,0.7716666666666666,0.925,0.49,2.315,1,1
5079,2,1.675,2.1,1.25,3.35,1,1
5065,9,1.7634734444444444,2.79,0.7,15.871261,1,1
5060,2,3.1695,5.849,0.49,6.339,1,1
5091,8,3.6498749999999998,4.58,0.7,29.198999999999998,1,1
5053,8,2.802625,6.57,0.11,22.421,1,1
5131,55,7.052360418181818,18.08,0.05,387.879823,1,1
5113,1,1.1,1.1,1.1,1.1,1,1
5130,3,0.3463333333333333,0.49,0.189,1.039,1,1
5129,5,7.5098,17.0,2.5,37.549,1,1
5074,9,9.164916111111111,16.84,0.2975,82.484245,1,1
5058,10,1206.293819,12000.0,0.3989,12062.938189999999,1,1
5063,3,1.5296333333333336,2.289,0.2999,4.588900000000001,1,1
5103,6,4.267166666666667,11.23,0.25,25.603,1,1
5090,1,8.0,8.0,8.0,8.0,1,1
5075,22,3.327754409090909,4.439697,0.2975,73.21059699999999,1,1
5102,5,1.98596,3.0,0.0999,9.9298,1,1
5094,15,4.874266666666667,11.85,0.015,73.114,1,1
5089,1,1.25,1.25,1.25,1.25,1,1
5107,9,3.795211111111111,5.7,1.09,34.1569,1,1
5056,4,7.6325,11.49,0.4,30.53,1,1
5121,10,9.2768952,10.45,3.75,92.768952,1,1
5064,6,12.249833333333333,21.65,0.149,73.499,1,1
5067,27,4.51309125925926,6.15,1.48,121.853464,1,1
5083,9,4.755333222222223,6.24,1.15,42.797999000000004,1,1
5095,16,4.00508125,4.95,0.399,64.0813,1,1
5122,7,1.8428428571428572,2.6,0.4299,12.8999,1,1
5071,14,10.1642,18.89,0.349,142.2988,1,1
5123,13,12.26919623076923,33.499951,0.79,159.499551,1,1
5054,10,3.97294,11.4699,0.61,39.7294,1,1
5117,2,16.445,19.9,12.99,32.89,1,1
5101,14,3.0482857142857145,6.35,0.395,42.676,1,1
5110,10,3.44197,4.51,1.6,34.4197,1,1
5086,48,8.860482375,20.35,1.04,425.303154,1,1
5077,9,9.861995555555556,14.95,1.35,88.75796,1,1
5078,9,1.6642222222222223,2.94,0.068,14.978,1,1
5114,10,10.6488,13.6,6.04,106.488,1,1
5069,0,0.0,0.0,0.0,0.0,0,0
5132,3,2.066666666666667,3.7,1.0,6.2,1,1
5109,11,8.851145454545454,17.24,0.5,97.3626,1,1
5100,4,0.9955499999999999,2.5,0.0222,3.9821999999999997,1,1
5126,10,3.4240299999999997,5.9681,0.733,34.2403,1,1
5124,12,10.848990583333332,18.298,2.95,130.187887,1,1
5112,10,12.1547,29.869,0.755,121.547,1,1
5108,6,4.4597415,7.92,0.199949,26.758449,1,1
5076,15,6.532451333333333,12.0603,0.1989,97.98677,1,1
5106,6,2.6256,6.16,1.087,15.7536,1,1
5127,4,4.585,6.69,0.79,18.34,1,1
5057,5,0.81878,1.77,0.1989,4.0939,1,1
5084,1,1.85,1.85,1.85,1.85,1,1
5118,8,2.4502133749999997,4.09,0.2899,19.601706999999998,1,1
5105,6,4.1281,7.4,1.0786,24.7686,1,1
5062,7,2.7169999999999996,5.35,0.149,19.019,1,1
5081,5,3.878,6.0,1.5,19.39,1,1
5092,18,7.955549055555555,17.5,0.049,143.199883,1,1
5055,14,10.025492642857143,20.69,1.199,140.356897,1,1
5068,5,5.76,11.51,0.69,28.799999999999997,1,1
5082,4,1.116,3.93,0.07,4.464,1,1
5099,4,1.165,2.69,0.05,4.66,1,1
5051,4,10.125,14.6,4.4,40.5,1,1
5088,1,1.7,1.7,1.7,1.7,1,1
5125,1,1.22,1.22,1.22,1.22,1,1
5111,10,3.9956400000000003,17.2,0.175,39.9564,1,1
5080,17,4.957694058823529,6.14,1.21,84.280799,1,1
5072,2,13.557799999999999,25.1256,1.99,27.115599999999997,1,1
5087,14,5.782571428571429,15.399,0.048,80.956,1,1
5120,6,0.9725,1.8,0.016,5.835,1,1
5115,17,2.91082,6.5,0.299,49.483940000000004,1,1
5104,22,6.678484545454546,15.13,0.038,146.92666,1,1
5116,17,7.155039529411765,11.87,0.7,121.635672,1,1
5098,1,0.018,0.018,0.018,0.018,1,1
5070,3,0.6685,1.0425,0.099,2.0055,1,1
5061,9,1.8033333333333335,3.69,0.78,16.23,1,1
5097,15,2.89466,5.24,0.014,43.4199,1,1
5128,3,3.6333333333333333,5.0,0.9,10.9,1,1
5085,4,2.3525,3.075,1.75,9.41,1,1
5093,3,0.19626666666666667,0.45,0.0488,0.5888,1,1
5066,8,5.3957375,16.5,0.999,43.1659,1,1
5096,3,10.2096,28.8888,0.05,30.6288,1,1
5119,5,8.822,24.98,1.15,44.11,1,1
5006,13,6.002484615384616,11.9,0.3,78.0323,1,1
5019,4,8.295175,26.1307,0.3,33.1807,1,1
5007,3,0.6443333333333333,1.42,0.013,1.9329999999999998,1,1
5047,3,1.633333333333333,2.3,0.3,4.8999999999999995,1,1
4998,2,4.875,6.8,2.95,9.75,1,1
5044,10,2.62218,6.57,0.011,26.2218,1,1
5008,6,5.574166666666667,17.99,0.06,33.445,1,1
5036,5,5.465999999999999,17.21,1.94,27.33,1,1
4990,11,4.043,6.11,0.075,44.473,1,1
5046,25,6.0693600000000005,18.379,0.3,151.734,1,1
5022,3,3.706633333333334,6.9,0.013,11.119900000000001,1,1
5024,3,13.433333333333332,25.0,0.3,40.3,1,1
5002,5,1.7579999999999998,3.48,0.17,8.79,1,1
5000,20,11.41383445,20.27,0.79,228.276689,1,1
5004,2,222.5,420.0,25.0,445.0,1,1
5038,6,7.695833333333333,15.95,1.35,46.175,1,1
5016,3,0.9194999999999999,1.4,0.013,2.7584999999999997,1,1
5049,13,10.333206846153844,14.9698,0.3,134.33168899999998,1,1
5003,31,4.482926677419355,10.35,0.036827,138.970727,1,1
5042,12,3.2316249999999997,4.09,0.75,38.7795,1,1
5048,5,2.6,4.07,0.3,13.0,1,1
4992,17,3.0333411764705884,5.18,0.013,51.5668,1,1
5039,21,8.903699904761904,21.38,0.75,186.977698,1,1
5001,7,8.710285714285714,10.962,4.02,60.971999999999994,1,1
4997,4,1.282689,2.604656,0.015,5.130756,1,1
5018,3,0.6176666666666667,1.39,0.013,1.853,1,1
5032,9,11.494854222222223,20.039999,1.0,103.453688,1,1
5035,59,4.651787016949153,14.2499,0.6,274.455434,1,1
5041,20,3.6626950000000003,5.4,1.1,73.2539,1,1
5043,6,2.03,3.24,1.0,12.18,1,1
4987,15,7.50134,36.5,0.016,112.5201,1,1
4995,15,8.806435533333334,19.89,1.1767,132.096533,1,1
5034,1,1.25,1.25,1.25,1.25,1,1
5029,8,3.34474125,4.39993,0.85,26.75793,1,1
4993,4,1.195,2.75,0.05,4.78,1,1
5023,9,10.608555555555556,23.86,0.013,95.477,1,1
5015,31,10.311146193548387,31.0,0.013,319.645532,1,1
4988,8,6.12638125,20.28,0.052,49.01105,1,1
5040,4,1.6850749999999999,2.1399,1.5,6.7402999999999995,1,1
5045,3,3.0700000000000003,5.11,0.3,9.21,1,1
5025,5,0.6521554,1.562977,0.1978,3.260777,1,1
5033,16,7.5257456875,18.19,1.34,120.411931,1,1
4994,36,7.8391793055555565,18.498,0.014,282.210455,1,1
5030,1,36.6,36.6,36.6,36.6,1,1
5013,2,1.0065,2.0,0.013,2.013,1,1
5014,7,4.342428571428571,7.5,0.013,30.397,1,1
4999,13,12.028345384615385,32.0,0.015,156.36849,1,1
5021,1,0.013,0.013,0.013,0.013,1,1
5020,11,2.7272636363636362,7.9849,0.3,29.999899999999997,1,1
5010,3,0.8186666666666667,1.666,0.013,2.456,1,1
5005,16,10.763875,26.379,0.013,172.222,1,1
5031,5,2.38602,3.5,1.46,11.9301,1,1
5037,6,13.443333333333333,18.68,1.6,80.66,1,1
4991,4,4.026,5.88,0.054,16.104,1,1
4989,7,4.002571428571429,13.03,0.025,28.018,1,1
5027,4,2.23915,4.88,0.0219,8.9566,1,1
4996,9,1.9222222222222223,2.73,0.88,17.3,1,1
5028,3,1.7866666666666664,2.48,0.9,5.359999999999999,1,1
5017,3,2.7176666666666667,5.19,0.013,8.153,1,1
5011,19,9.91656842105263,27.5,0.013,188.41479999999999,1,1
5012,14,2.6759285714285714,4.86,0.013,37.463,1,1
5050,0,0.0,0.0,0.0,0.0,0,0
5009,13,2.861769230769231,4.39,0.013,37.203,1,1
5026,19,6.331099999999999,11.22,0.042,120.2909,1,1
4969,14,3.965642857142857,6.57,0.525,55.519,1,1
4960,2,0.1625,0.265,0.06,0.325,1,1
4919,3,1.6500000000000001,4.0,0.3,4.95,1,1
4963,18,2.5577369444444447,6.5,0.094,46.039265,1,1
4941,9,4.122111111111111,6.3,3.2,37.099,1,1
4980,2,0.195,0.34,0.05,0.39,1,1
4961,9,2.091794444444444,5.4299,0.086,18.82615,1,1
4937,1,7.25,7.25,7.25,7.25,1,1
4934,17,5.119024705882353,10.57992,0.4,87.02342,1,1
4927,10,11.0134635,17.2,0.222,110.134635,1,1
4955,14,7.609817857142858,31.6,0.08,106.53745,1,1
4942,13,5.801049076923078,9.9,0.945,75.413638,1,1
4977,8,7.223903,22.2,0.22,57.791224,1,1
4986,3,1.8133333333333332,3.0,0.04,5.4399999999999995,1,1
4926,17,4.417514529411765,16.85,0.221,75.097747,1,1
4974,1,0.84,0.84,0.84,0.84,1,1
4966,4,0.459275,0.9,0.0122,1.8371,1,1
4976,8,6.573125,11.0,0.03,52.585,1,1
4936,2,18.375,33.5,3.25,36.75,1,1
4979,6,9.416666666666666,31.8,0.15,56.5,1,1
4972,2,2.54895,4.5729,0.525,5.0979,1,1
4952,10,3.6094999999999997,4.94,0.935,36.095,1,1
4921,10,10.2138258,17.339,0.22,102.13825800000001,1,1
4916,4,1.6125,3.87,0.3,6.45,1,1
4957,7,2.6428285714285713,5.55,0.125,18.4998,1,1
4967,10,6.489,15.74,0.015,64.89,1,1
4923,5,4.3838,10.91,0.3,21.919,1,1
4956,35,7.943514542857143,13.4,0.07,278.023009,1,1
4925,1,0.22,0.22,0.22,0.22,1,1
4973,6,5.664666666666666,16.85,0.525,33.988,1,1
4982,3,3.1833333333333336,7.2,0.4,9.55,1,1
4950,12,3.7914999999999996,6.76,0.943,45.498,1,1
4945,2,13.5,22.0,5.0,27.0,1,1
4933,1,4.75,4.75,4.75,4.75,1,1
4930,2,0.35,0.4,0.3,0.7,1,1
4939,24,7.330416666666667,14.997,0.975,175.93,1,1
4949,9,6.541888888888889,12.0,0.97,58.877,1,1
4959,9,5.375122222222222,26.0,0.03,48.3761,1,1
4951,1,3.079601,3.079601,3.079601,3.079601,1,1
4918,3,1.4900000000000002,3.0,0.22,4.470000000000001,1,1
4971,4,1.6806999999999999,2.7779,0.525,6.722799999999999,1,1
4947,6,6.185,10.0,1.65,37.11,1,1
4983,8,1.640625,6.9,0.031,13.125,1,1
4985,11,7.90790909090909,11.35,0.04,86.987,1,1
4928,1,0.21,0.21,0.21,0.21,1,1
4931,7,7.448564285714285,18.7,4.44,52.13995,1,1
4922,15,4.962863333333333,7.069,0.22,74.44295,1,1
4968,21,5.3801057142857145,11.7486,0.012,112.98222,1,1
4913,3,1.3499999999999999,2.5,0.5,4.05,1,1
4932,9,11.879133333333334,25.05,2.69,106.9122,1,1
4953,35,8.487248571428571,18.478,0.017,297.0537,1,1
4962,9,3.557444444444444,13.45,0.082,32.016999999999996,1,1
4954,2,0.17250000000000001,0.26,0.085,0.34500000000000003,1,1
4914,12,5.303083333333333,29.98,0.23,63.637,1,1
4975,5,2.56088,6.1,0.01,12.8044,1,1
4917,1,0.22,0.22,0.22,0.22,1,1
4935,12,6.84464075,12.28,2.24,82.135689,1,1
4970,11,13.45071809090909,33.48,0.525,147.957899,1,1
4920,8,5.06625,21.95,0.22,40.53,1,1
4958,5,4.071,15.25,0.125,20.355,1,1
4915,3,1.5733333333333333,3.0,0.22,4.72,1,1
4978,4,2.81,6.0,0.1,11.24,1,1
4924,9,2.7366666666666664,5.0,0.22,24.63,1,1
4981,5,1.283,4.25,0.04,6.415,1,1
4938,12,6.35757425,31.7,0.6596,76.290891,1,1
4964,21,2.705895238095238,4.28,0.011,56.8238,1,1
4940,3,15.6072,19.3216,9.0,46.821600000000004,1,1
4943,9,7.171255555555555,12.69,0.95,64.54129999999999,1,1
4929,17,4.462052941176471,12.0,0.19,75.8549,1,1
4984,2,0.11750000000000001,0.2,0.035,0.23500000000000001,1,1
4946,11,3.7162,4.717,0.9777,40.8782,1,1
4944,1,2.89,2.89,2.89,2.89,1,1
4965,4,1.62125,4.12,0.04,6.485,1,1
4948,3,1.5666666666666667,2.6,1.0,4.7,1,1
4826,17,8.008076,14.349992,0.425,136.137292,1,1
4908,0,0.0,0.0,0.0,0.0,0,0
4849,7,3.0094285714285713,4.69,1.475,21.066,1,1
4870,6,1.4883,4.0,0.0398,8.9298,1,1
4869,47,4.193911808510638,5.9917,0.0389,197.113855,1,1
4893,3,5.664333333333334,14.0,0.043,16.993000000000002,1,1
4857,4,9.775,20.42,3.88,39.1,1,1
4825,8,3.301875,11.41,0.055,26.415,1,1
4909,35,5.163062571428571,8.593,0.2,180.70719,1,1
4876,35,6.810406971428572,14.95,0.169,238.364244,1,1
4847,2,2.3475,2.495,2.2,4.695,1,1
4859,18,8.289349444444445,15.4,1.89,149.20829,1,1
4897,3,2.356333333333333,4.0,0.069,7.069,1,1
4891,4,2.642325,6.8,0.0393,10.5693,1,1
4906,4,2.9692499999999997,8.0,0.037,11.876999999999999,1,1
4864,5,1.88198,2.65,0.0499,9.4099,1,1
4905,6,1.4448333333333334,3.25,0.298,8.669,1,1
4855,6,0.4541666666666666,0.945,0.07,2.7249999999999996,1,1
4819,6,2.7737499999999997,6.57,0.139,16.6425,1,1
4843,31,5.717655774193549,11.099,0.0196,177.247329,1,1
4901,67,7.079026567164179,15.13,0.031,474.29478,1,1
4878,2,0.1695,0.17,0.169,0.339,1,1
4863,11,9.697072727272728,35.6,0.0379,106.6678,1,1
4904,2,5.375,7.25,3.5,10.75,1,1
4831,1,2.5,2.5,2.5,2.5,1,1
4838,8,1.855875,4.08,0.04,14.847,1,1
4895,2,0.225,0.4,0.05,0.45,1,1
4874,4,3.24445,8.0,0.0388,12.9778,1,1
4842,1,0.038,0.038,0.038,0.038,1,1
4846,6,1.46,2.93,0.03,8.76,1,1
4892,10,3.7507999999999995,15.5,0.039,37.507999999999996,1,1
4844,19,11.598770894736841,26.81,0.052,220.376647,1,1
4834,8,4.009875,10.399,0.02,32.079,1,1
4821,3,2.063,3.45,0.139,6.189,1,1
4889,3,1.6980000000000002,3.2,0.044,5.094,1,1
4881,6,1.8308166666666665,3.3,0.0349,10.9849,1,1
4902,3,1.7416666666666665,4.0,0.025,5.225,1,1
4907,2,5.75,7.0,4.5,11.5,1,1
4875,3,1.153,3.25,0.04,3.459,1,1
4827,27,7.641738148148148,15.94993,0.525,206.32693,1,1
4896,5,3.4932000000000003,11.35,0.5,17.466,1,1
4890,9,8.828831888888889,16.8,0.0435,79.459487,1,1
4885,2,0.5706,1.1212,0.02,1.1412,1,1
4833,16,15.0685625,36.48,0.08,241.097,1,1
4867,7,2.246385714285714,4.45,0.0347,15.7247,1,1
4853,2,1.94975,3.5,0.3995,3.8995,1,1
4912,7,3299.0184285714286,23000.0,4.5,23093.129,1,1
4851,2,5.325,9.0,1.65,10.65,1,1
4837,13,13.308461538461538,23.6,0.03,173.01,1,1
4841,2,1.274,2.5,0.048,2.548,1,1
4845,15,8.373773333333334,27.3317,0.051,125.6066,1,1
4835,6,8.5315,13.25,0.059,51.189,1,1
4877,7,2.242714285714286,5.5,0.04,15.699,1,1
4852,14,3.33525,5.7,0.4985,46.6935,1,1
4872,46,6.760554999999999,18.4,0.016,310.98553,1,1
4894,11,6.704172727272728,14.52,0.03,73.7459,1,1
4830,2,0.3725,0.52,0.225,0.745,1,1
4839,3,1.841424,4.254272,0.02,5.524272,1,1
4861,17,5.309016,14.94,0.3,90.253272,1,1
4829,24,9.985320708333333,21.4,0.325,239.647697,1,1
4828,3,1.63,2.8,0.69,4.89,1,1
4862,6,6.604983333333333,11.1,0.0499,39.6299,1,1
4850,6,2.708183333333333,3.8,0.4297,16.2491,1,1
4883,3,0.6733333333333333,1.05,0.02,2.02,1,1
4854,4,0.33035000000000003,0.415,0.2695,1.3214000000000001,1,1
4868,15,1.8751600000000002,10.05,0.0366,28.1274,1,1
4865,7,1.9157,3.97,0.0499,13.4099,1,1
4840,6,2.611666666666667,6.57,0.03,15.67,1,1
4903,1,2.69,2.69,2.69,2.69,1,1
4910,26,4.458711538461539,11.51,0.8,115.9265,1,1
4884,8,2.9755000000000003,10.84,0.04,23.804000000000002,1,1
4823,10,7.0525,10.69,0.175,70.525,1,1
4898,3,1.735,2.5,1.23,5.205,1,1
4879,9,8.940865333333333,10.99,0.169,80.467788,1,1
4856,8,3.1352375,5.0,0.595,25.0819,1,1
4900,11,1.2873814545454545,2.724153,0.02,14.161196,1,1
4824,16,9.123999375,15.683,0.215,145.98399,1,1
4866,4,2.74107175,9.0,0.03,10.964287,1,1
4899,11,8.364909090909093,19.489,0.03,92.01400000000001,1,1
4848,5,3.1929000000000003,6.5,0.3975,15.964500000000001,1,1
4858,4,4.67045,6.88,3.5,18.6818,1,1
4860,7,2.2610914285714285,5.18,0.035,15.827639999999999,1,1
4886,4,8.717,13.688,0.07,34.868,1,1
4880,4,1.4018,3.75,0.0422,5.6072,1,1
4836,4,14.1325,21.5,0.03,56.53,1,1
4873,16,6.420553875,16.263,0.0388,102.728862,1,1
4871,22,9.291280590909091,32.0,0.0438,204.408173,1,1
4822,3,1.2463333333333335,2.0,0.139,3.7390000000000003,1,1
4832,11,3.2066999999999997,5.5075,0.3,35.2737,1,1
4820,5,1.2178,3.2,0.139,6.089,1,1
4887,4,5.037125,12.68,0.0435,20.1485,1,1
4888,2,3.86885,7.6942,0.0435,7.7377,1,1
4882,6,6.678166666666667,18.55,0.069,40.069,1,1
4911,5,7.88108,32.75,0.2,39.4054,1,1
4735,18,13.272457333333334,27.599982,0.018,238.904232,1,1
4815,1,5.0,5.0,5.0,5.0,1,1
4775,6,2.0948333333333333,7.4,0.19,12.569,1,1
4752,14,8.162142142857142,15.28,0.61,114.26998999999999,1,1
4804,3,7.808,14.5,0.044,23.424,1,1
4806,8,1.6093,2.48,0.044,12.8744,1,1
4738,12,9.380225000000001,19.998,1.77,112.5627,1,1
4749,5,11.21538,19.5,0.6,56.076899999999995,1,1
4790,7,1.661757142857143,2.59,0.037,11.6323,1,1
4791,10,5.3441999000000004,11.944,0.037,53.441999,1,1
4808,8,2.332625,6.973,0.0129,18.661,1,1
4795,9,10.283999999999999,29.0,0.036,92.556,1,1
4817,25,4.21798,5.66,0.9499,105.4495,1,1
4818,4,2.808,5.1,0.052,11.232,1,1
4750,11,2.823909090909091,5.545,0.06,31.063,1,1
4743,4,2.48635,4.2795,0.15,9.9454,1,1
4751,36,3.6639861111111114,4.95,0.8088,131.9035,1,1
4779,3,0.9258333333333333,0.99,0.8085,2.7775,1,1
4768,3,0.5363333333333333,1.5,0.05,1.609,1,1
4734,28,4.73565,6.15,0.018,132.5982,1,1
4788,5,5.1512,10.648,0.038,25.756,1,1
4805,10,2.49028,5.8,0.044,24.9028,1,1
4748,1,0.2,0.2,0.2,0.2,1,1
4792,28,6.107962607142857,10.15,0.037,171.022953,1,1
4754,3,15.666666666666666,23.75,1.0,47.0,1,1
4759,17,11.510728823529412,24.9899,0.2,195.68239,1,1
4747,0,0.0,0.0,0.0,0.0,0,0
4812,33,4.405842424242424,6.77,0.0149,145.3928,1,1
4766,9,2.8544887777777777,4.284999,0.2,25.690399,1,1
4785,23,7.115866086956522,16.299,0.038,163.66492,1,1
4736,5,2.83,4.93,0.08,14.15,1,1
4809,9,5.720366666666667,11.1,0.0169,51.4833,1,1
4755,1,1.25,1.25,1.25,1.25,1,1
4780,19,8.50325994736842,20.13999,0.8061,161.561939,1,1
4760,10,11.3169,21.99,0.2,113.169,1,1
4811,10,4.78104,6.82,0.0119,47.8104,1,1
4772,11,3.007527181818182,5.5288,0.075,33.082799,1,1
4753,1,1.0,1.0,1.0,1.0,1,1
4810,21,9.312123761904761,19.5,0.0119,195.554599,1,1
4758,7,6.0600000000000005,12.45,0.2,42.42,1,1
4782,14,3.346437714285714,10.34,0.105,46.850128,1,1
4769,10,9.3045,15.09,0.06,93.045,1,1
4764,6,5.005,14.79,0.2,30.03,1,1
4803,8,1.6472375,4.0,0.0379,13.1779,1,1
4807,11,5.198781818181818,19.4392,0.044,57.1866,1,1
4799,5,2.1,8.0,0.05,10.5,1,1
4746,6,11.031333333333334,16.0,0.2,66.188,1,1
4802,13,8.293896230769231,21.75,0.018,107.820651,1,1
4816,31,9.43137058064516,24.55,0.35,292.372488,1,1
4801,6,0.5199833333333334,1.98,0.05,3.1199,1,1
4800,3,0.5549666666666667,1.4269,0.038,1.6649,1,1
4762,8,3.8825,9.0,0.2,31.06,1,1
4757,5,1.6760000000000002,2.95,0.2,8.38,1,1
4744,6,12.341366666666667,18.1382,0.21,74.04820000000001,1,1
4761,25,4.4280568,7.15,0.2,110.70142,1,1
4784,6,0.8196666666666667,2.7,0.038,4.918,1,1
4776,8,1.376125,2.65,0.029,11.009,1,1
4814,4,6.77975,11.699,3.0,27.119,1,1
4733,2,0.105,0.12,0.09,0.21,1,1
4789,7,1.1347,3.4,0.0379,7.9429,1,1
4796,9,1.2886555555555557,3.0,0.0379,11.597900000000001,1,1
4793,4,11.75925,24.5,0.037,47.037,1,1
4770,6,7.91,11.9,0.19,47.46,1,1
4737,6,2.560498,4.239988,0.194,15.362988,1,1
4771,1,0.09,0.09,0.09,0.09,1,1
4765,27,6.730676296296297,40.0,0.2,181.72826,1,1
4740,17,4.753511647058823,10.219898,0.04,80.809698,1,1
4798,3,1.641,3.673,0.05,4.923,1,1
4767,2,0.1775,0.31,0.045,0.355,1,1
4739,7,3.8104672857142856,5.0933,2.52,26.673271,1,1
4745,6,5.138333333333334,8.88,0.65,30.830000000000002,1,1
4813,30,5.830228333333333,14.05,2.63,174.90685,1,1
4741,4,6.328100000000001,16.1,0.15,25.312400000000004,1,1
4783,3,1.6788456666666667,3.544537,0.512,5.036537,1,1
4787,7,7.103071428571428,20.7035,0.038,49.7215,1,1
4756,12,6.492249999999999,10.62,0.8,77.907,1,1
4786,2,1.319,2.6,0.038,2.638,1,1
4773,5,4.318,9.0,1.0,21.59,1,1
4742,10,2.8259,5.4824,0.15,28.259,1,1
4781,21,2.942414285714286,6.66,0.105,61.7907,1,1
4778,7,15.695714285714287,33.0,0.5,109.87,1,1
4794,11,7.391543545454545,11.77,0.037,81.306979,1,1
4763,10,5.783994,10.4,0.2,57.83994,1,1
4797,14,4.945,12.489,0.05,69.23,1,1
4774,31,4.866230612903226,27.469951,0.035,150.853149,1,1
4777,4,2.6836,5.0,0.09,10.7344,1,1
4719,7,1.8245714285714285,3.5,0.034,12.772,1,1
4693,14,1.5853642857142858,3.09,0.048,22.1951,1,1
4684,5,10.8036,16.85,0.479,54.018,1,1
4648,1,0.185,0.185,0.185,0.185,1,1
4652,3,1.86,3.5,0.28,5.58,1,1
4717,2,1.5245,2.58,0.469,3.049,1,1
4655,2,1.295,1.65,0.94,2.59,1,1
4643,8,6.5239375,11.65,0.045,52.1915,1,1
4638,2,9.7946,17.8392,1.75,19.5892,1,1
4680,4,9.3934945,9.9,9.158,37.573978,1,1
4644,11,4.240918181818182,11.6,0.045,46.6501,1,1
4660,5,2.1058,3.699,0.18,10.529,1,1
4698,17,7.608089117647059,18.36,1.012425,129.337515,1,1
4729,12,4.86625,10.12,2.0,58.394999999999996,1,1
4670,3,4.969666666666666,10.75,0.319,14.908999999999999,1,1
4674,17,5.255095235294117,9.5,0.95,89.336619,1,1
4714,8,2.51725,6.57,0.029,20.138,1,1
4718,16,3.3576346875,9.01,0.469,53.722155,1,1
4725,11,10.486790727272727,28.4,0.195,115.354698,1,1
4656,7,5.4427142857142865,10.69,0.35,38.099000000000004,1,1
4641,4,3.135,3.899,1.2,12.54,1,1
4722,1,0.49,0.49,0.49,0.49,1,1
4705,11,8.057727272727274,11.268,0.069,88.635,1,1
4663,48,5.346956250000001,10.939,0.014,256.6539,1,1
4726,10,6.36977,10.718,2.09,63.6977,1,1
4715,1,1.59,1.59,1.59,1.59,1,1
4647,4,0.7225,1.24,0.23,2.89,1,1
4679,1,0.98,0.98,0.98,0.98,1,1
4666,2,0.17895,0.31,0.0479,0.3579,1,1
4706,8,7.56231525,42.0,0.29,60.498522,1,1
4692,3,0.7596666666666666,1.75,0.039,2.279,1,1
4727,5,3.758,11.45,0.55,18.79,1,1
4702,3,5.6583,7.0,4.0,16.974899999999998,1,1
4687,5,1.3556000000000001,2.369,0.049,6.7780000000000005,1,1
4681,3,3.3966666666666665,4.0,2.9,10.19,1,1
4651,4,0.6845,1.2,0.289,2.738,1,1
4713,3,2.8733276666666665,6.229983,0.14,8.619983,1,1
4685,2,2.1944999999999997,3.3,1.089,4.388999999999999,1,1
4731,17,4.281411764705883,15.13,0.739,72.784,1,1
4728,5,9.82642,11.9999,2.88,49.1321,1,1
4661,3,0.7566666666666667,1.09,0.18,2.27,1,1
4650,7,1.6305714285714286,3.2,0.215,11.414,1,1
4668,6,3.3046666666666664,11.07,0.458,19.828,1,1
4694,7,2.0625714285714283,4.789,0.02,14.437999999999999,1,1
4724,10,2.5115000000000003,5.096,0.039,25.115000000000002,1,1
4683,4,4.938,7.39,4.0,19.752,1,1
4721,7,0.765,1.9,0.035,5.355,1,1
4701,12,3.3000208333333334,7.0,0.96,39.60025,1,1
4704,8,6.33315,22.99,0.0549,50.6652,1,1
4707,5,1.2078,2.79,0.039,6.039,1,1
4695,19,4.5051578947368425,5.8,0.054,85.598,1,1
4658,16,9.5895375,32.799,0.39,153.4326,1,1
4691,23,4.4156824782608695,9.84,0.044,101.560697,1,1
4712,4,4.165,7.0,0.12,16.66,1,1
4653,11,3.901636272727273,11.0,0.24,42.917999,1,1
4710,10,3.1726,6.269,0.039,31.726,1,1
4665,15,6.054002,14.388,0.0479,90.81003,1,1
4682,11,7.709072727272727,27.95,1.05,84.7998,1,1
4639,38,9.96109944736842,22.1,1.5,378.521779,1,1
4642,2,0.053,0.061,0.045,0.106,1,1
4703,25,10.282404,35.198,1.65,257.0601,1,1
4675,22,6.811086363636363,13.119,1.5,149.8439,1,1
4696,13,3.9498,11.8,0.0534,51.3474,1,1
4649,10,8.519386,18.75,0.17,85.19386,1,1
4640,8,4.893874374999999,9.6,1.2,39.150994999999995,1,1
4720,2,15.95,25.0,6.9,31.9,1,1
4697,2,1.3050000000000002,1.85,0.76,2.6100000000000003,1,1
4659,7,3.0157142857142856,4.07,0.18,21.11,1,1
4732,5,4.6809958,7.5,1.95,23.404978999999997,1,1
4686,9,5.596,23.0,0.429,50.364000000000004,1,1
4700,3,2.1630000000000003,3.43,1.239,6.489000000000001,1,1
4699,5,1.362,4.0,0.12,6.8100000000000005,1,1
4716,5,1.6938000000000002,2.6,0.039,8.469000000000001,1,1
4645,6,1.628466666666667,3.5,0.045,9.770800000000001,1,1
4730,4,3.135,5.3,1.89,12.54,1,1
4669,2,1.1895,2.0,0.379,2.379,1,1
4667,2,4.75,6.0,3.5,9.5,1,1
4654,18,3.721511111111111,5.88,0.35,66.9872,1,1
4677,26,5.6575461538461544,13.05,0.328,147.0962,1,1
4711,30,3.9617966666666664,11.15,0.032,118.8539,1,1
4672,12,8.456908333333333,34.7739,0.319,101.48289999999999,1,1
4676,6,4.314683333333334,10.6,0.379,25.8881,1,1
4708,5,2.634,3.85,0.34,13.17,1,1
4723,6,1.1660000000000001,2.24,0.035,6.996,1,1
4657,8,3.0782375,5.3,0.19,24.6259,1,1
4662,2,0.615,0.78,0.45,1.23,1,1
4664,7,4.828,18.89,0.0185,33.796,1,1
4689,2,0.2785,0.5,0.057,0.557,1,1
4673,22,8.647149954545455,22.89,1.769,190.237299,1,1
4709,47,4.594723404255319,6.15,0.032,215.952,1,1
4690,20,4.805899999999999,19.88,0.019,96.118,1,1
4688,5,0.8878,1.79,0.039,4.439,1,1
4671,15,2.936534,4.6,0.378,44.04801,1,1
4646,2,0.047,0.047,0.047,0.094,1,1
4678,15,8.565991933333333,16.985,0.338,128.489879,1,1
4610,4,1.62875,2.69,0.175,6.515,1,1
4600,6,0.6931666666666668,3.2,0.05,4.159000000000001,1,1
4607,6,6.5817999999999985,32.98,0.2,39.49079999999999,1,1
4555,21,8.18682857142857,18.65,0.013,171.9234,1,1
4619,3,3.8633333333333333,5.99,2.1,11.59,1,1
4609,2,1.925,3.5,0.35,3.85,1,1
4559,3,4.406666666666667,6.9,2.52,13.22,1,1
4585,32,8.638059375,21.98,0.1,276.4179,1,1
4557,0,0.0,0.0,0.0,0.0,0,0
4593,6,2.657,9.0,0.042,15.942,1,1
4601,7,4.114757142857143,5.788,0.028,28.8033,1,1
4552,9,10.453555555555555,29.98,0.013,94.082,1,1
4622,3,2.3466666666666667,3.99,1.19,7.04,1,1
4588,18,4.594823055555556,13.01,0.1,82.706815,1,1
4558,3,1.0953076666666666,2.9,0.16,3.285923,1,1
4587,6,2.018333333333333,2.89,0.07,12.11,1,1
4603,25,5.648669999999999,17.0,0.02,141.21675,1,1
4623,3,4.583333333333333,10.0,0.75,13.75,1,1
4628,8,4.7351375,18.09,0.051,37.8811,1,1
4624,20,8.39904,36.0,4.31,167.9808,1,1
4545,9,11.192222222222222,31.0,0.18,100.73,1,1
4572,1,2.4,2.4,2.4,2.4,1,1
4540,2,0.264,0.328,0.2,0.528,1,1
4566,7,1.4264642857142855,3.28,0.045,9.985249999999999,1,1
4562,32,4.2194909375,6.88,0.368,135.02371,1,1
4546,21,3.792332523809524,11.949951,0.25,79.638983,1,1
4632,24,9.807126916666666,28.7,0.049091,235.371046,1,1
4611,1,0.5,0.5,0.5,0.5,1,1
4626,8,3.884625,10.82,0.121,31.077,1,1
4595,17,594.8195367647058,10008.0,0.042,10111.932125,1,1
4618,1,3.0,3.0,3.0,3.0,1,1
4635,1,0.3,0.3,0.3,0.3,1,1
4551,1,4.0,4.0,4.0,4.0,1,1
4568,5,2.06138,3.64,1.1,10.3069,1,1
4569,3,4.156666666666667,8.0,1.97,12.47,1,1
4574,8,6.20336125,19.99,0.148,49.62689,1,1
4539,5,3.6060000000000003,6.0,1.1,18.03,1,1
4560,10,6.74079,17.09,0.38,67.4079,1,1
4596,8,1.901125,3.6,0.069,15.209,1,1
4630,19,3.287822631578947,7.6865,0.0999,62.46863,1,1
4571,8,5.6078125,12.9989,0.9,44.8625,1,1
4597,4,0.66225,2.25,0.05,2.649,1,1
4548,3,2.28,3.65,0.05,6.84,1,1
4582,6,0.8111666666666667,3.8,0.1,4.867,1,1
4608,10,9.4493377,13.41,0.2,94.493377,1,1
4594,7,2.788,5.6,0.042,19.516,1,1
4604,1,0.18,0.18,0.18,0.18,1,1
4573,3,3.2800166666666666,6.0,1.65005,9.84005,1,1
4544,5,1.6476,4.5,0.049,8.238,1,1
4579,6,3.8016666666666663,9.69,0.05,22.81,1,1
4592,12,3.8034583333333334,5.95,0.042,45.6415,1,1
4561,6,1.607,2.75,0.192,9.642,1,1
4606,12,5.677459083333333,9.65,0.5,68.129509,1,1
4590,1,0.1,0.1,0.1,0.1,1,1
4584,5,4.1899999999999995,10.5,0.3,20.95,1,1
4537,10,9.603099,25.79,0.25,96.03099,1,1
4570,15,7.329319866666666,14.666,0.045,109.939798,1,1
4576,20,8.643845299999999,18.3,0.1,172.876906,1,1
4541,18,6.127555555555556,10.64,0.25,110.296,1,1
4614,15,7.317333333333334,20.74,0.175,109.76,1,1
4589,5,17.438,28.0,0.2,87.19,1,1
4567,6,1.7762756666666668,4.0,1.0,10.657654,1,1
4598,8,2.286,5.4,0.03,18.288,1,1
4591,4,1.0562,3.14,0.042,4.2248,1,1
4616,22,8.20606359090909,21.989999,2.19,180.533399,1,1
4543,6,10.543333333333335,26.5,0.25,63.260000000000005,1,1
4627,12,6.705791666666666,14.45,1.88,80.4695,1,1
4580,2,0.4,0.4,0.4,0.8,1,1
4612,29,4.438441344827586,6.2378,0.455,128.714799,1,1
4565,31,5.764193548387096,17.85,0.2,178.69,1,1
4553,4,1.4455,3.25,0.013,5.782,1,1
4621,0,0.0,0.0,0.0,0.0,0,0
4578,6,1.5341445,3.614867,0.1,9.204867,1,1
4613,5,4.181220000000001,14.6,0.225,20.906100000000002,1,1
4538,5,1.298,2.88,0.25,6.49,1,1
4547,6,6.861666666666667,19.0,0.18,41.17,1,1
4625,2,5.734999999999999,11.1,0.37,11.469999999999999,1,1
4629,16,4.46436875,10.56,0.6409,71.4299,1,1
4605,24,9.818512083333333,27.3317,0.016,235.64429,1,1
4634,21,8.005542380952381,24.99,0.275,168.11639,1,1
4549,2,7.1568499999999995,13.69,0.6237,14.313699999999999,1,1
4615,5,1.6019999999999999,2.28,0.35,8.01,1,1
4575,7,5.682643,10.96,0.986,39.778501,1,1
4554,1,0.013,0.013,0.013,0.013,1,1
4556,6,1.2650833333333333,3.0,0.155,7.5905000000000005,1,1
4550,3,5.7423,15.6969,0.35,17.2269,1,1
4620,14,7.608364785714286,27.35,3.0,106.51710700000001,1,1
4581,10,6.9599999,25.64,0.1,69.599999,1,1
4636,3,2.08,2.99,0.85,6.24,1,1
4542,65,4.630363769230769,16.89,0.2,300.973645,1,1
4583,8,1.753625,3.8,0.1,14.029,1,1
4631,13,8.42636923076923,13.04,1.0,109.5428,1,1
4586,11,2.0885243636363637,4.168968,0.07,22.973768,1,1
4577,28,8.93247667857143,26.2,0.1,250.109347,1,1
4602,3,0.3506666666666667,0.88,0.022,1.052,1,1
4637,4,1.815,3.0,0.86,7.26,1,1
4599,8,1.2835125,3.15,0.05,10.2681,1,1
4563,2,0.139,0.198,0.08,0.278,1,1
4633,3,1.4853333333333332,2.5,0.266,4.4559999999999995,1,1
4564,16,12.152375,33.0,1.75,194.438,1,1
4617,1,8.888,8.888,8.888,8.888,1,1
4523,5,1.19994,2.35,0.0497,5.9997,1,1
4504,8,9.4,22.69,1.35,75.2,1,1
4489,4,1.0824500000000001,1.75,0.0398,4.3298000000000005,1,1
4463,30,7.4449000000000005,21.088,0.192,223.347,1,1
4507,10,7.2005683000000005,35.0,0.015,72.005683,1,1
4502,5,1.32742,2.888,0.0391,6.6371,1,1
4475,19,4.173994736842105,5.02,0.046,79.3059,1,1
4514,4,1.80439525,3.7533,0.44,7.217581,1,1
4529,14,8.579142857142857,19.69,0.08,120.108,1,1
4476,23,9.758517652173913,27.0,0.047,224.445906,1,1
4497,4,0.80825,1.6,0.04,3.233,1,1
4470,2,0.0385,0.06,0.017,0.077,1,1
4498,7,1288.6331428571427,9000.0,0.043,9020.431999999999,1,1
4473,4,0.81375,1.5,0.02,3.255,1,1
4513,8,8.23625,28.8,0.15,65.89,1,1
4535,16,3.4197375,4.42,0.819,54.7158,1,1
4462,13,6.2498460769230775,11.089999,0.192,81.24799900000001,1,1
4474,7,1.194821,3.0,0.048,8.363747,1,1
4532,19,6.552015684210526,13.55,0.75,124.488298,1,1
4485,4,3.0324999999999998,5.5,1.0,12.129999999999999,1,1
4522,14,5.929863142857143,14.05,0.043,83.018084,1,1
4482,2,4.4399999999999995,8.78,0.1,8.879999999999999,1,1
4465,2,0.7959999999999999,1.575,0.017,1.5919999999999999,1,1
4516,3,0.8534333333333333,1.4999,0.21,2.5603,1,1
4479,3,0.22666666666666666,0.35,0.05,0.6799999999999999,1,1
4528,9,17.852987444444445,34.449999,0.0539,160.676887,1,1
4501,17,7.538014705882354,10.75,0.0399,128.14625,1,1
4488,3,0.22563333333333335,0.388,0.0399,0.6769000000000001,1,1
4526,4,13.997449750000001,27.5,0.0498,55.989799000000005,1,1
4480,21,9.040761904761904,24.5,0.3,189.856,1,1
4487,8,1.29235,3.0,0.039,10.3388,1,1
4468,5,2.1298000000000004,4.97,0.05,10.649000000000001,1,1
4466,15,9.3697836,23.99,0.03,140.546754,1,1
4503,10,1.1023,2.42,0.041,11.023,1,1
4464,7,2.3144285714285715,4.75,0.017,16.201,1,1
4506,9,14.05,19.61,0.38,126.45,1,1
4533,10,2.6948999999999996,5.7,0.735,26.948999999999998,1,1
4486,14,4.902785714285715,10.8,0.05,68.63900000000001,1,1
4495,20,6.80388495,33.0,0.0439,136.077699,1,1
4512,3,1.2899999999999998,3.8,0.03,3.8699999999999997,1,1
4499,6,1.58965,3.59,0.043,9.5379,1,1
4527,6,1.6849666666666667,3.2,0.0498,10.1098,1,1
4494,29,4.6808999310344825,13.6,0.0438,135.746098,1,1
4519,7,10.552857000000001,24.0,1.42,73.869999,1,1
4518,4,2.16585,2.8483,1.523,8.6634,1,1
4492,8,2.8892,10.4,0.0436,23.1136,1,1
4481,22,3.918159090909091,16.9737,0.25,86.1995,1,1
4509,47,4.10861914893617,6.25,0.015,193.1051,1,1
4467,4,0.97025,1.98,0.021,3.881,1,1
4536,6,1.1612916666666668,2.2,0.035,6.9677500000000006,1,1
4517,13,7.642076923076923,20.45,0.1,99.347,1,1
4525,15,7.548586666666667,19.34,0.0498,113.2288,1,1
4531,4,1.13975,1.5,0.74,4.559,1,1
4508,21,9.105847571428573,20.81,0.015,191.222799,1,1
4472,11,8.413181818181819,27.0,0.02,92.545,1,1
4484,2,0.1,0.15,0.05,0.2,1,1
4521,13,3.0869076923076926,6.2,0.0498,40.1298,1,1
4491,18,2.624544444444444,18.59,0.0498,47.2418,1,1
4490,13,1.7682846153846155,6.0,0.0397,22.9877,1,1
4496,21,8.825680952380953,19.95,0.0395,185.3393,1,1
4500,1,0.043,0.043,0.043,0.043,1,1
4510,7,8.036285714285714,19.88,0.094,56.254,1,1
4511,13,2.9660536153846158,9.799697,0.015,38.558697,1,1
4469,16,3.9421098125,7.29,0.017,63.073757,1,1
4493,8,1.788913125,3.0,0.0437,14.311305,1,1
4524,6,1.4339000000000002,2.48,0.05,8.6034,1,1
4534,11,5.754763636363637,15.489,0.73,63.302400000000006,1,1
4483,6,1.5544833333333334,3.35,0.245,9.3269,1,1
4505,25,4.7411471999999995,6.12,0.58,118.52868,1,1
4515,6,4.59985,9.499,0.2,27.5991,1,1
4478,8,6.98875,17.83,0.4,55.91,1,1
4530,4,25.525,40.0,0.1,102.1,1,1
4471,12,5.544833333333333,11.49,0.015,66.538,1,1
4520,17,2.7766294117647057,4.595,0.0489,47.2027,1,1
4477,2,1.05,1.1,1.0,2.1,1,1
4395,6,1.5296666666666667,4.75,0.05,9.178,1,1
4399,3,0.5096666666666666,0.869,0.061,1.529,1,1
4438,3,2.6784,4.1922,0.043,8.0352,1,1
4386,5,3.7439999999999998,10.42,0.15,18.72,1,1
4429,1,0.61,0.61,0.61,0.61,1,1
4379,32,4.555615625,7.76,0.03,145.7797,1,1
4423,9,4.442896111111111,10.596,0.299,39.986064999999996,1,1
4376,23,11.580678,23.9005,0.06,266.355594,1,1
4456,21,12.819801619047619,19.69,1.0,269.215834,1,1
4406,2,1.5,2.99,0.01,3.0,1,1
4382,17,4.057755941176471,10.488951,0.0529,68.981851,1,1
4393,17,8.911363882352942,20.5,0.048,151.493186,1,1
4421,5,3.3103811999999997,4.67,1.7,16.551906,1,1
4416,4,1.0525,3.5,0.015,4.21,1,1
4448,1,0.039,0.039,0.039,0.039,1,1
4369,12,9.997150833333334,18.999,0.02,119.96581,1,1
4387,6,12.945516666666668,24.6231,0.049,77.6731,1,1
4444,6,8.255716666666666,19.99,0.06,49.5343,1,1
4425,8,2.9228125,5.74,0.0535,23.3825,1,1
4430,10,9.442499999999999,37.16,1.55,94.425,1,1
4390,5,31.347500000000004,120.0,0.0475,156.7375,1,1
4401,8,1.275,3.02,0.05,10.2,1,1
4440,35,5.470362857142857,27.89,0.025,191.46269999999998,1,1
4431,4,5.873724999999999,19.99,0.05,23.494899999999998,1,1
4427,8,9.979375000000001,17.94,0.053,79.83500000000001,1,1
4424,12,8.669664333333333,19.98,0.02,104.035972,1,1
4394,5,14.245592400000001,33.999999,0.0515,71.227962,1,1
4459,8,5.8025,12.13,1.9,46.42,1,1
4435,6,1.0665833333333332,2.66,0.015,6.3995,1,1
4441,13,7.02003076923077,26.0,0.06,91.2604,1,1
4375,1,0.11,0.11,0.11,0.11,1,1
4449,14,12.323225857142857,27.87,0.039,172.525162,1,1
4374,10,6.161599900000001,27.34,0.05,61.615999,1,1
4428,5,1.3797799999999998,3.0,0.0545,6.898899999999999,1,1
4408,3,1.0533,1.8999,0.01,3.1599,1,1
4403,10,11.1832338,22.4,0.01,111.832338,1,1
4447,30,9.724979999999999,16.38,0.001,291.7494,1,1
4445,4,1.3425,2.49,0.08,5.37,1,1
4377,37,7.342984405405406,19.7,0.06,271.690423,1,1
4433,9,12.286665666666666,27.49,0.04,110.57999099999999,1,1
4415,10,7.3562141,13.657141,0.015,73.562141,1,1
4381,59,5.695364406779661,40.0,0.0548,336.0265,1,1
4392,11,9.441818181818181,23.689,0.042,103.86,1,1
4460,8,1.3271249999999999,3.5,0.13,10.616999999999999,1,1
4442,3,1.4706666666666666,2.3,0.013,4.412,1,1
4420,1,0.043,0.043,0.043,0.043,1,1
4437,1,0.013,0.013,0.013,0.013,1,1
4414,4,1.9387500000000002,4.0,0.015,7.755000000000001,1,1
4458,3,5.166666666666667,8.0,3.5,15.5,1,1
4413,6,1.6256666666666666,3.39,0.015,9.754,1,1
4410,22,4.149358863636364,8.287,0.015,91.285895,1,1
4452,1,1.4,1.4,1.4,1.4,1,1
4388,4,5.844,10.997,0.049,23.376,1,1
4402,33,4.768939393939394,6.11,0.01,157.375,1,1
4439,1,0.013,0.013,0.013,0.013,1,1
4432,7,3.4489000000000005,16.94,0.0445,24.142300000000002,1,1
4419,2,7.05,14.0,0.1,14.1,1,1
4384,6,1.9083333333333332,3.0,0.05,11.45,1,1
4422,16,7.4391437499999995,18.2,0.339,119.02629999999999,1,1
4389,7,1.3030000000000002,2.189,0.052,9.121,1,1
4397,20,4.02284,10.75,0.02,80.4568,1,1
4418,13,3.2722384615384614,5.9911,0.009,42.5391,1,1
4436,40,7.9437472499999995,17.45,0.0545,317.74989,1,1
4455,10,3.5506900000000003,5.17,1.0,35.5069,1,1
4451,2,1.6600000000000001,2.33,0.99,3.3200000000000003,1,1
4378,31,6.948095967741936,16.369,0.04,215.390975,1,1
4405,2,1.13,2.25,0.01,2.26,1,1
4446,4,1.3657249999999999,2.75,0.013,5.462899999999999,1,1
4385,13,9.338615307692308,19.69,0.02,121.401999,1,1
4412,2,1.0625,2.11,0.015,2.125,1,1
4434,7,0.5932714285714286,3.0,0.018,4.1529,1,1
4409,6,2.386016666666667,3.2,0.015,14.3161,1,1
4407,2,0.955,1.9,0.01,1.91,1,1
4457,13,9.610130769230768,23.39,1.0,124.93169999999999,1,1
4404,2,1.88,3.75,0.01,3.76,1,1
4398,6,5.534116666666667,28.87,0.05,33.2047,1,1
4371,6,801.9065,4800.0,0.07,4811.439,1,1
4443,5,3.26432,5.54,0.035,16.3216,1,1
4417,5,1.067,3.5,0.01,5.335,1,1
4411,15,9.086066666666666,21.25,0.015,136.291,1,1
4396,11,7.011563636363636,19.625,0.625,77.1272,1,1
4370,10,3.9162189999999995,11.69199,0.02,39.162189999999995,1,1
4453,24,3.7803562916666666,4.95,2.150551,90.728551,1,1
4461,10,2.0402,4.444,0.12,20.402,1,1
4454,4,3.709925,7.0,1.9591,14.8397,1,1
4400,12,3.5024416666666665,4.94,0.05,42.0293,1,1
4391,4,0.66075,1.97,0.044,2.643,1,1
4383,1,0.02,0.02,0.02,0.02,1,1
4426,3,7.017833333333333,12.0,0.0535,21.0535,1,1
4380,1,1.0,1.0,1.0,1.0,1,1
4373,8,12.11226525,50.0,0.5,96.898122,1,1
4450,10,1.65928,4.59,0.039,16.5928,1,1
4372,15,4.933586666666667,11.5649,0.2,74.0038,1,1
4339,12,5.796591666666667,9.05,3.2,69.5591,1,1
4265,12,8.708516666666666,34.3,0.01,104.50219999999999,1,1
4323,28,7.0139410714285715,16.6,0.04,196.39035,1,1
4261,8,7.13375,18.0,0.04,57.07,1,1
4308,15,9.201599866666667,15.41,0.022,138.023998,1,1
4331,1,0.5,0.5,0.5,0.5,1,1
4307,14,5.231898571428571,11.05,0.069,73.24658,1,1
4298,4,3.325,6.0,0.5,13.3,1,1
4312,5,3.01856,4.5,0.65,15.0928,1,1
4267,2,3.56,7.0,0.12,7.12,1,1
4268,3,0.29833333333333334,0.4,0.205,0.895,1,1
4303,8,2.3475,4.7,0.06,18.78,1,1
4288,11,6.780292090909091,18.49,0.82,74.583213,1,1
4304,13,8.653384615384615,18.23,0.05,112.494,1,1
4263,6,4.8308333333333335,15.5,0.325,28.985,1,1
4328,3,1.1466666666666667,1.79,0.5,3.44,1,1
4346,30,4.55114,20.28,0.55,136.5342,1,1
4327,42,7.251071404761905,11.8,0.5,304.544999,1,1
4356,22,11.351623409090909,35.3769,0.18,249.735715,1,1
4333,5,2.1658,3.15,1.0,10.829,1,1
4306,2,1.035,1.97,0.1,2.07,1,1
4297,41,6.809810829268293,23.69,0.2,279.202244,1,1
4259,15,6.524190399999999,12.15,0.25,97.862856,1,1
4295,2,1.05,1.9,0.2,2.1,1,1
4342,7,17.357138428571428,33.85,3.3,121.499969,1,1
4335,8,8.355985625,10.597988,1.0,66.847885,1,1
4282,1,0.0479,0.0479,0.0479,0.0479,1,1
4270,8,13.833625,28.0,0.1,110.669,1,1
4279,6,4.891649999999999,10.5,0.2499,29.349899999999998,1,1
4352,9,4.6372,19.99,0.225,41.7348,1,1
4278,3,3.5433,6.88,0.2499,10.6299,1,1
4322,52,5.834669230769231,10.595,0.4,303.4028,1,1
4313,6,1.26835,1.799,0.5,7.6101,1,1
4301,10,11.9994,28.95,0.105,119.994,1,1
4277,10,3.5209900000000003,11.0,0.2499,35.209900000000005,1,1
4343,20,10.584721550000001,33.99,3.3,211.694431,1,1
4315,2,6.85,13.2,0.5,13.7,1,1
4260,18,3.823232222222222,5.1892,0.39,68.81818,1,1
4334,10,3.7203161000000002,6.55,1.4,37.203161,1,1
4336,4,2.215,5.0,0.195,8.86,1,1
4276,15,1.5208666666666666,2.998,0.04,22.813,1,1
4348,6,3.5749999999999997,6.57,0.2,21.45,1,1
4350,6,1.3025,2.95,0.275,7.815,1,1
4271,32,11.01073428125,18.19,1.5,352.343497,1,1
4317,2,1.345,2.65,0.04,2.69,1,1
4310,2,2.0145,4.0,0.029,4.029,1,1
4269,6,1.46,2.99,0.28,8.76,1,1
4364,11,3.576,9.52,0.02,39.336,1,1
4286,2,0.8574999999999999,1.69,0.025,1.7149999999999999,1,1
4293,1,0.2,0.2,0.2,0.2,1,1
4362,25,4.889384,6.3,0.225,122.2346,1,1
4314,12,10.785083333333333,20.69,0.5,129.421,1,1
4324,14,3.998603642857143,5.62,1.1,55.980451,1,1
4351,3,1.5726666666666667,2.4,0.018,4.718,1,1
4366,17,2.6311176470588236,4.6,0.0428,44.729,1,1
4319,4,2.32605,4.3912,0.35,9.3042,1,1
4360,2,1.1475,2.25,0.045,2.295,1,1
4365,1,0.019,0.019,0.019,0.019,1,1
4368,11,6.933435454545454,18.00999,0.0428,76.26778999999999,1,1
4264,1,0.23,0.23,0.23,0.23,1,1
4309,10,2.399113,4.59993,0.049,23.99113,1,1
4262,4,2.1185,5.45,0.375,8.474,1,1
4275,4,1.5117500000000001,2.99,0.375,6.047000000000001,1,1
4357,5,2.2982,4.5,0.021,11.491,1,1
4287,11,3.325181818181818,8.399,1.4,36.577,1,1
4257,4,0.5589999999999999,1.0,0.046,2.2359999999999998,1,1
4258,9,4.179888888888889,5.199,0.01,37.619,1,1
4344,20,11.219594599999999,23.49,2.79,224.39189199999998,1,1
4302,4,2.19975,3.35,0.05,8.799,1,1
4311,8,5.4625,12.0,0.2,43.7,1,1
4321,2,1.56,2.62,0.5,3.12,1,1
4355,13,11.616684615384615,27.977,0.21,151.0169,1,1
4290,7,2.1815714285714285,3.5,0.04,15.270999999999999,1,1
4341,6,4.469916666666666,6.6,3.3,26.819499999999998,1,1
4320,2,0.6950000000000001,0.89,0.5,1.3900000000000001,1,1
4266,10,3.80387,10.8369,0.13,38.0387,1,1
4305,3,5.460000000000001,14.88,0.5,16.380000000000003,1,1
4318,27,6.918021851851852,27.399,0.5,186.78659,1,1
4291,8,2.9731,5.1329,0.08,23.7848,1,1
4289,19,8.730747368421053,18.89,1.5,165.8842,1,1
4361,4,2.12725,3.99,0.3,8.509,1,1
4337,7,4.998985714285714,10.9469,1.0,34.9929,1,1
4273,25,4.737472,6.1,1.9,118.4368,1,1
4354,16,6.272861875,15.13,0.265,100.36579,1,1
4296,4,1.3675000000000002,2.99,0.2,5.470000000000001,1,1
4316,10,4.72213,16.9,0.35,47.2213,1,1
4329,3,4.3,7.5,0.1,12.899999999999999,1,1
4332,9,3.633761111111111,4.8263,0.5,32.70385,1,1
4353,4,1.82125,3.75,0.045,7.285,1,1
4347,3,4.113333333333333,8.0,0.35,12.34,1,1
4330,7,4.298302857142857,19.99,0.5,30.08812,1,1
4284,3,0.08460000000000001,0.1559,0.0479,0.2538,1,1
4359,9,2.281425,4.0,0.3,20.532825,1,1
4326,8,4.131,5.998,0.5,33.048,1,1
4349,1,0.4,0.4,0.4,0.4,1,1
4358,6,2.0166666666666666,3.25,0.35,12.1,1,1
4299,1,0.2,0.2,0.2,0.2,1,1
4325,23,9.559228695652173,17.25,0.5,219.86226,1,1
4274,16,8.9425406875,18.6,2.85,143.080651,1,1
4340,46,4.54455,7.09,1.0,209.0493,1,1
4272,2,0.6645000000000001,1.199,0.13,1.3290000000000002,1,1
4367,9,6.603311111111111,14.978,0.0428,59.4298,1,1
4285,4,1.56475,3.25,0.025,6.259,1,1
4292,9,7.498888888888889,24.5,0.2,67.49,1,1
4363,3,0.7416666666666666,1.17,0.025,2.2249999999999996,1,1
4280,4,10.687475,24.0,0.2499,42.7499,1,1
4300,2,0.7,1.2,0.2,1.4,1,1
4283,8,1.465625,3.0,0.025,11.725,1,1
4281,21,5.81608561904762,17.69,0.2499,122.137798,1,1
4338,3,0.6773333333333333,1.5,0.172,2.032,1,1
4294,22,4.293213636363636,6.06,0.2,94.4507,1,1
4345,1,0.8,0.8,0.8,0.8,1,1
4232,7,1.9892857142857143,4.45,0.02,13.925,1,1
4235,1,0.03,0.03,0.03,0.03,1,1
4199,2,0.1999,0.3,0.0998,0.3998,1,1
4211,15,5.90233,12.2,0.054,88.53495,1,1
4224,8,5.3387875000000005,9.99,0.89,42.710300000000004,1,1
4193,57,7.358934192982456,14.09,1.35,419.459249,1,1
4203,8,4.0445125,11.169,0.035,32.3561,1,1
4205,11,2.330527272727273,5.037,0.0998,25.6358,1,1
4201,3,2.866666666666667,3.99,1.28,8.600000000000001,1,1
4228,6,8.943333166666667,19.5,0.02,53.659999,1,1
4213,9,8.013666666666667,10.85,0.34,72.123,1,1
4162,10,4.71317,5.6689,1.3,47.1317,1,1
4198,17,4.808705882352942,10.646,0.035,81.748,1,1
4195,67,7.446669522388059,23.86,0.398,498.926858,1,1
4252,8,3.396,5.288,2.15,27.168,1,1
4247,5,17.598480000000002,30.8224,0.5,87.9924,1,1
4250,3,1.0633333333333335,1.3,0.8,3.1900000000000004,1,1
4236,6,1.6161666666666665,3.888,0.03,9.697,1,1
4240,7,6.754,37.0,0.05,47.278,1,1
4234,10,4.087899999999999,9.05,0.035,40.879,1,1
4251,17,6.883388235294118,12.539,0.195,117.0176,1,1
4164,2,1.6150000000000002,2.68,0.55,3.2300000000000004,1,1
4254,13,3.2456846153846155,5.55,0.195,42.1939,1,1
4189,7,13.247142857142858,40.0,1.0,92.73,1,1
4246,12,6.12165425,12.2,0.05,73.459851,1,1
4180,31,9.361167709677419,31.89,0.0392,290.196199,1,1
4174,2,6.35,12.0,0.7,12.7,1,1
4196,5,2.9001524,6.4998,0.0998,14.500762,1,1
4166,9,2.5433333333333334,5.5,0.95,22.89,1,1
4206,5,1.131446,2.40833,0.0489,5.65723,1,1
4183,13,8.034826153846154,14.8,0.035,104.45274,1,1
4214,2,1.9975,3.95,0.045,3.995,1,1
4192,11,6.764536363636363,12.32,0.195,74.4099,1,1
4207,11,3.6844362727272726,19.11,0.0498,40.528799,1,1
4202,20,2.7137000000000002,4.75,0.248,54.274,1,1
4165,6,2.0131666666666668,2.969,0.38,12.079,1,1
4255,41,6.484207073170731,17.88,0.18,265.85249,1,1
4181,3,2.3130666666666664,4.0,0.0392,6.9392,1,1
4231,5,2.49798,3.76,0.03,12.4899,1,1
4168,6,2.795,4.49,0.34,16.77,1,1
4223,6,2.285,5.0,0.16,13.71,1,1
4190,6,1.7683333333333333,9.99,0.07,10.61,1,1
4179,2,0.1675,0.28,0.055,0.335,1,1
4239,2,0.6725,1.32,0.025,1.345,1,1
4200,8,5.638625,17.77,0.44,45.109,1,1
4237,2,1.39,2.75,0.03,2.78,1,1
4218,7,2.4068714285714288,4.309,0.025,16.848100000000002,1,1
4248,25,7.683584,11.0,0.15,192.0896,1,1
4238,8,3.4690624999999997,7.0,0.001,27.752499999999998,1,1
4219,12,3.2060833333333334,6.498,0.025,38.473,1,1
4221,1,0.25,0.25,0.25,0.25,1,1
4178,11,16.53752718181818,32.85,0.85,181.912799,1,1
4220,10,3.1896999999999998,5.5,1.249,31.897,1,1
4184,0,0.0,0.0,0.0,0.0,0,0
4194,41,4.347556097560975,6.78,0.0498,178.2498,1,1
4244,20,11.5230428,19.959,0.05,230.460856,1,1
4171,6,4.289283333333334,11.51,0.72,25.7357,1,1
4217,15,13.071177866666666,35.2,0.025,196.067668,1,1
4177,2,5.1,6.1,4.1,10.2,1,1
4227,7,1.108442857142857,2.59,0.0175,7.7591,1,1
4186,5,0.8443999999999999,1.49,0.04,4.2219999999999995,1,1
4233,7,1.8857142857142857,3.1,0.02,13.2,1,1
4212,10,6.0065,11.42,0.045,60.065,1,1
4197,23,3.5201956521739133,5.541,0.035,80.9645,1,1
4191,5,2.04,3.0,0.9,10.2,1,1
4173,1,7.5,7.5,7.5,7.5,1,1
4230,5,2.6606,4.13,0.043,13.303,1,1
4253,7,13.142857142857142,27.8,0.85,92.0,1,1
4170,6,4.094,5.88,0.69,24.564,1,1
4185,49,3.87165306122449,6.58,0.03,189.711,1,1
4242,2,0.125,0.2,0.05,0.25,1,1
4187,13,4.982153846153846,13.69,0.04,64.768,1,1
4222,9,10.64311111111111,39.0,0.404,95.788,1,1
4182,3,9.166666666666666,15.0,1.0,27.5,1,1
4245,12,6.139525,11.63,0.05,73.6743,1,1
4188,7,2.6314285714285717,5.39,0.05,18.42,1,1
4161,7,2.67915,4.19,0.4,18.75405,1,1
4243,7,10.633542857142857,23.0,0.6,74.4348,1,1
4176,4,5.23125,5.98,4.81,20.925,1,1
4256,16,8.9290375,36.4,1.0,142.8646,1,1
4241,36,7.403455,40.0,0.05,266.52438,1,1
4159,25,5.4186608000000005,11.0,0.001,135.46652,1,1
4249,8,6.049125,10.295,0.25,48.393,1,1
4160,16,4.16125,7.11,0.055,66.58,1,1
4208,6,1.6874666666666667,3.33,0.0498,10.1248,1,1
4172,6,3.3831666666666664,12.9,0.389,20.299,1,1
4167,33,8.853537848484848,12.177,0.29,292.166749,1,1
4226,10,11.36699,21.37,0.04,113.6699,1,1
4209,16,5.04209375,7.3405,0.048,80.6735,1,1
4175,2,2.4,4.0,0.8,4.8,1,1
4229,9,3.3871555555555557,9.48,0.0175,30.4844,1,1
4215,3,1.0163333333333333,2.6,0.2,3.049,1,1
4216,15,7.6206592,10.74,0.08,114.309888,1,1
4210,9,1.2394555555555558,2.22,0.048,11.155100000000001,1,1
4169,2,0.4345,0.45,0.419,0.869,1,1
4204,5,1.3118,3.04999,0.125,6.559,1,1
4225,6,0.8463333333333334,3.0,0.015,5.078,1,1
4163,25,4.63128,10.42,0.18,115.782,1,1
4122,3,1.8666666666666665,2.5,1.0,5.6,1,1
4119,12,13.526829,26.95,1.0,162.321948,1,1
4100,0,0.0,0.0,0.0,0.0,0,0
4156,12,9.977416666666667,15.5,0.5,119.729,1,1
4136,24,2.8385583333333333,5.5,0.6536,68.1254,1,1
4155,9,1.0212444444444444,1.999,0.015,9.1912,1,1
4063,8,3.905,10.5,0.02,31.24,1,1
4137,1,3.75,3.75,3.75,3.75,1,1
4066,21,4.1256666666666675,24.27,0.02,86.63900000000001,1,1
4147,15,6.730729999999999,11.58,0.85,100.96095,1,1
4092,14,2.9596421428571427,5.69,0.0499,41.43499,1,1
4150,2,1.47,1.69,1.25,2.94,1,1
4114,2,6.35,9.2,3.5,12.7,1,1
4131,5,2.4324600000000003,5.36,0.05,12.162300000000002,1,1
4072,4,4.15445,6.2378,1.99,16.6178,1,1
4129,7,5.809257142857143,14.85,0.05,40.6648,1,1
4130,3,1.4306666666666665,2.21,0.05,4.292,1,1
4071,0,0.0,0.0,0.0,0.0,0,0
4106,2,5.2829,8.9658,1.6,10.5658,1,1
4070,8,3.478425,13.05,1.6214,27.8274,1,1
4140,0,0.0,0.0,0.0,0.0,0,0
4090,2,2.52495,5.0,0.0499,5.0499,1,1
4081,0,0.0,0.0,0.0,0.0,0,0
4108,15,18.09621333333333,33.6,1.98,271.4432,1,1
4126,8,2.61079875,5.1,0.0494,20.88639,1,1
4074,0,0.0,0.0,0.0,0.0,0,0
4097,4,0.239725,0.7,0.029,0.9589,1,1
4102,7,5.6937,10.88,0.018,39.8559,1,1
4065,3,2.8800000000000003,6.9,0.05,8.64,1,1
4094,6,4.6516166666666665,10.0,0.0497,27.9097,1,1
4079,16,7.851236875,27.9,1.0935,125.61979,1,1
4154,1,0.5,0.5,0.5,0.5,1,1
4075,1,2.26,2.26,2.26,2.26,1,1
4109,5,5.1198,17.49,1.0,25.598999999999997,1,1
4098,8,6.0649999999999995,13.77,0.17,48.519999999999996,1,1
4067,4,2.1334999999999997,6.0,0.035,8.533999999999999,1,1
4076,0,0.0,0.0,0.0,0.0,0,0
4112,2,3.1799999999999997,4.88,1.48,6.359999999999999,1,1
4144,14,8.921235714285714,18.4888,0.25,124.8973,1,1
4115,8,2.9786,5.0819,0.19,23.8288,1,1
4077,5,5.191599999999999,10.23,1.689,25.958,1,1
4145,12,3.4877333333333334,4.35,0.25,41.8528,1,1
4157,3,0.8266666666666667,1.48,0.1,2.48,1,1
4096,2,0.0334,0.0468,0.02,0.0668,1,1
4103,4,0.887725,2.348,0.048,3.5509,1,1
4132,24,4.114767916666667,5.955,0.05,98.75443,1,1
4091,1,0.03,0.03,0.03,0.03,1,1
4142,17,9.588746411764706,33.5,0.15,163.008689,1,1
4113,1,4.9,4.9,4.9,4.9,1,1
4124,4,1.8735,3.48,0.35,7.494,1,1
4064,5,0.7375598,2.0,0.02,3.687799,1,1
4084,1,3.75,3.75,3.75,3.75,1,1
4088,7,1.1481142857142856,3.69,0.0468,8.0368,1,1
4128,1,0.15,0.15,0.15,0.15,1,1
4078,12,7.319724999999999,14.5,4.29,87.8367,1,1
4139,9,6.473777777777777,14.0,3.0,58.263999999999996,1,1
4068,0,0.0,0.0,0.0,0.0,0,0
4133,18,5.9820111111111105,11.45,0.2,107.6762,1,1
4082,0,0.0,0.0,0.0,0.0,0,0
4101,8,3.30515,5.59,0.051,26.4412,1,1
4120,9,3.0029705555555553,9.289,0.19,27.026735,1,1
4095,24,6.980821583333333,15.44,0.0195,167.539718,1,1
4146,5,2.1168,3.469,1.45,10.584,1,1
4152,3,4.8,6.5,3.0,14.4,1,1
4141,5,3.8358,5.999,1.95,19.179,1,1
4062,6,1.94885,4.8541,0.02,11.6931,1,1
4083,1,5.48,5.48,5.48,5.48,1,1
4111,2,23.845,38.69,9.0,47.69,1,1
4105,9,4.664333333333333,9.53,0.42,41.979,1,1
4069,9,5.794332000000001,11.93,2.39,52.148988,1,1
4116,32,5.07416875,13.8,0.19,162.3734,1,1
4149,4,1.67875,3.3,0.425,6.715,1,1
4135,17,7.094412294117648,40.0,0.95,120.60500900000001,1,1
4085,0,0.0,0.0,0.0,0.0,0,0
4089,4,0.7567,2.5,0.03,3.0268,1,1
4110,12,5.910041666666667,15.13,0.19,70.9205,1,1
4086,22,12.766945272727272,35.09,2.29,280.872796,1,1
4107,15,5.296266666666667,10.678,1.939,79.444,1,1
4143,4,2.31354675,3.1,1.4,9.254187,1,1
4121,3,12.633333333333333,17.0,5.9,37.9,1,1
4104,7,4.973285714285715,18.888,0.03,34.813,1,1
4127,3,6.013333333333333,10.75,0.29,18.04,1,1
4123,1,0.47,0.47,0.47,0.47,1,1
4073,1,5.52,5.52,5.52,5.52,1,1
4087,2,2.55,3.3,1.8,5.1,1,1
4138,4,4.6975,7.59,1.0,18.79,1,1
4125,5,7.99674,12.0059,1.4125,39.9837,1,1
4093,6,0.9948166666666668,1.81,0.0499,5.9689000000000005,1,1
4153,21,4.386264047619048,7.08,0.3,92.111545,1,1
4148,3,3.84,4.54,3.25,11.52,1,1
4080,0,0.0,0.0,0.0,0.0,0,0
4151,2,2.1,2.95,1.25,4.2,1,1
4158,14,8.534111999999999,17.719979,0.15,119.47756799999999,1,1
4099,17,4.977482352941176,11.93,0.119,84.6172,1,1
4117,1,0.5,0.5,0.5,0.5,1,1
4118,2,4.0,5.0,3.0,8.0,1,1
4134,10,11.0603155,17.4,0.1,110.603155,1,1
4061,12,9.784158249999999,16.26,1.9,117.409899,1,1
4006,10,6.3613,16.28,0.02,63.613,1,1
4017,4,1.4508999999999999,2.2994,0.09,5.803599999999999,1,1
4025,3,3.296666666666667,6.0,0.44,9.89,1,1
3970,16,7.21083125,22.9,0.3,115.3733,1,1
3983,2,1.03,1.18,0.88,2.06,1,1
4026,26,6.137682653846154,12.2,0.44,159.579749,1,1
3973,4,4.8522325,8.88,0.179,19.40893,1,1
4028,50,7.9610416,15.0,4.02405,398.05208,1,1
3988,38,4.2769565789473685,6.36,0.23,162.52435,1,1
4020,14,6.614928571428571,16.0,0.45,92.609,1,1
3985,6,2.7733333333333334,5.0,1.65,16.64,1,1
3972,6,4.636500000000001,10.53,0.3,27.819000000000003,1,1
4005,22,4.0224613636363635,5.71,0.02,88.49415,1,1
4056,5,1.067,1.75,0.035,5.335,1,1
4001,4,2.8125,3.1,2.25,11.25,1,1
4021,5,1.5859999999999999,2.89,0.22,7.93,1,1
4042,4,2.5725,4.69,0.25,10.29,1,1
3999,4,2.37495,3.05,1.45,9.4998,1,1
3987,8,10.60134975,19.24,2.8,84.810798,1,1
4003,3,2.6233333333333335,4.98,1.0,7.87,1,1
4052,7,2.9315714285714285,7.2,0.4,20.521,1,1
4039,4,26.7595,65.0,0.038,107.038,1,1
4043,1,4.0,4.0,4.0,4.0,1,1
4029,5,1.45958,2.99,0.0379,7.2979,1,1
3977,7,2.0794714285714284,3.98,0.27,14.5563,1,1
4019,29,8.464890931034482,34.03,0.095,245.48183699999998,1,1
4030,4,1.2925,3.0,0.23,5.17,1,1
4037,5,4.40098,15.0,0.037,22.0049,1,1
4058,15,11.2365746,25.858,0.0006,168.548619,1,1
3989,5,3.272,7.15,0.02,16.36,1,1
3975,3,11.557033333333331,18.9,0.25,34.671099999999996,1,1
4013,15,3.6498371333333335,5.4499,0.25,54.747557,1,1
3984,9,3.858111111111111,6.98,0.45,34.723,1,1
4000,3,7.263333333333333,17.35,1.0,21.79,1,1
4048,24,7.806317916666667,19.554,0.4,187.35163,1,1
3974,4,2.5172499999999998,3.49,0.3,10.068999999999999,1,1
4033,5,2.228,5.6,0.44,11.14,1,1
4014,12,1.5304166666666668,3.6,0.25,18.365000000000002,1,1
4049,3,1.0633333333333332,1.4,0.4,3.1899999999999995,1,1
4008,6,1.0025000000000002,2.2,0.04,6.015000000000001,1,1
3971,4,10.754999999999999,16.88,0.25,43.019999999999996,1,1
4011,4,2.05,3.0,0.25,8.2,1,1
3993,10,4.35613,5.75,2.1,43.5613,1,1
4057,6,10.427683333333333,25.2261,0.35,62.5661,1,1
3982,6,8.901166666666667,15.482,1.8,53.407,1,1
3998,2,0.42845,0.6969,0.16,0.8569,1,1
4053,5,3.9808,5.454,1.0,19.904,1,1
3990,23,3.277631739130435,4.392,0.032,75.38553,1,1
3992,7,7.692857142857143,13.45,1.1,53.85,1,1
4016,7,1.7607,3.29,0.095,12.3249,1,1
3980,1,0.85,0.85,0.85,0.85,1,1
4032,23,11.53904347826087,33.5,0.22,265.398,1,1
4050,7,12.677142857142856,25.0,1.5,88.74,1,1
4041,9,2.084688888888889,3.54,0.6,18.7622,1,1
4036,2,2.36395,4.69,0.0379,4.7279,1,1
4060,4,4.6622,14.0,0.0488,18.6488,1,1
3991,6,9.393166666666668,19.999,4.15,56.359,1,1
4023,44,5.2141375000000005,23.35,0.21,229.42205,1,1
3978,37,4.8583764864864865,5.735,0.2,179.75993,1,1
4038,2,2.019,4.0,0.038,4.038,1,1
3981,1,1.2,1.2,1.2,1.2,1,1
3976,2,0.77,0.84,0.7,1.54,1,1
4002,2,3.55,6.5,0.6,7.1,1,1
3997,31,8.811151612903226,23.4,0.049,273.1457,1,1
3986,25,3.9399200000000003,13.11,0.3,98.498,1,1
4015,4,0.23970000000000002,0.339,0.1598,0.9588000000000001,1,1
3969,5,1.242,2.2,0.22,6.21,1,1
3979,2,0.625,0.95,0.3,1.25,1,1
4004,10,8.876900000000001,19.19,0.1,88.769,1,1
4045,2,0.773,1.5,0.046,1.546,1,1
4046,27,3.7748999999999997,5.27,0.27,101.92229999999999,1,1
4055,8,10.3544,21.89,0.33,82.8352,1,1
4035,11,12.055363545454547,27.55,0.23,132.608999,1,1
3995,27,5.86425925925926,22.3,0.0135,158.335,1,1
4047,4,1.76,3.8,0.4,7.04,1,1
4018,17,8.0066,29.97,0.25,136.1122,1,1
4010,18,7.935375166666668,17.1,0.031,142.83675300000002,1,1
4027,3,11.146666666666667,20.0,0.44,33.44,1,1
4031,12,4.31121975,15.489737,0.05,51.734637,1,1
4044,5,2.2600000000000002,4.19,0.06,11.3,1,1
4051,16,7.715757875,15.98,0.4,123.452126,1,1
4040,3,1.7860000000000003,2.95,0.038,5.3580000000000005,1,1
3996,4,1.346225,3.9,0.0449,5.3849,1,1
3994,3,0.9191666666666666,2.69,0.015,2.7575,1,1
4034,22,6.3674040454545455,15.65,0.2,140.082889,1,1
4009,6,2.627683333333333,12.59,0.055,15.7661,1,1
4024,14,3.4238892857142855,5.25,0.3785,47.93445,1,1
4022,24,5.722299583333334,16.098,0.02,137.33519,1,1
4054,22,13.662081363636362,35.879,0.45,300.56579,1,1
4012,12,6.651999750000001,18.129,0.25,79.823997,1,1
4007,61,4.410695081967213,5.86,0.05,269.0524,1,1
4059,3,1.7626333333333335,3.349,0.0489,5.2879000000000005,1,1
3928,23,3.573104347826087,4.99,0.2,82.1814,1,1
3935,0,0.0,0.0,0.0,0.0,0,0
3953,7,1.0336,2.769,0.014,7.2352,1,1
3945,15,4.767773066666666,8.363796,0.014,71.51659599999999,1,1
3907,17,3.531029411764706,5.1256,0.0369,60.0275,1,1
3944,8,5.516075000000001,9.589,0.014,44.128600000000006,1,1
3930,14,3.244342857142857,5.25,0.249,45.4208,1,1
3962,9,7.139322222222223,12.49,0.014,64.2539,1,1
3964,1,3.2,3.2,3.2,3.2,1,1
3940,12,6.287416666666666,12.0,0.5,75.449,1,1
3910,7,12.968485714285716,33.84,0.0494,90.77940000000001,1,1
3909,7,4.100457142857143,9.99,0.0432,28.7032,1,1
3965,11,7.56609,19.18,0.5,83.22699,1,1
3949,21,4.939990476190476,11.7,0.014,103.7398,1,1
3941,3,3.6666666666666665,4.5,3.0,11.0,1,1
3956,20,9.4437247,24.249999,0.014,188.874494,1,1
3913,5,0.21898,0.52,0.0549,1.0949,1,1
3952,6,0.7054999999999999,1.4,0.014,4.233,1,1
3922,2,0.18564999999999998,0.3333,0.038,0.37129999999999996,1,1
3931,4,12.5116975,17.69999,0.08,50.04679,1,1
3947,10,6.97796,21.998,0.014,69.7796,1,1
3954,7,2.5407285714285712,5.6432,0.014,17.7851,1,1
3955,1,0.014,0.014,0.014,0.014,1,1
3961,3,0.16433333333333333,0.309,0.014,0.493,1,1
3916,7,7.470471428571429,33.2,1.1,52.2933,1,1
3942,7,1.8124142857142858,3.75,0.15,12.6869,1,1
3899,2,1.7249999999999999,2.3,1.15,3.4499999999999997,1,1
3921,1,0.1,0.1,0.1,0.1,1,1
3914,1,1.8,1.8,1.8,1.8,1,1
3901,4,1.8964750000000001,2.81,1.126,7.5859000000000005,1,1
3926,10,7.9897898,20.8,0.047,79.897898,1,1
3915,12,2.1845849999999998,3.7,0.85,26.21502,1,1
3937,7,2.640857142857143,5.6,0.05,18.486,1,1
3918,4,0.94875,1.69,0.055,3.795,1,1
3960,6,9.943333333333333,17.5,0.99,59.66,1,1
3927,17,3.273458823529412,5.6689,0.2,55.6488,1,1
3938,3,1.2823,2.5,0.05,3.8468999999999998,1,1
3933,3,1.0933333333333335,2.99,0.1,3.2800000000000002,1,1
3917,2,1.9709999999999999,3.9,0.042,3.9419999999999997,1,1
3898,5,2.0636,2.5,1.37,10.318000000000001,1,1
3966,6,3.6031789999999995,6.57,1.55,21.619073999999998,1,1
3943,5,1.1762000000000001,2.952,0.014,5.881,1,1
3919,8,1.0826125,3.6,0.02,8.6609,1,1
3904,6,1.4348166666666666,4.0,0.0189,8.6089,1,1
3934,16,9.7410625,21.92,0.1,155.857,1,1
3925,7,2.8644494285714286,6.0,0.045,20.051146,1,1
3911,65,5.649750615384615,17.99999,0.0578,367.23379,1,1
3968,13,6.702384615384616,13.3,0.08,87.131,1,1
3912,9,6.340144333333333,13.449999,0.0533,57.061299,1,1
3932,2,1.2,2.3,0.1,2.4,1,1
3908,48,4.612386833333333,6.08,0.0387,221.394568,1,1
3920,7,0.9304428571428571,1.769,0.035,6.5131,1,1
3959,7,1.1177142857142857,2.75,0.014,7.824,1,1
3939,3,2.409666666666667,6.0,0.049,7.229,1,1
3958,5,1.81078,3.99,0.014,9.0539,1,1
3903,1,1.0,1.0,1.0,1.0,1,1
3957,3,1.591333333333333,2.76,0.014,4.773999999999999,1,1
3951,11,2.1538181818181816,4.643,0.014,23.692,1,1
3923,18,16.121883333333333,33.9,0.038,290.1939,1,1
3924,7,2.913857142857143,8.0,0.047,20.397000000000002,1,1
3946,14,13.343321214285714,61.0,0.9,186.806497,1,1
3936,3,0.9133333333333332,1.39,0.15,2.7399999999999998,1,1
3967,1,9.0,9.0,9.0,9.0,1,1
3900,13,7.379846153846154,15.98,0.85,95.938,1,1
3948,7,2.566357142857143,4.1,0.014,17.9645,1,1
3902,3,2.8000000000000003,2.94,2.56,8.4,1,1
3963,3,0.9848366666666667,1.16999,0.88452,2.95451,1,1
3905,18,7.0337016666666665,16.5,0.0278,126.60663,1,1
3929,2,2.105,4.0,0.21,4.21,1,1
3906,5,1.7486000000000002,3.7,0.043,8.743,1,1
3950,3,60.03333333333333,130.0,0.1,180.1,1,1
3828,21,10.920557666666667,21.32,0.55,229.331711,1,1
3806,5,3.35178,4.28,1.949,16.7589,1,1
3838,20,3.7510494999999997,5.409,0.05,75.02099,1,1
3797,4,1.8775,3.0,0.91,7.51,1,1
3819,0,0.0,0.0,0.0,0.0,0,0
3883,16,5.9534149375,15.98,0.029,95.254639,1,1
3796,18,4.170928111111111,6.699,0.91,75.076706,1,1
3841,9,1.3805555555555555,2.96,0.05,12.425,1,1
3848,12,7.465791666666667,20.1005,0.05,89.5895,1,1
3795,6,20.183381666666666,30.0503,0.91,121.10029,1,1
3846,9,1.5155555555555555,3.21,0.05,13.64,1,1
3836,9,2.7080888888888888,5.369,0.05,24.372799999999998,1,1
3805,0,0.0,0.0,0.0,0.0,0,0
3861,4,1.510925,4.2,0.0498,6.0437,1,1
3812,0,0.0,0.0,0.0,0.0,0,0
3847,3,2.6933333333333334,7.0,0.09,8.08,1,1
3893,6,1.7969333333333333,3.78,0.0494,10.7816,1,1
3804,0,0.0,0.0,0.0,0.0,0,0
3829,9,5.424427777777777,9.44995,0.0499,48.819849999999995,1,1
3852,33,10.677828333333334,23.875,0.7,352.368335,1,1
3809,0,0.0,0.0,0.0,0.0,0,0
3863,4,0.35495,1.06,0.0498,1.4198,1,1
3799,9,10.318588222222223,26.5,4.43,92.867294,1,1
3831,9,4.699999999999999,9.67,0.05,42.3,1,1
3886,5,0.55716,0.989,0.0396,2.7858,1,1
3785,2,14.885,29.0,0.77,29.77,1,1
3788,16,3.90075,11.017,0.08,62.412,1,1
3840,8,1.829875,3.5,0.05,14.639,1,1
3801,5,5.614,15.0,0.03,28.07,1,1
3839,10,3.1603900000000005,8.5,0.05,31.603900000000003,1,1
3823,7,2.7869571428571427,6.1297,0.119,19.508699999999997,1,1
3891,21,3.315285714285714,9.15,0.025,69.621,1,1
3858,21,5.122271428571429,11.0,0.039,107.5677,1,1
3895,9,4.559900000000001,10.678,0.054,41.039100000000005,1,1
3875,15,3.7818066666666668,7.09,0.12,56.7271,1,1
3803,18,4.620499388888889,9.698999,0.75,83.168989,1,1
3791,21,6.2536523809523805,40.0,0.91,131.3267,1,1
3821,3,8.326666666666666,12.0,2.6,24.98,1,1
3813,8,4.767875,10.248,1.295,38.143,1,1
3845,6,0.8016666666666667,3.0,0.05,4.8100000000000005,1,1
3825,14,6.435413928571428,16.4,0.85,90.095795,1,1
3798,14,8.361707142857142,40.0,0.91,117.06389999999999,1,1
3784,40,4.44087225,18.5,0.035,177.63489,1,1
3897,5,9.886320000000001,24.95,0.0494,49.4316,1,1
3892,5,1.01632,3.0,0.0494,5.0816,1,1
3782,17,8.41414311764706,21.95,0.001,143.040433,1,1
3878,20,12.376650000000001,31.0,0.0529,247.53300000000002,1,1
3843,31,5.9440127419354845,11.679997,0.05,184.264395,1,1
3781,14,4.1436427857142855,9.847,0.045,58.010999,1,1
3822,8,5.125,6.15,3.1,41.0,1,1
3842,7,5.202,13.644,0.05,36.414,1,1
3832,3,3.23,7.7,0.09,9.69,1,1
3890,4,0.9777750000000001,3.0,0.0295,3.9111000000000002,1,1
3794,12,3.918991666666667,6.64,0.91,47.0279,1,1
3882,7,1.4731857142857143,3.95,0.044,10.3123,1,1
3849,3,0.34299999999999997,0.789,0.05,1.029,1,1
3850,7,1.0285714285714287,2.9,0.05,7.2,1,1
3896,57,3.9124192982456143,6.04,0.0118,223.0079,1,1
3876,5,8.03062,19.5,0.05,40.1531,1,1
3818,12,18.212500000000002,28.0,2.5,218.55,1,1
3871,9,4.317555555555556,8.75,1.2,38.858000000000004,1,1
3866,12,6.864783333333333,14.77,1.7175,82.3774,1,1
3800,11,2.6442272727272726,11.0,0.04,29.0865,1,1
3824,14,5.147892857142857,13.5,0.025,72.0705,1,1
3816,0,0.0,0.0,0.0,0.0,0,0
3790,6,3.6392356666666665,10.2,0.91,21.835414,1,1
3874,59,4.738906050847458,11.488,0.2,279.595457,1,1
3837,18,5.961998666666667,13.4,0.05,107.315976,1,1
3894,15,4.717773333333333,9.88,0.0548,70.7666,1,1
3810,0,0.0,0.0,0.0,0.0,0,0
3780,15,8.0196814,18.69,0.015,120.295221,1,1
3787,6,2.473333333333333,4.66,0.23,14.84,1,1
3834,25,3.2125162,6.758,0.05,80.312905,1,1
3853,5,2.717254,3.79,0.39,13.58627,1,1
3872,6,2.628,3.0,1.988,15.768,1,1
3862,9,6.970755555555556,19.87,0.0498,62.7368,1,1
3815,0,0.0,0.0,0.0,0.0,0,0
3802,3,3.276666666666667,5.5,1.5,9.83,1,1
3865,1,1.0,1.0,1.0,1.0,1,1
3811,8,6.696374875,10.35,3.2,53.570999,1,1
3885,57,5.3153787368421055,11.7486,0.0498,302.976588,1,1
3826,5,7.419200000000001,23.0,0.044,37.096000000000004,1,1
3786,6,3839.8976111666666,23000.0,0.1,23039.385667,1,1
3873,2,1.225,1.4,1.05,2.45,1,1
3860,10,2.44888,3.969,0.009,24.4888,1,1
3814,0,0.0,0.0,0.0,0.0,0,0
3854,2,0.6224999999999999,1.15,0.095,1.2449999999999999,1,1
3864,8,9.229752874999999,18.0905,0.0498,73.83802299999999,1,1
3868,15,6.8450708,16.37,0.3,102.676062,1,1
3889,12,5.51766575,15.0,0.0498,66.211989,1,1
3851,4,7.8687249999999995,15.0,0.7,31.474899999999998,1,1
3830,6,2.04199,4.87994,0.05,12.251940000000001,1,1
3879,9,1.5864666666666667,4.2,0.034,14.2782,1,1
3792,9,5.40902788888889,12.791251,0.91,48.681251,1,1
3820,0,0.0,0.0,0.0,0.0,0,0
3856,8,4.11,14.9,0.01,32.88,1,1
3869,12,4.231912583333333,5.085,0.2,50.782951,1,1
3835,11,6.265235545454545,19.66,0.05,68.917591,1,1
3844,16,2.4333375,6.2,0.05,38.9334,1,1
3867,13,6.200376923076923,12.75,0.5,80.6049,1,1
3817,9,2.1992555555555553,5.3949,0.6256,19.7933,1,1
3877,6,1.6006666666666665,2.85,0.014,9.604,1,1
3880,4,2.4273,8.0,0.057,9.7092,1,1
3833,5,0.7088,3.0,0.05,3.544,1,1
3857,1,0.1,0.1,0.1,0.1,1,1
3793,6,9.9934,19.0,0.91,59.9604,1,1
3881,13,6.8576538461538465,18.9,0.031,89.1495,1,1
3783,15,7.761912933333334,19.9,0.035,116.42869400000001,1,1
3855,15,3.5907052,5.3,1.0,53.860578,1,1
3870,2,3.995,5.0,2.99,7.99,1,1
3859,3,2.0166,3.5,0.0498,6.049799999999999,1,1
3789,4,3.8684000000000003,5.0636,1.23,15.473600000000001,1,1
3884,4,1.5413000000000001,5.2,0.034,6.1652000000000005,1,1
3887,11,4.988872727272727,10.88,0.0394,54.8776,1,1
3888,6,1.7286,3.5,0.0394,10.371599999999999,1,1
3827,0,0.0,0.0,0.0,0.0,0,0
3808,14,5.7923285714285715,18.91,3.82,81.0926,1,1
3807,0,0.0,0.0,0.0,0.0,0,0
3747,4,1.426,5.0,0.054,5.704,1,1
3715,19,3.4709157894736844,4.57,0.15,65.9474,1,1
3714,5,1.302,3.0,0.2,6.51,1,1
3707,37,3.6171180000000005,4.65,0.0177,133.833366,1,1
3753,5,21.56436,33.3668,0.015,107.8218,1,1
3750,4,3.3095,5.279,0.019,13.238,1,1
3765,3,1.4966666666666668,2.64,0.1,4.49,1,1
3746,8,1.835734375,8.477,0.054,14.685875,1,1
3758,16,13.4313046875,19.66,2.22,214.900875,1,1
3736,6,3.84095,10.5,0.0499,23.0457,1,1
3727,1,0.249,0.249,0.249,0.249,1,1
3748,3,2.6300000000000003,3.5,1.94,7.890000000000001,1,1
3773,8,2.844491,6.36,1.0,22.755928,1,1
3735,13,6.341838461538462,18.9,0.0499,82.4439,1,1
3701,4,1.58,2.3,0.075,6.32,1,1
3749,9,6.477233333333334,11.75,0.095,58.295100000000005,1,1
3775,14,6.49135,21.69,0.5,90.8789,1,1
3720,2,2.695,4.89,0.5,5.39,1,1
3771,5,13.4519,24.5,0.0495,67.2595,1,1
3731,20,6.3708891,10.8,0.0499,127.417782,1,1
3734,3,11.183300000000001,28.5,0.0499,33.5499,1,1
3763,1,6.9,6.9,6.9,6.9,1,1
3709,9,3.785844444444445,6.59,0.013,34.0726,1,1
3700,2,1.4099,2.8,0.0198,2.8198,1,1
3732,41,6.789143902439024,32.58,0.0499,278.3549,1,1
3754,3,1.2016666666666667,2.5,0.015,3.605,1,1
3759,34,5.379186735294118,9.91,1.31,182.892349,1,1
3761,1,0.25,0.25,0.25,0.25,1,1
3770,3,0.23316666666666666,0.45,0.0495,0.6995,1,1
3693,4,2.1310000000000002,4.0,0.024,8.524000000000001,1,1
3722,3,1.2666666666666666,2.5,0.2,3.8,1,1
3733,2,0.26995,0.49,0.0499,0.5399,1,1
3706,3,7.370233333333334,11.11,0.022,22.1107,1,1
3769,3,0.7433333333333333,2.0,0.03,2.23,1,1
3738,16,13.917081375,28.662,0.014,222.673302,1,1
3767,4,0.38085,0.98,0.12,1.5234,1,1
3719,4,0.868975,1.6,0.15,3.4759,1,1
3705,31,7.77409,30.8,0.0188,240.99679,1,1
3742,4,0.908725,1.69,0.0549,3.6349,1,1
3695,5,5.5007,11.4427,0.057,27.503500000000003,1,1
3725,11,2.121590909090909,5.0,0.019,23.3375,1,1
3757,2,8.305,15.4,1.21,16.61,1,1
3728,8,18.941280375,40.0,0.0495,151.530243,1,1
3726,7,1.5938714285714286,2.2995,0.019,11.1571,1,1
3777,23,9.798869130434783,16.37,3.6,225.37399,1,1
3762,3,1.0374,2.39,0.2222,3.1122,1,1
3717,2,2.65,4.8,0.5,5.3,1,1
3702,9,3.398119,12.97,0.019,30.583071,1,1
3703,30,8.7504833,31.75,0.033,262.514499,1,1
3724,29,4.794166862068966,10.28,0.019,139.03083900000001,1,1
3751,10,3.313,4.95,0.016,33.13,1,1
3755,3,1.4135,2.99,0.016,4.2405,1,1
3721,0,0.0,0.0,0.0,0.0,0,0
3694,74,5.119883297297297,18.16999,0.0295,378.87136399999997,1,1
3744,26,4.019442307692308,10.56,0.02,104.5055,1,1
3752,37,4.598997297297298,6.81,0.015,170.1629,1,1
3696,22,7.9712499090909095,17.249999,0.017,175.367498,1,1
3745,7,1.475357142857143,4.5226,0.03,10.3275,1,1
3764,9,7.161,18.0,0.099,64.449,1,1
3760,15,5.6057993999999995,21.0,0.1,84.086991,1,1
3723,10,3.3058,8.96,0.099,33.058,1,1
3711,6,3.502333333333333,5.96,0.024,21.014,1,1
3737,20,6.8187890499999995,18.4,0.009,136.375781,1,1
3779,6,1.0716666666666668,2.95,0.295,6.430000000000001,1,1
3739,4,3.288725,4.8,0.0549,13.1549,1,1
3729,4,0.822125,3.09,0.0495,3.2885,1,1
3718,2,0.2994295,0.448859,0.15,0.598859,1,1
3697,4,2.3192500000000003,4.5,0.027,9.277000000000001,1,1
3730,4,1.97995,5.75,0.0499,7.9198,1,1
3712,2,0.3594,0.7,0.0188,0.7188,1,1
3772,5,1.884,3.55,1.0,9.42,1,1
3774,4,1.6622,2.34,0.6,6.6488,1,1
3704,5,1.6339000000000001,4.0,0.024,8.169500000000001,1,1
3708,13,8.55883846153846,24.75,0.044,111.2649,1,1
3713,20,1.3537796500000001,3.0,0.12,27.075593,1,1
3756,17,4.042588235294118,6.32,0.016,68.724,1,1
3743,1,0.025,0.025,0.025,0.025,1,1
3740,3,1.3383,2.99,0.0499,4.0149,1,1
3778,4,4.11,6.66,0.28,16.44,1,1
3776,7,6.347142857142857,17.85,0.6,44.43,1,1
3698,5,4.884,9.5,0.04,24.42,1,1
3768,31,6.762700612903226,21.97,0.04,209.643719,1,1
3766,12,7.840950500000001,14.5,1.6,94.091406,1,1
3716,6,8.0051,13.37,0.8,48.0306,1,1
3710,4,1.06899,2.99,0.025,4.27596,1,1
3699,6,5.931333333333334,9.34,0.029,35.588,1,1
3741,9,3.3749888888888884,18.7,0.0499,30.374899999999997,1,1
3654,3,1.212,3.5,0.016,3.636,1,1
3621,9,8.959644444444445,34.0,0.0549,80.63680000000001,1,1
3610,2,0.46950000000000003,0.919,0.02,0.9390000000000001,1,1
3633,3,2.8496,5.0,0.0488,8.5488,1,1
3691,6,0.9101500000000001,2.1,0.05,5.4609000000000005,1,1
3667,6,0.6508333333333334,1.3,0.016,3.9050000000000002,1,1
3684,5,2.77,3.4,1.15,13.85,1,1
3680,9,1.1785555555555556,3.3,0.12,10.607,1,1
3622,6,0.5755916666666666,1.785,0.0139,3.45355,1,1
3660,2,1.01,2.0,0.02,2.02,1,1
3637,4,4.3475,5.75,3.72,17.39,1,1
3599,5,1.5488,3.0,0.159,7.744,1,1
3627,19,7.362191842105263,40.0,0.0546,139.881645,1,1
3600,22,4.551486363636363,6.9,0.2,100.1327,1,1
3611,8,3.33125,6.25,0.02,26.65,1,1
3613,5,2.518,9.05,0.17,12.59,1,1
3659,4,3.87,6.75,0.28,15.48,1,1
3674,7,2.0437000000000003,5.28,0.1,14.305900000000001,1,1
3644,10,7.30015,15.0,0.222,73.00150000000001,1,1
3646,2,12.738949999999999,15.5779,9.9,25.477899999999998,1,1
3658,5,2.4562,3.5,0.016,12.281,1,1
3601,4,10.129999999999999,18.0,2.25,40.519999999999996,1,1
3642,1,0.2199,0.2199,0.2199,0.2199,1,1
3632,20,4.5438755,22.259,0.044,90.87751,1,1
3650,11,3.0772636363636363,6.45,0.0399,33.8499,1,1
3641,1,5.9,5.9,5.9,5.9,1,1
3689,5,3.34,5.2,0.25,16.7,1,1
3593,30,7.312291666666667,17.41,0.25,219.36875,1,1
3623,16,9.855933,26.0,0.0549,157.694928,1,1
3663,7,1.4486428571428571,2.75,0.0155,10.1405,1,1
3609,5,1.1740400000000002,2.75,0.049,5.8702000000000005,1,1
3668,10,2.725795,5.3998,0.05,27.25795,1,1
3638,4,5.4025,10.73,1.48,21.61,1,1
3616,5,13.328,32.0,0.74,66.64,1,1
3606,2,2.3935,4.75,0.037,4.787,1,1
3657,2,2.5085,5.0,0.017,5.017,1,1
3671,5,4.0416,9.69,0.018,20.208,1,1
3624,7,2.2521285714285715,3.69,0.0549,15.7649,1,1
3594,25,5.809948,21.4,0.159,145.2487,1,1
3608,7,0.8095714285714285,1.69,0.037,5.667,1,1
3640,15,6.442264333333333,23.42,0.2222,96.633965,1,1
3687,19,5.436347315789473,9.747,0.045,103.290599,1,1
3672,2,3.25,4.0,2.5,6.5,1,1
3685,1,0.34,0.34,0.34,0.34,1,1
3595,3,9.883000000000001,15.0,0.5,29.649,1,1
3656,6,6.703166666666667,15.0,0.029,40.219,1,1
3661,2,0.015,0.016,0.014,0.03,1,1
3618,3,1.8666666666666665,3.2,0.3,5.6,1,1
3629,5,0.9907802000000002,4.084101,0.035,4.953901000000001,1,1
3636,4,1.382225,3.555,0.0539,5.5289,1,1
3607,19,7.143720789473684,26.74,0.037,135.730695,1,1
3664,9,9.720644444444444,26.88,0.02,87.4858,1,1
3647,9,1.110311111111111,2.118,0.0487,9.992799999999999,1,1
3631,23,6.0442543913043485,10.53,0.0489,139.017851,1,1
3619,26,6.0046135,16.5,0.1,156.119951,1,1
3669,4,2.162,5.24,0.018,8.648,1,1
3634,4,3.4442500000000003,4.99,0.058,13.777000000000001,1,1
3648,7,2.8241142857142854,5.95,0.0488,19.7688,1,1
3649,3,1.6733333333333331,2.98,0.04,5.02,1,1
3626,11,4.557363636363636,26.74,0.049,50.131,1,1
3675,2,6.68874,9.9,3.47748,13.37748,1,1
3655,35,5.805342285714286,11.6,0.017,203.18698,1,1
3662,5,1.63554,3.98,0.02,8.1777,1,1
3625,18,6.449666666666667,20.75,0.0549,116.09400000000001,1,1
3683,37,5.913106972972972,16.37,0.1,218.784958,1,1
3653,13,2.7973223076923075,10.0,0.0165,36.36519,1,1
3604,3,4.445666666666667,10.0,0.037,13.337,1,1
3673,2,3.2,3.4,3.0,6.4,1,1
3620,8,0.9076375,2.15,0.0521,7.2611,1,1
3666,7,7.309070571428571,15.299994,0.0165,51.163494,1,1
3597,4,3.71,6.9,0.25,14.84,1,1
3665,3,1.075,3.0,0.025,3.225,1,1
3639,18,3.7759944444444447,6.22,0.96,67.9679,1,1
3612,2,2.775,5.5,0.05,5.55,1,1
3603,1,0.049,0.049,0.049,0.049,1,1
3652,4,3.1275,7.54,0.02,12.51,1,1
3596,4,1.575,4.0,0.5,6.3,1,1
3678,1,7.299,7.299,7.299,7.299,1,1
3643,8,1.600225,2.99,0.65,12.8018,1,1
3679,5,1.72998,2.91,0.1,8.6499,1,1
3651,9,1.9791111111111108,7.5,0.049,17.811999999999998,1,1
3682,1,0.5,0.5,0.5,0.5,1,1
3692,7,10.760757142857143,26.7,2.75,75.3253,1,1
3645,1,2.8,2.8,2.8,2.8,1,1
3628,40,4.330375,5.85,0.03,173.215,1,1
3605,11,1.8326272727272725,3.1,0.049,20.1589,1,1
3617,7,2.453328571428571,8.25,0.3,17.173299999999998,1,1
3602,1,0.2,0.2,0.2,0.2,1,1
3614,1,0.2,0.2,0.2,0.2,1,1
3670,5,4.934399999999999,21.9,0.02,24.671999999999997,1,1
3598,4,7.974225,11.45,0.2,31.8969,1,1
3676,5,1.6941,3.9,0.25,8.4705,1,1
3690,12,4.942491666666666,11.5709,0.05,59.3099,1,1
3615,6,4.401666666666666,7.4,1.51,26.41,1,1
3681,20,6.6752295,22.28,0.2,133.50459,1,1
3630,8,1.7469625,3.475,0.01,13.9757,1,1
3635,3,1.4498,3.8,0.0494,4.3494,1,1
3686,18,3.7183298888888885,4.75,1.0,66.92993799999999,1,1
3688,17,4.68,5.6,0.13,79.56,1,1
3677,4,4.4375,9.5,1.7,17.75,1,1
3524,2,2.2750000000000004,4.4,0.15,4.550000000000001,1,1
3570,5,1.94,2.85,1.4,9.7,1,1
3560,3,10.743333333333334,29.98,0.95,32.230000000000004,1,1
3535,2,7.085,12.5,1.67,14.17,1,1
3518,5,5.60274,8.0,3.0,28.0137,1,1
3519,22,13.051161409090911,29.379951,1.9,287.12555100000003,1,1
3571,18,6.861033333333333,13.85,0.05,123.4986,1,1
3554,13,7.16476923076923,22.499,0.19,93.142,1,1
3531,1,0.1,0.1,0.1,0.1,1,1
3572,6,13.682816666666668,25.0,0.44,82.0969,1,1
3592,16,7.676959375,18.96,0.854,122.83135,1,1
3583,3,2.476666666666667,5.0,0.44,7.430000000000001,1,1
3580,4,1.6575000000000002,2.99,0.44,6.630000000000001,1,1
3516,13,2.9882346153846155,5.329,0.3,38.84705,1,1
3557,5,5.232,7.69,1.0,26.16,1,1
3589,10,2.2624000000000004,4.44,0.2,22.624000000000002,1,1
3575,14,4.959142785714286,9.587999,0.44,69.427999,1,1
3551,5,1.4540000000000002,3.333,0.127,7.2700000000000005,1,1
3556,2,1.3900000000000001,2.39,0.39,2.7800000000000002,1,1
3561,1,1.95,1.95,1.95,1.95,1,1
3517,2,0.32399999999999995,0.348,0.3,0.6479999999999999,1,1
3590,3,1.71,3.4,0.44,5.13,1,1
3511,2,2500.2,5000.0,0.4,5000.4,1,1
3586,15,3.566666666666667,5.4,0.21,53.5,1,1
3569,2,1.9,2.65,1.15,3.8,1,1
3562,10,2.60199,4.3399,0.9011,26.0199,1,1
3530,14,5.785714285714286,16.04,0.1,81.0,1,1
3566,50,7.0607556,33.09998,0.99,353.03778,1,1
3588,12,5.832775000000001,10.76,0.44,69.9933,1,1
3565,13,3.188457769230769,4.45,0.85,41.449951,1,1
3578,3,0.6133333333333333,0.8,0.44,1.8399999999999999,1,1
3591,2,2.6,4.0,1.2,5.2,1,1
3546,21,4.4237142857142855,7.08,0.14,92.898,1,1
3513,12,4.5893524999999995,6.09,0.55,55.07223,1,1
3538,7,3.817671428571429,5.279,1.3767,26.7237,1,1
3555,16,6.131521,11.67,0.0185,98.104336,1,1
3567,5,7.736611600000001,10.835,2.89,38.683058,1,1
3523,13,5.7789167692307695,11.98,0.09,75.125918,1,1
3548,11,6.235,10.1,0.775,68.58500000000001,1,1
3532,3,8.4,21.0,0.2,25.2,1,1
3542,5,0.69664,2.28,0.0433,3.4832,1,1
3528,4,5.774749999999999,10.399,0.1,23.098999999999997,1,1
3576,2,5.97,11.5,0.44,11.94,1,1
3541,12,5.098145833333334,23.1,0.044,61.17775,1,1
3534,9,3.054588888888889,5.995,0.0378,27.491300000000003,1,1
3582,5,1.36598,2.49,0.4,6.8299,1,1
3515,6,4.341666666666667,6.9,0.4,26.05,1,1
3579,9,6.673322222222222,16.94,0.44,60.0599,1,1
3529,10,7.20555,15.88,0.1,72.0555,1,1
3573,2,3.22,6.0,0.44,6.44,1,1
3581,18,10.262055555555555,31.5,0.44,184.717,1,1
3545,5,3.1895596,5.148798,1.35,15.947797999999999,1,1
3558,12,11.329,18.5,0.049,135.948,1,1
3509,3,3.676666666666667,5.05,1.0,11.030000000000001,1,1
3559,42,4.684993333333334,9.36,0.029,196.76972,1,1
3527,9,1.0114444444444444,1.74,0.09,9.103,1,1
3563,9,2.365838888888889,7.05,0.9,21.29255,1,1
3522,17,5.1591852941176475,16.48,1.69,87.70615000000001,1,1
3574,31,8.41305506451613,20.55,0.3785,260.804707,1,1
3552,11,9.222363636363637,23.75,0.127,101.446,1,1
3540,16,2.69469875,5.11,0.9288,43.11518,1,1
3543,22,12.500541409090909,23.3399,0.0499,275.011911,1,1
3514,11,5.557036363636364,10.13,0.85,61.1274,1,1
3512,4,7.1375,13.15,0.9,28.55,1,1
3539,4,2.06,3.0,1.0,8.24,1,1
3526,9,3.168561111111111,6.91,0.19,28.517049999999998,1,1
3525,8,2.2175625,4.2,0.19,17.7405,1,1
3568,9,6.553333333333334,11.0,2.49,58.980000000000004,1,1
3549,2,2.42,2.94,1.9,4.84,1,1
3553,4,0.84675,1.99,0.127,3.387,1,1
3533,9,2.5626555555555557,10.0,0.0389,23.0639,1,1
3520,4,7.0375000000000005,8.3,3.9,28.150000000000002,1,1
3537,1,0.4,0.4,0.4,0.4,1,1
3547,7,1.7420571428571427,2.88,0.0544,12.1944,1,1
3510,9,8.896555555555556,11.99,0.4,80.069,1,1
3584,6,8.638333333333334,30.0,0.1,51.83,1,1
3585,16,7.174925,19.37,0.21,114.7988,1,1
3550,7,1.6908571428571428,3.65,0.127,11.836,1,1
3544,11,7.781272727272727,19.2,0.014,85.594,1,1
3577,13,3.6843076923076925,26.5,0.25,47.896,1,1
3536,30,5.353964700000001,13.9,0.2,160.618941,1,1
3521,2,4.5,6.9,2.1,9.0,1,1
3587,4,1.9682750000000002,3.93,0.44,7.873100000000001,1,1
3564,8,3.6277150000000002,7.2614,0.99,29.021720000000002,1,1
3418,13,5.961872692307693,19.5,0.03,77.504345,1,1
3409,12,15.60240675,29.979981,0.055,187.228881,1,1
3505,7,1.9181285714285714,3.5,0.2469,13.4269,1,1
3458,6,1.4036666666666668,3.2,0.067,8.422,1,1
3417,2,0.10200000000000001,0.189,0.015,0.20400000000000001,1,1
3420,5,1.2416,2.7,0.019,6.208,1,1
3506,20,3.00719,5.66,0.2269,60.1438,1,1
3487,9,2.507111111111111,8.3,0.055,22.564,1,1
3404,8,1.190249875,5.429999,0.05,9.521999,1,1
3433,8,7.743312250000001,16.75,0.04,61.946498000000005,1,1
3408,4,3.8057499999999997,6.168,0.055,15.222999999999999,1,1
3441,5,6.518000000000001,12.75,2.5,32.59,1,1
3459,18,3.46165,4.95,0.06,62.3097,1,1
3421,7,3.5787285714285715,7.7,0.069,25.0511,1,1
3402,6,1.2741666666666667,4.0,0.055,7.645,1,1
3497,29,8.144913689655173,27.999997,0.015,236.202497,1,1
3485,9,6.831532444444445,20.6485,0.018,61.483792,1,1
3504,4,0.671475,1.469,0.1869,2.6859,1,1
3412,6,2.1596166666666665,3.7,0.0497,12.957699999999999,1,1
3440,2,2.495,3.69,1.3,4.99,1,1
3462,4,1.6422500000000002,4.44,0.25,6.569000000000001,1,1
3468,4,0.835,2.15,0.05,3.34,1,1
3494,2,3.925,7.8,0.05,7.85,1,1
3438,1,4.5,4.5,4.5,4.5,1,1
3491,9,1.6051111111111114,3.33,0.016,14.446000000000002,1,1
3454,20,4.3347999999999995,12.2,0.149,86.696,1,1
3416,5,2.4991399999999997,4.19,0.0497,12.4957,1,1
3432,5,6.373600000000001,10.898,0.16,31.868000000000002,1,1
3415,6,1.8332833333333334,3.0,0.0497,10.9997,1,1
3453,18,4.779136666666667,8.99896,0.155,86.02446,1,1
3419,14,3.804528571428571,9.95,0.0135,53.2634,1,1
3437,9,9.004566666666667,14.0,0.43,81.0411,1,1
3484,8,2.7976125,4.479,0.018,22.3809,1,1
3447,3,0.062099999999999995,0.09,0.0469,0.1863,1,1
3410,2,1.425,1.5,1.35,2.85,1,1
3423,6,11.506666666666666,26.99,0.4,69.03999999999999,1,1
3413,5,1.24194,3.2,0.03,6.2097,1,1
3436,11,2.0208,3.7498,0.17,22.2288,1,1
3451,1,0.2,0.2,0.2,0.2,1,1
3428,5,2.3099999999999996,3.76,0.3,11.549999999999999,1,1
3455,1,0.05,0.05,0.05,0.05,1,1
3439,16,6.74125,21.25,0.18,107.86,1,1
3445,3,2.699666666666667,5.5,0.299,8.099,1,1
3406,8,3.260625,5.69,0.03,26.085,1,1
3473,3,0.16666666666666666,0.4,0.04,0.5,1,1
3463,39,7.745147794871795,22.44,0.055,302.060764,1,1
3450,1,0.14,0.14,0.14,0.14,1,1
3478,31,6.3709319354838705,21.99,0.049,197.49889,1,1
3426,23,8.662517782608695,24.42,0.3,199.237909,1,1
3435,4,0.7859999999999999,2.8,0.04,3.1439999999999997,1,1
3407,11,13.007181818181818,32.0,0.04,143.079,1,1
3475,21,9.439157142857143,31.16,0.014,198.2223,1,1
3457,11,8.657540818181818,15.64,0.125,95.232949,1,1
3489,3,4.248333333333334,12.64,0.05,12.745000000000001,1,1
3472,2,0.45675,0.86,0.0535,0.9135,1,1
3502,9,3.462222222222222,7.46,0.19,31.16,1,1
3448,19,4.516736842105263,11.1,0.19,85.818,1,1
3496,6,10.954166666666666,18.64,0.015,65.725,1,1
3411,18,9.382777777777777,22.01,0.15,168.89,1,1
3500,11,3.8826181818181813,8.17,0.19,42.7088,1,1
3425,22,12.23635409090909,23.0,0.4,269.19979,1,1
3422,24,8.76887075,21.811,0.3,210.452898,1,1
3424,27,8.014558814814816,19.199,0.45,216.393088,1,1
3449,19,9.597515157894737,18.8,0.5,182.352788,1,1
3405,10,0.9915900000000001,2.8,0.012,9.9159,1,1
3470,15,4.8013156,11.97,0.05,72.019734,1,1
3482,6,1.7056333333333333,4.69,0.035,10.2338,1,1
3493,4,3.7875750000000004,13.0653,0.05,15.150300000000001,1,1
3466,9,2.6346666666666665,7.1,0.054,23.712,1,1
3434,9,12.196444444444445,19.1,0.04,109.768,1,1
3495,10,8.7299,21.69,0.015,87.299,1,1
3507,6,1.4508471666666667,2.88,0.0549,8.705083,1,1
3477,12,2.34395,6.7,0.04,28.1274,1,1
3508,6,4.438116666666667,10.4,0.1899,26.628700000000002,1,1
3490,78,4.872542307692307,6.8342,0.018,380.0583,1,1
3479,1,0.05,0.05,0.05,0.05,1,1
3486,7,2.937978571428571,5.8887,0.018,20.565849999999998,1,1
3488,7,5.0484285714285715,11.0,0.018,35.339,1,1
3464,6,1.4007833333333333,2.7,0.065,8.4047,1,1
3469,4,0.742225,2.75,0.039,2.9689,1,1
3465,3,1.4613333333333334,3.444,0.01,4.384,1,1
3476,6,0.4269166666666666,1.15,0.049,2.5614999999999997,1,1
3467,2,0.10400000000000001,0.198,0.01,0.20800000000000002,1,1
3446,6,15.569166666666666,25.0,0.49,93.41499999999999,1,1
3442,1,0.1,0.1,0.1,0.1,1,1
3403,4,13.39875,50.0,0.055,53.595,1,1
3461,26,8.002534615384615,25.0,0.05,208.0659,1,1
3430,8,4.2091,10.0,0.3,33.6728,1,1
3444,15,5.954764466666666,14.699,0.7,89.321467,1,1
3431,5,1.6252,2.9,1.03,8.126,1,1
3471,4,1.1015000000000001,2.98,0.052,4.406000000000001,1,1
3481,12,5.615575,11.69,0.022,67.3869,1,1
3452,3,1.4233333333333336,3.1,0.35,4.2700000000000005,1,1
3443,3,4.3933333333333335,9.49,0.4,13.18,1,1
3498,27,6.061132629629629,13.929,0.015,163.650581,1,1
3480,5,1.1709999999999998,2.15,0.015,5.8549999999999995,1,1
3414,4,0.937425,1.6,0.0497,3.7497,1,1
3503,6,7.317666666666667,13.5,0.666,43.906,1,1
3483,3,1.506,2.5,0.018,4.518,1,1
3427,20,4.56215,6.43,0.3,91.243,1,1
3492,8,1.743375,5.95,0.05,13.947,1,1
3474,11,3.9840909090909093,14.85,0.02,43.825,1,1
3456,17,2.538929411764706,5.385,0.05,43.1618,1,1
3460,12,7.4774148333333335,32.9,0.09,89.728978,1,1
3429,5,7.088040000000001,10.0302,0.55,35.440200000000004,1,1
3501,26,5.9165,12.879,2.0,153.829,1,1
3499,3,1.513,2.9,0.57,4.539,1,1
3365,22,8.5569,32.4,0.0369,188.2518,1,1
3362,6,13.499433333333334,29.15,0.037,80.9966,1,1
3336,47,5.800709361702127,18.3,0.44,272.63334,1,1
3341,4,0.87925,1.24,0.45,3.517,1,1
3338,4,1.3225,2.29,0.45,5.29,1,1
3353,15,4.494666,11.23,0.018,67.41999,1,1
3401,1,0.69,0.69,0.69,0.69,1,1
3343,8,16.85262375,33.9,0.45,134.82099,1,1
3301,2,1.76,3.5,0.02,3.52,1,1
3340,5,1.734,2.69,0.4,8.67,1,1
3366,1,0.044,0.044,0.044,0.044,1,1
3300,10,5.2186900000000005,13.4,0.0149,52.1869,1,1
3308,20,4.4632193000000004,11.75,0.018,89.264386,1,1
3311,7,1.9967285714285714,2.96,0.045,13.9771,1,1
3322,7,1.4332,2.59,0.3,10.0324,1,1
3397,2,1.995,3.0,0.99,3.99,1,1
3329,1,0.3,0.3,0.3,0.3,1,1
3386,5,2.0409672,2.8,1.5,10.204836,1,1
3304,6,2.004166666666667,3.84,0.265,12.025,1,1
3346,22,6.172028636363636,11.94,0.0185,135.78463,1,1
3348,1,0.015,0.015,0.015,0.015,1,1
3389,6,2.3815738333333334,5.0,1.265,14.289443,1,1
3312,74,4.530246175675676,6.973,0.045,335.238217,1,1
3325,14,6.362142785714285,18.89,0.001,89.069999,1,1
3315,9,1.910205222222222,2.91,0.045,17.191847,1,1
3387,3,4.473333333333334,11.92,0.5,13.42,1,1
3369,3,6.792633333333334,10.14,0.1,20.3779,1,1
3319,7,1.9314959999999999,3.6299,0.35,13.520472,1,1
3355,5,1.45378,2.99,0.022,7.2689,1,1
3327,4,5.17955,8.55,1.5,20.7182,1,1
3395,8,2.04125,3.75,0.2,16.33,1,1
3326,7,4.667857142857143,10.12,0.4,32.675,1,1
3379,2,0.875,1.25,0.5,1.75,1,1
3349,1,0.48,0.48,0.48,0.48,1,1
3356,15,3.395385333333333,5.46995,0.03,50.93078,1,1
3350,2,2.7535000000000003,5.49,0.017,5.507000000000001,1,1
3360,3,1.2756333333333334,2.99,0.0369,3.8269,1,1
3354,13,4.23056923076923,6.4432,0.017,54.9974,1,1
3359,58,4.538233275862069,6.04,0.0369,263.21753,1,1
3400,2,3.3,5.0,1.6,6.6,1,1
3321,9,1.5082222222222221,3.66,0.26,13.574,1,1
3375,4,3.1025,5.88,0.5,12.41,1,1
3381,7,2.0069564285714283,3.25,0.4,14.048694999999999,1,1
3384,7,5.039857142857143,12.34,0.5,35.278999999999996,1,1
3377,7,2.545714285714286,3.2,1.42,17.82,1,1
3367,8,9.8361,33.0,0.05,78.6888,1,1
3316,9,3.480888888888889,5.2,1.998,31.328,1,1
3398,6,3.1266666666666665,4.3,1.5,18.759999999999998,1,1
3324,12,6.248166666666667,12.0,0.35,74.97800000000001,1,1
3302,27,8.636469925925926,21.73,0.094,233.184688,1,1
3310,5,0.513,1.49,0.045,2.565,1,1
3396,2,2.5700000000000003,2.89,2.25,5.140000000000001,1,1
3307,17,4.776176470588235,20.28,0.045,81.195,1,1
3334,6,3.534998333333333,5.5,0.33,21.209989999999998,1,1
3333,6,18.598333333333333,33.33,1.0,111.59,1,1
3317,6,2.058146666666667,4.0,0.4,12.348880000000001,1,1
3378,6,5.83765,17.5879,0.5,35.0259,1,1
3371,8,8.9598625,23.2,0.1,71.6789,1,1
3380,7,2.48,8.99,0.5,17.36,1,1
3306,4,1.3257500000000002,2.74,0.018,5.303000000000001,1,1
3368,11,3.166272727272727,4.77,0.1,34.829,1,1
3344,1,0.44,0.44,0.44,0.44,1,1
3320,21,9.213150761904762,23.809,0.3,193.476166,1,1
3363,6,1.7248833333333333,3.6,0.037,10.3493,1,1
3374,8,6.912,13.2,0.5,55.296,1,1
3332,67,6.447417164179105,16.885,0.35,431.97695,1,1
3390,21,11.45456180952381,28.0,0.04,240.545798,1,1
3313,2,0.0555,0.1,0.011,0.111,1,1
3314,17,5.653379647058824,10.41,0.014,96.107454,1,1
3399,12,6.411534166666667,10.288,2.97,76.93841,1,1
3351,32,6.835537125,14.9,0.017,218.737188,1,1
3393,7,1.6168285714285715,2.84,0.81,11.3178,1,1
3364,1,0.0369,0.0369,0.0369,0.0369,1,1
3392,10,2.15407,5.693,0.35,21.5407,1,1
3357,11,12.515008727272727,22.33,0.0372,137.665096,1,1
3309,17,7.842939117647058,13.579976,0.045,133.329965,1,1
3370,1,0.1,0.1,0.1,0.1,1,1
3323,6,8.296666666666667,16.99,5.0,49.78,1,1
3394,13,6.973846153846154,29.52,1.39,90.66,1,1
3305,21,6.206340333333333,13.098,0.027,130.333147,1,1
3385,39,4.27141,6.04,0.45,166.58499,1,1
3376,11,8.264272727272727,15.5,1.0,90.907,1,1
3303,8,1.35325,3.94,0.097,10.826,1,1
3373,3,3.1666666666666665,4.0,2.0,9.5,1,1
3382,13,9.236076923076922,22.5,0.5,120.06899999999999,1,1
3331,4,5.875,10.0,3.0,23.5,1,1
3361,1,0.037,0.037,0.037,0.037,1,1
3337,4,2.7874999999999996,4.0,1.65,11.149999999999999,1,1
3345,6,4.291,10.756,0.39,25.746000000000002,1,1
3383,2,0.885,1.42,0.35,1.77,1,1
3330,1,0.45,0.45,0.45,0.45,1,1
3372,8,4.83,18.98,0.1,38.64,1,1
3391,4,1.67,3.78,0.4,6.68,1,1
3342,10,10.981,24.45,0.45,109.81,1,1
3388,1,0.4,0.4,0.4,0.4,1,1
3358,16,9.4645935,31.9799,0.0371,151.433496,1,1
3318,6,9.985666666666667,27.795,0.4,59.914,1,1
3328,17,12.873346529411764,26.45,0.4,218.846891,1,1
3335,14,5.928,15.99,0.28,82.992,1,1
3352,6,15.280833333333334,37.0,0.07,91.685,1,1
3339,24,11.262783291666667,22.01,0.45,270.306799,1,1
3347,5,3.1198,5.49,0.069,15.599,1,1
3268,7,3.6507514285714286,5.25,0.018,25.55526,1,1
3210,4,3.5700000000000003,6.99,0.79,14.280000000000001,1,1
3285,2,0.9195,1.79,0.049,1.839,1,1
3214,3,11.394733333333333,26.7,0.59,34.1842,1,1
3226,10,3.9865000000000004,5.75,0.375,39.865,1,1
3260,3,1.0499333333333334,2.0,0.3999,3.1498,1,1
3233,22,7.029712227272728,20.498,2.088,154.653669,1,1
3258,10,3.17293,5.0,0.7499,31.729300000000002,1,1
3217,23,7.934922086956521,25.0,0.04,182.503208,1,1
3212,4,1.409975,3.2,0.25,5.6399,1,1
3230,13,7.118899846153846,10.797,2.4,92.545698,1,1
3228,6,1.2641666666666667,2.89,0.395,7.585,1,1
3290,2,1.09,2.0,0.18,2.18,1,1
3287,10,3.6270000000000002,11.88,0.2,36.27,1,1
3242,13,5.746650000000001,9.98,0.15,74.70645,1,1
3249,5,6.0280000000000005,9.69,1.0,30.14,1,1
3293,6,8.873981666666667,17.72989,0.69,53.24389,1,1
3288,5,2.92924,5.6362,0.95,14.6462,1,1
3207,3,1.9166666666666667,2.4,1.25,5.75,1,1
3283,10,10.273,19.99,0.25,102.72999999999999,1,1
3297,9,4.142666666666667,6.74,0.03,37.284,1,1
3236,0,0.0,0.0,0.0,0.0,0,0
3272,5,3.5833686,7.0,0.091843,17.916843,1,1
3240,5,6.4796000000000005,11.698,0.3,32.398,1,1
3232,2,2.065,2.5,1.63,4.13,1,1
3280,2,0.16,0.2,0.12,0.32,1,1
3243,3,19.941666666666666,32.5,1.325,59.825,1,1
3255,25,7.6038440000000005,21.39,0.099,190.0961,1,1
3291,9,4.987577777777777,24.85,0.35,44.8882,1,1
3251,43,7.770009302325582,29.4,0.052,334.1104,1,1
3259,15,6.527515266666667,16.37,0.1479,97.912729,1,1
3211,3,1.8,3.3,1.0,5.4,1,1
3218,3,0.9033333333333333,2.5,0.09,2.71,1,1
3221,16,4.9520499375,5.97,0.45,79.232799,1,1
3274,2,1.8199999999999998,3.4,0.24,3.6399999999999997,1,1
3245,21,8.517985714285714,20.3,0.15,178.8777,1,1
3229,1,0.15,0.15,0.15,0.15,1,1
3235,6,6.478649999999999,12.07,1.8969,38.8719,1,1
3262,2,3.24995,5.75,0.7499,6.4999,1,1
3224,6,2.06,6.5,0.1,12.36,1,1
3234,0,0.0,0.0,0.0,0.0,0,0
3275,4,11.0175,21.4,0.25,44.07,1,1
3278,8,2.6715,6.5,0.017,21.372,1,1
3225,8,7.8423750000000005,14.81,0.45,62.739000000000004,1,1
3261,8,2.5512235,7.0,0.489888,20.409788,1,1
3244,33,4.644032393939393,12.04,0.065,153.25306899999998,1,1
3213,2,0.95,1.5,0.4,1.9,1,1
3264,1,0.042,0.042,0.042,0.042,1,1
3216,5,1.6649999999999998,3.99,0.045,8.325,1,1
3267,13,8.50915376923077,25.75,0.14,110.618999,1,1
3276,13,6.478038461538461,19.25,0.017,84.2145,1,1
3294,27,6.416714444444445,15.55,0.15,173.25129,1,1
3298,7,3.630371428571429,7.9,0.046,25.4126,1,1
3215,7,1.679857142857143,3.0,0.59,11.759,1,1
3222,32,4.614778125,5.91,0.185,147.6729,1,1
3227,7,1.372942857142857,2.798,0.55,9.6106,1,1
3247,6,1.6575,3.95,0.065,9.945,1,1
3265,4,2.77,4.49,0.25,11.08,1,1
3289,2,0.7,1.2,0.2,1.4,1,1
3257,12,10.7569,28.66,0.7499,129.0828,1,1
3206,6,6.574990166666667,11.679951,0.45,39.449941,1,1
3220,9,6.4061111111111115,19.5,0.195,57.655,1,1
3284,7,1.457857142857143,3.29,0.075,10.205,1,1
3295,4,7.085,24.69,0.05,28.34,1,1
3223,2,1.5625,2.7,0.425,3.125,1,1
3253,14,5.495769285714286,15.0,0.045,76.94077,1,1
3296,26,5.087905192307693,30.2,0.014,132.285535,1,1
3252,38,6.736032105263158,22.65,0.05,255.96922,1,1
3209,4,1.58225,3.25,0.87,6.329,1,1
3254,5,2.04358,4.45,0.7499,10.2179,1,1
3231,10,3.176204,5.7569,1.36125,31.76204,1,1
3256,8,2.2804998750000003,4.488,0.4499,18.243999000000002,1,1
3238,11,5.5559,24.2,0.3,61.114900000000006,1,1
3292,17,9.706881294117649,23.4,0.2,165.016982,1,1
3271,12,6.970016666666667,34.9789,0.2,83.64020000000001,1,1
3239,21,3.4169285238095237,4.78,0.5,71.755499,1,1
3219,4,3.2925,4.69,0.06,13.17,1,1
3269,6,4.828283333333333,10.75,0.017,28.9697,1,1
3263,12,7.940742833333334,23.949014,0.11,95.288914,1,1
3250,1,7.0,7.0,7.0,7.0,1,1
3279,23,5.56360104347826,20.554999,0.045,127.962824,1,1
3277,5,9.028559999999999,25.9897,0.25,45.142799999999994,1,1
3282,4,0.8438749999999999,2.9,0.017,3.3754999999999997,1,1
3208,1,1.75,1.75,1.75,1.75,1,1
3299,6,1.6733333333333331,2.75,0.7,10.04,1,1
3286,1,0.35,0.35,0.35,0.35,1,1
3273,37,8.051289810810811,21.949,0.018,297.897723,1,1
3281,2,1.6949999999999998,3.15,0.24,3.3899999999999997,1,1
3237,0,0.0,0.0,0.0,0.0,0,0
3246,3,7.296966666666666,21.4269,0.065,21.8909,1,1
3266,4,1.572,5.17,0.018,6.288,1,1
3248,9,9.397777777777778,22.58,0.29,84.58,1,1
3241,22,8.16852681818182,19.85,0.941,179.70759,1,1
3270,31,7.302278935483871,23.87,0.04,226.370647,1,1
3149,6,1.1281666666666668,2.68,0.19,6.769,1,1
3110,5,0.93926,1.69,0.0544,4.6963,1,1
3171,8,2.421625,5.0,0.053,19.373,1,1
3166,4,5.824999999999999,10.7,0.33,23.299999999999997,1,1
3147,13,7.124022769230769,15.3266,0.011,92.612296,1,1
3123,6,11.0715,19.08,2.39,66.429,1,1
3204,7,4.301,10.43,0.11,30.107,1,1
3140,17,7.773664,28.8,0.02,132.152288,1,1
3120,49,5.094608448979592,15.499,0.2499,249.635814,1,1
3106,13,13.489407615384616,34.31,0.044,175.362299,1,1
3117,5,2.50198,5.555,0.0549,12.5099,1,1
3167,2,0.765,1.2,0.33,1.53,1,1
3144,5,0.9154,1.7,0.037,4.577,1,1
3186,8,10.75125,25.98,1.2,86.01,1,1
3185,11,2.7352645454545454,7.0498,0.02,30.08791,1,1
3139,16,3.1929118125000002,4.57,0.037,51.086589000000004,1,1
3169,13,16.17753846153846,31.5,0.33,210.308,1,1
3107,63,5.015473492063492,6.36,0.04,315.97483,1,1
3162,11,2.029818181818182,3.749,0.33,22.328,1,1
3159,11,2.743218181818182,9.849,0.0444,30.175400000000003,1,1
3141,1,0.015,0.015,0.015,0.015,1,1
3161,3,1.2139333333333333,1.849,0.33,3.6418,1,1
3102,19,10.641321789473684,32.3326,0.044,202.185114,1,1
3118,14,11.851214285714287,25.949,0.599,165.917,1,1
3157,14,4.859685714285715,13.49,0.0333,68.0356,1,1
3190,14,5.773021428571428,12.479,0.19,80.8223,1,1
3184,16,7.6475885625,22.15,0.02,122.361417,1,1
3133,1,0.1989,0.1989,0.1989,0.1989,1,1
3173,9,2.7846555555555557,4.15,0.053,25.0619,1,1
3198,11,3.1157272727272725,4.9,1.5,34.272999999999996,1,1
3127,5,6.3311998,7.83,1.35,31.655999,1,1
3165,7,8.03660057142857,16.0,0.33,56.256204,1,1
3172,13,7.575970769230769,15.13,0.042,98.48761999999999,1,1
3105,4,1.1345,2.99,0.048,4.538,1,1
3128,8,3.3914999999999997,5.0,0.995,27.131999999999998,1,1
3163,11,7.46598709090909,12.8,0.33,82.125858,1,1
3143,12,5.315582333333333,11.29,0.011,63.786988,1,1
3179,1,1.05,1.05,1.05,1.05,1,1
3101,2,2.069,3.25,0.888,4.138,1,1
3114,14,10.286428571428571,30.21,0.055,144.01,1,1
3174,7,3.0174285714285713,4.38,0.053,21.122,1,1
3200,6,4.184833333333334,5.089,2.2,25.109,1,1
3100,8,2.0155875,4.0,0.08,16.1247,1,1
3193,57,5.830643859649123,10.589,0.375,332.3467,1,1
3129,4,2.1925,3.49,1.38,8.77,1,1
3104,9,2.994222222222222,5.799,0.044,26.948,1,1
3183,4,0.6485000000000001,1.3,0.045,2.5940000000000003,1,1
3195,5,1.866,3.25,0.08,9.33,1,1
3158,8,1.50891275,2.696902,0.0444,12.071302,1,1
3122,27,4.9705259259259265,6.04,1.399,134.20420000000001,1,1
3196,12,4.170758333333334,6.8796,0.055,50.0491,1,1
3178,4,0.8674999999999999,1.19,0.2,3.4699999999999998,1,1
3152,22,8.307722727272727,23.85,0.0549,182.7699,1,1
3156,2,1.0172,1.99,0.0444,2.0344,1,1
3182,2,0.17245,0.2999,0.045,0.3449,1,1
3151,2,1.3499,2.3498,0.35,2.6998,1,1
3124,24,7.086375,31.3,0.099,170.073,1,1
3168,22,6.932391454545454,15.424,0.045,152.512612,1,1
3103,3,3.5162666666666667,9.0,0.0488,10.5488,1,1
3098,4,1.9060000000000001,3.394,0.35,7.6240000000000006,1,1
3194,5,0.8039999999999999,1.49,0.2,4.02,1,1
3119,47,3.9948696382978723,6.05,0.649,187.758873,1,1
3180,10,1.45896,3.55,0.5,14.5896,1,1
3137,1,1.49,1.49,1.49,1.49,1,1
3191,8,3.175425,5.4054,0.028,25.4034,1,1
3203,13,8.364153846153846,15.45,0.19,108.734,1,1
3135,38,4.060457894736842,5.4271,0.55,154.2974,1,1
3164,22,11.089717227272727,20.98,0.33,243.973779,1,1
3130,2,0.1498,0.2247,0.0749,0.2996,1,1
3134,22,10.174226818181818,21.6799,1.749,223.83299,1,1
3201,14,8.792714071428572,24.725,1.29,123.097997,1,1
3197,3,2.98,3.34,2.8,8.94,1,1
3146,10,7.536489899999999,11.82,0.011,75.364899,1,1
3116,8,0.8766,3.069,0.03,7.0128,1,1
3189,4,1.98075,3.7,0.023,7.923,1,1
3142,10,5.63634,11.4874,0.011,56.3634,1,1
3187,6,5.583298999999999,8.445794,0.325,33.499793999999994,1,1
3148,4,1.835,3.97,0.15,7.34,1,1
3205,3,2.0933333333333333,3.49,0.19,6.28,1,1
3199,1,1.5,1.5,1.5,1.5,1,1
3109,18,3.0546105555555556,4.27,0.019,54.98299,1,1
3111,14,7.785248785714286,15.759,0.0545,108.993483,1,1
3099,12,3.1463,6.57,0.187,37.7556,1,1
3177,2,1.5899999999999999,2.88,0.3,3.1799999999999997,1,1
3132,3,2.905,3.94,1.9,8.715,1,1
3121,1,3.969,3.969,3.969,3.969,1,1
3181,3,13.248333333333335,25.2,0.045,39.745000000000005,1,1
3170,17,3.501994117647059,5.5,0.053,59.5339,1,1
3126,11,4.662227363636363,9.99,0.2975,51.284501,1,1
3188,6,1.5533333333333335,2.65,0.21,9.32,1,1
3153,11,7.434718181818183,12.8,0.049,81.78190000000001,1,1
3154,25,5.9580556,14.1005,0.05,148.95139,1,1
3176,7,1.8835714285714285,2.8,0.23,13.184999999999999,1,1
3112,6,2.048833333333333,4.2,0.053,12.293,1,1
3138,4,1.074775,2.49,0.011,4.2991,1,1
3131,1,0.0749,0.0749,0.0749,0.0749,1,1
3192,8,1.5625,2.99,0.19,12.5,1,1
3160,1,0.33,0.33,0.33,0.33,1,1
3145,18,428.7511944444444,7650.0,0.011,7717.5215,1,1
3175,7,2.6599999999999997,5.24,0.18,18.619999999999997,1,1
3115,72,4.6053803888888885,9.16,0.0544,331.587388,1,1
3202,7,8.518571428571429,27.0,0.75,59.629999999999995,1,1
3155,6,6.046083333333333,14.0,0.0444,36.2765,1,1
3150,4,1.80525,3.14,0.088,7.221,1,1
3108,8,4.554540125,6.910421,0.047,36.436321,1,1
3136,16,3.72324375,4.31,1.095,59.5719,1,1
3125,7,4.054857142857143,5.389,1.495,28.384,1,1
3113,4,1.6360249999999998,2.8,0.113,6.544099999999999,1,1
3077,5,2.7984999999999998,7.25,0.84,13.9925,1,1
3016,8,3.7112375,9.3,0.35,29.6899,1,1
3060,8,5.236125,23.0,0.09,41.889,1,1
3046,6,4.409166666666667,9.9,0.055,26.455000000000002,1,1
3042,6,1.8758333333333332,5.0,0.055,11.254999999999999,1,1
3057,1,0.085,0.085,0.085,0.085,1,1
3034,26,5.897557692307692,11.299,0.042,153.3365,1,1
3023,5,1.6448,2.0,0.905,8.224,1,1
3086,3,2.1179666666666663,3.9999,0.055,6.353899999999999,1,1
3010,19,6.4566447894736845,20.55,1.2,122.67625100000001,1,1
3082,51,6.869319588235294,16.47,0.018,350.335299,1,1
3064,14,3.362997142857143,7.8,0.49,47.08196,1,1
3063,3,2.4533333333333336,3.98,1.2,7.36,1,1
3022,2,0.4235,0.82,0.027,0.847,1,1
2996,6,1.3166666666666667,2.899,0.2,7.9,1,1
3095,16,3.743125,5.48,0.04,59.89,1,1
3027,11,2.3975545454545455,4.55,0.048,26.3731,1,1
3037,2,0.03395,0.0489,0.019,0.0679,1,1
3048,1,0.085,0.085,0.085,0.085,1,1
3056,5,11.298,32.75,0.09,56.49,1,1
3092,16,2.9095,4.28,0.2299,46.552,1,1
3067,44,4.94309,10.45,0.47,217.49596,1,1
3043,5,4.0042,12.0,0.031,20.021,1,1
2998,7,3.527142857142857,7.0,0.5,24.69,1,1
3061,17,3.9553470588235293,5.85,0.09,67.2409,1,1
3029,3,1.6583333333333332,2.5,0.025,4.975,1,1
3015,1,0.99,0.99,0.99,0.99,1,1
3069,11,4.827963636363637,6.49,1.2,53.107600000000005,1,1
2999,1,0.1,0.1,0.1,0.1,1,1
3090,21,11.639189714285715,32.88,0.015,244.422984,1,1
3084,2,0.06,0.09,0.03,0.12,1,1
3041,5,0.9517800000000001,1.339,0.0499,4.758900000000001,1,1
2993,5,4.343380000000001,8.3489,0.298,21.716900000000003,1,1
2994,17,7.4983528235294115,33.7,0.4,127.471998,1,1
3053,9,1.1271111111111112,2.41,0.09,10.144,1,1
3009,15,7.96586,18.998,0.4,119.4879,1,1
3006,4,1.35675,2.0,1.0509,5.427,1,1
2995,5,3.472,6.5,0.3,17.36,1,1
2992,5,1.8933399999999998,3.8888,0.188,9.4667,1,1
3054,17,9.471411764705882,20.55,0.09,161.014,1,1
3004,11,7.1817,24.6,0.5,78.9987,1,1
2989,22,10.042757136363635,19.149,0.198,220.940657,1,1
2997,1,0.35,0.35,0.35,0.35,1,1
3070,4,2.2575000000000003,3.1,0.44,9.030000000000001,1,1
3087,11,7.951444454545453,20.9,0.017,87.46588899999999,1,1
3014,1,0.5,0.5,0.5,0.5,1,1
3085,3,1.0593333333333332,3.0,0.018,3.178,1,1
3088,5,1.286,2.5,0.04,6.43,1,1
3079,4,2.8075,3.6,2.44,11.23,1,1
3050,12,3.94356575,5.03,0.085,47.322789,1,1
2990,13,11.631076923076924,34.25,0.166,151.204,1,1
3005,15,10.735333333333333,26.48,0.04,161.03,1,1
2991,1,0.4,0.4,0.4,0.4,1,1
3051,7,2.608527,4.08,0.09,18.259689,1,1
3019,2,0.032,0.049,0.015,0.064,1,1
3093,3,7.5333,10.7,3.8999,22.599899999999998,1,1
3036,3,1.2123333333333333,2.19,0.047,3.6369999999999996,1,1
3039,12,5.872033333333333,26.0,0.0489,70.4644,1,1
3076,3,9.663333333333332,24.2,1.1,28.99,1,1
3081,5,7.04482,9.29,2.85,35.2241,1,1
3075,4,1.5825,3.14,0.44,6.33,1,1
3013,4,4.0325,4.05,3.99,16.13,1,1
3096,24,5.6573745833333335,14.795,0.06,135.77699,1,1
3068,4,2.4425,3.2,1.49,9.77,1,1
3018,34,6.80749,14.43,0.88,231.45466,1,1
3055,18,3.163566666666666,5.5383,0.09,56.944199999999995,1,1
3089,11,1.526,3.7,0.04,16.786,1,1
3058,7,1.8055714285714284,5.12,0.09,12.639,1,1
3026,3,2.283,6.0,0.049,6.849,1,1
2987,23,8.36071956521739,13.7,0.1888,192.29655,1,1
3065,1,2.0,2.0,2.0,2.0,1,1
2988,2,2.875,3.75,2.0,5.75,1,1
2986,5,4.0799998,5.58,0.34,20.399999,1,1
3045,13,11.263152999999999,29.98,0.055,146.420989,1,1
3033,3,3.36,7.3,0.28,10.08,1,1
3097,23,9.91296991304348,33.189999,0.038,227.998308,1,1
3035,4,0.88225,1.95,0.049,3.529,1,1
3024,8,10.656125,23.6,0.059,85.249,1,1
3020,53,175.3476396226415,9100.0,0.049,9293.4249,1,1
3049,1,0.085,0.085,0.085,0.085,1,1
3007,12,1.7385833333333334,3.1892,0.04,20.863,1,1
3012,12,4.55875,5.88,1.4,54.705,1,1
3008,2,0.2875,0.5,0.075,0.575,1,1
3017,6,3.6163333333333334,5.69,1.2,21.698,1,1
3025,2,3.24,5.5,0.98,6.48,1,1
3047,1,0.085,0.085,0.085,0.085,1,1
3066,21,7.756911809523809,14.4,0.39,162.895148,1,1
3059,1,0.013,0.013,0.013,0.013,1,1
3040,2,0.07495,0.1,0.0499,0.1499,1,1
3031,7,6.991985714285714,11.65,1.48,48.9439,1,1
3001,4,1.237575,2.25,0.5,4.9503,1,1
3002,13,3.4383999999999997,7.3,0.5,44.6992,1,1
3003,3,1.1033333333333333,1.61,0.45,3.31,1,1
3094,9,6.468111111111111,22.0,0.015,58.213,1,1
3052,6,1.4328166666666668,4.2069,0.09,8.596900000000002,1,1
3000,1,1.2,1.2,1.2,1.2,1,1
3091,9,5.851677666666666,10.18,0.015,52.665099,1,1
3011,4,1.492475,2.88,0.4,5.9699,1,1
3038,7,1.3076857142857143,2.1,0.0498,9.1538,1,1
3030,6,1.8088333333333333,3.0,0.033,10.853,1,1
3032,21,9.553746095238095,23.0,0.018,200.628668,1,1
3074,35,3.766437428571429,9.13,0.49,131.82531,1,1
3072,2,0.97,1.49,0.45,1.94,1,1
3078,3,1.2033333333333334,1.88,0.44,3.61,1,1
3080,9,4.687444444444444,10.387,0.49,42.187,1,1
3071,1,0.5,0.5,0.5,0.5,1,1
3062,16,8.8203846875,31.65,0.44,141.126155,1,1
3044,10,5.9855,13.975,0.055,59.855000000000004,1,1
3083,22,3.8072909090909093,6.14,0.0125,83.7604,1,1
3021,7,10.370985714285714,24.99,0.69,72.5969,1,1
3028,8,9.93875,36.6,0.15,79.51,1,1
3073,51,5.39290694117647,24.0,0.44,275.038254,1,1
2927,10,3.62685,5.0,0.7,36.2685,1,1
2910,2,0.045,0.05,0.04,0.09,1,1
2951,6,9.291500000000001,20.0,0.269,55.749,1,1
2982,9,2.126221888888889,3.5,0.039,19.135997,1,1
2895,9,4.051,5.299,0.02,36.459,1,1
2909,7,10.889142857142858,40.0,0.014,76.224,1,1
2901,10,10.886288799999999,20.2,0.015,108.862888,1,1
2946,6,5.664999999999999,12.5,0.29,33.989999999999995,1,1
2894,8,1.42675,2.67,0.014,11.414,1,1
2879,2,0.341,0.665,0.017,0.682,1,1
2968,3,3.0199999999999996,5.1,0.46,9.059999999999999,1,1
2883,5,10.478039800000001,25.489999,0.35,52.390199,1,1
2974,4,8.3225,25.0,0.46,33.29,1,1
2976,22,7.309772727272727,16.499,0.039,160.815,1,1
2963,4,4253.039075,17000.0,0.06,17012.1563,1,1
2954,6,2.472916666666667,4.299,0.05,14.8375,1,1
2897,49,7.168275448979592,17.98,0.02,351.245497,1,1
2876,20,8.944799399999999,14.95,0.4,178.895988,1,1
2914,2,15.2495,15.899,14.6,30.499,1,1
2912,10,2.3735299999999997,4.26,0.018,23.7353,1,1
2935,4,1.20375,2.75,0.025,4.815,1,1
2934,9,9.780888888888889,33.3,0.42,88.028,1,1
2868,2,1.52,2.99,0.05,3.04,1,1
2885,5,1.367,3.69,0.02,6.835,1,1
2908,8,1.861,3.5,0.018,14.888,1,1
2918,2,13.17,13.44,12.9,26.34,1,1
2952,4,7.3175,14.13,0.29,29.27,1,1
2945,3,2.529666666666667,4.3,0.289,7.589,1,1
2870,2,0.1275,0.2,0.055,0.255,1,1
2949,17,5.35535294117647,15.431,2.89,91.041,1,1
2896,4,1.2925,2.3,0.015,5.17,1,1
2959,6,1.8863573333333334,3.4,0.028144,11.318144,1,1
2940,3,0.9249999999999999,1.295,0.34,2.775,1,1
2886,12,6.434325,15.71,0.665,77.2119,1,1
2893,4,5.65,14.0,0.05,22.6,1,1
2891,5,2.413,5.0,0.5,12.065,1,1
2950,13,2.9445538461538465,10.25,0.029,38.2792,1,1
2878,6,1.0783333333333334,3.0,0.025,6.47,1,1
2930,3,3.08,3.9,1.84,9.24,1,1
2972,15,5.2796,7.08,0.46,79.194,1,1
2884,3,1.3516666666666666,2.99,0.4,4.055,1,1
2880,3,1.744,4.55,0.017,5.232,1,1
2944,10,4.9798254,20.1005,0.039,49.798254,1,1
2881,11,11.64630909090909,33.18,0.35,128.1094,1,1
2871,1,0.05,0.05,0.05,0.05,1,1
2926,16,3.15975,4.42,0.91,50.556,1,1
2941,5,0.7948000000000001,2.98,0.049,3.974,1,1
2899,15,5.195326666666667,12.5,0.05,77.9299,1,1
2887,13,2.775292307692308,6.65,0.017,36.0788,1,1
2921,7,12.854285714285714,24.0,4.0,89.98,1,1
2962,12,9.325825,19.78,0.019,111.90990000000001,1,1
2917,2,16.79,17.99,15.59,33.58,1,1
2967,5,7.63938,24.8,0.46,38.1969,1,1
2970,8,2.26373875,3.7,0.46,18.10991,1,1
2903,4,1.1090499999999999,2.0,0.015,4.4361999999999995,1,1
2877,5,2.1664000000000003,4.4,0.017,10.832,1,1
2904,13,9.133512076923077,18.68,0.018,118.735657,1,1
2937,6,2.3546650000000002,4.51,0.279,14.12799,1,1
2984,5,0.548,0.89,0.039,2.74,1,1
2931,41,4.060780487804878,7.1,0.328,166.492,1,1
2948,11,7.299717272727272,17.247,0.65,80.29688999999999,1,1
2964,4,0.977,1.7,0.018,3.908,1,1
2961,28,8.313931714285713,13.73,0.018,232.790088,1,1
2943,4,1.77739975,3.6999,0.31,7.109599,1,1
2975,9,9.641777777777778,22.31,0.46,86.776,1,1
2892,5,2.8567600000000004,5.69,0.6,14.283800000000001,1,1
2969,4,2.7125000000000004,4.2,0.46,10.850000000000001,1,1
2939,5,1.9674,3.88,0.032,9.837,1,1
2981,12,4.210166666666667,5.71,0.039,50.522,1,1
2907,4,1.8359999999999999,3.15,0.015,7.343999999999999,1,1
2933,3,1.4000000000000001,3.0,0.3,4.2,1,1
2873,2,0.5325,0.665,0.4,1.065,1,1
2906,2,0.8075,1.59,0.025,1.615,1,1
2890,1,0.665,0.665,0.665,0.665,1,1
2882,18,8.322016666666666,15.64,0.0399,149.7963,1,1
2971,3,2.033333333333333,3.5,0.46,6.1,1,1
2902,3,0.5033333333333333,1.4,0.05,1.51,1,1
2915,3,3.3233333333333337,4.99,1.99,9.97,1,1
2925,6,1.72865,2.92,0.61,10.3719,1,1
2957,7,5.366190857142857,12.9,0.016336,37.563336,1,1
2979,4,0.54225,1.08,0.039,2.169,1,1
2924,1,18.25,18.25,18.25,18.25,1,1
2867,3,10.003333333333334,25.96,0.05,30.01,1,1
2898,14,12.867703500000001,23.15,0.014,180.147849,1,1
2936,8,15.504750000000001,22.25,2.35,124.03800000000001,1,1
2872,6,8.308326,16.5,0.05,49.849956,1,1
2960,15,7.526732133333334,11.0,0.047082,112.900982,1,1
2947,2,3.69,3.69,3.69,7.38,1,1
2923,1,18.25,18.25,18.25,18.25,1,1
2920,67,4.944283059701493,11.17,0.329,331.266965,1,1
2983,2,0.11900000000000001,0.199,0.039,0.23800000000000002,1,1
2900,3,0.34299999999999997,1.0,0.014,1.029,1,1
2955,8,3.8361125,5.33,0.02,30.6889,1,1
2958,14,8.873413428571428,19.5,0.031288,124.227788,1,1
2942,6,6.137016666666667,28.95,0.32,36.8221,1,1
2911,3,0.93,2.5,0.04,2.79,1,1
2913,8,9.494513125,22.49,1.39,75.956105,1,1
2888,9,3.042733888888889,9.1,0.017,27.384605,1,1
2875,24,6.3699412083333335,12.32,0.13,152.878589,1,1
2916,4,3.21645,10.13,0.459,12.8658,1,1
2977,4,4.00975,7.0,0.039,16.039,1,1
2966,10,1.8529,7.3,0.15,18.529,1,1
2874,14,8.293984142857143,17.962778,0.2,116.115778,1,1
2978,16,6.76495,11.55,0.056,108.2392,1,1
2956,10,16.18364,26.0804,0.06,161.8364,1,1
2938,6,9.8755,36.0,0.129,59.253,1,1
2929,7,1.5009714285714286,2.48,0.319,10.5068,1,1
2869,3,2.1450333333333336,3.92,0.055,6.4351,1,1
2928,1,0.679,0.679,0.679,0.679,1,1
2889,1,0.665,0.665,0.665,0.665,1,1
2985,5,1.6509999999999998,3.33,0.035,8.254999999999999,1,1
2905,8,7.439875,22.98,0.05,59.519,1,1
2922,2,2.435,3.0,1.87,4.87,1,1
2919,10,3.19587,4.17,0.589,31.9587,1,1
2932,3,1.102,1.54,0.51,3.306,1,1
2980,13,5.875550769230769,15.998191,0.039,76.38216,1,1
2973,2,1.575,2.69,0.46,3.15,1,1
2965,3,1.9566666666666668,3.2,0.03,5.87,1,1
2953,16,4.300483125,5.839,0.05,68.80773,1,1
2802,9,5.780344444444444,10.948,0.035,52.0231,1,1
2862,8,2.67875,6.55,1.5,21.43,1,1
2794,12,8.96678125,18.0,0.05,107.601375,1,1
2795,8,1.9736125,3.136,0.2,15.7889,1,1
2788,4,0.670125,1.2795,0.05,2.6805,1,1
2803,12,8.65,20.9,0.27,103.8,1,1
2809,3,1.0916666666666666,2.78,0.195,3.275,1,1
2785,6,1.7466666666666668,2.86,0.05,10.48,1,1
2863,3,2.463,3.99,0.149,7.389,1,1
2789,5,3.8431800000000003,7.5,0.2669,19.2159,1,1
2796,35,7.502479714285714,33.11,0.05,262.58679,1,1
2823,7,1.268957142857143,3.48,0.196,8.8827,1,1
2824,10,3.5989739999999997,4.8,0.24,35.98974,1,1
2855,28,4.561871428571428,7.0,0.25,127.7324,1,1
2860,3,7.159,12.5,2.99,21.477,1,1
2777,13,4.948419230769231,14.0,0.055,64.32945,1,1
2838,3,1.6033333333333333,3.03,0.85,4.81,1,1
2847,8,8.439737375,13.35,0.029,67.517899,1,1
2849,26,13.031484115384615,33.47,0.036,338.818587,1,1
2821,13,3.848846153846154,5.84,0.24,50.035000000000004,1,1
2856,18,6.279187222222222,18.89,0.03,113.02537,1,1
2815,14,10.372132785714285,29.999,0.019,145.209859,1,1
2841,4,1.3975,2.8,0.4,5.59,1,1
2850,11,5.714734636363636,11.85,0.04,62.862081,1,1
2840,18,11.425060555555556,24.995,3.03,205.65109,1,1
2859,3,0.9490000000000002,1.76,0.197,2.8470000000000004,1,1
2781,7,3.518,10.699,0.2,24.625999999999998,1,1
2835,2,1.454,2.739,0.169,2.908,1,1
2792,6,0.816,1.6,0.039,4.896,1,1
2852,1,0.3,0.3,0.3,0.3,1,1
2799,43,5.979239372093024,11.459,0.05,257.107293,1,1
2801,2,0.27495,0.2999,0.25,0.5499,1,1
2782,2,1.4334500000000001,2.6,0.2669,2.8669000000000002,1,1
2812,8,2.5851375,6.1,0.018,20.6811,1,1
2800,5,1.9137,3.4,0.1,9.5685,1,1
2783,9,8.719766666666667,17.89,0.2669,78.4779,1,1
2843,9,4.518908555555556,10.6316,0.01,40.670177,1,1
2779,2,0.5275,1.0,0.055,1.055,1,1
2776,5,2.7114000000000003,11.0,0.032,13.557,1,1
2780,8,2.4665875,4.2027,0.025,19.7327,1,1
2861,5,2.39698,7.41,0.078,11.9849,1,1
2829,1,0.018,0.018,0.018,0.018,1,1
2834,15,9.535133333333333,14.45,1.99,143.027,1,1
2820,8,3.8605,10.24,0.028,30.884,1,1
2822,2,1.677,3.33,0.024,3.354,1,1
2804,36,4.3819,5.76,0.035,157.7484,1,1
2807,17,7.134176470588236,11.4,0.195,121.281,1,1
2786,12,4.4835,9.6,0.05,53.802,1,1
2844,4,1.1205,2.45,0.042,4.482,1,1
2864,5,2.8686,4.39,0.359,14.343,1,1
2793,6,2.080833333333333,3.99,0.05,12.485,1,1
2816,6,7.208783166666667,15.699999,0.045,43.252699,1,1
2827,17,8.915571705882353,16.4,0.018,151.564719,1,1
2833,6,5.547000000000001,26.35,0.8,33.282000000000004,1,1
2810,19,4.862649368421053,10.239475,0.195,92.390338,1,1
2836,14,5.058535714285715,10.2499,0.55,70.8195,1,1
2865,45,5.403873333333333,27.2864,0.012,243.1743,1,1
2791,29,6.990524000000001,18.67,0.05,202.725196,1,1
2826,2,0.1575,0.16,0.155,0.315,1,1
2842,18,4.462555555555555,15.69,0.11,80.326,1,1
2857,8,4.81073125,9.196,0.49,38.48585,1,1
2839,15,4.4113332000000005,5.71,0.82,66.169998,1,1
2831,1,0.19,0.19,0.19,0.19,1,1
2853,14,9.981142142857143,16.37,0.28,139.73599000000002,1,1
2784,3,1.6216666666666668,3.15,0.015,4.865,1,1
2851,5,1.241,5.6,0.03,6.205,1,1
2858,1,0.498,0.498,0.498,0.498,1,1
2787,16,3.976303,5.61,0.025,63.620848,1,1
2846,4,0.47075,1.5,0.014,1.883,1,1
2808,14,5.9838499999999994,23.0,0.195,83.7739,1,1
2814,19,14.723473684210525,33.45,0.027,279.746,1,1
2817,9,4.615999222222222,9.37,0.45,41.543993,1,1
2798,13,3.561276923076923,6.69,0.05,46.2966,1,1
2806,4,1.61625,3.49,0.195,6.465,1,1
2805,4,3.00875,10.0,0.035,12.035,1,1
2845,9,8.065755444444443,26.499999,0.045,72.591799,1,1
2832,13,4.0636230769230774,13.0,0.4321,52.8271,1,1
2866,17,2.7850882352941175,5.41,0.0125,47.3465,1,1
2825,4,1.2540075,2.2454,0.19,5.01603,1,1
2813,2,0.5625,0.925,0.2,1.125,1,1
2819,4,1.4675,2.6,0.02,5.87,1,1
2811,8,2.8235,12.18,0.019,22.588,1,1
2828,15,3.4398073333333334,4.96,0.018,51.59711,1,1
2797,4,0.84475,1.58,0.05,3.379,1,1
2837,6,1.9609333333333332,5.4,0.55,11.7656,1,1
2854,3,1.3766666666666667,3.29,0.03,4.13,1,1
2848,11,3.9289990909090906,6.19999,0.029,43.21899,1,1
2830,3,1.6423333333333332,3.12,0.038,4.927,1,1
2818,6,1.2172166666666666,2.0104,0.015,7.3033,1,1
2778,15,4.183407466666667,10.85,0.015,62.751112,1,1
2790,5,2.5154574,5.52,0.05,12.577287,1,1
2702,12,6.3466240833333325,16.0,0.2,76.159489,1,1
2734,3,0.6429666666666667,0.969,0.0299,1.9289,1,1
2760,6,1.39,3.3,0.015,8.34,1,1
2732,10,3.7264899999999996,6.15,0.0299,37.2649,1,1
2774,0,0.0,0.0,0.0,0.0,0,0
2745,4,5.71,7.34,4.1,22.84,1,1
2757,2,0.0925,0.125,0.06,0.185,1,1
2708,5,2.7578,5.38,0.2,13.789,1,1
2719,13,5.637096615384616,22.69,0.2,73.282256,1,1
2721,1,0.0365,0.0365,0.0365,0.0365,1,1
2717,5,1.408,2.4,0.5,7.039999999999999,1,1
2682,12,7.7801833333333335,11.98,0.45,93.3622,1,1
2735,11,4.103081818181818,7.239,0.0299,45.1339,1,1
2700,4,2.8475,6.1,0.25,11.39,1,1
2676,17,8.279616470588236,12.25,1.2,140.75348,1,1
2711,1,15.0,15.0,15.0,15.0,1,1
2773,28,5.057453535714286,11.799999,0.169,141.608699,1,1
2765,6,13.615,26.5,2.0,81.69,1,1
2701,3,1.7966666666666666,2.15,1.5,5.39,1,1
2697,35,4.793139999999999,6.15,0.03,167.7599,1,1
2690,14,5.019978571428572,6.39,3.93,70.2797,1,1
2764,14,7.525403571428571,15.95,0.012,105.35565,1,1
2738,15,6.511515200000001,10.2,0.03,97.672728,1,1
2737,7,3.4446857142857144,5.75,0.03,24.1128,1,1
2730,5,3.7413799999999995,7.8,0.0299,18.706899999999997,1,1
2740,14,9.511357142857142,19.99,0.4,133.159,1,1
2758,2,0.5575,1.1,0.015,1.115,1,1
2769,5,1.1530200000000002,2.1,0.775,5.7651,1,1
2766,30,4.02323,9.989,0.12,120.6969,1,1
2716,23,4.13239804347826,10.82,0.2,95.045155,1,1
2714,63,4.8246014285714285,19.3,0.4,303.94989,1,1
2770,5,1.4351800000000001,2.97,0.169,7.1759,1,1
2749,6,1.781666666666667,4.2,0.305,10.690000000000001,1,1
2752,8,11.4175,20.93,0.35,91.34,1,1
2715,8,3.67,6.49,0.3,29.36,1,1
2762,31,7.2017741935483865,10.9,0.013,223.255,1,1
2767,12,17.75575,50.0,6.5,213.069,1,1
2742,8,4.172499875,11.3,0.35,33.379999,1,1
2750,2,1.675,3.0,0.35,3.35,1,1
2706,10,5.58916,19.0,0.2,55.8916,1,1
2710,7,1.4219857142857144,2.15,0.2,9.9539,1,1
2763,16,8.2565571875,23.7,0.011,132.104915,1,1
2729,27,5.8787998148148155,17.83,0.302,158.727595,1,1
2754,1,2.25,2.25,2.25,2.25,1,1
2723,6,2.2207833333333333,6.0,0.0547,13.3247,1,1
2736,8,3.4674875,10.0,0.03,27.7399,1,1
2695,3,7.756666666666668,19.69,0.45,23.270000000000003,1,1
2692,14,8.296419214285715,16.37,1.2,116.149869,1,1
2725,20,7.1210136,17.0,0.0547,142.420272,1,1
2722,49,6.7851973265306125,30.1,0.0365,332.474669,1,1
2775,2,4.5,8.0,1.0,9.0,1,1
2687,2,0.84,1.18,0.5,1.68,1,1
2741,7,16.526714285714284,19.69,10.75,115.687,1,1
2707,13,3.763923076923077,14.55,0.5,48.931,1,1
2772,1,2.8999,2.8999,2.8999,2.8999,1,1
2698,10,4.155683,5.93993,0.012,41.55683,1,1
2727,9,2.1098333333333334,3.99,0.01,18.988500000000002,1,1
2718,10,2.4081099999999998,4.12,0.2,24.0811,1,1
2679,7,6.385571428571429,10.9,0.45,44.699,1,1
2704,31,4.0175803225806455,7.3,0.2,124.54499,1,1
2685,14,3.2997142857142854,5.6,0.5,46.196,1,1
2681,8,4.197125,7.9,0.5,33.577,1,1
2686,4,2.322425,4.96,0.5,9.2897,1,1
2712,2,1.045,1.89,0.2,2.09,1,1
2731,2,0.095,0.16,0.03,0.19,1,1
2709,8,7.474125,16.4,1.0,59.793,1,1
2691,6,2.5548333333333333,4.199,0.5,15.329,1,1
2705,8,3.04977775,4.07,0.2,24.398222,1,1
2771,53,9.531246245283018,45.0,1.5,505.156051,1,1
2739,8,9.327,26.369,0.03,74.616,1,1
2753,3,1.2866666666666666,1.94,0.5,3.86,1,1
2759,5,15.297999999999998,35.47,0.02,76.49,1,1
2703,38,9.445857105263158,19.7,0.2,358.94257,1,1
2713,33,4.076463636363637,5.8,0.25,134.5233,1,1
2728,5,4.1673,10.28,0.032,20.8365,1,1
2756,17,10.759257764705882,22.35,0.045,182.907382,1,1
2748,2,1.4244999999999999,2.449,0.4,2.8489999999999998,1,1
2678,7,3.335728571428571,6.63,0.45,23.350099999999998,1,1
2694,25,5.272124,7.13,1.2,131.8031,1,1
2683,7,1.91,3.29,0.9,13.37,1,1
2677,11,4.591818181818182,6.5,0.99,50.51,1,1
2696,28,4.2858925,19.11,0.6,120.00498999999999,1,1
2744,0,0.0,0.0,0.0,0.0,0,0
2743,8,6.2059975000000005,14.99,0.4,49.647980000000004,1,1
2689,78,6.299097858974359,14.429993,0.45,491.329633,1,1
2761,1,0.015,0.015,0.015,0.015,1,1
2747,10,4.3598915,10.2,0.2,43.598915,1,1
2768,10,7.05495,10.98,0.12,70.5495,1,1
2693,2,0.275,0.4,0.15,0.55,1,1
2699,3,0.9866666666666667,1.45,0.25,2.96,1,1
2733,36,6.051225,26.0,0.03,217.8441,1,1
2720,4,1.0418,1.6,0.5,4.1672,1,1
2751,0,0.0,0.0,0.0,0.0,0,0
2746,10,8.827138999999999,11.0526,0.4,88.27139,1,1
2684,40,5.24827,12.2,2.0,209.9308,1,1
2724,5,2.15494,3.82,0.0547,10.7747,1,1
2726,3,0.47490000000000004,1.3,0.0547,1.4247,1,1
2688,4,11.615,15.88,2.0,46.46,1,1
2680,17,4.293211764705882,5.6,2.48,72.9846,1,1
2755,1,2.25,2.25,2.25,2.25,1,1
2598,5,2.2972799999999998,3.69,0.25,11.4864,1,1
2620,16,8.00801875,35.0,0.189,128.1283,1,1
2638,6,1.2215,1.6,0.99,7.329,1,1
2600,22,6.253966545454546,33.4975,0.093,137.587264,1,1
2654,9,3.836188888888889,5.8,0.188,34.5257,1,1
2664,20,7.1938,16.85,0.019,143.876,1,1
2645,6,5.307483333333333,13.689,0.4269,31.8449,1,1
2611,4,4.2725,11.0,0.1,17.09,1,1
2651,9,2.3470555555555555,8.05,0.6985,21.1235,1,1
2633,14,7.9981,23.25,0.15,111.9734,1,1
2646,10,6.595879999999999,11.069,1.6,65.9588,1,1
2593,11,6.632454545454545,15.13,0.039,72.957,1,1
2624,5,3.0778000000000003,7.9,0.399,15.389000000000001,1,1
2657,3,4.2299999999999995,12.0,0.24,12.69,1,1
2671,6,1.8170166666666667,3.5,0.052,10.9021,1,1
2609,6,3.2541500000000005,4.5,1.7,19.524900000000002,1,1
2631,14,7.373031357142858,15.199,0.04,103.22243900000001,1,1
2602,30,4.434340000000001,6.06,0.25,133.0302,1,1
2674,6,4.666665,10.92099,0.049,27.99999,1,1
2642,3,2.1816666666666666,3.69,0.075,6.545,1,1
2670,15,3.395795333333333,5.28,0.0529,50.93693,1,1
2616,23,5.145573869565217,7.7099,0.2,118.348199,1,1
2649,7,1.5512571428571427,4.1,0.11,10.858799999999999,1,1
2639,8,2.19475,3.69,0.248,17.558,1,1
2673,5,1.2858,2.75,0.051,6.429,1,1
2621,4,2.5584999999999996,4.225,0.199,10.233999999999998,1,1
2640,19,2.691421052631579,4.65,0.138,51.137,1,1
2619,2,2.5495,4.9,0.199,5.099,1,1
2666,10,14.1734,33.111,0.933,141.734,1,1
2622,9,9.499888888888888,14.95,0.219,85.499,1,1
2641,7,6.098385714285714,11.9,0.0648,42.6887,1,1
2604,31,8.372277258064516,18.85,0.25,259.540595,1,1
2629,11,3.8856454545454544,10.6,0.199,42.7421,1,1
2623,24,5.234862083333334,12.1608,0.179,125.63669,1,1
2615,5,2.09782,2.9,0.299,10.4891,1,1
2626,23,3.347248695652174,5.139,0.159,76.98672,1,1
2635,12,3.458316416666667,4.42,0.378,41.499797,1,1
2672,5,0.6025,1.66,0.054,3.0125,1,1
2634,10,1.9420429,3.39,0.22,19.420429,1,1
2606,6,1.2124833333333334,2.4,0.25,7.274900000000001,1,1
2599,6,11.334998333333333,26.68999,0.25,68.00999,1,1
2658,19,7.251200947368421,14.098999,0.045,137.772818,1,1
2605,4,0.2198,0.42,0.0392,0.8792,1,1
2653,1,0.48,0.48,0.48,0.48,1,1
2655,7,4.141671428571429,4.75,3.56,28.991699999999998,1,1
2627,4,3.23725,5.9,0.549,12.949,1,1
2596,16,7.686234375,26.0,0.0995,122.97975,1,1
2648,13,8.134376692307693,22.089997,0.099,105.746897,1,1
2614,7,2.455528571428571,5.5798,0.159,17.188699999999997,1,1
2601,63,7.1454733174603176,17.3,0.1888,450.164819,1,1
2595,6,1.5233166666666669,3.1,0.25,9.1399,1,1
2669,6,5.301333333333333,13.49,0.053,31.808,1,1
2650,3,1.5133333333333334,2.95,0.34,4.54,1,1
2632,16,3.613,4.55,0.15,57.808,1,1
2594,3,1.9766333333333332,3.69,0.25,5.9299,1,1
2603,9,6.684222222222222,22.89,0.039,60.158,1,1
2630,46,4.321701086956522,6.89,0.015,198.79825,1,1
2610,5,2.13598,3.5,0.0479,10.6799,1,1
2618,3,1.3596666666666666,2.0,0.289,4.079,1,1
2608,10,2.2262999999999997,4.55,0.8,22.262999999999998,1,1
2647,8,3.72975,10.69,0.438,29.838,1,1
2637,10,4.633305399999999,8.6,0.198,46.333054,1,1
2660,16,8.6514364375,16.999999,0.29,138.422983,1,1
2662,14,5.884785714285714,25.0,0.029,82.387,1,1
2613,22,4.1604494999999995,5.62,0.165,91.529889,1,1
2668,52,6.589488307692307,30.99,0.053,342.653392,1,1
2617,38,8.908833947368421,23.899,0.139,338.53569,1,1
2612,51,9.031129294117648,31.5,0.159,460.587594,1,1
2663,3,1.028,3.0,0.035,3.084,1,1
2644,3,2.0100000000000002,3.0,1.29,6.03,1,1
2597,5,1.59336,3.0,0.25,7.9668,1,1
2661,36,4.441,5.9,0.05,159.876,1,1
2656,1,21.0,21.0,21.0,21.0,1,1
2667,13,4.009553846153846,6.8211,0.06,52.1242,1,1
2625,40,9.555774975,23.0,0.169,382.230999,1,1
2607,55,5.453963072727272,13.789964,0.25,299.967969,1,1
2665,7,1.3821428571428573,3.45,0.053,9.675,1,1
2652,1,0.44,0.44,0.44,0.44,1,1
2675,10,2.0949999999999998,3.89,0.1,20.95,1,1
2659,10,12.222805300000001,22.09,0.052,122.228053,1,1
2628,10,2.77987,6.57,0.1689,27.7987,1,1
2636,10,1.4909,2.895,0.099,14.908999999999999,1,1
2643,6,9.2103,38.0,0.05,55.2618,1,1
2557,0,0.0,0.0,0.0,0.0,0,0
2580,7,2.6530285714285715,4.09,0.0512,18.5712,1,1
2576,6,7.2331666666666665,20.299,0.5,43.399,1,1
2549,11,2.2028,4.6549,0.95,24.2308,1,1
2490,4,2.11125,6.05,0.015,8.445,1,1
2568,9,7.109727555555555,10.924,0.4,63.987548,1,1
2577,4,0.97425,2.8,0.177,3.897,1,1
2553,0,0.0,0.0,0.0,0.0,0,0
2527,18,6.583742888888889,23.875,0.0495,118.507372,1,1
2520,2,0.03975,0.0495,0.03,0.0795,1,1
2583,4,1.760525,2.9,0.03,7.0421,1,1
2535,20,9.96179995,18.879,0.2,199.235999,1,1
2488,51,4.543816470588235,6.0603,0.052,231.73463999999998,1,1
2572,6,8.331683333333332,13.0,0.3,49.9901,1,1
2551,3,17.466666666666665,29.0,3.4,52.4,1,1
2560,39,4.299948717948718,6.13,0.4,167.698,1,1
2525,7,1.7066428571428571,3.88,0.017,11.9465,1,1
2558,9,11.927633111111112,23.99,0.32,107.348698,1,1
2516,3,1.8198333333333334,2.95,0.0495,5.4595,1,1
2585,10,7.5024964,28.88,0.05,75.024964,1,1
2566,9,3.463111111111111,6.5,0.4,31.168,1,1
2502,11,5.498595909090909,8.139955,1.5,60.484555,1,1
2552,17,4.185846588235294,11.5,0.33,71.159392,1,1
2505,3,1.0816666666666668,1.8,0.145,3.245,1,1
2492,8,8.3107375,15.65,0.014,66.4859,1,1
2586,6,9.157766666666667,17.05,0.0542,54.946600000000004,1,1
2569,37,9.69667772972973,24.0,0.4,358.777076,1,1
2515,15,3.9277733333333336,5.9905,0.0495,58.9166,1,1
2508,4,4.66,8.0,1.5,18.64,1,1
2540,6,1.06665,2.45,0.036,6.399900000000001,1,1
2591,1,0.043,0.043,0.043,0.043,1,1
2521,8,5.148044625,11.99,0.0495,41.184357,1,1
2581,5,0.56294,1.1867,0.035,2.8147,1,1
2500,8,1.8623750000000001,2.84,0.06,14.899000000000001,1,1
2485,10,7.0644789,13.7478,0.018,70.644789,1,1
2486,7,2.4928,4.25,0.029,17.4496,1,1
2487,16,9.345868625,20.949,0.0189,149.533898,1,1
2588,10,2.05735,3.89,0.0535,20.5735,1,1
2590,7,9.337428571428571,21.25,0.053,65.362,1,1
2533,7,1.7672134285714285,2.44,0.4,12.370493999999999,1,1
2507,7,2.5784285714285713,6.5,0.14,18.049,1,1
2509,5,2.97376,3.8888,1.7,14.8688,1,1
2561,6,4.298183333333333,9.868,0.4,25.789099999999998,1,1
2543,24,3.9138333333333333,4.95,0.052,93.932,1,1
2532,6,10.494815166666667,22.69,0.06,62.968891000000006,1,1
2579,32,4.07726875,5.99,0.05,130.4726,1,1
2545,7,2.8822714285714284,10.69,0.0159,20.1759,1,1
2542,5,1.285641,2.1,0.0537,6.428205,1,1
2524,14,8.9264615,24.799999,0.0495,124.970461,1,1
2491,8,1.4735,2.95,0.019,11.788,1,1
2510,2,2.5,3.0,2.0,5.0,1,1
2499,2,4.72,9.0,0.44,9.44,1,1
2496,3,4.5704,9.69,2.0,13.7112,1,1
2512,7,5.065957142857143,9.45,0.045,35.4617,1,1
2518,33,7.021284848484849,31.02,0.0495,231.7024,1,1
2541,7,719.548342857143,5000.0,0.0535,5036.838400000001,1,1
2556,4,1.51,2.75,0.32,6.04,1,1
2587,4,5.8858749999999995,19.99,0.0535,23.543499999999998,1,1
2562,2,0.8,1.2,0.4,1.6,1,1
2497,30,4.164916666666667,6.5,0.777,124.94749999999999,1,1
2554,23,4.943882608695652,15.6,0.32,113.7093,1,1
2522,3,1.7565000000000002,2.97,0.0495,5.269500000000001,1,1
2511,19,6.573096894736842,13.6,0.0467,124.888841,1,1
2498,15,10.568399933333332,30.5,0.1,158.52599899999998,1,1
2537,9,5.391361222222222,9.000101,0.0539,48.522251,1,1
2563,2,1.445,2.49,0.4,2.89,1,1
2517,1,0.0495,0.0495,0.0495,0.0495,1,1
2550,5,13.0696,20.049,2.8,65.348,1,1
2495,1,0.15,0.15,0.15,0.15,1,1
2575,3,3.8200000000000003,6.96,0.5,11.46,1,1
2504,1,7.02,7.02,7.02,7.02,1,1
2574,8,5.165,17.86,0.5,41.32,1,1
2530,9,2.438766666666667,5.24,0.0495,21.948900000000002,1,1
2494,4,3.0475,5.55,0.1,12.19,1,1
2547,9,3.898887777777778,5.53999,0.12,35.08999,1,1
2584,10,5.634650000000001,16.42,0.0565,56.346500000000006,1,1
2592,11,2.450418181818182,5.49,0.0428,26.9546,1,1
2570,3,0.9966666666666666,1.4,0.4,2.9899999999999998,1,1
2589,2,0.1855,0.3,0.071,0.371,1,1
2506,20,5.67987915,20.0,0.15,113.597583,1,1
2536,3,0.19656666666666667,0.385,0.0547,0.5897,1,1
2523,4,1.119875,2.69,0.04,4.4795,1,1
2493,2,1.3,1.5,1.1,2.6,1,1
2519,40,7.609018000000001,24.01,0.049,304.36072,1,1
2528,2,0.5747500000000001,1.1,0.0495,1.1495000000000002,1,1
2534,8,2.378525,5.99,0.046,19.0282,1,1
2514,30,8.255874633333333,25.2433,0.0495,247.676239,1,1
2501,5,2.32,4.45,0.5,11.6,1,1
2529,2,1.52475,3.0,0.0495,3.0495,1,1
2571,1,0.4,0.4,0.4,0.4,1,1
2531,39,6.355764,16.57,0.25,247.874796,1,1
2582,11,5.8047818181818185,11.4688,0.55,63.8526,1,1
2573,9,2.6743333333333337,6.95,0.4,24.069000000000003,1,1
2544,4,1.448725,2.4,0.0149,5.7949,1,1
2548,7,2.2653,5.4889,0.0149,15.857099999999999,1,1
2538,6,1.09815,3.2,0.0529,6.5889,1,1
2526,4,1.227375,2.7,0.0495,4.9095,1,1
2555,3,1.5599999999999998,2.09,0.9,4.68,1,1
2567,23,7.653487869565218,14.45,0.4,176.030221,1,1
2578,8,3.1528375,5.98,0.5,25.2227,1,1
2565,4,1.8872499999999999,3.88,0.4,7.5489999999999995,1,1
2503,18,6.507221666666666,17.89,0.3,117.12998999999999,1,1
2489,9,11.526488888888888,21.149,0.0155,103.7384,1,1
2513,18,3.9764888888888894,9.94,0.045,71.5768,1,1
2539,31,4.102954774193548,5.9899,0.035,127.191598,1,1
2564,13,9.702153846153847,18.25,0.4,126.128,1,1
2546,3,1.0505,3.1,0.0175,3.1515,1,1
2559,3,3.74,10.0,0.4,11.22,1,1
2444,18,8.847166666666666,12.99,1.189,159.249,1,1
2412,13,2.287476923076923,5.4774,0.0249,29.7372,1,1
2399,9,2.6684444444444444,4.76,0.99,24.016,1,1
2410,22,6.7040442272727265,15.299,0.037,147.488973,1,1
2432,3,0.16253333333333334,0.35,0.0476,0.4876,1,1
2409,6,6.202033333333333,16.6612,0.1111,37.212199999999996,1,1
2424,6,2.737833333333333,4.37,1.467,16.427,1,1
2395,6,1.6566666666666665,3.45,0.6,9.94,1,1
2463,24,6.176383125,21.75,0.025,148.233195,1,1
2382,8,2.7465125,5.06,0.017,21.9721,1,1
2413,21,12.48375557142857,32.89998,0.019,262.158867,1,1
2477,15,3.5349733333333333,5.48,0.0395,53.0246,1,1
2380,2,0.10500000000000001,0.13,0.08,0.21000000000000002,1,1
2378,23,6.561,20.02,0.02,150.903,1,1
2479,24,9.24427475,32.399999,0.015,221.862594,1,1
2483,36,4.680189361111111,14.68,0.04,168.486817,1,1
2430,11,4.305454545454546,7.74,0.2,47.36,1,1
2480,29,5.178280344827586,26.49,0.0395,150.17013,1,1
2431,7,3.9725714285714284,8.5,0.079,27.808,1,1
2376,11,5.468490909090909,10.6,0.017,60.1534,1,1
2457,7,11.173114285714286,27.8,0.0239,78.2118,1,1
2465,23,12.154745565217391,22.5,0.025,279.559148,1,1
2467,7,5.060114285714286,7.774,0.028,35.4208,1,1
2390,19,11.33381547368421,18.5527,1.5,215.342494,1,1
2468,7,4.010985714285714,19.99,0.013,28.0769,1,1
2398,5,2.17,2.5,1.5,10.85,1,1
2388,4,6.1424975,10.64999,0.5,24.56999,1,1
2401,11,1.8645454545454547,3.4,0.5,20.51,1,1
2394,2,1.35,2.2,0.5,2.7,1,1
2449,2,10.85,13.5,8.2,21.7,1,1
2452,4,13.98374725,16.275,11.57,55.934989,1,1
2425,2,0.36,0.45,0.27,0.72,1,1
2446,4,6.14325,12.08,1.25,24.573,1,1
2387,5,3.6879999999999997,10.12,0.95,18.439999999999998,1,1
2402,10,7.2048899,27.0,1.2,72.048899,1,1
2383,1,0.04,0.04,0.04,0.04,1,1
2417,17,8.956800000000001,21.61,0.048,152.2656,1,1
2374,5,1.47892,2.58,0.017,7.3946000000000005,1,1
2440,9,2.7623111111111114,4.7699,1.529,24.8608,1,1
2453,14,3.538492857142857,10.22,0.04,49.5389,1,1
2419,3,1.0846666666666667,2.69,0.049,3.254,1,1
2447,2,52.25,100.0,4.5,104.5,1,1
2442,8,16.413456375,22.0,9.22,131.307651,1,1
2379,11,2.883780909090909,6.9,0.021,31.72159,1,1
2404,2,2.025,3.9,0.15,4.05,1,1
2435,11,8.678622727272728,21.55,1.16475,95.46485000000001,1,1
2408,3,1.383,2.13,0.019,4.149,1,1
2418,13,7.32163976923077,25.55,0.048,95.181317,1,1
2438,4,10.66,12.0,9.95,42.64,1,1
2381,8,10.299624999999999,36.0,0.02,82.39699999999999,1,1
2429,2,0.08875,0.13,0.0475,0.1775,1,1
2478,5,13.856,27.5,0.04,69.28,1,1
2441,3,3.7424999999999997,6.58,1.34,11.2275,1,1
2443,1,0.579,0.579,0.579,0.579,1,1
2450,8,11.8143375,30.0,0.6022,94.5147,1,1
2460,14,5.439264285714286,20.5,0.05,76.1497,1,1
2386,9,3.7116444444444445,6.48,1.0,33.4048,1,1
2458,1,0.03,0.03,0.03,0.03,1,1
2426,5,2.249738,5.69,0.04,11.24869,1,1
2436,8,6.992237375,16.9899,0.369,55.937899,1,1
2471,15,4.8214,10.25,0.15,72.321,1,1
2481,12,2.8635,11.0,0.012,34.362,1,1
2474,6,4.795421666666667,10.34,0.055,28.77253,1,1
2423,7,1.3863505714285715,3.94,2e-05,9.704454,1,1
2397,12,2.9253958333333334,4.9,1.07,35.10475,1,1
2396,3,1.7033333333333331,2.32,1.2,5.109999999999999,1,1
2434,14,4.125535714285713,10.078,0.002,57.75749999999999,1,1
2484,4,11.40725,29.999,1.7,45.629,1,1
2400,3,3.0400000000000005,7.75,0.5,9.120000000000001,1,1
2454,6,1.8533333333333335,3.15,0.98,11.120000000000001,1,1
2476,4,1.894825,4.2,0.0393,7.5793,1,1
2473,7,1.1084142857142856,2.86,0.0349,7.7589,1,1
2422,2,0.2745,0.5,0.049,0.549,1,1
2420,8,7.883375,11.49,0.4,63.067,1,1
2456,25,7.557622159999999,11.987,0.05,188.940554,1,1
2391,1,0.5,0.5,0.5,0.5,1,1
2405,11,3.6049090909090906,13.5,0.15,39.653999999999996,1,1
2437,23,10.02268695652174,32.77,0.452,230.5218,1,1
2439,5,12.075999999999999,19.22,7.99,60.379999999999995,1,1
2414,16,4.85124375,10.0444,0.0175,77.6199,1,1
2411,5,10.6524482,30.0503,0.015,53.262241,1,1
2469,14,12.117106857142858,22.35,0.019,169.639496,1,1
2445,1,3.69,3.69,3.69,3.69,1,1
2403,14,9.85982742857143,23.3777,0.6,138.037584,1,1
2416,6,0.7014999999999999,1.39,0.049,4.209,1,1
2375,19,7.877604473684211,16.24,0.018585,149.674485,1,1
2462,24,3.7210291666666664,4.62,0.033,89.3047,1,1
2464,10,2.07189,3.915,0.0239,20.718899999999998,1,1
2448,2,2.3295,3.5,1.159,4.659,1,1
2406,8,3.9149125,19.2,0.019,31.3193,1,1
2455,23,4.866465217391305,6.36,0.2,111.9287,1,1
2427,43,4.874033255813953,6.36,0.19,209.58343,1,1
2428,10,4.7517000000000005,21.699,0.048,47.517,1,1
2373,3,0.5533333333333333,1.32,0.05,1.6600000000000001,1,1
2415,4,4.69975,14.0,0.099,18.799,1,1
2472,4,1.77,3.44,0.04,7.08,1,1
2377,8,7.1682485,14.198989,0.017,57.345988,1,1
2461,10,9.3043,17.75,0.033,93.04299999999999,1,1
2384,8,7.649125,10.878,2.0,61.193,1,1
2421,36,8.687760222222222,19.5,0.049,312.759368,1,1
2451,5,11.0076,11.768,10.2,55.038,1,1
2482,33,7.139333303030303,17.749,0.069,235.597999,1,1
2393,4,9.125,25.0,0.5,36.5,1,1
2433,8,12.6212725,28.0,4.09,100.97018,1,1
2459,1,0.025,0.025,0.025,0.025,1,1
2475,10,7.828399999999999,23.75,0.045,78.28399999999999,1,1
2466,3,2.6963333333333335,5.99,0.099,8.089,1,1
2470,12,7.341091666666667,14.08,0.22,88.0931,1,1
2392,8,8.14125,30.69,0.5,65.13,1,1
2407,8,3.506075,5.199,0.019,28.0486,1,1
2389,46,6.91993452173913,15.75,0.94,318.316988,1,1
2385,44,5.157022477272727,26.0,0.45,226.908989,1,1
2321,10,3.5545,15.4,0.015,35.545,1,1
2274,7,3.817614285714286,10.0,0.3,26.723300000000002,1,1
2303,5,1201.848,6000.0,0.07,6009.24,1,1
2364,9,7.753809333333333,12.05,1.6,69.784284,1,1
2357,3,1.0686666666666667,1.869,0.187,3.206,1,1
2362,2,0.9950000000000001,1.6,0.39,1.9900000000000002,1,1
2317,14,4.902285714285715,14.949,0.018,68.632,1,1
2330,3,11.366333333333335,29.0,0.099,34.099000000000004,1,1
2302,2,0.027000000000000003,0.034,0.02,0.054000000000000006,1,1
2324,19,7.807609842105262,17.5999,0.015,148.344587,1,1
2325,5,4.0916,6.141,0.017,20.458,1,1
2361,3,0.8963333333333333,1.6,0.49,2.689,1,1
2307,13,6.529338461538462,20.68,0.015,84.8814,1,1
2326,1,0.08,0.08,0.08,0.08,1,1
2366,6,1.7409833333333333,1.99,1.279,10.4459,1,1
2272,6,0.9390000000000001,2.23,0.045,5.634,1,1
2275,3,1.5666666666666664,3.0,0.3,4.699999999999999,1,1
2334,1,0.017,0.017,0.017,0.017,1,1
2347,0,0.0,0.0,0.0,0.0,0,0
2311,4,3.3672000000000004,8.0,0.0888,13.468800000000002,1,1
2312,4,2.8375,3.25,2.1,11.35,1,1
2360,2,1.425,1.6,1.25,2.85,1,1
2298,4,9.522499999999999,33.3,0.1,38.089999999999996,1,1
2280,5,5.608,19.5,0.1,28.04,1,1
2315,5,9.25996,11.67,2.4,46.2998,1,1
2328,6,10.774499999999998,14.9,0.017,64.64699999999999,1,1
2305,8,4.696192375000001,11.336059,0.015,37.569539000000006,1,1
2350,2,1.645,2.19,1.1,3.29,1,1
2271,34,4.368643823529411,5.784,0.04,148.53388999999999,1,1
2322,4,4.262,8.99,0.088,17.048,1,1
2335,2,1.636,3.25,0.022,3.272,1,1
2297,4,1.721,2.59,0.025,6.884,1,1
2277,6,9.399816666666666,19.169,0.1,56.3989,1,1
2337,6,5.545153333333334,17.0,0.02,33.270920000000004,1,1
2301,8,3.0425875,5.1309,0.025,24.3407,1,1
2288,9,4.8897,12.15,0.1,44.0073,1,1
2340,4,1.20145,4.0,0.05,4.8058,1,1
2365,28,5.101953571428572,14.6499,1.2,142.8547,1,1
2299,10,3.09341,4.87,0.03,30.9341,1,1
2349,53,5.202150754716982,8.789999,0.715022,275.71399,1,1
2308,16,10.2473875,19.69,0.0149,163.9582,1,1
2356,11,8.220223363636363,10.94,0.05,90.422457,1,1
2286,9,5.212777777777777,14.69,0.1,46.915,1,1
2293,13,4.914084615384615,14.8,0.5,63.8831,1,1
2354,19,4.805564157894737,10.05,0.17,91.305719,1,1
2351,19,4.16121052631579,6.487,0.169,79.063,1,1
2289,17,4.155294117647059,5.66,0.1,70.64,1,1
2304,4,1.8415,4.0,0.016,7.366,1,1
2333,16,4.375175625,5.48,0.017,70.00281,1,1
2290,17,9.947576470588235,32.4999,0.1,169.1088,1,1
2368,2,1.75,1.9,1.6,3.5,1,1
2282,24,9.435661625,22.3,0.1,226.455879,1,1
2309,5,2.3478000000000003,6.49,0.059,11.739,1,1
2359,6,4.633333333333334,8.0,1.6,27.8,1,1
2341,35,7.599251000000001,19.24,0.05,265.973785,1,1
2306,3,6.183333333333334,18.0,0.1,18.55,1,1
2348,0,0.0,0.0,0.0,0.0,0,0
2292,9,2.6653000000000002,4.12,0.1,23.9877,1,1
2284,11,10.628818181818183,19.95,0.1,116.917,1,1
2279,2,1.55,2.1,1.0,3.1,1,1
2318,2,5.0595,10.1,0.019,10.119,1,1
2332,4,4.147,8.18,0.028,16.588,1,1
2372,8,11.458649874999999,18.49,4.809999,91.66919899999999,1,1
2358,3,2.983333333333333,4.95,1.6,8.95,1,1
2338,3,1.9006666666666667,4.0,0.052,5.702,1,1
2313,3,0.4703333333333333,1.0,0.032,1.411,1,1
2329,21,5.692666666666666,33.12,0.017,119.54599999999999,1,1
2346,0,0.0,0.0,0.0,0.0,0,0
2363,2,1.295,1.6,0.99,2.59,1,1
2336,25,8.578334,32.397,0.017,214.45835,1,1
2320,20,3.4420948000000005,5.77,0.019,68.841896,1,1
2285,4,1.3375,3.25,0.1,5.35,1,1
2310,71,6.487691253521127,27.5,0.0199,460.626079,1,1
2296,1,0.25,0.25,0.25,0.25,1,1
2370,103,7.426451796116504,34.33333,0.35,764.924535,1,1
2278,8,7.2884875,11.3,0.1,58.3079,1,1
2294,17,2.2902352941176467,6.1588,0.1,38.934,1,1
2273,15,4.025662,6.88,0.03,60.38493,1,1
2287,7,2.447828571428571,3.49,0.1,17.1348,1,1
2291,3,4.883333333333334,13.55,0.1,14.65,1,1
2319,2,0.5498500000000001,1.0777,0.022,1.0997000000000001,1,1
2369,13,4.813229846153846,11.73999,1.45,62.571988,1,1
2344,4,2.185,6.0,0.34,8.74,1,1
2342,7,6.784285714285714,30.0,1.39,47.489999999999995,1,1
2300,24,7.918575833333333,22.7,0.1,190.04582,1,1
2371,4,2.3475,4.5,0.89,9.39,1,1
2276,5,0.7005800000000001,1.57,0.1,3.5029000000000003,1,1
2355,2,2.625,5.2,0.05,5.25,1,1
2331,13,4.437461538461538,15.85,0.015,57.687,1,1
2339,24,4.4387,6.15,0.05,106.5288,1,1
2367,5,3.6698399999999998,5.69,1.6,18.3492,1,1
2352,7,2.148285714285714,3.8,0.169,15.038,1,1
2281,8,2.32875,3.92,0.1,18.63,1,1
2343,3,1.276,1.84,0.5,3.8280000000000003,1,1
2314,11,4.400989545454546,8.969,0.8,48.410885,1,1
2295,20,5.925374,12.39999,0.1,118.50748,1,1
2283,3,3.106666666666667,3.33,2.99,9.32,1,1
2353,12,10.77445,28.3,0.18,129.2934,1,1
2316,4,8.925,14.8,3.9,35.7,1,1
2327,8,2.1624,3.1,0.017,17.2992,1,1
2323,7,6.141371428571429,12.969,0.017,42.9896,1,1
2345,8,24.681124999999998,34.95,6.74,197.44899999999998,1,1
2208,14,4.199221428571429,7.85,0.119,58.7891,1,1
2260,13,2.0744615384615384,5.35,0.012,26.968,1,1
2227,16,8.04549375,15.0,0.49,128.7279,1,1
2219,27,5.256218481481482,10.14,0.44,141.917899,1,1
2183,73,4.489646150684932,5.91,0.019,327.744169,1,1
2231,3,7.673000000000001,17.92,2.2,23.019000000000002,1,1
2201,3,1.2433333333333334,2.0,0.79,3.73,1,1
2245,14,6.2145528571428565,15.28,0.049,87.00374,1,1
2184,12,5.2518416666666665,14.61,0.013,63.0221,1,1
2225,4,1.611,4.0,0.095,6.444,1,1
2242,11,5.205178272727273,9.7,2.05,57.256961,1,1
2241,15,7.9039166666666665,25.789,0.99,118.55875,1,1
2224,7,3.834135857142857,5.26,0.45,26.838950999999998,1,1
2204,15,6.604036533333333,19.679951,2.17,99.060548,1,1
2222,8,4.06716125,11.4,0.49,32.53729,1,1
2223,10,1.783,3.58,0.73,17.83,1,1
2189,3,0.2463666666666667,0.45,0.0391,0.7391000000000001,1,1
2234,6,3.3356666666666666,6.39,1.175,20.014,1,1
2203,6,1.1584999999999999,2.34,0.05,6.951,1,1
2168,9,1.9215555555555557,5.5,0.04,17.294,1,1
2217,6,6.493299666666666,14.5,1.1,38.959798,1,1
2171,14,4.03403,10.337,0.016,56.47642,1,1
2262,13,6.817438461538462,12.0,0.012,88.6267,1,1
2257,19,6.6499,15.84,0.0122,126.3481,1,1
2220,12,3.8383333333333334,9.88,0.84,46.06,1,1
2191,4,1.111475,3.8,0.099,4.4459,1,1
2236,5,3.16808,5.55,1.0,15.840399999999999,1,1
2187,11,2.0543636363636364,3.499,0.25,22.598,1,1
2190,4,0.89975,2.9,0.199,3.599,1,1
2167,5,11.256,42.0,0.09,56.28,1,1
2230,3,1.3933333333333333,1.85,0.85,4.18,1,1
2237,8,3.13725,11.87,0.64,25.098,1,1
2243,2,4.6,5.2,4.0,9.2,1,1
2179,9,5.754055555555556,10.99,0.0375,51.786500000000004,1,1
2270,10,2.59354,4.8756,0.06,25.9354,1,1
2192,2,2.1100000000000003,2.22,2.0,4.220000000000001,1,1
2263,5,7.325999999999999,15.34,0.04,36.629999999999995,1,1
2250,14,4.505047785714285,10.539,0.049,63.070668999999995,1,1
2180,7,3.7868999999999997,11.12,0.0383,26.5083,1,1
2170,2,0.08845,0.16,0.0169,0.1769,1,1
2210,12,9.613362833333333,18.9,0.45,115.360354,1,1
2200,4,0.88625,2.0,0.125,3.545,1,1
2198,13,1.5705692307692307,3.35,0.1,20.4174,1,1
2255,3,0.1025,0.25,0.0175,0.3075,1,1
2181,35,8.337436285714286,18.49,0.0377,291.81027,1,1
2240,6,8.495833333333332,11.7,1.0,50.974999999999994,1,1
2206,24,5.056462499999999,7.03,1.7,121.3551,1,1
2218,11,5.796363636363636,20.0,0.47,63.76,1,1
2221,12,8.8716775,20.48,0.48,106.46013,1,1
2256,2,0.026000000000000002,0.04,0.012,0.052000000000000005,1,1
2229,34,4.024917647058824,5.65,0.49,136.84720000000002,1,1
2251,6,6.623166666666667,20.1,0.049,39.739000000000004,1,1
2211,4,5.375,10.0,1.5,21.5,1,1
2169,3,1.867737,3.15,0.018,5.603211,1,1
2177,31,255.6225906451613,7700.0,0.0394,7924.3003100000005,1,1
2207,8,9.54625,16.55,0.22,76.37,1,1
2247,4,4.0272499999999996,14.69,0.049,16.108999999999998,1,1
2205,1,3.99,3.99,3.99,3.99,1,1
2269,5,3.2188000000000003,10.0,0.035,16.094,1,1
2264,30,4.453887066666667,15.13,0.035,133.616612,1,1
2199,6,1.4116666666666668,2.69,0.05,8.47,1,1
2196,14,10.564014285714284,26.75,0.05,147.8962,1,1
2194,15,4.740199333333334,15.68,0.31,71.10299,1,1
2258,7,0.85,2.22,0.011,5.95,1,1
2267,5,1.98018,2.888,0.016,9.9009,1,1
2232,12,8.752333333333333,12.45,3.5,105.02799999999999,1,1
2265,6,1.5883333333333336,3.99,0.04,9.530000000000001,1,1
2238,1,33.0,33.0,33.0,33.0,1,1
2259,6,5.370665,10.93,0.015,32.22399,1,1
2174,13,9.462376153846154,20.55,0.038,123.01089,1,1
2195,5,4.6,5.79,2.09,23.0,1,1
2213,18,5.962499055555556,10.688,1.1,107.324983,1,1
2252,5,0.7518,2.1,0.049,3.7590000000000003,1,1
2216,20,5.81681,11.64,0.45,116.3362,1,1
2188,14,6.239421428571428,29.88,0.25,87.3519,1,1
2209,10,8.9589,29.479,0.2,89.589,1,1
2175,6,2.1933000000000002,3.69,0.0398,13.1598,1,1
2268,20,9.540955,25.85,0.011,190.8191,1,1
2254,7,1.3357142857142856,3.69,0.001,9.35,1,1
2185,2,1.01,2.0,0.02,2.02,1,1
2215,41,10.01098024390244,29.95,0.43,410.45019,1,1
2249,10,7.2726500000000005,12.699,0.049,72.7265,1,1
2246,12,4.45532925,11.435951,0.015,53.463951,1,1
2253,4,2.70975,5.9,0.049,10.839,1,1
2172,1,0.0369,0.0369,0.0369,0.0369,1,1
2261,24,6.7562500000000005,16.0,0.04,162.15,1,1
2214,13,9.155915384615385,10.7499,2.0,119.0269,1,1
2239,5,7.492,14.7,2.0,37.46,1,1
2178,8,9628.9400875,77000.0,0.015,77031.5207,1,1
2193,9,5.794322222222222,10.48,0.71,52.1489,1,1
2244,2,2.5999999999999996,2.9,2.3,5.199999999999999,1,1
2235,7,8.329857142857142,30.0,0.95,58.309,1,1
2173,1,0.0369,0.0369,0.0369,0.0369,1,1
2182,12,1.0328285,2.79,0.0377,12.393942,1,1
2202,1,0.79,0.79,0.79,0.79,1,1
2186,18,4.534091611111111,8.281798,0.018,81.613649,1,1
2212,26,4.0653461538461535,12.32,0.49,105.699,1,1
2248,6,1.8006833333333334,3.75,0.049,10.8041,1,1
2197,39,8.483452205128204,23.8,0.11,330.85463599999997,1,1
2266,7,8.111142857142857,10.382,0.016,56.778,1,1
2228,2,0.6950000000000001,0.9,0.49,1.3900000000000001,1,1
2176,21,6.1653124761904765,27.988,0.0395,129.471562,1,1
2233,1,3.5,3.5,3.5,3.5,1,1
2226,1,1.2,1.2,1.2,1.2,1,1
2074,8,2.867375,5.11,0.099,22.939,1,1
2143,20,11.220194000000001,22.0,0.198,224.40388000000002,1,1
2158,11,6.6595,11.369,0.0455,73.25450000000001,1,1
2164,3,2.0396666666666667,3.94,0.199,6.119,1,1
2117,7,6.640714285714286,9.98,0.055,46.485,1,1
2131,2,3.24,6.4,0.08,6.48,1,1
2129,5,4.9744,10.9,0.93,24.872,1,1
2159,11,4.402978909090908,13.0,0.044,48.432767999999996,1,1
2124,13,3.2301230769230767,8.1081,0.9255,41.9916,1,1
2069,10,2.841,5.5,0.1,28.41,1,1
2079,12,3.0814500000000002,10.84,0.015,36.9774,1,1
2157,12,2.5563333333333333,6.57,0.056,30.676000000000002,1,1
2122,43,4.472332558139534,7.08,0.6,192.31029999999998,1,1
2073,12,2.7418333333333336,6.8,0.099,32.902,1,1
2128,5,5.1758,11.45,0.099,25.878999999999998,1,1
2104,5,1.7979800000000001,4.2,0.0499,8.9899,1,1
2076,8,9.24375,13.45,0.1,73.95,1,1
2161,4,0.8512500000000001,1.8,0.048,3.4050000000000002,1,1
2163,2,1.2994999999999999,2.4,0.199,2.5989999999999998,1,1
2142,3,2.074,2.6,1.48,6.2219999999999995,1,1
2066,2,1.455,2.85,0.06,2.91,1,1
2108,5,6.579600000000001,28.8,0.053,32.898,1,1
2109,11,3.377181818181818,5.8,0.1,37.149,1,1
2070,6,3.4406666666666665,15.41,0.19,20.644,1,1
2081,8,3.051,5.35,0.02,24.408,1,1
2105,10,5.5432977,11.35,0.1,55.432977,1,1
2102,5,1.48698,3.29,0.0499,7.4349,1,1
2155,15,11.8823324,19.15,0.045,178.234986,1,1
2144,10,8.783,22.648,0.08,87.83,1,1
2089,7,2.8902571428571426,4.3,0.0371,20.2318,1,1
2065,31,7.142057419354839,18.0,0.06,221.40378,1,1
2132,17,7.850601764705882,26.98,0.0998,133.46023,1,1
2111,16,6.608779875,13.711,0.0499,105.740478,1,1
2098,4,0.950225,1.7,0.0499,3.8009,1,1
2139,2,0.8449,1.59,0.0998,1.6898,1,1
2067,2,0.2,0.3,0.1,0.4,1,1
2084,2,0.028499999999999998,0.037,0.02,0.056999999999999995,1,1
2077,47,7.922213765957447,17.4,0.02,372.344047,1,1
2115,17,5.6092834705882355,11.49,0.051,95.357819,1,1
2151,17,4.101644117647059,7.59,0.37,69.72794999999999,1,1
2149,8,2.7943749999999996,10.488,0.192,22.354999999999997,1,1
2116,2,5.5875,11.0,0.175,11.175,1,1
2100,3,0.6899666666666667,1.1,0.0499,2.0699,1,1
2162,4,0.21550000000000002,0.399,0.05,0.8620000000000001,1,1
2118,18,8.205416666666666,12.2,0.75,147.6975,1,1
2082,40,8.827694300000001,19.65,0.049,353.107772,1,1
2152,8,5.824249999999999,14.2,0.39,46.593999999999994,1,1
2101,13,1.8880769230769232,6.5,0.0499,24.545,1,1
2080,28,6.459807142857143,16.3,0.017,180.8746,1,1
2127,14,6.847071428571428,13.033,0.099,95.859,1,1
2106,4,2.59525,4.888,0.013,10.381,1,1
2121,1,7.5,7.5,7.5,7.5,1,1
2166,8,1.867375,3.28,0.199,14.939,1,1
2133,3,0.36166666666666664,0.7,0.035,1.085,1,1
2140,2,4.0975,8.0,0.195,8.195,1,1
2064,17,3.912994764705882,11.52,0.08,66.520911,1,1
2068,9,7.2051,16.5,0.19,64.8459,1,1
2092,8,1.481875,3.3,0.0372,11.855,1,1
2120,6,2.9250000000000003,4.7,0.55,17.55,1,1
2153,4,0.825,1.6,0.21,3.3,1,1
2156,4,1.14175,3.74,0.02,4.567,1,1
2136,13,3.3095846153846153,5.5,0.9975,43.0246,1,1
2099,19,6.896205263157894,14.5,0.045,131.0279,1,1
2135,2,2.185,3.99,0.38,4.37,1,1
2071,10,11.924,23.5,0.1,119.24,1,1
2112,3,0.11983333333333333,0.25,0.0495,0.3595,1,1
2147,23,3.382482608695652,5.4,0.192,77.7971,1,1
2141,16,8.952127125,14.88,0.0589,143.234034,1,1
2113,6,8.790516666666667,22.41,0.015,52.7431,1,1
2134,14,6.1005714285714285,18.99,1.438,85.408,1,1
2137,4,4.345000000000001,8.88,1.0,17.380000000000003,1,1
2148,8,8.27008,11.2,1.6,66.16064,1,1
2085,14,8.179835142857142,19.95,0.042,114.517692,1,1
2110,20,7.589221500000001,26.0,0.0495,151.78443000000001,1,1
2154,6,1.5031666666666668,3.7,0.044,9.019,1,1
2119,13,6.643692307692307,10.05,0.6,86.368,1,1
2078,3,0.9250000000000002,2.7,0.02,2.7750000000000004,1,1
2165,15,3.3643533333333333,5.25,0.199,50.4653,1,1
2114,38,4.606842105263158,5.88,0.011,175.06,1,1
2145,3,0.9816666666666668,1.8,0.175,2.9450000000000003,1,1
2075,7,1.2697142857142858,2.47,0.149,8.888,1,1
2097,21,7.06160380952381,27.48,0.0499,148.29368,1,1
2095,15,5.346966666666666,19.69,0.0554,80.2045,1,1
2093,6,1.4122333333333332,2.33,0.0545,8.4734,1,1
2146,4,5.03836425,8.123457,0.53,20.153457,1,1
2094,15,9.62302,45.0,0.044,144.3453,1,1
2083,13,4.604692307692308,14.31,0.058,59.861000000000004,1,1
2091,19,8.149442105263159,33.11,0.0371,154.8394,1,1
2086,38,5.6696289473684205,17.99,0.037,215.4459,1,1
2090,17,3.5856529411764706,4.45,0.0371,60.9561,1,1
2103,6,1.0969833333333334,1.99,0.0499,6.5819,1,1
2107,11,1.4738181818181817,3.5,0.1,16.212,1,1
2138,6,2.0835500000000002,3.6,1.19,12.5013,1,1
2160,15,2.6045333333333334,4.38,0.044,39.068,1,1
2096,4,1.761375,6.0,0.0555,7.0455,1,1
2087,22,7.145663636363636,25.89,0.0377,157.2046,1,1
2072,18,3.9674,4.65,0.099,71.4132,1,1
2150,28,8.160309785714286,20.45,0.37,228.488674,1,1
2126,11,3.096909090909091,5.03,0.278,34.066,1,1
2123,4,2.96,5.0,1.34,11.84,1,1
2125,8,5.8586,15.8888,0.295,46.8688,1,1
2130,3,1.3893333333333333,2.93,0.218,4.168,1,1
2088,8,1.7998750000000001,4.53,0.037,14.399000000000001,1,1
1989,12,7.06310075,22.5,0.08,84.757209,1,1
2038,6,2.3245549999999997,8.2,0.189,13.94733,1,1
1990,7,1.9725714285714286,5.328,0.16,13.808,1,1
2046,19,12.261104947368421,32.3,0.289,232.960994,1,1
1997,13,3264.6676146153845,42300.0,2.75,42440.67899,1,1
2032,13,2.5120384615384617,3.927,0.0145,32.6565,1,1
2052,14,7.100761428571429,17.3,1.2,99.41066000000001,1,1
1994,2,4.5581805,7.416361,1.7,9.116361,1,1
2033,14,7.025214285714285,19.14,0.14,98.353,1,1
2008,9,7.297777777777778,17.0,0.18,65.68,1,1
2029,15,6.3278,25.0,0.12,94.917,1,1
2054,7,3.2027,6.1,0.49,22.4189,1,1
2051,20,8.70270445,17.15,0.365,174.054089,1,1
1999,3,5.766666666666667,16.0,0.3,17.3,1,1
2056,5,0.9917999999999999,2.4,0.319,4.959,1,1
2048,9,558.7413222222223,5000.0,0.49,5028.6719,1,1
2026,4,2.61075,3.92,0.023,10.443,1,1
1977,16,5.8853,14.5,0.0139,94.1648,1,1
2034,11,5.121817363636364,12.1,0.105,56.339991,1,1
2021,6,14.305,31.88,0.05,85.83,1,1
2047,5,0.6858000000000001,1.4,0.329,3.4290000000000003,1,1
1979,6,1.7399833333333332,3.0,0.25,10.4399,1,1
1971,10,3.6731000000000003,4.74,0.022,36.731,1,1
1983,9,3.757,15.0,0.08,33.813,1,1
1991,9,4.560222222222222,15.6,0.25,41.042,1,1
2018,6,6.6132833333333325,19.45,0.05,39.6797,1,1
2001,2,2.14,4.25,0.03,4.28,1,1
2061,11,7.601909090909092,11.88,0.369,83.62100000000001,1,1
2002,20,4.95925,8.3,0.03,99.185,1,1
2044,7,6.354128571428572,11.9899,0.599,44.4789,1,1
2039,2,0.86,1.3,0.42,1.72,1,1
2049,3,0.5426666666666667,1.0,0.309,1.6280000000000001,1,1
1985,2,3.495,3.5,3.49,6.99,1,1
2005,17,3.944,11.6,0.2,67.048,1,1
1975,6,15.686666666666667,29.99,0.07,94.12,1,1
2010,3,0.8766666666666666,2.4,0.03,2.63,1,1
1980,1,0.08,0.08,0.08,0.08,1,1
2045,42,7.900900547619048,20.64,0.45,331.837823,1,1
1982,2,4.6,7.5,1.7,9.2,1,1
2009,40,8.16186225,35.0,0.34,326.47449,1,1
1996,14,7.397357071428571,13.599,0.3,103.56299899999999,1,1
2060,3,1.3596666666666666,1.75,1.03,4.079,1,1
1970,19,4.050894736842105,5.55,0.019,76.967,1,1
2015,24,8.426754166666667,11.79,0.05,202.2421,1,1
2013,4,0.7657499999999999,2.013,0.11,3.0629999999999997,1,1
2020,3,0.73,1.95,0.05,2.19,1,1
2012,13,8.38365946153846,22.99,0.02,108.987573,1,1
2042,10,1.6096800000000002,2.5995,0.01,16.0968,1,1
2000,34,5.686029352941176,27.14,0.03,193.324998,1,1
1974,15,5.138986666666667,12.0,0.0199,77.0848,1,1
2057,13,1.9122307692307694,3.23,0.319,24.859,1,1
1984,36,4.192880555555556,5.91,0.15,150.9437,1,1
2036,5,1.23,1.9,0.25,6.15,1,1
2062,3,9.725,13.469,7.31,29.175,1,1
2058,4,6.7124975,9.68999,5.45,26.84999,1,1
2022,19,8.682052578947369,18.5,0.05,164.958999,1,1
2004,14,3.490285714285714,10.99,0.04,48.864,1,1
2023,3,2.3499666666666665,5.55,0.0799,7.0499,1,1
1998,14,3.4015999999999997,6.5,0.03,47.6224,1,1
2040,9,11.064703333333334,34.33333,0.41,99.58233,1,1
2017,5,2.7659999999999996,5.89,0.05,13.829999999999998,1,1
2028,39,3.7535153846153846,5.19,0.02,146.3871,1,1
1976,9,1.8573692222222222,5.4079,0.039,16.716323,1,1
2035,6,4.3341666666666665,10.03,0.045,26.005,1,1
1973,28,7.154431785714286,17.9,0.012,200.32409,1,1
2024,2,0.854,1.69,0.018,1.708,1,1
2050,2,3.4000000000000004,3.85,2.95,6.800000000000001,1,1
2031,12,5.548075,11.7689,0.018,66.5769,1,1
2016,5,1.3014,3.99,0.05,6.507,1,1
2014,8,2.5862499999999997,9.9,0.05,20.689999999999998,1,1
2027,8,2.2418625,4.28,0.0149,17.9349,1,1
1995,2,1.31,2.5,0.12,2.62,1,1
2019,5,1.7730000000000001,3.22,0.05,8.865,1,1
1986,2,5.5,9.0,2.0,11.0,1,1
2041,9,2.0997777777777777,3.77,0.01,18.898,1,1
2025,5,2.511,8.0,0.035,12.555000000000001,1,1
2030,7,1.5445,2.45,0.0135,10.8115,1,1
1987,21,3.815237523809524,5.9,0.15,80.119988,1,1
1993,7,2.960714285714286,16.5,0.08,20.725,1,1
2011,1,0.04,0.04,0.04,0.04,1,1
2007,16,3.5351843125,5.1727,0.25,56.562949,1,1
2063,5,10.753,15.8,5.2,53.765,1,1
2006,2,5.2444825,9.388965,1.1,10.488965,1,1
2059,7,2.178,4.19,0.309,15.246,1,1
2037,50,6.252481800000001,26.9999,0.85,312.62409,1,1
1972,7,7.302542857142858,11.99,0.069,51.1178,1,1
1992,2,0.45,0.65,0.25,0.9,1,1
1978,8,5.50118125,14.35,0.08,44.00945,1,1
1988,8,3.16625,5.0,0.08,25.33,1,1
2003,6,5.505,15.0,0.29,33.03,1,1
2043,6,12.918333333333335,62.0,0.06,77.51,1,1
1981,1,4.7,4.7,4.7,4.7,1,1
2055,18,13.739022222222223,26.438,1.449,247.3024,1,1
2053,4,2.2997500000000004,3.5,0.99,9.199000000000002,1,1
1925,2,5.5,10.0,1.0,11.0,1,1
1889,2,1.8287499999999999,3.61,0.0475,3.6574999999999998,1,1
1966,11,12.735818181818182,20.699,0.89,140.094,1,1
1911,23,4.381635608695652,10.299,0.06,100.777619,1,1
1895,3,2.09,3.75,0.52,6.27,1,1
1953,8,2.759375,7.69,0.01,22.075,1,1
1960,4,6.475,15.0,0.7,25.9,1,1
1957,3,1.9363333333333335,4.0,0.01,5.809,1,1
1936,0,0.0,0.0,0.0,0.0,0,0
1950,5,0.7874000000000001,1.45,0.03,3.9370000000000003,1,1
1956,5,1.8258000000000003,3.1,0.01,9.129000000000001,1,1
1937,14,4.623233,8.8,0.05,64.725262,1,1
1945,6,2.6005499999999997,4.1,1.0,15.603299999999999,1,1
1958,5,2.13178,5.55,0.0189,10.6589,1,1
1883,3,3.0378000000000003,8.8,0.1234,9.1134,1,1
1905,1,40.0,40.0,40.0,40.0,1,1
1954,4,1.595,3.0,0.03,6.38,1,1
1893,22,7.392354,14.49,0.95,162.631788,1,1
1904,6,2.0549073333333334,3.99,0.55,12.329444,1,1
1887,6,3.77,10.0,0.045,22.62,1,1
1917,7,4.072,5.46,0.099,28.504,1,1
1908,2,4.1345,4.269,4.0,8.269,1,1
1914,1,0.52,0.52,0.52,0.52,1,1
1903,7,5.054371428571429,11.0526,0.05,35.3806,1,1
1932,7,5.704285714285715,16.35,0.29,39.93,1,1
1962,8,6.256186875,14.88,0.2,50.049495,1,1
1947,21,3.597709523809524,6.5,0.35,75.5519,1,1
1940,3,2.026666666666667,3.0,1.33,6.08,1,1
1922,3,11.859333333333332,19.598,1.15,35.577999999999996,1,1
1916,5,0.922892,1.39,0.0488,4.61446,1,1
1952,6,0.5983333333333333,0.95,0.052,3.59,1,1
1938,2,1.53,3.0,0.06,3.06,1,1
1902,7,2.7884285714285713,5.279,0.4,19.519,1,1
1933,2,2.523,4.891,0.155,5.046,1,1
1924,5,1.428,3.5,0.26,7.14,1,1
1894,29,7.083709034482759,18.56,0.41,205.427562,1,1
1913,6,706.5838333333335,4234.67,0.199,4239.503000000001,1,1
1919,9,7.21611111111111,27.5,0.025,64.945,1,1
1944,11,7.664545454545455,17.98,0.85,84.31,1,1
1939,4,16.735,20.55,10.99,66.94,1,1
1906,12,7.098091583333333,20.999999,0.35,85.177099,1,1
1884,8,3.2974975,6.5,0.09,26.37998,1,1
1943,3,3.15,4.3,2.0,9.45,1,1
1934,4,2.0175,2.82,0.5,8.07,1,1
1942,9,13.838888777777777,33.13,0.5,124.549999,1,1
1886,4,15.872499999999999,35.69,6.0,63.489999999999995,1,1
1898,20,7.93045,12.58,0.37,158.609,1,1
1901,3,0.9753333333333334,1.4699,0.395,2.926,1,1
1946,6,3.4634666666666667,4.29,1.75,20.7808,1,1
1959,12,7.579240333333334,15.999,0.03,90.950884,1,1
1965,8,2.3018625,5.55,0.044,18.4149,1,1
1921,15,8.57845,15.85,0.89,128.67675,1,1
1885,3,2.4133333333333336,3.0,1.75,7.24,1,1
1941,5,2.464,3.8399,1.0,12.32,1,1
1910,11,9.737699,25.89,0.05,107.114689,1,1
1948,2,0.17,0.33,0.01,0.34,1,1
1899,17,4.842117647058823,12.345,1.2,82.316,1,1
1926,2,2.745,4.49,1.0,5.49,1,1
1900,5,0.7518,2.25,0.05,3.759,1,1
1931,9,2.7229977777777776,11.16,0.76118,24.50698,1,1
1907,7,4.513414285714286,4.88,3.9,31.5939,1,1
1964,18,2.926833333333333,6.35,0.044,52.683,1,1
1930,34,9.524627352941177,18.26,1.5,323.83733,1,1
1890,4,3.3767500000000004,10.81,0.047,13.507000000000001,1,1
1929,13,5.549153846153846,10.62,0.69,72.139,1,1
1918,11,13.303832636363637,32.7,0.99,146.342159,1,1
1892,7,5.5600000000000005,10.1,2.05,38.92,1,1
1951,5,2.088,3.5,0.01,10.44,1,1
1949,10,7.174080000000001,13.8388,0.03,71.74080000000001,1,1
1961,26,8.304465384615385,15.85,0.01,215.9161,1,1
1920,6,9.093333333333334,28.88,0.16,54.56,1,1
1896,3,2.8000000000000003,4.5,1.5,8.4,1,1
1923,18,10.2755665,26.75,1.0,184.960197,1,1
1955,4,1.0725,2.2,0.01,4.29,1,1
1915,34,5.569305823529412,10.43,0.0133,189.356398,1,1
1912,12,5.20315,22.498,0.05,62.4378,1,1
1928,7,5.669142857142857,11.34,0.48,39.684,1,1
1897,2,4.745,5.99,3.5,9.49,1,1
1963,4,2.6375,5.85,0.2,10.55,1,1
1967,5,2.3698,9.0,0.049,11.849,1,1
1882,9,5.926983333333333,10.26,0.359,53.34285,1,1
1935,1,0.35,0.35,0.35,0.35,1,1
1888,6,6.913333333333334,14.17,0.9,41.480000000000004,1,1
1969,6,4.027233333333333,16.4,0.0525,24.1634,1,1
1927,8,14.83875,27.5,0.5,118.71,1,1
1968,7,1.7437142857142856,3.8,0.0135,12.206,1,1
1909,9,11.186623222222222,15.78,0.36,100.679609,1,1
1891,13,5.760230538461538,16.5,0.046,74.882997,1,1
1804,10,11.108070000000001,27.0,1.6427,111.08070000000001,1,1
1820,4,2.40355125,3.3,1.104205,9.614205,1,1
1836,2,1.375,2.7,0.05,2.75,1,1
1850,7,4.698571428571428,8.61,2.0,32.89,1,1
1821,10,5.1582205000000005,10.29,0.889,51.582205,1,1
1852,1,0.039,0.039,0.039,0.039,1,1
1794,21,6.312809523809523,15.0,0.069,132.569,1,1
1876,9,4.825333333333333,14.98,0.039,43.428,1,1
1806,1,1.0,1.0,1.0,1.0,1,1
1843,2,2.525,5.0,0.05,5.05,1,1
1791,1,0.0526,0.0526,0.0526,0.0526,1,1
1799,3,0.9466666666666667,1.29,0.6,2.84,1,1
1805,6,10.547333333333334,26.924,0.02,63.284000000000006,1,1
1810,23,6.582651782608695,13.999897,0.03,151.400991,1,1
1800,14,6.485959214285714,34.33333,0.25,90.803429,1,1
1851,2,8.494,13.998,2.99,16.988,1,1
1856,2,2.545,2.99,2.1,5.09,1,1
1870,6,5.078333333333333,9.99,0.98,30.47,1,1
1877,14,4.044275,5.79,0.029,56.61985,1,1
1855,0,0.0,0.0,0.0,0.0,0,0
1819,5,1.8186410000000002,2.99,1.104205,9.093205000000001,1,1
1812,7,3.325714285714286,7.5,0.33,23.28,1,1
1792,6,7.343333333333333,26.9,0.08,44.059999999999995,1,1
1854,23,4.315421695652174,9.36,0.0399,99.254699,1,1
1790,36,5.331741666666667,26.0,0.0527,191.9427,1,1
1864,4,3.7849575,6.59993,1.44,15.13983,1,1
1803,1,0.25,0.25,0.25,0.25,1,1
1873,8,1064.428625,8500.0,0.069,8515.429,1,1
1813,3,1.29,2.001,0.02,3.87,1,1
1832,2,0.26,0.44,0.08,0.52,1,1
1796,6,8.213333333333333,33.98,0.1,49.279999999999994,1,1
1793,12,3.09145,10.29,0.26,37.0974,1,1
1871,3,1.5266666666666666,2.59,0.99,4.58,1,1
1841,5,3.1957999999999998,5.7,0.08,15.979,1,1
1833,5,0.9960000000000001,2.17,0.12,4.98,1,1
1838,4,1.055,2.69,0.18,4.22,1,1
1801,9,12.508872222222221,18.879999,2.75,112.57985,1,1
1808,4,3.91,6.39,2.0,15.64,1,1
1867,2,3.105,4.0,2.21,6.21,1,1
1862,3,6.5317333333333325,9.0452,4.0,19.5952,1,1
1880,11,9.021827272727272,24.25,0.05,99.2401,1,1
1834,9,7.23611,18.89,0.05,65.12499,1,1
1840,3,2.83,3.94,1.6,8.49,1,1
1845,3,1.03,2.19,0.4,3.09,1,1
1879,5,4.82444,7.875,0.05,24.1222,1,1
1872,66,5.578114348484848,17.83,0.03,368.155547,1,1
1848,4,1.5975000000000001,2.44,0.65,6.390000000000001,1,1
1817,4,4.18705125,6.444,1.104205,16.748205,1,1
1814,2,0.9271025,1.104205,0.75,1.854205,1,1
1816,9,9.569911666666666,16.975,0.96,86.129205,1,1
1795,3,1.9133333333333333,3.0,0.05,5.74,1,1
1863,1,27.37,27.37,27.37,27.37,1,1
1847,9,4.010512666666667,21.0,0.55,36.094614,1,1
1858,8,14.06275,24.04,1.25,112.502,1,1
1881,8,12.161936,20.84,0.15,97.295488,1,1
1866,24,8.993111708333332,23.68,1.27,215.834681,1,1
1839,8,8.659875,20.939,0.08,69.279,1,1
1830,4,1.05075,2.196,0.067,4.203,1,1
1831,6,0.9175,2.3,0.155,5.505,1,1
1875,8,3.4119875,8.49,0.069,27.2959,1,1
1828,7,5.798571428571428,14.36,0.08,40.589999999999996,1,1
1818,7,2.656315,4.69,0.99,18.594205000000002,1,1
1861,10,3.919322,4.44,2.99,39.193220000000004,1,1
1798,17,13.085847058823528,35.8,0.05,222.4594,1,1
1815,7,1.894672142857143,5.0,0.15,13.262705,1,1
1849,4,1.7962500000000001,2.85,0.4,7.1850000000000005,1,1
1878,55,5.852708818181818,15.189,0.26,321.898985,1,1
1835,3,1.1833333333333333,2.0,0.05,3.55,1,1
1859,2,9.785,11.88,7.69,19.57,1,1
1826,8,5.199625,16.0,0.1,41.597,1,1
1865,6,7.9301666666666675,20.0,0.941,47.581,1,1
1853,5,2.588,4.59,0.05,12.94,1,1
1822,4,2.6985512500000004,3.5,1.104205,10.794205000000002,1,1
1797,12,19.332415833333332,33.489,0.5,231.98899,1,1
1860,0,0.0,0.0,0.0,0.0,0,0
1844,2,1.9449999999999998,3.8,0.09,3.8899999999999997,1,1
1842,1,0.035,0.035,0.035,0.035,1,1
1837,8,6.262124999999999,20.88,0.14,50.096999999999994,1,1
1809,4,7.6,16.5,3.95,30.4,1,1
1829,9,1.0455555555555556,2.25,0.08,9.41,1,1
1825,13,5.882230769230769,11.84,0.05,76.469,1,1
1827,11,7.475409090909091,11.1,0.1,82.2295,1,1
1868,5,5.017799999999999,6.79,1.479,25.089,1,1
1802,6,2.069433333333333,5.26,0.6666,12.416599999999999,1,1
1874,6,3.0883333333333334,6.0,0.03,18.53,1,1
1811,2,0.16499999999999998,0.3,0.03,0.32999999999999996,1,1
1823,8,4.729275625,16.0,1.104205,37.834205,1,1
1789,1,0.0528,0.0528,0.0528,0.0528,1,1
1824,1,0.045,0.045,0.045,0.045,1,1
1807,9,4.117777777777778,7.835,0.03,37.06,1,1
1846,7,10.750542857142857,14.42,0.1,75.2538,1,1
1857,4,17.95724975,32.439,9.239999,71.828999,1,1
1869,7,3.367142857142857,5.55,0.66,23.57,1,1
1694,3,2.1,4.2,0.1,6.300000000000001,1,1
1724,13,8.825923076923077,22.77,1.3,114.737,1,1
1784,10,7.6940895,11.88,0.0498,76.940895,1,1
1749,8,7.9011235,16.0,0.95,63.208988,1,1
1710,13,5.619153846153846,15.99,0.039,73.049,1,1
1697,2,1.5045,1.64,1.369,3.009,1,1
1763,27,4.363303,11.446415,0.0488,117.809181,1,1
1743,2,2.7150000000000003,5.4,0.03,5.430000000000001,1,1
1783,2,0.1512,0.2555,0.0469,0.3024,1,1
1785,2,1.52695,3.0,0.0539,3.0539,1,1
1764,3,2.6832,4.35,0.0496,8.0496,1,1
1735,18,5.767800055555556,12.24899,0.03,103.820401,1,1
1751,31,6.163982483870968,17.799999,0.0444,191.083457,1,1
1769,11,6.624359909090909,25.85,0.0489,72.867959,1,1
1759,6,2.7578,6.2,0.0487,16.5468,1,1
1782,39,3.8360333076923077,5.575,0.0469,149.605299,1,1
1686,7,1.3628428571428572,3.2,0.037,9.539900000000001,1,1
1741,4,1.4275,1.99,0.03,5.71,1,1
1700,7,1.3747000000000003,2.99,0.0349,9.622900000000001,1,1
1775,5,2.51718,6.489,0.0469,12.5859,1,1
1712,50,4.4144939999999995,5.99,0.039,220.72469999999998,1,1
1707,5,1.19898,2.65,0.0349,5.9948999999999995,1,1
1733,27,4.640592592592593,23.85,0.04,125.296,1,1
1768,3,4.523333333333333,10.02,0.05,13.57,1,1
1760,5,1.5388600000000001,4.7,0.045,7.6943,1,1
1737,1,0.03,0.03,0.03,0.03,1,1
1702,10,2.37394,6.25,0.0349,23.7394,1,1
1776,44,8.380409068181818,33.7,0.018,368.737999,1,1
1742,4,0.8054749999999999,1.31,0.03,3.2218999999999998,1,1
1721,19,7.212723578947368,11.65,0.9,137.04174799999998,1,1
1711,15,5.4248,23.4,0.02,81.372,1,1
1728,9,16.92111111111111,62.5,0.5,152.29,1,1
1722,7,13.14642842857143,32.899999,1.795,92.02499900000001,1,1
1786,8,1.3677375,2.999,0.0539,10.9419,1,1
1723,1,9.5,9.5,9.5,9.5,1,1
1745,6,1.9545000000000001,5.3,0.37,11.727,1,1
1767,10,7.019350800000001,13.39,0.049308,70.19350800000001,1,1
1734,13,7.786879538461538,22.25,0.03,101.229434,1,1
1756,4,1.1400000000000001,3.99,0.15,4.5600000000000005,1,1
1729,5,1.8234000000000001,5.0,0.45,9.117,1,1
1765,24,8.28905,30.19,0.0488,198.9372,1,1
1747,10,1.5718,2.95,0.015,15.718,1,1
1731,8,6.94902825,18.5,0.4,55.592226,1,1
1683,4,1.922375,4.5,0.0395,7.6895,1,1
1689,16,7.35684375,20.5499,0.035,117.7095,1,1
1709,7,3.470642857142857,11.9596,0.0349,24.2945,1,1
1718,3,2.0116333333333336,5.0,0.0349,6.0349,1,1
1770,6,0.8593166666666666,1.77,0.0489,5.1559,1,1
1715,32,7.5784296875,18.88999,0.0359,242.50975,1,1
1685,1,0.0395,0.0395,0.0395,0.0395,1,1
1761,22,5.708268181818182,18.89,0.0496,125.5819,1,1
1687,16,5.37925625,12.25,0.037,86.0681,1,1
1719,10,3.7660000000000005,9.49,0.9,37.660000000000004,1,1
1701,11,0.5385363636363636,1.77,0.0349,5.9239,1,1
1699,18,3.4525888888888887,5.83,0.0349,62.1466,1,1
1714,6,5.8715,12.0,0.039,35.229,1,1
1758,2,0.07425000000000001,0.1,0.0485,0.14850000000000002,1,1
1772,4,2.237225,4.5,0.0489,8.9489,1,1
1780,6,1.7789833333333334,3.1,0.0539,10.6739,1,1
1748,8,1.6894375,3.69,0.0455,13.5155,1,1
1738,2,2.6,5.0,0.2,5.2,1,1
1706,5,1.37698,5.85,0.0359,6.8849,1,1
1693,13,3.3418384615384613,18.19,0.039,43.4439,1,1
1684,6,6.3455,18.55,0.0398,38.073,1,1
1708,3,9.344966666666666,27.0,0.0349,28.0349,1,1
1696,6,2.559915333333333,7.77,0.01,15.359492,1,1
1754,3,17.5,27.0,12.0,52.5,1,1
1698,22,4.307981772727273,6.29,0.89,94.775599,1,1
1762,2,2.0294,4.01,0.0488,4.0588,1,1
1740,5,8.88,20.85,0.05,44.400000000000006,1,1
1750,45,4.933991333333333,7.196,0.96,222.02961,1,1
1704,7,5.564842857142857,18.599,0.0349,38.9539,1,1
1739,9,8.2543,16.7787,0.08,74.2887,1,1
1727,3,1.3633333333333333,1.59,1.0,4.09,1,1
1726,6,4.936333333333334,9.938,0.35,29.618000000000002,1,1
1725,4,3.0275000000000003,3.49,2.2,12.110000000000001,1,1
1787,36,5.5812708055555555,12.7701,0.0539,200.925749,1,1
1755,7,4.659242857142857,11.09,0.15,32.6147,1,1
1778,4,0.196475,0.379,0.0469,0.7859,1,1
1705,8,1.292475,2.65,0.0349,10.3398,1,1
1771,12,2.1644083333333333,6.57,0.01,25.9729,1,1
1692,14,7.118257142857144,18.9,0.0496,99.6556,1,1
1753,21,7.00409519047619,11.787999,0.15,147.085999,1,1
1774,10,2.1756900000000003,6.89,0.0469,21.7569,1,1
1691,3,1.4365333333333332,3.89,0.0496,4.3096,1,1
1716,8,2.0213625,3.4,0.015,16.1709,1,1
1730,20,3.8167999999999997,6.0,0.4,76.336,1,1
1777,4,3.0687,6.0,0.0498,12.2748,1,1
1781,20,10.327375,35.0,0.0469,206.5475,1,1
1757,7,11.898571285714285,19.57,0.15,83.289999,1,1
1746,2,3.985,6.47,1.5,7.97,1,1
1695,92,6.530310206521739,32.7,0.011,600.788539,1,1
1732,1,0.45,0.45,0.45,0.45,1,1
1766,6,1.2193113333333334,2.23544,0.190028,7.315868,1,1
1736,4,1.5575,3.75,0.03,6.23,1,1
1779,3,0.5323,0.99,0.0469,1.5969,1,1
1703,9,5.507211111111111,12.69,0.0349,49.5649,1,1
1788,4,0.8002250000000001,2.95,0.037,3.2009000000000003,1,1
1752,2,0.10825000000000001,0.17,0.0465,0.21650000000000003,1,1
1717,11,3.129436363636364,4.9,0.0359,34.4238,1,1
1713,4,0.9359999999999999,3.405,0.039,3.7439999999999998,1,1
1690,17,3.6749764705882355,18.85,0.0486,62.4746,1,1
1773,2,0.10345,0.16,0.0469,0.2069,1,1
1688,16,2.7837375,5.9,0.037,44.5398,1,1
1720,3,3.4766666666666666,4.3,2.3,10.43,1,1
1744,9,3.5732,9.735,0.045,32.1588,1,1
1659,10,1.7987000000000002,4.61,0.02,17.987000000000002,1,1
1673,5,0.931,1.4,0.5,4.655,1,1
1633,9,1.504111111111111,4.5,0.045,13.536999999999999,1,1
1670,3,2.0833333333333335,4.25,0.5,6.25,1,1
1578,13,4.574607692307692,12.25,0.5,59.469899999999996,1,1
1618,6,1.118,2.4,0.039,6.708,1,1
1606,13,11.624538461538462,29.5,0.3,151.119,1,1
1624,7,1.0615714285714286,2.55,0.122,7.431,1,1
1605,11,7.252699999999999,26.5,0.3,79.77969999999999,1,1
1669,10,7.85001,18.75,1.0,78.5001,1,1
1621,10,8.333948699999999,14.45,0.0435,83.33948699999999,1,1
1663,8,6.676,22.95,0.753,53.408,1,1
1614,10,3.3044,7.7,0.049,33.044,1,1
1596,12,9.273441666666667,14.999,3.2,111.2813,1,1
1623,12,3.376875,10.687,0.043,40.5225,1,1
1652,6,12.524166666666668,29.5,0.145,75.14500000000001,1,1
1593,2,2.985,4.0,1.97,5.97,1,1
1592,8,2.27875,3.49,1.2,18.23,1,1
1579,7,1.2527142857142857,2.88,0.5,8.769,1,1
1657,8,3.065,4.26,0.02,24.52,1,1
1630,15,8.9543984,21.989976,0.014,134.315976,1,1
1645,8,2.2158375,4.1,0.0467,17.7267,1,1
1661,19,3.7978426842105257,7.0,0.1,72.15901099999999,1,1
1594,14,4.116207142857143,5.299,0.9649,57.6269,1,1
1597,1,0.7,0.7,0.7,0.7,1,1
1654,9,11.000511111111111,29.9,0.032,99.0046,1,1
1586,18,14.817116666666667,31.6,1.2,266.7081,1,1
1682,9,10.307777666666667,16.339999,1.23,92.769999,1,1
1676,8,2.495,5.45,0.03,19.96,1,1
1649,6,3.7841166666666664,5.138,0.0467,22.7047,1,1
1631,3,2.125,3.33,0.045,6.375,1,1
1651,3,1.1696666666666666,3.0,0.149,3.509,1,1
1664,5,1.9400199999999999,3.9,0.0001,9.700099999999999,1,1
1625,38,4.297184210526316,5.66,0.035,163.293,1,1
1648,11,3.2855545454545454,12.0,0.0467,36.1411,1,1
1619,11,3.061336363636364,4.0798,0.041,33.6747,1,1
1604,7,3.064991,4.54,0.36,21.454937,1,1
1617,10,1.79645,3.29,0.0395,17.9645,1,1
1598,2,13.45,15.0,11.9,26.9,1,1
1672,37,10.046472945945945,31.89,0.5,371.719499,1,1
1602,8,3.141125,4.03,0.36,25.129,1,1
1580,3,4.299666666666666,8.399,0.5,12.899,1,1
1615,4,6.299625000000001,11.0,0.0395,25.198500000000003,1,1
1642,7,3.523057142857143,8.0,0.1999,24.6614,1,1
1647,10,4.02107,14.38,0.0467,40.2107,1,1
1666,35,5.592591685714286,10.849,0.5,195.740709,1,1
1581,20,8.5269496,14.01,0.5,170.538992,1,1
1599,35,6.781420000000001,17.48,0.95,237.3497,1,1
1629,7,2.269557142857143,6.085,0.033,15.8869,1,1
1627,10,2.14759,7.4,0.056,21.4759,1,1
1675,7,7.008571428571429,16.37,0.1,49.06,1,1
1587,19,12.28009452631579,35.2,1.2,233.321796,1,1
1680,4,5.023725,10.61,0.037,20.0949,1,1
1608,5,1.61236,3.5,0.0028,8.0618,1,1
1632,5,0.16699999999999998,0.36,0.045,0.835,1,1
1678,4,1.114975,3.4,0.037,4.4599,1,1
1576,7,7.432842714285714,14.539899,0.5,52.029899,1,1
1639,2,0.17495,0.1999,0.15,0.3499,1,1
1638,6,1.43445,3.35,0.02,8.6067,1,1
1611,9,1.4687222222222223,3.079,0.0395,13.2185,1,1
1601,2,1.51,2.4,0.62,3.02,1,1
1644,7,1.2435285714285713,2.438,0.0467,8.704699999999999,1,1
1582,9,3.021612222222222,4.44,0.5,27.19451,1,1
1583,10,11.14723,20.0,0.5,111.4723,1,1
1665,4,3.5975,9.8,1.0,14.39,1,1
1641,25,6.314578,13.79,0.1999,157.86445,1,1
1677,16,4.8888750000000005,12.86,0.015,78.22200000000001,1,1
1679,6,6.403583333333334,15.0,0.0515,38.4215,1,1
1640,42,8.197082857142858,32.1608,0.1999,344.27748,1,1
1609,3,1.8966666666666667,4.2,0.3,5.69,1,1
1591,4,2.24575,3.5,0.65,8.983,1,1
1636,5,1.050068,1.8,0.046,5.2503400000000005,1,1
1643,26,7.7359115,18.1,0.0467,201.133699,1,1
1577,7,8.466271428571428,19.0,0.5,59.2639,1,1
1634,23,8.294956086956521,32.1506,0.02,190.78399,1,1
1590,18,4.404216666666667,6.16,0.5,79.27590000000001,1,1
1671,2,2.25,4.0,0.5,4.5,1,1
1622,15,2.8793466666666663,5.07,0.041,43.1902,1,1
1668,18,7.311943888888889,12.596,0.5,131.61499,1,1
1620,69,4.603297681159421,20.5,0.0375,317.62754,1,1
1589,12,16.799166666666668,35.49,0.5,201.59,1,1
1674,11,6.383363636363637,12.849,0.5,70.217,1,1
1667,2,0.65,0.8,0.5,1.3,1,1
1646,8,2.0706375,7.0,0.0467,16.5651,1,1
1610,10,3.33917,5.05,0.049,33.3917,1,1
1662,5,1.8980000000000001,3.5,0.2,9.49,1,1
1635,5,5.5632,20.0,0.046,27.816000000000003,1,1
1575,6,2.1766666666666663,3.9,1.0,13.059999999999999,1,1
1616,4,2.5248749999999998,5.49,0.0395,10.099499999999999,1,1
1603,20,7.3567498,24.44,0.41,147.134996,1,1
1588,26,5.494769230769231,10.69,3.25,142.864,1,1
1650,2,1.3150000000000002,2.49,0.14,2.6300000000000003,1,1
1626,12,7.487733333333334,12.0,0.1358,89.8528,1,1
1613,9,5.689311111111111,11.0,0.044,51.2038,1,1
1600,8,20.89875,30.0,10.0,167.19,1,1
1658,1,0.39,0.39,0.39,0.39,1,1
1681,16,4.0023243125,5.82,0.523,64.037189,1,1
1585,10,4.33379,13.62,0.5,43.3379,1,1
1637,19,10.186921052631579,18.99,0.046,193.5515,1,1
1660,8,13.580249875,26.25,0.1,108.641999,1,1
1653,59,6.275661254237288,31.45,0.06,370.264014,1,1
1595,3,1.7896666666666665,2.7,0.42,5.369,1,1
1612,3,2.1513333333333335,3.91,0.044,6.454000000000001,1,1
1607,5,2.09602,4.2,0.0001,10.4801,1,1
1656,10,4.667393,10.92,0.02,46.67393,1,1
1628,11,1257.8207089999999,13800.0,0.0478,13836.027799,1,1
1655,4,1.3787500000000001,3.4,0.025,5.515000000000001,1,1
1584,4,2.1875,3.85,0.5,8.75,1,1
1573,15,8.354132666666667,28.55,0.98,125.31199000000001,1,1
1492,20,8.325544449999999,25.989999,1.27,166.510889,1,1
1538,1,0.025,0.025,0.025,0.025,1,1
1511,1,13.0,13.0,13.0,13.0,1,1
1571,9,9.629333222222222,20.649,0.55,86.663999,1,1
1566,7,5.059171428571429,22.88,0.15,35.4142,1,1
1567,5,6.81,14.99,1.0,34.05,1,1
1514,2,10.435,20.85,0.02,20.87,1,1
1529,1,0.98,0.98,0.98,0.98,1,1
1528,9,5.62,37.95,0.2,50.58,1,1
1549,3,1.4766666666666666,2.0,0.45,4.43,1,1
1495,2,2.175,2.2,2.15,4.35,1,1
1531,9,2.030566666666667,4.0,0.2,18.275100000000002,1,1
1498,4,6.82,10.3,3.45,27.28,1,1
1513,11,6.757181818181819,14.71,0.02,74.32900000000001,1,1
1561,12,2.876825,5.342,0.2,34.5219,1,1
1562,13,5.101264307692308,11.99,0.3,66.316436,1,1
1502,29,8.63339224137931,12.8,0.8,250.36837500000001,1,1
1559,4,1.5499999999999998,2.8,0.3,6.199999999999999,1,1
1569,20,10.514985450000001,21.85,0.05,210.299709,1,1
1574,1,0.03,0.03,0.03,0.03,1,1
1522,1,0.018,0.018,0.018,0.018,1,1
1551,39,6.258742256410256,25.99,0.045,244.090948,1,1
1547,38,8.018389078947369,20.88,0.045,304.698785,1,1
1524,27,5.294807037037037,11.285,0.16,142.95979,1,1
1572,8,2.3697625,4.0,0.06,18.9581,1,1
1532,17,4.28303705882353,8.4,0.72,72.81163000000001,1,1
1560,41,4.5525902195121954,15.22,0.17,186.65619900000002,1,1
1563,14,6.501071428571429,18.889,0.95,91.015,1,1
1556,8,2.422167875,5.0,0.044,19.377343,1,1
1565,4,6.119750000000001,9.15,0.15,24.479000000000003,1,1
1557,21,6.507607999999999,18.7,0.2,136.65976799999999,1,1
1515,7,1.3821428571428573,2.99,0.015,9.675,1,1
1554,7,0.7434285714285714,1.95,0.05,5.204,1,1
1553,7,2.379,7.77,0.053,16.653,1,1
1496,14,10.206564285714284,13.0199,2.6,142.8919,1,1
1564,11,8.536227272727272,22.0603,0.75,93.8985,1,1
1544,11,2.8611181818181817,5.1727,0.02,31.4723,1,1
1525,3,1.1246666666666667,2.456,0.018,3.374,1,1
1535,37,5.663664837837838,33.99,0.179,209.555599,1,1
1536,5,1.1058,2.84,0.179,5.529,1,1
1543,3,5.086666666666667,11.86,0.2,15.26,1,1
1541,2,0.54,0.88,0.2,1.08,1,1
1519,37,4.246378378378378,19.0,0.04,157.11599999999999,1,1
1552,25,10.260746039999999,22.899951,0.03,256.518651,1,1
1521,2,1.7999999999999998,2.8,0.8,3.5999999999999996,1,1
1517,17,12.241724058823529,23.15,0.18,208.109309,1,1
1548,4,5.57125,10.45,0.045,22.285,1,1
1501,1,2.8,2.8,2.8,2.8,1,1
1555,4,1.0285,3.169,0.055,4.114,1,1
1558,26,10.925441307692306,35.197,0.3,284.061474,1,1
1523,7,5.241142857142857,17.5,0.058,36.688,1,1
1527,3,2.0866666666666664,3.0,0.39,6.26,1,1
1505,1,2.6,2.6,2.6,2.6,1,1
1526,23,9.736869434782609,31.1399,0.018,223.947997,1,1
1508,3,2.25,2.9,1.35,6.75,1,1
1539,3,0.08166666666666667,0.1,0.055,0.245,1,1
1510,37,4.741301054054054,8.84,2.67,175.428139,1,1
1533,5,4.6579999999999995,12.0,0.65,23.29,1,1
1550,23,13.073638695652175,35.0,0.049,300.69369,1,1
1518,6,1.5775,3.25,0.04,9.465,1,1
1500,14,4.520257142857143,5.299,2.55,63.2836,1,1
1546,19,4.70342105263158,11.4,0.055,89.36500000000001,1,1
1568,40,4.368925,5.71,0.05,174.757,1,1
1494,3,3.4395000000000002,4.2385,2.0,10.3185,1,1
1497,11,5.2135466363636365,11.0,1.7,57.349013,1,1
1493,13,7.312384615384616,11.79,2.5,95.061,1,1
1534,11,3.4852636363636362,5.62,0.249,38.3379,1,1
1504,13,8.237723076923077,19.268,1.15,107.0904,1,1
1516,2,27.75,55.0,0.5,55.5,1,1
1507,2,6.5,7.5,5.5,13.0,1,1
1542,4,1.132975,2.98,0.2,4.5319,1,1
1540,3,2.033333333333333,5.0,0.1,6.1,1,1
1506,4,2.265,3.0,1.5,9.06,1,1
1503,17,3.4783523529411764,15.5,0.83,59.13199,1,1
1545,17,4.055141176470588,10.11,0.2,68.9374,1,1
1570,13,14.907615,29.54,0.03,193.798995,1,1
1530,8,6.6359875,13.98,0.79,53.0879,1,1
1520,26,4.460171846153846,6.37,0.95,115.964468,1,1
1509,19,7.952277368421053,21.0,1.08,151.09327000000002,1,1
1512,8,4.178375,10.349,0.02,33.427,1,1
1537,7,2.481657142857143,5.5176,0.054,17.3716,1,1
1499,12,8.428166666666668,16.9,0.839,101.138,1,1
1466,22,11.018771727272728,34.3,0.029,242.412978,1,1
1410,0,0.0,0.0,0.0,0.0,0,0
1487,8,9.393999875,23.55,0.045,75.151999,1,1
1456,33,3.9134572121212123,9.5,0.035,129.144088,1,1
1461,3,1.0556333333333334,2.8,0.0169,3.1669,1,1
1452,31,7.101616774193549,13.29,0.0499,220.15012000000002,1,1
1464,4,2.504225,6.05,0.0169,10.0169,1,1
1438,2,1.2495,2.099,0.4,2.499,1,1
1451,7,1.9726857142857146,8.6918,0.06,13.808800000000002,1,1
1435,30,4.954407,6.76,0.3,148.63221,1,1
1418,2,0.0485,0.05,0.047,0.097,1,1
1467,1,0.03,0.03,0.03,0.03,1,1
1469,27,7.88607037037037,18.879,0.015,212.9239,1,1
1485,14,5.420062785714286,11.598,0.0439,75.88087900000001,1,1
1402,0,0.0,0.0,0.0,0.0,0,0
1476,52,6.555905538461539,14.33,0.015,340.907088,1,1
1484,8,5.384134875,10.7,0.12,43.073079,1,1
1472,24,3.51975,5.749,0.015,84.474,1,1
1421,10,2.93369,4.95,0.0169,29.3369,1,1
1455,8,4.756125,12.061,0.268,38.049,1,1
1448,4,1.7052125,2.6199,0.0485,6.82085,1,1
1443,21,3.704709523809524,5.99,0.25,77.7989,1,1
1450,15,5.9067799999999995,16.35,0.054,88.6017,1,1
1436,11,6.297972727272727,9.33,0.35,69.2777,1,1
1480,18,7.58959338888889,10.748955,0.39,136.612681,1,1
1445,5,1.0079799999999999,1.4999,0.5,5.039899999999999,1,1
1430,5,4.6899999999999995,8.0,0.25,23.45,1,1
1404,0,0.0,0.0,0.0,0.0,0,0
1406,0,0.0,0.0,0.0,0.0,0,0
1491,37,4.593224216216217,10.5,0.04,169.949296,1,1
1401,7,4.382994285714285,9.79,0.0498,30.68096,1,1
1444,17,12.036340882352942,35.95,0.3,204.617795,1,1
1405,0,0.0,0.0,0.0,0.0,0,0
1470,5,1.1678,4.1,0.099,5.8389999999999995,1,1
1489,8,7.13795,27.88,0.04,57.1036,1,1
1460,10,15.459488400000001,28.75,0.015,154.594884,1,1
1433,3,2.6065996666666664,3.799999,0.35,7.819799,1,1
1440,1,0.2,0.2,0.2,0.2,1,1
1411,0,0.0,0.0,0.0,0.0,0,0
1432,7,2.5465714285714287,4.49,0.35,17.826,1,1
1474,14,3.1708285714285713,6.6666,0.03,44.3916,1,1
1475,10,3.7689,9.62,0.029,37.689,1,1
1419,12,8.407166666666667,13.13,0.047,100.886,1,1
1399,41,4.491312195121951,9.17,0.194,184.1438,1,1
1420,4,1.4434749999999998,2.8,0.047,5.773899999999999,1,1
1403,0,0.0,0.0,0.0,0.0,0,0
1479,4,10.770825,16.6533,0.25,43.0833,1,1
1486,1,2.0,2.0,2.0,2.0,1,1
1454,44,4.689515568181818,14.9,0.0499,206.338685,1,1
1437,14,4.612635714285714,6.69,0.288,64.5769,1,1
1422,37,4.639697162162162,21.85,0.022,171.668795,1,1
1453,21,4.197039999999999,5.79,0.268,88.13784,1,1
1463,3,2.4589666666666665,4.18,0.0169,7.3769,1,1
1429,11,3.3958545454545455,5.61,0.3,37.3544,1,1
1473,9,11.413333333333334,36.0,0.025,102.72,1,1
1417,6,4.792298833333334,8.938993,0.047,28.753793,1,1
1462,9,3.2035555555555555,7.0,0.029,28.832,1,1
1442,6,1.795,2.65,0.8,10.77,1,1
1482,11,6.0069099999999995,10.4,0.387,66.07601,1,1
1449,11,6.430681636363636,15.15,0.0545,70.737498,1,1
1424,3,1.4479333333333333,4.0,0.0438,4.3438,1,1
1414,3,2.078333333333333,3.51,0.025,6.234999999999999,1,1
1483,5,6.99,13.9,0.15,34.95,1,1
1481,19,3.5105263157894737,4.95,0.09,66.7,1,1
1468,3,1.3191666666666666,3.5,0.0175,3.9575,1,1
1465,11,8.501548999999999,21.665,0.015,93.517039,1,1
1423,1,0.017,0.017,0.017,0.017,1,1
1488,16,4.1401375,5.91,0.045,66.2422,1,1
1434,14,9.759142857142857,16.37,0.5,136.628,1,1
1426,19,5.556213368421052,12.55,0.5,105.568054,1,1
1400,4,5.28625,13.5,0.855,21.145,1,1
1439,7,12.819685714285713,29.65,1.0,89.7378,1,1
1441,16,6.623,41.206,0.45,105.968,1,1
1425,5,2.6437999999999997,3.9,0.019,13.219,1,1
1416,4,14.77,48.88,0.05,59.08,1,1
1459,18,8.793544444444445,18.67,0.0489,158.2838,1,1
1471,5,0.8876,2.0,0.049,4.438,1,1
1407,0,0.0,0.0,0.0,0.0,0,0
1457,25,12.964075880000001,35.2,0.044,324.101897,1,1
1408,0,0.0,0.0,0.0,0.0,0,0
1427,3,1.7,2.8,0.25,5.1,1,1
1431,7,3.8971428571428572,7.2,0.3,27.28,1,1
1415,5,4.21198,17.0,0.0199,21.0599,1,1
1490,9,3.5332664444444446,8.369398,0.045,31.799398,1,1
1428,1,0.5,0.5,0.5,0.5,1,1
1458,27,7.9697992592592595,17.72,0.02,215.18458,1,1
1412,35,8.567199942857142,25.6,0.015,299.851998,1,1
1478,28,3.2447717857142857,4.5,0.029,90.85361,1,1
1413,11,11.423335454545454,31.0,0.02,125.65669,1,1
1446,7,4.583785714285715,9.11,0.048,32.0865,1,1
1447,6,4.573166666666666,11.37,0.06,27.439,1,1
1477,7,4.1509857142857145,11.5,0.0169,29.0569,1,1
1409,0,0.0,0.0,0.0,0.0,0,0
1341,3,0.8330000000000001,2.0,0.099,2.499,1,1
1329,4,1.6700000000000002,4.0,0.045,6.680000000000001,1,1
1375,10,5.5678,10.98,0.05,55.678,1,1
1362,11,3.8708181818181817,6.2,0.179,42.579,1,1
1392,28,5.979625071428571,10.942905,0.1,167.42950199999999,1,1
1307,4,5.5875,20.0,0.05,22.35,1,1
1350,54,5.858462888888888,21.7,0.049,316.356996,1,1
1311,6,5.533541666666667,6.98,1.799,33.20125,1,1
1310,1,2.6,2.6,2.6,2.6,1,1
1361,27,9.832801148148148,25.57,0.216,265.485631,1,1
1314,3,3.8000000000000003,4.4,3.0,11.4,1,1
1339,7,6.035414285714286,16.5829,0.225,42.2479,1,1
1300,7,19.904621428571428,34.96,0.0123,139.33235,1,1
1346,8,3.3667375,5.32,0.039,26.9339,1,1
1302,31,3.4587093548387093,4.75,0.035,107.21999,1,1
1374,9,5.601666666666667,27.3,0.072,50.415,1,1
1335,1,0.1,0.1,0.1,0.1,1,1
1396,15,7.41399,12.839951,0.25,111.20985,1,1
1367,2,2.4245,3.459,1.39,4.849,1,1
1356,29,9.761131689655171,27.79,0.1,283.072819,1,1
1357,7,3.3440000000000003,10.399,0.089,23.408,1,1
1389,4,3.58,4.77,0.5,14.32,1,1
1371,25,9.688915960000001,24.199,0.027,242.222899,1,1
1330,9,4.606888888888888,10.78,0.069,41.461999999999996,1,1
1306,9,12.579555555555554,35.48,0.02,113.216,1,1
1377,10,2.9050000000000002,5.498,0.042,29.05,1,1
1331,14,8.743261785714285,18.25,0.039,122.405665,1,1
1299,5,3.779426,5.55,0.0123,18.89713,1,1
1336,4,1.8350000000000002,6.94,0.09,7.340000000000001,1,1
1366,3,1.8330333333333335,2.59,0.7899,5.4991,1,1
1398,18,4.893879444444444,6.16,0.16,88.08982999999999,1,1
1319,19,4.436315263157895,5.25,2.5,84.28999,1,1
1334,10,6.990900000000001,16.699,0.99,69.909,1,1
1333,35,8.162234257142858,11.21,0.059,285.678199,1,1
1351,7,4.311414285714286,15.77,0.05,30.1799,1,1
1328,10,10.7037966,15.33,2.5,107.037966,1,1
1382,8,2.5063125,5.5075,0.018,20.0505,1,1
1380,27,9.472440407407406,25.888,0.018,255.755891,1,1
1369,2,6.85,6.9,6.8,13.7,1,1
1355,17,4.529229411764706,5.928,0.05,76.9969,1,1
1390,3,0.9753333333333334,1.88,0.046,2.926,1,1
1368,2,9.52,15.75,3.29,19.04,1,1
1386,0,0.0,0.0,0.0,0.0,0,0
1360,20,8.62865415,24.9999,0.045,172.573083,1,1
1373,4,1.0,3.0,0.04,4.0,1,1
1312,9,8.944033333333332,17.99,0.95,80.49629999999999,1,1
1325,15,3.6079999999999997,4.63,1.85,54.12,1,1
1395,7,2.8414285714285716,4.65,0.1,19.89,1,1
1354,14,7.261910785714286,11.509,0.05,101.666751,1,1
1323,13,10.703072846153846,22.089997,1.74,139.139947,1,1
1326,5,4.00982,11.55,0.7992,20.049100000000003,1,1
1387,12,11.3575625,19.5,3.46,136.29075,1,1
1315,53,4.890667924528302,17.5,2.2101,259.2054,1,1
1317,0,0.0,0.0,0.0,0.0,0,0
1342,7,1.231142857142857,2.35,0.089,8.618,1,1
1316,1,2.4,2.4,2.4,2.4,1,1
1320,5,2.06,4.0,1.12,10.3,1,1
1340,14,11.644214285714286,22.48,0.19,163.019,1,1
1305,38,3.841618421052632,5.56,0.05,145.9815,1,1
1301,5,1.9490000000000003,3.5,0.05,9.745000000000001,1,1
1379,6,1.5006666666666666,2.99,0.035,9.004,1,1
1308,9,4.1467777777777775,15.0,0.05,37.321,1,1
1332,5,1.4558,2.99,0.029,7.279,1,1
1348,16,5.839825,15.77,0.039,93.4372,1,1
1345,18,4.837621777777778,17.99,0.041,87.077192,1,1
1344,20,8.521485,14.37,0.089,170.4297,1,1
1358,13,13.804268461538461,30.99,0.1,179.45549,1,1
1383,6,2.5500000000000003,3.9,1.0,15.3,1,1
1385,12,5.864999999999999,12.4,0.05,70.38,1,1
1388,2,2.965,4.93,1.0,5.93,1,1
1337,10,8.2857,14.04,0.039,82.857,1,1
1338,20,8.111034,19.0,0.059,162.22068,1,1
1370,8,8.955,20.5,4.99,71.64,1,1
1393,24,4.3287,8.83,0.5,103.8888,1,1
1391,17,3.0026882352941175,5.3,0.48,51.0457,1,1
1378,37,4.630021594594595,6.11,0.1,171.310799,1,1
1322,6,10.230816666666668,20.49,1.68,61.3849,1,1
1359,3,4.90335,9.68,1.70005,14.710049999999999,1,1
1394,7,4.017142857142857,8.88,0.15,28.12,1,1
1364,16,14.7602180625,32.7,0.4999,236.163489,1,1
1347,63,6.923152380952381,26.0,0.09,436.1586,1,1
1324,4,1.875,3.88,0.75,7.5,1,1
1376,24,3.1308416666666665,6.88,0.065,75.1402,1,1
1352,6,3.048666666666667,8.0,0.052,18.292,1,1
1309,1,8.0,8.0,8.0,8.0,1,1
1353,4,1.837175,7.0,0.052,7.3487,1,1
1363,5,6.789999999999999,10.69,1.9,33.949999999999996,1,1
1327,1,2.6,2.6,2.6,2.6,1,1
1365,16,9.696299187500001,10.33,2.49,155.14078700000002,1,1
1372,3,5.083033333333334,8.0,0.3491,15.2491,1,1
1343,2,13.5245,26.9,0.149,27.049,1,1
1384,6,6.745,31.0,1.0,40.47,1,1
1349,28,9.414019821428571,20.55,0.049,263.592555,1,1
1397,32,4.86246875,5.79,0.29,155.599,1,1
1381,31,3.8682935161290324,6.469,0.019,119.91709900000001,1,1
1321,6,10.026116666666667,18.29,3.95,60.1567,1,1
1313,2,3.425,4.5,2.35,6.85,1,1
1304,24,3.80952625,10.142949,0.01,91.42863,1,1
1318,0,0.0,0.0,0.0,0.0,0,0
1303,29,7.939777517241379,33.24,0.05,230.253548,1,1
1247,20,11.696367550000002,29.7,0.014,233.92735100000002,1,1
1190,1,0.035,0.035,0.035,0.035,1,1
1203,2,1.5825,2.89,0.275,3.165,1,1
1200,1,0.9,0.9,0.9,0.9,1,1
1286,7,4.919714285714286,8.999,0.019,34.438,1,1
1297,8,4.5186375000000005,11.5,0.05,36.149100000000004,1,1
1194,18,5.322042055555555,16.3,0.034,95.796757,1,1
1280,3,1.21,3.19,0.04,3.63,1,1
1273,18,4.949944444444444,5.84,0.79,89.099,1,1
1217,5,0.23698000000000002,0.44,0.015,1.1849,1,1
1197,8,1.732625,5.7,0.02,13.861,1,1
1195,9,2.818888888888889,4.05,0.23,25.37,1,1
1189,21,4.133418571428571,11.2,0.035,86.80179,1,1
1289,9,7.009555555555555,17.66,0.9,63.086,1,1
1258,1,0.195,0.195,0.195,0.195,1,1
1254,6,3.6316666666666664,10.7,0.85,21.79,1,1
1188,11,8.6627,19.99,0.035,95.2897,1,1
1235,27,7.738262333333334,32.4,1.104205,208.933083,1,1
1269,2,1.445,2.85,0.04,2.89,1,1
1225,8,1.5794375,3.98,0.0555,12.6355,1,1
1290,1,0.025,0.025,0.025,0.025,1,1
1213,18,6.025361111111112,17.96,0.195,108.4565,1,1
1187,21,3.587619047619048,4.7,0.035,75.34,1,1
1285,10,3.91141,11.2,0.05,39.1141,1,1
1237,10,2.1073205,6.25,0.15,21.073205,1,1
1216,4,2.00375,3.45,0.025,8.015,1,1
1221,7,1.2892857142857144,4.0,0.025,9.025,1,1
1192,30,5.1457473333333335,16.95,0.035,154.37242,1,1
1282,5,1.1164,2.69,0.033,5.582,1,1
1219,2,11.0,20.0,2.0,22.0,1,1
1201,25,7.874516,24.9,0.017,196.8629,1,1
1256,1,0.014,0.014,0.014,0.014,1,1
1274,1,3.0,3.0,3.0,3.0,1,1
1268,7,0.9194142857142857,2.41,0.017,6.4359,1,1
1205,8,9.413637125000001,15.009097,0.24,75.30909700000001,1,1
1228,13,10.00056923076923,27.38,0.0574,130.0074,1,1
1236,43,4.011876604651163,5.71,0.15,172.510694,1,1
1196,55,4.583371909090909,6.11,0.375,252.085455,1,1
1226,11,5.199807181818182,11.78,0.04,57.197879,1,1
1257,1,0.018,0.018,0.018,0.018,1,1
1244,4,2.89975,5.75,0.049,11.599,1,1
1260,12,6.605333333333333,15.0,0.049,79.264,1,1
1294,10,4.3315,9.645,0.06,43.315,1,1
1288,3,3.793333333333333,5.5,2.0,11.379999999999999,1,1
1275,6,3.7449999999999997,10.5,1.29,22.47,1,1
1240,16,7.2036623125000006,13.45,0.15,115.25859700000001,1,1
1210,40,5.0004667,18.26,0.0165,200.018668,1,1
1271,12,6.128699583333333,11.459995,0.025,73.544395,1,1
1208,3,1.1363333333333332,3.0,0.019,3.409,1,1
1248,6,2.229,3.5,0.014,13.374,1,1
1239,7,13.242029285714285,27.3,1.104205,92.694205,1,1
1223,14,3.378707142857143,4.95,0.025,47.3019,1,1
1227,14,2.2184142857142857,8.9,0.0558,31.0578,1,1
1234,8,7.320114375,12.609951,1.104205,58.560915,1,1
1262,2,6.295,12.5,0.09,12.59,1,1
1250,15,7.460719999999999,9.84,0.012,111.9108,1,1
1238,13,1.431785,3.0,0.15,18.613205,1,1
1267,5,2.3078598,4.229999,0.017,11.539299,1,1
1212,4,1.08925,3.9,0.017,4.357,1,1
1255,6,0.9028333333333333,1.82,0.197,5.417,1,1
1292,18,4.434821666666667,5.65,0.02,79.82679,1,1
1193,1,0.035,0.035,0.035,0.035,1,1
1265,8,2.9533125,9.969,0.0225,23.6265,1,1
1202,26,7.510106538461538,20.7,0.22,195.26277,1,1
1242,4,2.80855125,4.88,1.104205,11.234205,1,1
1279,5,1.0922,1.875,0.046,5.461,1,1
1298,11,461.16831818181817,5000.0,0.0599,5072.8515,1,1
1214,5,1.8977999999999997,3.3,0.039,9.488999999999999,1,1
1224,8,5.28875,9.8,0.009,42.31,1,1
1209,10,3.137,6.57,0.65,31.37,1,1
1233,3,2.138333333333333,3.395,0.02,6.415,1,1
1241,16,5.8606000625,9.979,1.104205,93.769601,1,1
1263,8,3.006374875,5.55,0.068,24.050999,1,1
1229,6,3.5025,14.2,0.015,21.015,1,1
1278,35,5.4988914,15.67,0.04,192.461199,1,1
1296,16,6.666875,11.89,0.01,106.67,1,1
1284,1,0.02,0.02,0.02,0.02,1,1
1251,4,1.7735,4.0,0.195,7.094,1,1
1287,13,3.759153846153846,4.95,0.019,48.869,1,1
1291,2,0.2325,0.45,0.015,0.465,1,1
1277,5,1.2676,2.2,0.06,6.338,1,1
1207,7,4.026428571428571,8.75,0.045,28.185,1,1
1252,8,2.1247375,3.68,0.027,16.9979,1,1
1204,3,1.938,3.95,0.019,5.814,1,1
1276,20,3.864,4.44,1.4,77.28,1,1
1198,17,7.038063823529412,11.749,0.8,119.647085,1,1
1249,54,5.086916648148149,10.84,0.014,274.69349900000003,1,1
1264,7,9.506357142857143,22.0,0.0225,66.5445,1,1
1206,3,4.333333333333333,7.0,1.2,13.0,1,1
1293,16,3.8608420625,4.75,0.04,61.773473,1,1
1272,2,4.0,4.5,3.5,8.0,1,1
1253,5,1.3154824,2.4799,0.22,6.577412000000001,1,1
1211,38,3.623086842105263,5.1198,0.039,137.6773,1,1
1243,13,7.354677307692308,12.2,1.104205,95.610805,1,1
1215,1,0.025,0.025,0.025,0.025,1,1
1191,15,7.71046,21.7989,0.035,115.65690000000001,1,1
1199,6,1.8756666666666666,2.49,0.6,11.254,1,1
1246,7,4.8097141428571435,10.2,0.21,33.667999,1,1
1220,5,8.924240000000001,18.999,0.009,44.6212,1,1
1266,19,10.218526315789473,25.71,0.017,194.152,1,1
1283,15,9.57238,27.35,0.17,143.5857,1,1
1245,6,3.153839666666667,4.53,0.3,18.923038000000002,1,1
1231,2,2.09095,4.1319,0.05,4.1819,1,1
1186,3,0.5983333333333333,0.95,0.035,1.795,1,1
1295,10,3.2738500000000004,10.2,0.049,32.7385,1,1
1259,4,0.403,0.845,0.027,1.612,1,1
1281,10,5.6151,14.599,0.049,56.151,1,1
1232,9,3.662833555555556,4.72,0.02,32.965502,1,1
1270,11,11.777944545454545,27.3,0.04,129.55739,1,1
1230,1,0.05,0.05,0.05,0.05,1,1
1222,22,4.45689090909091,6.5,0.009,98.05160000000001,1,1
1218,2,0.0275,0.03,0.025,0.055,1,1
1185,4,0.9750000000000001,2.35,0.035,3.9000000000000004,1,1
1261,17,7.045752823529412,23.888998,0.25,119.777798,1,1
1072,12,9.237830166666667,15.659921,0.033,110.853962,1,1
1127,9,6.699750777777778,17.69,0.014,60.297757000000004,1,1
1137,37,6.12149027027027,16.69,0.014,226.49514,1,1
1160,8,9.351125,39.196,0.288,74.809,1,1
1087,7,2.736842857142857,5.01,0.019,19.157899999999998,1,1
1080,1,0.33,0.33,0.33,0.33,1,1
1104,5,2.1022,2.96,0.03,10.511,1,1
1124,8,6.778625,18.949,0.02,54.229,1,1
1113,15,3.9643333333333333,6.5,0.045,59.464999999999996,1,1
1169,18,4.496216666666666,5.297,0.03,80.9319,1,1
1184,7,7.0728285714285715,21.69,0.029,49.5098,1,1
1172,12,1.6248333333333334,2.99,0.03,19.498,1,1
1134,17,4.238462294117647,5.88,0.014,72.053859,1,1
1133,3,1.8713333333333333,2.85,0.014,5.614,1,1
1112,7,1.4664428571428572,2.65,0.045,10.2651,1,1
1088,28,5.256164285714285,11.71,0.019,147.1726,1,1
1150,3,2.445,3.5,0.985,7.335,1,1
1180,5,7.9158,11.6,2.99,39.579,1,1
1115,20,8.17793985,11.9,0.045,163.558797,1,1
1165,3,0.5666666666666667,1.2,0.1,1.7,1,1
1078,3,1.5883333333333332,2.79,0.025,4.765,1,1
1106,10,3.7154,14.606,0.05,37.153999999999996,1,1
1075,10,8.683,15.88,0.69,86.83,1,1
1074,27,7.715047296296296,28.662,0.39,208.306277,1,1
1096,5,2.2894568,6.8,0.065,11.447284,1,1
1126,22,8.343663636363637,17.5,0.014,183.5606,1,1
1107,17,8.018328529411765,14.5226,0.03,136.311585,1,1
1176,50,4.5636582,10.01982,1.5,228.18291,1,1
1092,2,1.105,2.15,0.06,2.21,1,1
1138,2,0.722,1.43,0.014,1.444,1,1
1130,21,2.4450366666666667,5.11,0.014,51.34577,1,1
1149,3,2.716666666666667,3.5,1.65,8.15,1,1
1083,4,1.07,2.55,0.055,4.28,1,1
1101,12,3.8906666666666667,15.2,0.03,46.688,1,1
1146,15,3.0077933333333333,5.62,0.055,45.1169,1,1
1108,8,6.748587499999999,11.0,0.06,53.988699999999994,1,1
1159,6,2.2314599999999998,3.4,0.65,13.38876,1,1
1156,1,1.75,1.75,1.75,1.75,1,1
1129,1,0.014,0.014,0.014,0.014,1,1
1099,5,1.7218,4.1,0.05,8.609,1,1
1153,3,1.9266666666666665,3.68,0.9,5.779999999999999,1,1
1163,23,7.286238130434782,22.75,0.949,167.583477,1,1
1110,15,6.497865333333333,14.944,0.06,97.46798,1,1
1182,8,3.3125,5.09,0.93,26.5,1,1
1147,1,1.937754,1.937754,1.937754,1.937754,1,1
1116,17,11.811523294117647,27.0,0.001,200.795896,1,1
1139,26,5.636553461538461,18.8,0.014,146.55039,1,1
1081,7,10.018714285714285,22.0,0.596,70.131,1,1
1091,25,6.8934767599999995,14.2,0.019,172.336919,1,1
1179,2,1.6,2.25,0.95,3.2,1,1
1103,10,10.59787,17.9,0.3,105.9787,1,1
1136,5,4.987768600000001,10.49,0.014,24.938843000000002,1,1
1118,46,4.600793413043478,10.3,0.0149,211.636497,1,1
1144,4,0.85875,2.95,0.055,3.435,1,1
1073,14,12.082899999999999,25.949,0.033,169.1606,1,1
1119,12,5.188640833333333,10.2,0.045,62.26369,1,1
1100,6,1.4000416666666666,2.9,0.03,8.40025,1,1
1141,7,6.183,10.7,0.014,43.281,1,1
1089,5,5.8596,18.538,0.05,29.298000000000002,1,1
1181,8,2.5878875,4.34,0.3,20.7031,1,1
1109,9,9.627777777777778,30.0,0.09,86.65,1,1
1094,25,4.561364,6.3,0.03,114.0341,1,1
1158,2,1.805,3.19,0.42,3.61,1,1
1173,4,2.8625,5.0,0.45,11.45,1,1
1098,22,3.7763136363636365,5.98,0.03,83.0789,1,1
1170,16,6.631474750000001,10.748955,0.03,106.10359600000001,1,1
1114,4,6.076225,13.99,0.0149,24.3049,1,1
1131,39,4.473658974358974,5.89,0.014,174.4727,1,1
1125,4,1.1235,1.85,0.014,4.494,1,1
1086,2,1.88845,3.7569,0.02,3.7769,1,1
1122,8,7.6963695,12.1,0.014,61.570956,1,1
1084,12,3.7914583333333334,14.57,0.02,45.4975,1,1
1161,3,0.5999666666666666,1.4,0.0999,1.7998999999999998,1,1
1155,7,9.222,14.99,1.9,64.554,1,1
1117,10,3.46905,12.0,0.079,34.6905,1,1
1085,12,3.8080833333333337,10.86,0.05,45.697,1,1
1097,8,5.894125,17.0,0.044,47.153,1,1
1082,23,8.431608695652173,17.05,0.055,193.927,1,1
1167,13,5.450769230769231,10.7,0.03,70.86,1,1
1120,5,5.24798,10.69,0.0599,26.2399,1,1
1151,6,2.040833333333333,3.0,0.925,12.245,1,1
1077,4,1.457275,2.9601,0.02,5.8291,1,1
1128,6,7.046247833333333,10.253691,0.014,42.277487,1,1
1079,9,3.4760866666666668,6.9,0.02,31.28478,1,1
1174,22,9.729045454545455,19.68,0.3,214.039,1,1
1154,9,5.607777777777778,14.8,1.7,50.47,1,1
1095,14,9.930428571428573,22.22,0.03,139.026,1,1
1121,22,8.00866609090909,19.875,0.014,176.190654,1,1
1111,17,6.581411764705883,18.67,0.04,111.884,1,1
1183,10,3.995892,5.87,1.25,39.95892,1,1
1143,6,1.5296166666666666,4.0,0.1,9.1777,1,1
1135,15,3.2345144,10.86,0.014,48.517716,1,1
1157,8,14.128487374999999,28.4,0.1999,113.02789899999999,1,1
1177,2,1.025,1.1,0.95,2.05,1,1
1152,8,7.990475,19.29,2.35,63.9238,1,1
1142,16,3.302563125,6.29,0.2,52.84101,1,1
1090,6,6.876666666666666,11.5,0.05,41.26,1,1
1145,7,8.677571428571428,11.5,0.055,60.742999999999995,1,1
1140,5,28.679137200000003,60.0,3.5,143.395686,1,1
1166,8,2.4192125,11.75,0.2,19.3537,1,1
1132,8,1.303,2.14,0.014,10.424,1,1
1093,9,1.779377777777778,4.24,0.03,16.014400000000002,1,1
1148,14,8.377542142857143,19.3266,0.88,117.28559,1,1
1171,5,3.8620000000000005,5.5,0.03,19.310000000000002,1,1
1123,27,10.992329629629628,19.949,0.014,296.7929,1,1
1076,9,8.386544444444446,19.63,0.08,75.47890000000001,1,1
1162,19,3.4199894210526316,6.089999,0.03,64.979799,1,1
1175,13,9.054897076923076,14.099996,0.01,117.713662,1,1
1178,14,7.778309571428571,17.8,0.0001,108.896334,1,1
1105,1,0.03,0.03,0.03,0.03,1,1
1168,6,3.935,5.11,0.03,23.61,1,1
1102,26,6.213874346153846,15.2,0.03,161.560733,1,1
1164,8,3.4513625,15.15,0.03,27.6109,1,1
1024,8,7.47575,13.99,0.037,59.806,1,1
1014,5,3.059,4.2,1.6,15.295,1,1
982,2,2.4499999999999997,4.85,0.05,4.8999999999999995,1,1
991,3,0.6983333333333333,1.25,0.12,2.0949999999999998,1,1
1063,15,2.6854066666666667,5.0922,0.04,40.2811,1,1
1055,19,8.742849052631579,19.519,0.09,166.114132,1,1
1038,1,0.3569,0.3569,0.3569,0.3569,1,1
1001,20,6.784448299999999,19.55,0.03,135.688966,1,1
987,22,8.698094272727273,19.9,0.05,191.358074,1,1
1071,8,7.167625,12.788,0.055,57.341,1,1
1069,4,1.17616175,2.3,0.05,4.704647,1,1
1051,28,4.779431785714286,6.64,0.2,133.82409,1,1
1032,12,5.77921625,11.15,0.0175,69.350595,1,1
981,16,2.8216055625000003,4.5,0.44,45.145689000000004,1,1
1015,13,4.133076923076922,6.23,0.85,53.73,1,1
973,58,4.441633275862069,5.89,0.05,257.61473,1,1
1027,5,2.0538,5.2,0.025,10.269,1,1
1006,2,0.779,1.5,0.058,1.558,1,1
1057,1,0.0397,0.0397,0.0397,0.0397,1,1
1020,10,2.3268118,4.723618,0.0545,23.268118,1,1
1053,3,0.15166666666666667,0.245,0.05,0.455,1,1
1044,6,7.762883333333334,15.989,0.379,46.5773,1,1
1022,3,1.9723333333333333,3.0,0.037,5.917,1,1
976,12,5.04825,6.76,0.4,60.579,1,1
1030,9,7.056666666666666,17.99,0.03,63.50999999999999,1,1
1062,7,1.538142857142857,5.0,0.015,10.767,1,1
1065,25,8.8955196,19.89,0.02,222.38799,1,1
985,37,8.081024324324325,15.84,0.2,298.9979,1,1
1059,10,5.6362268,12.0,0.0333,56.362268,1,1
1061,20,5.71359,19.8,0.05,114.2718,1,1
1068,7,1.0302857142857142,2.5,0.012,7.212,1,1
1013,2,3.705,3.99,3.42,7.41,1,1
1000,1,0.17,0.17,0.17,0.17,1,1
1005,16,5.340611875,10.84,0.056,85.44979,1,1
983,14,3.212320571428571,5.769988,0.1,44.972488,1,1
1033,10,6.1685,11.99,0.035,61.685,1,1
1064,13,4.598230769230769,11.699,0.02,59.777,1,1
1047,5,15.588,41.55,0.2,77.94,1,1
1029,5,7.6013,18.55,0.0165,38.0065,1,1
1003,28,3.5033106785714283,4.43,0.057,98.092699,1,1
979,9,4.700196666666667,14.999999,0.0199,42.301770000000005,1,1
1041,4,1.4775,2.45,0.4,5.91,1,1
1049,7,9.699956857142856,19.1577,0.2,67.899698,1,1
994,7,2.450714285714286,6.5,0.035,17.155,1,1
993,1,0.1,0.1,0.1,0.1,1,1
1026,9,3.6439888888888894,12.739,0.4069,32.7959,1,1
1058,12,2.220125,4.26,0.33,26.6415,1,1
1018,39,6.03890717948718,11.5,0.048,235.51738,1,1
977,12,6.976166583333334,13.77,0.44,83.713999,1,1
1016,4,3.087275,6.4,0.0545,12.3491,1,1
984,7,1.5284285714285715,3.75,0.03,10.699,1,1
972,8,2.59,11.11,0.05,20.72,1,1
1002,9,6.202776555555555,14.625,0.056,55.824989,1,1
995,7,8.665428571428572,30.8,0.035,60.658,1,1
1004,2,1.4735,2.89,0.057,2.947,1,1
992,4,2.825,7.95,0.25,11.3,1,1
990,12,9.118997333333333,22.49,0.33,109.42796799999999,1,1
1070,3,1.6025,2.65,0.0575,4.8075,1,1
975,11,5.5485454545454544,10.28,0.55,61.034,1,1
1017,2,5.02725,10.0,0.0545,10.0545,1,1
1025,14,3.0062857142857142,5.22,0.037,42.088,1,1
974,12,6.978899999999999,12.2,0.979,83.7468,1,1
1052,8,11.2825,31.39,0.2,90.26,1,1
1011,3,2.5493333333333332,6.85,0.048,7.648,1,1
1009,5,2.162,5.0,0.056,10.81,1,1
1021,6,1.9061666666666666,4.0,0.02,11.437,1,1
1035,4,2.0862499999999997,5.0,0.1,8.344999999999999,1,1
1060,4,2.22745,3.3,0.0398,8.9098,1,1
1037,2,5.37445,10.73,0.0189,10.7489,1,1
1040,2,0.845,1.49,0.2,1.69,1,1
1008,9,12.213311,18.0,0.054,109.919799,1,1
980,3,0.30666666666666664,0.47,0.05,0.9199999999999999,1,1
999,1,0.15,0.15,0.15,0.15,1,1
1043,10,3.62472,8.9437,0.399,36.2472,1,1
1048,3,1.6666666666666667,2.4,0.2,5.0,1,1
1019,4,1.591,5.0,0.054,6.364,1,1
1034,14,1.39515,3.19,0.014,19.5321,1,1
1054,5,5.5840000000000005,12.0,0.15,27.92,1,1
1056,4,0.715,1.45,0.16,2.86,1,1
1010,63,5.061676507936508,12.12,0.053,318.88562,1,1
1046,4,3.55148725,4.8,2.899049,14.205949,1,1
997,8,1.65625,2.79,0.04,13.25,1,1
1012,12,5.6010833333333325,14.37,0.06,67.213,1,1
1050,3,1.5716666666666665,3.55,0.2,4.715,1,1
1036,15,9.748297133333333,22.229951,0.025,146.224457,1,1
1028,4,8.281,23.0,0.055,33.124,1,1
1031,35,7.832441714285715,19.25,0.025,274.13546,1,1
989,68,5.032559632352941,9.549855,0.05,342.214055,1,1
1067,11,4.22772690909091,18.19,0.055,46.504996000000006,1,1
1045,2,6.875,7.0,6.75,13.75,1,1
1023,8,1.291625,3.2,0.025,10.333,1,1
1039,8,3.5060375,6.49,0.0175,28.0483,1,1
986,8,5.379875,14.99,0.2,43.039,1,1
998,10,2.65052,8.05,0.06,26.505200000000002,1,1
988,23,5.507330434782609,11.7486,0.05,126.6686,1,1
978,4,3.604975,12.52,0.05,14.4199,1,1
1007,1,0.057,0.057,0.057,0.057,1,1
1042,6,3.4883333333333333,5.01,1.3,20.93,1,1
1066,7,3.165714285714286,4.9,0.05,22.16,1,1
996,13,6.6091383846153855,14.145,0.055,85.918799,1,1
901,7,3.809885714285714,9.0,0.015,26.6692,1,1
875,2,10.25,15.5,5.0,20.5,1,1
930,34,4.608001470588236,5.97,0.0498,156.67205,1,1
932,11,13.665878181818181,32.88,0.02,150.32466,1,1
947,21,11.414190428571427,32.9,0.174,239.69799899999998,1,1
905,7,12.28273557142857,28.8342,0.29,85.97914899999999,1,1
888,0,0.0,0.0,0.0,0.0,0,0
946,11,7.266181818181818,24.118,0.48,79.928,1,1
924,2,1.325,2.25,0.4,2.65,1,1
916,6,5.281666666666667,9.84,0.45,31.69,1,1
879,5,0.9494,1.79,0.037,4.747,1,1
950,8,8.43765,14.2,3.1,67.5012,1,1
880,19,11.80936994736842,25.49,0.188,224.378029,1,1
954,14,8.6502,16.0,0.02,121.1028,1,1
970,17,8.263631882352941,24.0,0.028,140.481742,1,1
957,6,4.232166666666667,7.89,0.053,25.393,1,1
963,6,3.251,5.65,0.056,19.506,1,1
914,4,1.56725,2.249,0.17,6.269,1,1
949,4,19.45,40.0,0.3,77.8,1,1
934,9,6.844433111111111,18.69,0.0499,61.599897999999996,1,1
929,7,5.319985714285714,22.0,0.1999,37.2399,1,1
907,3,5.846333333333334,15.0,0.039,17.539,1,1
878,11,9.852163636363636,22.69,0.036,108.3738,1,1
886,8,1.795,2.99,0.12,14.36,1,1
895,11,2.7541818181818183,7.1,0.025,30.296,1,1
926,14,4.410407142857143,6.5,0.1999,61.7457,1,1
941,9,6.384123333333333,20.9,0.024,57.45711,1,1
948,1,2.5,2.5,2.5,2.5,1,1
968,0,0.0,0.0,0.0,0.0,0,0
920,0,0.0,0.0,0.0,0.0,0,0
896,0,0.0,0.0,0.0,0.0,0,0
897,0,0.0,0.0,0.0,0.0,0,0
873,0,0.0,0.0,0.0,0.0,0,0
887,0,0.0,0.0,0.0,0.0,0,0
883,2,1.9005,3.75,0.051,3.801,1,1
902,4,1.32875,3.5,0.015,5.315,1,1
955,3,1.5050000000000001,3.99,0.075,4.515000000000001,1,1
953,5,0.882,1.28,0.05,4.41,1,1
958,14,4.725771285714286,6.459,0.052,66.160798,1,1
900,7,2.2482714285714285,3.65,0.03,15.7379,1,1
892,0,0.0,0.0,0.0,0.0,0,0
940,6,4.6738566666666665,6.6,0.21,28.04314,1,1
890,2,3.65,3.8,3.5,7.3,1,1
967,16,3.028443125,5.499,0.053,48.45509,1,1
943,23,13.734778260869565,28.4,1.4,315.8999,1,1
899,10,3.0084,7.899,0.015,30.084,1,1
891,9,6.512166666666666,10.4,0.0443,58.6095,1,1
956,29,9.818320310344827,19.45,0.028,284.731289,1,1
921,5,0.98098,1.4679,0.45,4.9049,1,1
964,14,7.888192785714286,20.64,0.057,110.434699,1,1
962,6,1.7518333333333331,5.0,0.014,10.511,1,1
927,22,4.2782647727272725,12.85,0.04,94.121825,1,1
960,22,3.131031818181818,4.95,0.054,68.8827,1,1
919,14,15.622897785714285,30.74,0.16,218.72056899999998,1,1
918,5,1.236,1.88,0.4,6.18,1,1
952,19,9.856078947368422,18.85,2.49,187.2655,1,1
906,2,0.15200000000000002,0.27,0.034,0.30400000000000005,1,1
945,18,6.6681888888888885,10.73,2.0,120.0274,1,1
935,8,4.073612499999999,14.76,0.0499,32.588899999999995,1,1
938,7,2.1955714285714287,4.2,0.21,15.369,1,1
966,10,5.36369,11.88,0.055,53.6369,1,1
903,8,4.15384825,8.5,0.02,33.230786,1,1
898,3,0.48075433333333334,0.979,0.015,1.442263,1,1
959,20,3.5967495,4.995,0.052,71.93499,1,1
965,3,0.7006666666666667,2.0,0.048,2.102,1,1
889,18,8.000288888888889,19.99,0.199,144.0052,1,1
915,8,5.08125,13.88,0.45,40.65,1,1
876,1,6.66,6.66,6.66,6.66,1,1
925,5,1.03598,2.55,0.04,5.1799,1,1
961,15,6.141633199999999,17.83,0.054,92.12449799999999,1,1
877,5,2.258,2.75,1.65,11.29,1,1
969,11,5.025891818181818,9.43,0.0235,55.28481,1,1
909,4,2.4303749999999997,5.4201,0.049,9.721499999999999,1,1
939,4,2.0775,3.5,0.21,8.31,1,1
884,6,1.5722416666666668,2.9,0.16,9.43345,1,1
944,3,1.2483333333333333,2.87,0.06,3.745,1,1
922,7,1.641142857142857,2.74,0.5,11.488,1,1
933,29,5.830924137931034,15.95,0.03,169.0968,1,1
971,7,5.424428571428572,12.56,0.021,37.971000000000004,1,1
908,6,8.513333333333334,15.32,0.09,51.08,1,1
893,3,1.36,2.7,0.03,4.08,1,1
923,4,2.35,3.9,0.6,9.4,1,1
885,9,7.674565555555556,15.4601,0.13,69.07109,1,1
910,14,4.486807142857143,15.0,1.0,62.8153,1,1
951,5,2.726,3.5,1.45,13.629999999999999,1,1
931,5,0.78964,1.44,0.0493,3.9482,1,1
917,5,1.442,2.5,0.16,7.21,1,1
911,28,5.012488928571429,7.08,0.4,140.34969,1,1
904,7,2.5585714285714287,3.99,0.02,17.91,1,1
936,30,6.2148896,16.55,0.039,186.446688,1,1
874,4,4.020975,7.4989,1.15,16.0839,1,1
912,4,1.0225,1.48,0.41,4.09,1,1
928,6,1.5199833333333332,3.0,0.17,9.1199,1,1
894,8,1.3945,3.88,0.025,11.156,1,1
913,31,13.137448516129032,27.598,0.17,407.260904,1,1
937,5,1.4120000000000001,3.1,0.2,7.0600000000000005,1,1
881,15,11.758033333333334,31.5,0.155,176.3705,1,1
882,7,1.6657142857142857,2.99,0.051,11.66,1,1
942,37,10.627465702702702,35.0754,0.013,393.216231,1,1
762,15,11.009387133333332,29.34,0.029,165.140807,1,1
863,15,9.365993333333334,29.5,0.87,140.4899,1,1
795,3,4.508118,11.35,0.475,13.524353999999999,1,1
827,34,4.644340205882353,5.89,0.04,157.907567,1,1
770,1,3.5,3.5,3.5,3.5,1,1
797,12,5.000913833333333,9.7,0.25,60.010965999999996,1,1
865,21,4.336947619047619,6.21,1.49,91.0759,1,1
838,8,4.02675,7.735,0.069,32.214,1,1
783,8,5.00165,11.36,0.21,40.0132,1,1
853,22,9.19340209090909,24.15,0.95,202.254846,1,1
777,7,7.254542857142858,12.0,0.3,50.781800000000004,1,1
814,16,7.328901375,13.0,0.08,117.262422,1,1
835,4,1.41,2.88,0.05,5.64,1,1
861,7,4.815714285714286,24.59,0.15,33.71,1,1
802,1,0.069,0.069,0.069,0.069,1,1
788,7,3.963562857142857,9.86,0.175,27.74494,1,1
854,1,2.49,2.49,2.49,2.49,1,1
799,16,9.1928580625,22.1999,0.25,147.085729,1,1
776,8,7.5379249999999995,19.48,0.1,60.303399999999996,1,1
764,3,1.1046666666666667,3.1,0.029,3.314,1,1
871,22,5.193968181818182,19.541,0.049,114.2673,1,1
809,1,10.0,10.0,10.0,10.0,1,1
792,14,5.114006428571429,11.0132,0.32,71.59609,1,1
812,3,3.5499666666666667,10.0,0.0499,10.6499,1,1
862,7,9.185714285714285,23.2,0.4,64.3,1,1
837,4,2.1725000000000003,6.65,0.04,8.690000000000001,1,1
855,10,5.45964,18.8,0.36,54.5964,1,1
780,2,1.925,3.45,0.4,3.85,1,1
870,3,0.09966666666666668,0.2,0.049,0.29900000000000004,1,1
786,9,3.6121888888888893,8.1,0.168,32.5097,1,1
851,22,7.64173559090909,12.15,0.0489,168.118183,1,1
825,7,1.9724142857142855,3.14,0.6969,13.806899999999999,1,1
846,7,9.2457,36.0,0.0499,64.7199,1,1
847,11,3.7443672727272728,10.3,0.027,41.18804,1,1
761,30,7.59786,24.74,0.013,227.9358,1,1
832,8,1.488,3.42,0.04,11.904,1,1
845,4,0.977475,3.4,0.0499,3.9099,1,1
778,5,2.7455986,4.479,0.05,13.727993000000001,1,1
772,17,8.283387647058824,20.5,0.149,140.81759,1,1
830,14,10.185928142857142,35.9,0.07,142.602994,1,1
807,1,0.39,0.39,0.39,0.39,1,1
829,4,5.695,10.0,0.1,22.78,1,1
820,9,7.097575555555555,19.9,0.0549,63.87818,1,1
850,17,3.6644352941176472,6.864,0.0499,62.2954,1,1
828,7,3297.587142857143,23000.0,0.07,23083.11,1,1
859,6,5.723333333333334,12.9,0.1,34.34,1,1
785,16,8.2742701875,29.28,0.168,132.388323,1,1
869,5,1.6198000000000001,3.19,0.049,8.099,1,1
801,3,0.213,0.5,0.039,0.639,1,1
779,37,3.9716189189189186,4.94,0.19,146.94989999999999,1,1
836,1,3.0,3.0,3.0,3.0,1,1
769,2,6.05,11.0,1.1,12.1,1,1
840,9,1.972111111111111,3.9,0.05,17.749,1,1
860,3,2.6966666666666668,4.2,1.49,8.09,1,1
796,2,13.825,26.75,0.9,27.65,1,1
815,4,0.9097500000000001,3.22,0.08,3.6390000000000002,1,1
833,79,4.8581944936708865,11.499996,0.07,383.797365,1,1
857,6,8.049736666666666,16.99,1.09,48.29842,1,1
775,4,5.765000000000001,15.32,0.16,23.060000000000002,1,1
867,9,3.2922222222222226,5.4,0.9,29.630000000000003,1,1
817,8,6.206155,11.689,0.175,49.64924,1,1
868,5,1.6536000000000002,2.99,0.029,8.268,1,1
774,48,7.5636443125,20.88,1.463049,363.054927,1,1
819,5,0.8026,2.099,0.055,4.013,1,1
781,45,5.093217844444444,6.32,0.26,229.194803,1,1
794,2,0.865,1.49,0.24,1.73,1,1
763,64,4.9711378125,16.7469,0.05,318.15282,1,1
790,4,0.57525,0.95,0.18,2.301,1,1
866,10,6.5889623,14.978823,2.84,65.889623,1,1
800,10,3.6839855,5.39,0.02,36.839855,1,1
765,6,1.1663166666666667,2.9899,0.029,6.9979,1,1
826,14,6.921,14.369,0.05,96.894,1,1
841,15,5.4977066,10.52,0.987,82.465599,1,1
798,2,1.175,2.0,0.35,2.35,1,1
864,3,10.61,14.86,2.19,31.83,1,1
856,0,0.0,0.0,0.0,0.0,0,0
804,20,7.063594999999999,35.0,0.19,141.2719,1,1
791,4,0.86725,1.4,0.2,3.469,1,1
771,14,6.9747927857142855,17.9002,0.045,97.647099,1,1
843,13,7.6653182307692305,23.96,0.014987,99.649137,1,1
789,5,2.9156,5.5,0.168,14.578,1,1
852,7,4.4371284285714285,12.379999,1.2499,31.059899,1,1
787,25,7.757183199999999,18.25,0.24,193.92958,1,1
782,1,0.45,0.45,0.45,0.45,1,1
806,22,8.352212181818182,15.13,0.133,183.748668,1,1
839,13,7.75129223076923,26.86,0.07,100.76679899999999,1,1
773,10,1.52501,3.95,0.15,15.2501,1,1
823,7,3.426714285714286,11.15,0.777,23.987000000000002,1,1
816,13,3.441923076923077,9.2,0.175,44.745,1,1
811,3,0.2313333333333333,0.37,0.055,0.694,1,1
844,10,15.509450000000001,31.38,0.0499,155.0945,1,1
805,7,7.849099999999999,17.7487,0.195,54.94369999999999,1,1
810,8,2.1276875,3.87,0.35,17.0215,1,1
766,12,7.0296666666666665,15.78,0.15,84.356,1,1
808,1,2.4,2.4,2.4,2.4,1,1
803,7,3.936317714285714,9.35,0.935,27.554223999999998,1,1
842,9,4.079888888888889,13.2,0.369,36.719,1,1
768,5,1.4629999999999999,3.75,0.15,7.3149999999999995,1,1
818,8,2.140952375,5.5,0.1,17.127619,1,1
822,3,1.93,2.3,1.49,5.79,1,1
848,21,4.273695238095239,11.115,0.0149,89.7476,1,1
793,5,7.60998,9.99,0.24,38.0499,1,1
858,14,7.889714285714286,13.99,0.59,110.456,1,1
824,2,1.3575,2.5,0.215,2.715,1,1
831,17,6.270288235294117,26.0,0.06,106.5949,1,1
813,7,1.5148714285714284,4.0,0.125,10.604099999999999,1,1
767,20,4.43789,10.5,0.15,88.7578,1,1
849,2,0.21995,0.39,0.0499,0.4399,1,1
834,19,3.7044736842105257,5.05,0.06,70.38499999999999,1,1
872,10,2.03764,3.649,0.049,20.3764,1,1
784,2,0.31345,0.3969,0.23,0.6269,1,1
821,22,7.96879540909091,19.49,0.358,175.313499,1,1
667,14,12.332161000000001,26.0,0.5,172.65025400000002,1,1
647,3,1.0196666666666667,3.0,0.01,3.059,1,1
709,1,3.0,3.0,3.0,3.0,1,1
711,2,3.495,3.99,3.0,6.99,1,1
691,61,7.023845573770492,29.88,2.4,428.45458,1,1
684,0,0.0,0.0,0.0,0.0,0,0
722,2,1.0845,1.169,1.0,2.169,1,1
739,9,12.406666666666666,28.82,0.04,111.66,1,1
717,14,6.663821357142857,15.95,1.05,93.293499,1,1
725,4,2.5725000000000002,4.69,0.4,10.290000000000001,1,1
672,3,1.7966666666666666,3.75,0.64,5.39,1,1
756,5,4.9357,16.3,0.0485,24.6785,1,1
720,10,3.6083052,5.189955,0.4,36.083052,1,1
727,4,4.6899999999999995,9.4,1.96,18.759999999999998,1,1
716,14,6.873055,17.9,1.0,96.22277,1,1
748,1,0.0397,0.0397,0.0397,0.0397,1,1
699,16,8.47443675,24.989988,0.069,135.590988,1,1
745,5,1.6637,3.85,0.0395,8.3185,1,1
659,2,4.085,4.12,4.05,8.17,1,1
677,8,8.0151125,23.0,3.5,64.1209,1,1
670,7,1.1380857142857144,2.2,0.5,7.966600000000001,1,1
705,4,0.588225,1.99,0.0299,2.3529,1,1
736,5,2.932,4.75,0.19,14.66,1,1
663,10,2.90699,4.4,0.5,29.0699,1,1
747,5,1.14726,2.72,0.0393,5.7363,1,1
734,24,8.689368625,16.338208,0.16,208.544847,1,1
742,11,3.520771818181818,10.96,0.0395,38.72849,1,1
712,8,2.58375,4.17,1.0,20.67,1,1
666,1,6.0,6.0,6.0,6.0,1,1
696,1,2.4,2.4,2.4,2.4,1,1
707,6,2.5895833333333336,6.0,0.0475,15.537500000000001,1,1
678,5,2.71976,4.0,1.3004,13.5988,1,1
744,59,4.300595677966101,18.0905,0.012,253.735145,1,1
753,13,8.65295376923077,20.95,0.0395,112.488399,1,1
674,5,1.7079999999999997,2.7,0.5,8.54,1,1
643,44,6.0804919545454545,13.4,0.049,267.541646,1,1
652,5,3.3899999999999997,6.8,0.5,16.95,1,1
683,0,0.0,0.0,0.0,0.0,0,0
646,6,1.4218333333333335,3.8,0.013,8.531,1,1
738,44,5.363619863636363,10.73992,0.04,235.99927399999999,1,1
759,21,6.91746238095238,17.7,1.75,145.26671,1,1
675,7,10.821428571428571,21.5,2.0,75.75,1,1
724,2,0.8999999999999999,1.4,0.4,1.7999999999999998,1,1
741,6,2.2579,7.39,0.0199,13.5474,1,1
680,0,0.0,0.0,0.0,0.0,0,0
661,4,1.5845,3.588,0.5,6.338,1,1
732,1,0.19,0.19,0.19,0.19,1,1
752,24,8.718309833333334,15.13,0.037,209.239436,1,1
651,0,0.0,0.0,0.0,0.0,0,0
730,1,0.19,0.19,0.19,0.19,1,1
656,6,4.7299983333333335,5.24999,3.5,28.37999,1,1
681,21,6.737616714285714,18.23,2.4,141.489951,1,1
754,6,2.3649,6.14,0.0394,14.1894,1,1
758,4,4.6325,8.0,0.9,18.53,1,1
700,7,7.917142857142857,19.0,0.05,55.42,1,1
668,15,6.728052666666667,15.9588,1.0,100.92079,1,1
660,12,7.709575,11.99,1.449,92.5149,1,1
695,64,6.744738671875,18.549,1.75,431.663275,1,1
644,3,0.11466666666666665,0.25,0.045,0.344,1,1
733,36,4.618269305555556,19.49,0.0299,166.257695,1,1
690,0,0.0,0.0,0.0,0.0,0,0
653,4,1.865548,3.5,1.17,7.462192,1,1
710,1,9.39,9.39,9.39,9.39,1,1
654,0,0.0,0.0,0.0,0.0,0,0
740,1,0.04,0.04,0.04,0.04,1,1
755,13,10.432046153846155,22.98,0.0486,135.6166,1,1
718,8,4.3181875,4.69,3.6266,34.5455,1,1
708,24,8.466932291666668,16.0,3.0,203.206375,1,1
658,4,4.3,9.0,1.0,17.2,1,1
648,0,0.0,0.0,0.0,0.0,0,0
682,0,0.0,0.0,0.0,0.0,0,0
662,13,7.343076923076922,11.69,1.0,95.46,1,1
676,4,1.795,3.44,0.5,7.18,1,1
704,13,2.318153076923077,5.6942,0.0119,30.13599,1,1
687,18,4.702,7.758,1.6744,84.636,1,1
697,0,0.0,0.0,0.0,0.0,0,0
657,0,0.0,0.0,0.0,0.0,0,0
685,6,2.0453375,3.6,0.877,12.272025,1,1
673,3,1.9833333333333334,4.25,0.5,5.95,1,1
698,5,9.746882600000001,14.787713,0.0497,48.734413,1,1
749,5,1.3267,4.0,0.0395,6.6335,1,1
731,3,0.24,0.335,0.19,0.72,1,1
719,0,0.0,0.0,0.0,0.0,0,0
757,5,1.04088,2.8,0.0394,5.2044,1,1
671,1,2.23,2.23,2.23,2.23,1,1
723,5,3.109,7.0,1.155,15.545,1,1
714,13,6.962376923076923,11.1,1.95,90.5109,1,1
689,0,0.0,0.0,0.0,0.0,0,0
729,9,4.495877666666667,9.949999,0.34,40.462899,1,1
737,5,1.4576,2.7,0.128,7.288,1,1
701,11,9.359172727272727,18.88,0.015,102.95089999999999,1,1
713,0,0.0,0.0,0.0,0.0,0,0
650,0,0.0,0.0,0.0,0.0,0,0
728,1,0.18,0.18,0.18,0.18,1,1
693,0,0.0,0.0,0.0,0.0,0,0
760,1,0.2,0.2,0.2,0.2,1,1
750,19,5.0639473684210525,10.889,0.0391,96.215,1,1
679,0,0.0,0.0,0.0,0.0,0,0
746,6,1.9730666666666667,5.5,0.0394,11.8384,1,1
715,2,0.6000000000000001,0.8,0.4,1.2000000000000002,1,1
649,0,0.0,0.0,0.0,0.0,0,0
743,4,1.279625,3.35,0.039,5.1185,1,1
726,26,8.225569230769231,19.06,2.0,213.8648,1,1
702,14,11.343571428571428,28.29,0.095,158.81,1,1
645,12,6.7852500000000004,12.22,0.015,81.423,1,1
686,2,4.9149495,7.139899,2.69,9.829899,1,1
751,9,14.638861111111112,60.0,0.0396,131.74975,1,1
688,15,14.856711466666667,30.995,3.75,222.850672,1,1
692,3,2.6999999999999997,3.2,2.4,8.1,1,1
706,4,8.5048,30.0503,0.0299,34.0192,1,1
721,23,5.130515260869565,12.862346,1.095905,118.001851,1,1
703,7,4.506155428571428,8.8973,0.025,31.543087999999997,1,1
669,12,7.1905833333333335,13.98,0.5,86.287,1,1
665,8,3.7243749999999998,5.49,1.0,29.794999999999998,1,1
694,0,0.0,0.0,0.0,0.0,0,0
655,0,0.0,0.0,0.0,0.0,0,0
735,14,3.463984285714286,10.12,0.0999,48.49578,1,1
664,18,5.08885,10.82,0.5,91.5993,1,1
540,4,1.8125,6.0,0.05,7.25,1,1
554,11,5.470856818181819,11.81,0.4,60.179425,1,1
633,2,0.1095,0.149,0.07,0.219,1,1
585,1,0.085,0.085,0.085,0.085,1,1
600,1,14.85,14.85,14.85,14.85,1,1
536,2,0.52125,0.9876,0.0549,1.0425,1,1
607,11,7.761899181818182,13.333,1.98,85.380891,1,1
627,6,3.31265,5.22,0.0568,19.8759,1,1
591,9,5.3341,21.88,0.15,48.0069,1,1
606,0,0.0,0.0,0.0,0.0,0,0
613,12,4.718166666666666,11.75,1.4,56.617999999999995,1,1
560,10,1.0754,1.929,0.4,10.754,1,1
594,4,5.489224999999999,10.5269,0.43,21.956899999999997,1,1
523,7,1.273542857142857,3.69,0.0548,8.9148,1,1
608,55,6.3947496363636365,22.69,0.327,351.71123,1,1
521,7,3.4634285714285715,5.3,0.74,24.244,1,1
569,43,5.089991883720931,11.629951,0.05,218.869651,1,1
631,51,7.942973509803922,21.4,0.39,405.091649,1,1
543,39,4.656184615384616,7.08,0.2,181.59120000000001,1,1
595,6,1.335,2.9,0.22,8.01,1,1
619,6,7.042833333333333,21.0,0.044,42.257,1,1
573,38,4.407729894736843,5.9,0.19,167.493736,1,1
565,26,7.251522884615384,33.18,0.05,188.539595,1,1
528,10,5.61347,11.15,0.0548,56.1347,1,1
602,2,13.940999999999999,14.382,13.5,27.881999999999998,1,1
526,4,0.153725,0.27,0.0549,0.6149,1,1
609,3,0.5826666666666668,0.9,0.318,1.7480000000000002,1,1
614,5,13.108,20.49,6.08,65.54,1,1
583,28,10.670033714285713,18.078,0.085,298.760944,1,1
563,21,7.551841333333334,15.13,0.0165,158.588668,1,1
567,12,6.296545833333333,10.57975,0.044,75.55855,1,1
597,10,6.63292,19.69,0.18,66.3292,1,1
589,4,4.00567925,6.8,1.28,16.022717,1,1
549,2,5.4799755,5.589951,5.37,10.959951,1,1
566,11,1.609615,3.6969,0.06,17.705765,1,1
561,19,4.306868421052632,6.2915,0.18,81.8305,1,1
557,6,10.366166666666667,14.8,3.9,62.197,1,1
636,3,1.4466666666666665,3.0,0.4,4.34,1,1
626,7,7.573982857142857,14.9999,0.188,53.01788,1,1
530,5,3.5473999999999997,5.2921,0.0549,17.737,1,1
559,11,4.236954545454545,6.85,0.36,46.6065,1,1
638,39,3.597316153846154,4.9,0.0489,140.29533,1,1
547,7,10.451428285714286,15.5,6.75,73.159998,1,1
575,20,6.8667175,20.8,0.29,137.33435,1,1
620,3,3.2295606666666665,9.589982,0.0487,9.688682,1,1
632,16,6.9593594375,12.619951,0.149,111.349751,1,1
635,0,0.0,0.0,0.0,0.0,0,0
628,7,1.7375714285714285,7.31,0.11,12.163,1,1
637,14,4.6005714285714285,6.15,0.1,64.408,1,1
582,3,7.071666666666666,10.84,0.085,21.215,1,1
532,13,6.684482615384615,20.89,0.0549,86.898274,1,1
598,2,6.45055,12.5011,0.4,12.9011,1,1
558,8,6.678174875,13.5,0.045,53.425399,1,1
611,5,12.259759599999999,14.3,7.298799,61.298798,1,1
545,6,4.611666666666666,5.57,4.02,27.669999999999998,1,1
612,1,19.19,19.19,19.19,19.19,1,1
564,10,1.6537852000000002,2.97,0.044,16.537852,1,1
584,1,0.085,0.085,0.085,0.085,1,1
529,6,1.8941333333333334,3.1899,0.0549,11.3648,1,1
604,1,14.3,14.3,14.3,14.3,1,1
615,2,0.3845,0.43,0.339,0.769,1,1
574,12,9.788716583333333,17.89,0.99,117.46459899999999,1,1
629,7,3.3724285714285713,4.66,0.89,23.607,1,1
553,8,8.619362500000001,16.37,0.025,68.95490000000001,1,1
587,1,0.633162,0.633162,0.633162,0.633162,1,1
579,11,2.2384363636363633,6.9,0.014,24.622799999999998,1,1
544,4,2.17,3.38,0.45,8.68,1,1
527,14,3.039744285714286,5.225,0.04,42.55642,1,1
634,4,0.9659249999999999,2.8,0.019,3.8636999999999997,1,1
552,16,318.3538498125,5000.0,1.18,5093.661597,1,1
590,18,8.206230333333332,17.869,0.15,147.712146,1,1
599,6,3.7191666666666663,16.0,0.375,22.314999999999998,1,1
603,3,2.7533333333333334,3.75,1.52,8.26,1,1
593,14,4.699285714285715,7.97,0.3,65.79,1,1
531,5,1.20098,3.22,0.0549,6.0049,1,1
537,33,8.512924181818182,36.0,0.0549,280.926498,1,1
592,7,7.019285714285714,26.0,0.055,49.135,1,1
538,4,1.4262000000000001,3.9999,0.0549,5.7048000000000005,1,1
535,6,9.947483333333333,20.0,0.0549,59.6849,1,1
586,10,12.3846,21.666,0.16,123.846,1,1
533,19,7.956680789473685,17.6,0.0549,151.17693500000001,1,1
548,4,1.846775,3.25,0.469,7.3871,1,1
551,10,7.3862,24.1,0.894,73.862,1,1
539,21,13.495437666666668,31.95,0.0549,283.404191,1,1
639,24,3.5774375,7.2,0.0549,85.85849999999999,1,1
525,13,9.529146153846154,21.49,0.0549,123.8789,1,1
640,8,1.4997625,2.85,0.0393,11.9981,1,1
625,6,3.5953665000000004,6.7442,0.188,21.572199,1,1
556,2,5.4249755,5.539951,5.31,10.849951,1,1
601,8,1.65753125,2.62,0.339,13.26025,1,1
617,7,1.6524285714285714,3.2,0.318,11.567,1,1
618,5,1.5778,3.069,0.9,7.889,1,1
542,4,1.67625,3.55,0.705,6.705,1,1
621,21,4.287485714285714,10.747,0.065,90.0372,1,1
630,5,8.543180000000001,14.6499,0.046,42.715900000000005,1,1
555,18,6.413405555555555,10.938,1.0,115.4413,1,1
641,14,10.929127214285714,16.139,1.4,153.007781,1,1
596,1,0.25,0.25,0.25,0.25,1,1
546,4,2.0,4.45,0.75,8.0,1,1
616,2,2.6245000000000003,4.9,0.349,5.2490000000000006,1,1
623,4,4.63225,13.25,0.1,18.529,1,1
534,8,10.1737375,28.88,0.0549,81.3899,1,1
550,11,2.870590909090909,6.2,0.8,31.5765,1,1
571,24,5.17901625,13.9,0.9,124.29639,1,1
572,4,1.695,2.1,1.2,6.78,1,1
576,17,5.794352882352941,20.8,0.045,98.503999,1,1
610,7,2.4011428571428572,5.38,1.099,16.808,1,1
578,5,6.544598000000001,16.77999,0.045,32.72299,1,1
581,4,2.043775,6.799,0.015,8.1751,1,1
541,17,6.772617647058824,21.78,0.95,115.1345,1,1
577,3,0.7680000000000001,2.08,0.045,2.3040000000000003,1,1
580,2,0.11199999999999999,0.179,0.045,0.22399999999999998,1,1
622,3,0.41133333333333333,0.88,0.175,1.234,1,1
568,9,3.1063222222222224,7.8,0.05,27.9569,1,1
524,58,5.561977568965517,11.498,0.0549,322.594699,1,1
588,29,4.794903448275862,10.9,1.1588,139.0522,1,1
570,37,8.491695243243242,16.6,0.07,314.192724,1,1
605,7,10.184414142857142,13.245,7.149899,71.290899,1,1
562,18,5.7827095,16.55,0.044,104.08877100000001,1,1
642,5,1.3478400000000001,4.0,0.31,6.7392,1,1
522,9,11.312049444444446,21.5,1.169,101.808445,1,1
624,10,3.2158,7.2,0.04,32.158,1,1
503,4,5.5549,19.25,0.0696,22.2196,1,1
433,3,0.566,1.0,0.048,1.698,1,1
438,10,2.6046500000000004,7.8074,0.039,26.0465,1,1
516,13,7.710461230769231,14.85,1.25,100.235996,1,1
493,9,7.4192,26.9849,0.0349,66.7728,1,1
461,4,1.8719999999999999,3.2,0.25,7.4879999999999995,1,1
506,14,4.268985714285714,10.75,0.85,59.7658,1,1
425,23,9.496703347826086,17.83,0.07,218.424177,1,1
420,12,5.94625,20.299,0.069,71.355,1,1
426,3,7.390000000000001,15.0,0.17,22.17,1,1
479,19,8.752199894736842,22.91,0.0349,166.291798,1,1
419,5,2.5943435999999997,7.5,0.09,12.971718,1,1
445,4,3.0395,7.388,0.03,12.158,1,1
446,21,7.610518952380953,11.88,0.034,159.820898,1,1
465,16,2.72168675,4.539955,0.03,43.546988,1,1
423,6,1.1056333333333332,2.9988,0.085,6.6338,1,1
520,17,12.744811588235294,21.5,0.0159,216.661797,1,1
435,3,1.2796666666666667,3.0,0.039,3.839,1,1
504,11,2.746272727272727,10.8,0.85,30.209,1,1
413,7,13.044428571428572,21.479,0.9,91.311,1,1
455,6,6.019666666666667,12.14,0.03,36.118,1,1
494,6,3.7876333333333334,7.25,0.05,22.7258,1,1
486,4,1.676225,3.5,0.0349,6.7049,1,1
432,4,0.98875,2.75,0.015,3.955,1,1
430,22,5.2183339090909096,16.3,0.022,114.803346,1,1
411,29,5.568420689655172,18.22,0.94,161.4842,1,1
409,27,6.638429185185185,17.13,0.004,179.237588,1,1
501,9,4.066466666666667,8.69,0.14,36.5982,1,1
434,20,8.4531265,15.99,0.075,169.06253,1,1
474,5,1.2038,2.0,0.039,6.019,1,1
444,10,8.1363099,13.95,0.03,81.363099,1,1
436,13,8.937738461538462,14.75,0.2,116.1906,1,1
417,2,0.3,0.45,0.15,0.6,1,1
507,5,8.1671126,11.05,2.5,40.835563,1,1
468,14,3.6177142857142854,7.88,0.03,50.647999999999996,1,1
515,15,3.8542600000000005,10.499,0.9,57.813900000000004,1,1
498,1,0.0696,0.0696,0.0696,0.0696,1,1
519,3,3.936666666666667,4.98,3.33,11.81,1,1
424,16,4.745412437500001,22.0,0.05,75.92659900000001,1,1
473,1,0.25,0.25,0.25,0.25,1,1
483,4,1.778475,3.89,0.0349,7.1139,1,1
453,18,4.598161111111112,11.8,0.03,82.7669,1,1
412,10,3.3097830000000004,5.25,0.07,33.09783,1,1
447,13,1.7994615384615384,2.99,0.035,23.393,1,1
471,1,0.03,0.03,0.03,0.03,1,1
410,25,4.454339999999999,26.6,0.05,111.35849999999999,1,1
489,10,1.90839,9.18,0.02,19.0839,1,1
500,19,7.381448210526315,14.56,0.0696,140.247516,1,1
458,8,2.335,6.57,0.03,18.68,1,1
460,1,0.03,0.03,0.03,0.03,1,1
439,10,6.976000000000001,13.15,0.06,69.76,1,1
428,10,12.12179,32.2,0.2,121.2179,1,1
514,1,8.0,8.0,8.0,8.0,1,1
513,3,3.3333333333333335,4.8,1.0,10.0,1,1
431,8,1.7223125,4.1,0.0085,13.7785,1,1
443,9,7.512155555555555,23.7,0.1,67.6094,1,1
476,4,2.497475,5.9,0.0349,9.9899,1,1
477,10,11.11367,26.3799,0.0349,111.1367,1,1
505,17,5.377470529411765,17.0,0.35,91.416999,1,1
478,15,4.297326666666667,6.1,0.0349,64.4599,1,1
496,6,2.4209666666666667,7.2362,0.0696,14.5258,1,1
421,1,0.489,0.489,0.489,0.489,1,1
454,12,1.8399166666666666,3.4,0.03,22.079,1,1
485,7,1.4906000000000001,2.6636,0.039,10.4342,1,1
517,3,2.2033333333333336,3.49,0.9,6.61,1,1
452,32,4.1314968125,4.649,0.034,132.207898,1,1
463,6,10.156166666666666,25.0,0.888,60.937,1,1
418,2,3.1449999999999996,4.64,1.65,6.289999999999999,1,1
512,2,1.925,2.5,1.35,3.85,1,1
437,13,8.362053846153845,20.87,0.039,108.7067,1,1
511,1,1.1,1.1,1.1,1.1,1,1
466,2,5.439,9.99,0.888,10.878,1,1
415,24,4.5668774999999995,7.19,0.017,109.60506,1,1
464,4,0.6875,1.59,0.03,2.75,1,1
472,3,2.9,4.2,1.5,8.7,1,1
487,25,3.841828,6.11,0.02,96.0457,1,1
492,6,3.660816666666667,6.49,0.0349,21.9649,1,1
457,26,4.756161538461539,6.0603,0.03,123.6602,1,1
510,5,8.686,13.79,0.95,43.43,1,1
475,18,10.615601777777776,35.9799,0.039,191.080832,1,1
518,33,12.166423878787878,32.6,0.6,401.491988,1,1
480,7,8.07157142857143,36.67,0.039,56.501000000000005,1,1
416,3,0.9004,1.4,0.45,2.7012,1,1
491,5,1.1469799999999999,2.91,0.0349,5.7349,1,1
456,9,4.895422222222223,24.25,0.03,44.058800000000005,1,1
490,6,8.522483333333334,20.0,0.0349,51.1349,1,1
422,20,3.7600865,5.21,0.48,75.20173,1,1
429,12,2.33775,4.2,0.019,28.053,1,1
495,10,9.70384,28.8,0.0696,97.0384,1,1
484,7,18.217000000000002,52.4,0.039,127.519,1,1
470,2,7.7,8.5,6.9,15.4,1,1
442,4,0.5105,1.76,0.03,2.042,1,1
440,9,9.18999111111111,20.0,0.03,82.70992,1,1
441,3,0.25,0.35,0.2,0.75,1,1
449,9,8.509,11.24,0.033,76.581,1,1
451,17,2.956864705882353,6.28,0.033,50.2667,1,1
508,6,2.19,3.2,0.88,13.14,1,1
509,1,1.1,1.1,1.1,1.1,1,1
462,46,7.987582608695653,26.0,0.03,367.4288,1,1
481,7,1.6695571428571427,3.285,0.0349,11.6869,1,1
448,11,8.470454545454546,14.3,0.035,93.175,1,1
414,6,2.8433333333333337,6.19,1.091,17.060000000000002,1,1
427,5,13.972,28.0,0.21,69.86,1,1
450,27,6.871902962962963,21.2,0.03,185.54138,1,1
497,11,4.373618181818181,9.8,0.1498,48.1098,1,1
459,3,9.223333333333334,13.98,0.69,27.67,1,1
502,1,0.14,0.14,0.14,0.14,1,1
488,3,2.294966666666667,4.15,0.0349,6.8849,1,1
499,6,1.2382666666666668,2.45,0.0696,7.429600000000001,1,1
482,8,1.4651125,2.85,0.018,11.7209,1,1
469,12,5.534333333333333,26.0,0.03,66.41199999999999,1,1
467,2,1.1710999999999998,2.3122,0.03,2.3421999999999996,1,1
342,27,3.593992592592593,4.58,0.2499,97.0378,1,1
326,6,2.0591666666666666,3.49,0.195,12.355,1,1
385,17,8.804517647058825,26.99,0.198,149.67680000000001,1,1
400,9,8.145877555555556,11.37,0.0489,73.312898,1,1
395,1,1.598,1.598,1.598,1.598,1,1
373,10,1.748,3.5,0.05,17.48,1,1
371,1,0.25,0.25,0.25,0.25,1,1
368,4,8.1125,18.0,0.95,32.45,1,1
388,10,13.452485099999999,31.999,1.24,134.52485099999998,1,1
339,4,1.023975,1.8,0.0549,4.0959,1,1
349,10,5.72639,11.0,0.0549,57.2639,1,1
393,13,2.0736923076923075,6.24,0.448,26.958,1,1
324,4,1.745,3.96,0.185,6.98,1,1
322,6,7.208333333333333,18.68,0.7,43.25,1,1
336,5,3.0954,6.5,0.4,15.477,1,1
327,14,10.284135714285714,18.9499,0.55,143.9779,1,1
303,2,27.5,30.0,25.0,55.0,1,1
317,23,5.635216913043478,17.99,1.05,129.60998899999998,1,1
378,11,12.15236290909091,18.89,0.25,133.675992,1,1
375,11,2.9413033636363637,4.489937,0.035,32.354337,1,1
362,2,0.1275,0.22,0.035,0.255,1,1
407,18,9.31221388888889,31.0,0.039,167.61985,1,1
323,0,0.0,0.0,0.0,0.0,0,0
330,1,5.0,5.0,5.0,5.0,1,1
329,16,6.11081875,11.75,1.46,97.7731,1,1
348,38,6.232465789473684,23.3,0.0549,236.8337,1,1
374,11,2.3500366363636362,12.29,0.04,25.850403,1,1
405,8,3.8210375,9.45,0.6984,30.5683,1,1
399,7,0.9381285714285715,3.3,0.0998,6.5669,1,1
351,4,0.19422499999999998,0.439,0.038,0.7768999999999999,1,1
359,3,0.22966666666666669,0.36,0.029,0.6890000000000001,1,1
297,4,2.2375,2.99,1.57,8.95,1,1
315,2,0.182,0.309,0.055,0.364,1,1
300,3,2.326,3.088,1.39,6.978,1,1
302,3,12.563333333333333,19.99,0.1,37.69,1,1
320,21,11.526222,27.49,1.0434,242.05066200000002,1,1
401,7,1.7568142857142857,3.35,0.0478,12.297699999999999,1,1
334,2,3.75,4.0,3.5,7.5,1,1
406,4,1.1287500000000001,1.59,0.05,4.515000000000001,1,1
386,49,4.761775408163266,10.18,0.298,233.326995,1,1
346,27,9.761097148148147,24.725,0.0549,263.549623,1,1
355,5,1.2539799999999999,3.65,0.0599,6.2699,1,1
298,1,6.0,6.0,6.0,6.0,1,1
308,2,0.1535,0.25,0.057,0.307,1,1
390,40,5.5990625000000005,11.27,0.0998,223.9625,1,1
354,6,2.697483333333333,4.5,0.02,16.1849,1,1
402,8,6.088625,16.37,0.35,48.709,1,1
314,19,5.183894684210526,10.8,0.055,98.493999,1,1
404,13,4.114159230769231,6.29,1.8,53.48407,1,1
353,6,1.970542166666667,4.65,0.0888,11.823253000000001,1,1
376,14,7.414192857142857,18.6,0.04,103.7987,1,1
325,0,0.0,0.0,0.0,0.0,0,0
369,16,8.7691875,19.725,0.25,140.307,1,1
381,13,2.4676923076923076,6.155,0.099,32.08,1,1
392,36,5.4325975,11.5,0.438,195.57351,1,1
306,13,3.1574538461538464,5.65,0.45,41.0469,1,1
333,11,8.27168,18.51,2.15,90.98848,1,1
394,3,1.9245999999999999,3.6438,0.48,5.7738,1,1
313,6,2.0643333333333334,3.89,0.055,12.386,1,1
318,14,4.576742714285714,5.85,1.9,64.074398,1,1
365,2,2.0700000000000003,3.93,0.21,4.140000000000001,1,1
305,3,1.6283333333333332,2.0,1.39,4.885,1,1
337,5,9.15298,26.7,0.0549,45.7649,1,1
397,15,3.159666666666667,6.339,0.309,47.395,1,1
366,4,1.2275,2.5,0.07,4.91,1,1
328,3,2.4889666666666668,3.45,1.8,7.4669,1,1
356,7,7.067170714285714,10.491,0.0549,49.470195,1,1
382,6,3.5354783333333337,5.44997,1.0,21.212870000000002,1,1
357,12,5.311333333333334,14.6,0.001,63.736000000000004,1,1
387,9,2.611111111111111,4.03,1.48,23.5,1,1
338,23,4.333382608695652,6.76,0.2499,99.6678,1,1
335,8,5.2187375,10.6,1.65,41.7499,1,1
372,10,6.564750000000001,25.39,0.04,65.64750000000001,1,1
389,2,0.967,1.7,0.234,1.934,1,1
311,15,3.8716593333333336,7.15,0.015,58.07489,1,1
379,8,5.60542375,11.298,0.35,44.84339,1,1
341,2,2.12495,4.0,0.2499,4.2499,1,1
361,6,1.1431666666666667,3.87,0.029,6.859,1,1
377,3,2.9116666666666666,4.5,0.035,8.735,1,1
383,12,3.4614620833333336,4.7,0.498,41.537545,1,1
364,4,1.68125,3.33,0.175,6.725,1,1
316,7,1.2868571428571427,4.0,0.04,9.008,1,1
360,11,3.105818181818182,5.26,0.035,34.164,1,1
331,8,5.9077625000000005,10.6,0.2,47.262100000000004,1,1
398,3,1.3489666666666666,2.9,0.45,4.0469,1,1
307,11,11.071336363636364,22.11,0.059,121.7847,1,1
310,7,5.051615142857143,14.33,0.049,35.361306,1,1
304,2,2.175,2.4,1.95,4.35,1,1
403,8,2.4752,12.49,0.0249,19.8016,1,1
384,18,6.433876555555555,10.62,0.398,115.809778,1,1
299,26,11.573868769230769,25.495,1.39,300.920588,1,1
332,1,0.3,0.3,0.3,0.3,1,1
391,5,0.8416,1.44,0.198,4.208,1,1
367,5,0.2096,0.474,0.099,1.048,1,1
319,13,10.393430769230768,32.24,0.75,135.1146,1,1
344,4,2.067475,3.5,0.2499,8.2699,1,1
408,12,6.097675,15.13,0.055,73.1721,1,1
396,7,3.415542857142857,7.2,0.0589,23.9088,1,1
301,2,4.09,5.3,2.88,8.18,1,1
363,26,8.712519076923076,22.698899,0.029,226.525496,1,1
345,2,1.71495,3.33,0.0999,3.4299,1,1
352,5,2.26698,4.41,0.0549,11.334900000000001,1,1
312,3,0.738,1.899,0.015,2.214,1,1
358,3,9.116333333333333,13.99,0.29,27.349,1,1
370,6,11.6625,35.0,0.075,69.975,1,1
321,15,3.840199333333333,10.83999,0.375,57.60299,1,1
380,4,2.1875,3.95,0.378,8.75,1,1
347,6,2.8491666666666666,7.5,0.055,17.095,1,1
340,15,4.547199466666667,6.01,0.055,68.207992,1,1
309,22,7.401584681818181,24.0,0.054,162.83486299999998,1,1
343,2,3.52495,6.8,0.2499,7.0499,1,1
350,7,3.997,18.46,0.19,27.979,1,1
278,7,5.339142714285714,14.777,0.027,37.373999,1,1
207,20,6.51379715,14.425,0.06,130.275943,1,1
251,3,1.74,2.79,0.98,5.22,1,1
229,5,1.316,3.0,0.05,6.58,1,1
239,6,0.94595,2.98,0.0169,5.6757,1,1
187,4,13.592625,19.4965,0.075,54.3705,1,1
237,3,2.2478333333333333,4.5,0.0435,6.7435,1,1
235,7,7.7460571428571425,11.9899,0.0435,54.2224,1,1
198,20,3.6246250000000004,8.79,0.0235,72.4925,1,1
248,3,3.948666666666666,11.5461,0.0499,11.845999999999998,1,1
273,1,0.028,0.028,0.028,0.028,1,1
199,3,1.2911666666666668,3.49,0.0235,3.8735000000000004,1,1
242,54,8.488347722222223,32.7,0.049,458.37077700000003,1,1
217,5,3680.7400000000002,18350.0,1.2,18403.7,1,1
223,3,7.089666666666666,17.9,0.5,21.269,1,1
283,6,10.6515,18.35,0.2,63.909,1,1
241,4,2.277975,8.75,0.071,9.1119,1,1
215,3,2.9506666666666668,3.24,2.39,8.852,1,1
295,7,3.181427142857143,7.74999,0.11,22.26999,1,1
277,12,3.2450833333333335,4.675,0.029,38.941,1,1
184,1,0.12,0.12,0.12,0.12,1,1
196,22,7.300002363636364,15.68,0.0235,160.600052,1,1
258,8,10.6257375,32.1,0.2,85.0059,1,1
272,17,14.20286705882353,31.32,0.032,241.44874000000002,1,1
264,4,1.9875,3.5,0.19,7.95,1,1
181,2,2.36,4.0,0.72,4.72,1,1
211,3,1.0233333333333332,1.64,0.03,3.07,1,1
240,7,1.7428428571428571,5.3,0.02,12.1999,1,1
281,5,13.6918,18.074,1.34,68.459,1,1
216,2,1.944,3.0,0.888,3.888,1,1
203,6,1.5983333333333334,3.2,0.2,9.59,1,1
246,15,2.8415932666666666,5.399999,0.05,42.623899,1,1
243,26,7.862884153846154,26.437999,0.059,204.434988,1,1
282,6,15.1207,29.6942,1.5,90.7242,1,1
228,15,5.934793266666667,20.499,0.039,89.021899,1,1
202,0,0.0,0.0,0.0,0.0,0,0
293,11,2.536827272727273,4.655,0.21,27.9051,1,1
247,4,1.13475,1.99,0.049,4.539,1,1
200,14,7.225714285714285,19.15,0.075,101.16,1,1
249,9,5.3098777777777775,17.98,0.0499,47.7889,1,1
284,9,1.8687777777777776,10.45,0.04,16.819,1,1
209,5,2.84,4.85,0.04,14.2,1,1
266,7,2.4173142857142857,6.57,0.012,16.9212,1,1
260,11,5.311240909090909,9.81,0.125,58.42365,1,1
206,4,1.4124999999999999,3.4,0.05,5.6499999999999995,1,1
286,12,3.16075,7.2,0.04,37.929,1,1
280,3,1.323,3.5,0.069,3.969,1,1
290,3,2.44,2.95,1.69,7.32,1,1
189,21,4.4084095238095236,5.89,0.1,92.5766,1,1
205,19,4.692534263157895,23.25,0.03,89.158151,1,1
185,8,7.4175,26.8,0.1,59.34,1,1
195,24,7.113882874999999,21.79,0.0235,170.73318899999998,1,1
244,14,9.93401,29.98,0.0499,139.07614,1,1
245,14,8.222067928571429,26.0,0.065,115.108951,1,1
186,6,6.316666666666666,9.9,0.1,37.9,1,1
267,22,4.478974090909091,13.99,0.012,98.53743,1,1
204,4,3.72225,6.899,0.5,14.889,1,1
292,9,1.2226666666666666,2.2,0.074,11.004,1,1
231,4,0.49775,0.893,0.06,1.991,1,1
190,7,7.656969714285714,14.85,0.05,53.598788,1,1
225,20,7.597110000000001,19.61,0.0499,151.9422,1,1
269,48,4.7410806875,14.674,0.012,227.571873,1,1
224,7,5.398671428571428,27.0,0.0529,37.7907,1,1
183,9,13.285222222222224,31.25,0.04,119.56700000000001,1,1
236,8,5.0090625,15.0,0.0425,40.0725,1,1
226,3,0.5473,1.5,0.0539,1.6419,1,1
220,1,0.25,0.25,0.25,0.25,1,1
233,4,1.7774999999999999,3.0,0.06,7.109999999999999,1,1
201,3,3.4643333333333337,3.96,3.1,10.393,1,1
262,13,1.7399923076923078,3.19,0.125,22.6199,1,1
276,5,2.2458,3.15,0.029,11.229,1,1
255,21,6.2453856666666665,11.78,0.165,131.153099,1,1
210,1,0.03,0.03,0.03,0.03,1,1
191,5,8.240556000000002,19.48888,0.0375,41.202780000000004,1,1
265,5,1.498,4.8,0.2,7.49,1,1
188,2,0.22499999999999998,0.35,0.1,0.44999999999999996,1,1
288,1,0.439,0.439,0.439,0.439,1,1
254,7,7.963385714285715,25.48,0.1499,55.743700000000004,1,1
232,4,2.628575,7.5243,0.05,10.5143,1,1
263,6,5.515963333333334,11.4,0.169,33.095780000000005,1,1
219,5,1.07416,2.2753,0.2,5.3708,1,1
182,6,10.973333333333334,19.99,1.0,65.84,1,1
227,2,0.25245,0.45,0.0549,0.5049,1,1
294,7,2.3842857142857143,3.88,0.16,16.69,1,1
222,18,8.422227055555556,19.22,0.025,151.600087,1,1
270,2,2.8475,4.945,0.75,5.695,1,1
213,5,1.1940000000000002,2.2,0.03,5.970000000000001,1,1
212,7,3.0557000000000003,5.0,0.6,21.3899,1,1
197,9,4.526347777777778,18.61,0.0369,40.73713,1,1
261,12,1.4434213333333332,2.999,0.125,17.321056,1,1
218,8,5.35,7.6,1.82,42.8,1,1
214,18,3.9692555555555558,5.71,0.03,71.4466,1,1
256,9,1.7027777777777777,3.6,0.125,15.325,1,1
259,5,4.485799999999999,7.189,0.19,22.429,1,1
238,21,3.660995238095238,4.69,0.0159,76.8809,1,1
275,13,2.959976923076923,5.0699,0.029,38.4797,1,1
274,14,10.662099999999999,23.63,0.025,149.2694,1,1
285,11,9.566981818181818,28.0374,0.14,105.2368,1,1
252,54,7.400369444444444,28.5,0.69,399.61995,1,1
253,16,3.835053125,5.5,0.042,61.36085,1,1
192,5,1.4351699999999998,2.69,0.0235,7.17585,1,1
289,1,1.9,1.9,1.9,1.9,1,1
271,2,0.9293885,1.833777,0.025,1.858777,1,1
250,4,1.546725,3.9,0.0479,6.1869,1,1
193,19,8.836789473684211,21.0,0.03,167.899,1,1
221,15,5.857226666666667,10.7464,0.25,87.8584,1,1
287,8,9.13975,14.89,4.22,73.118,1,1
296,34,6.17263205882353,11.0,0.05,209.86949,1,1
234,7,4.511057142857143,14.697,0.0439,31.5774,1,1
194,50,6.7680633,18.09,0.06,338.403165,1,1
208,12,4.2625,9.89,0.045,51.15,1,1
257,23,229.9661665217391,5100.0,0.125,5289.2218299999995,1,1
230,19,7.709147157894736,18.77,0.05,146.473796,1,1
291,8,7.425375,14.099,0.065,59.403,1,1
279,8,2.4155,6.57,0.024,19.324,1,1
268,1,0.12,0.12,0.12,0.12,1,1
122,30,4.0000333333333336,5.64,0.029,120.001,1,1
177,8,8.5515625,19.4925,0.06,68.4125,1,1
92,4,5.0649999999999995,18.58,0.04,20.259999999999998,1,1
82,20,5.0258959,14.7,0.04,100.51791800000001,1,1
142,6,6.108666666666667,11.4,2.0,36.652,1,1
90,5,7.224000000000001,18.0,0.2,36.120000000000005,1,1
84,4,1.1912500000000001,1.925,0.04,4.765000000000001,1,1
88,1,0.04,0.04,0.04,0.04,1,1
180,19,4.685510526315789,16.0,0.325,89.0247,1,1
93,1,0.04,0.04,0.04,0.04,1,1
175,3,8.99,26.69,0.09,26.970000000000002,1,1
63,3,1.4166666666666667,2.55,0.2,4.25,1,1
99,13,6.9866410000000005,10.82,0.15,90.826333,1,1
106,6,1.4779333333333333,2.4,0.25,8.8676,1,1
81,4,10.0,12.5,4.0,40.0,1,1
105,19,11.703684157894736,24.49,0.05,222.369999,1,1
178,22,10.260822727272727,34.5,0.2,225.7381,1,1
68,2,0.525,0.85,0.2,1.05,1,1
133,5,1.38324,3.0,0.0599,6.9162,1,1
132,14,8.2196985,29.3,0.0599,115.075779,1,1
162,31,8.56754493548387,18.22,0.019,265.593893,1,1
176,16,5.374025,14.97,0.06,85.9844,1,1
96,2,7.9,11.8,4.0,15.8,1,1
69,3,4.88,10.0,0.2,14.64,1,1
138,2,0.83,1.45,0.21,1.66,1,1
102,56,6.126355678571429,19.85,0.155,343.075918,1,1
121,2,0.5205,1.0,0.041,1.041,1,1
124,19,7.34721052631579,14.5,0.041,139.597,1,1
157,3,1.3516666666666666,1.78,0.9,4.055,1,1
156,1,0.39,0.39,0.39,0.39,1,1
163,8,3.61275,5.55,0.012,28.902,1,1
83,14,2.378592857142857,5.6264,0.04,33.3003,1,1
174,8,4.808749875,12.24,0.1,38.469999,1,1
109,2,2.12,3.99,0.25,4.24,1,1
167,8,4.75286625,5.479,2.8,38.02293,1,1
100,7,1.5054762857142856,3.88,0.3,10.538333999999999,1,1
77,5,19.2,70.0,5.0,96.0,1,1
154,4,2.8122249999999998,4.3999,0.1,11.248899999999999,1,1
150,0,0.0,0.0,0.0,0.0,0,0
95,9,0.9409888888888889,2.3,0.04,8.4689,1,1
80,5,15.680000000000001,40.0,2.5,78.4,1,1
70,16,5.914312499999999,26.0,0.2,94.62899999999999,1,1
66,7,1.9628571428571429,2.79,1.01,13.74,1,1
67,11,8.144545454545455,36.0,0.2,89.59,1,1
73,4,1.29175,2.9601,0.2,5.167,1,1
131,6,2.3024833333333334,9.999,0.056,13.814900000000002,1,1
108,8,6.635,14.18,0.25,53.08,1,1
134,16,6.93043125,16.25,0.0599,110.8869,1,1
97,16,4.1591125,7.82,0.04,66.5458,1,1
110,3,9.566666666666668,27.1,0.25,28.700000000000003,1,1
161,5,14.295999999999998,50.0,0.19,71.47999999999999,1,1
94,4,1.317475,2.19,0.04,5.2699,1,1
71,2,0.30000000000000004,0.4,0.2,0.6000000000000001,1,1
76,11,5.317718181818182,11.25,0.2,58.4949,1,1
114,3,2.1189666666666667,4.0,0.3569,6.3568999999999996,1,1
64,11,6.840009090909091,10.504,0.2,75.2401,1,1
74,15,8.980238733333332,15.769981,0.2,134.70358099999999,1,1
126,7,6.685857142857143,19.958,0.023,46.801,1,1
136,4,2.5299750000000003,4.0,0.2499,10.119900000000001,1,1
166,37,7.466010675675675,15.8794,1.0,276.242395,1,1
123,12,2.1799916666666665,4.0,0.123,26.1599,1,1
116,32,4.0275784375,5.69,0.041,128.88251,1,1
169,2,3.02,3.1,2.94,6.04,1,1
78,3,2.8433333333333337,7.49,0.2,8.530000000000001,1,1
139,3,0.66,1.55,0.17,1.98,1,1
61,4,0.7975000000000001,1.8,0.2,3.1900000000000004,1,1
172,1,0.3,0.3,0.3,0.3,1,1
112,4,2.5517,4.2999,0.6969,10.2068,1,1
129,4,8.035,23.0,0.15,32.14,1,1
75,17,8.000981705882353,20.99,0.2,136.01668899999999,1,1
145,18,11.392227722222223,25.0,0.88,205.060099,1,1
119,2,15.03265,30.0503,0.015,30.0653,1,1
144,12,4.704166666666667,6.49,1.49,56.45,1,1
173,4,4.08625,13.37,0.225,16.345,1,1
159,2,12.245,23.0,1.49,24.49,1,1
118,9,9.051222222222222,36.0,0.041,81.461,1,1
146,5,1.165916,1.69,0.76968,5.82958,1,1
135,19,12.27191052631579,29.41,0.0599,233.1663,1,1
147,2,1.685,1.88,1.49,3.37,1,1
103,12,7.130506833333333,10.55,0.291615,85.566082,1,1
160,5,6.8420000000000005,13.88,2.29,34.21,1,1
120,14,10.282547857142857,20.3,0.04,143.95567,1,1
117,8,5.276249999999999,17.9,0.019,42.209999999999994,1,1
79,62,9.62260943548387,85.0,0.2,596.601785,1,1
158,21,6.5117142857142865,23.45,0.37,136.746,1,1
89,5,9.437999999999999,22.67,0.4,47.19,1,1
170,14,7.510118214285714,15.448,0.1,105.141655,1,1
65,12,7.28298325,13.799999,0.2,87.395799,1,1
127,6,1.8253666666666666,3.0,0.165,10.9522,1,1
111,8,8.259875000000001,11.61,0.869,66.07900000000001,1,1
87,9,1.9555555555555557,4.05,0.04,17.6,1,1
115,4,2.73225,3.95,0.369,10.929,1,1
107,10,2.57267,6.57,0.25,25.7267,1,1
171,13,3.4165076923076922,11.5,0.05,44.4146,1,1
155,11,8.26590909090909,13.83,3.069,90.925,1,1
72,10,4.9392997,10.492,0.2,49.392997,1,1
113,7,1.9349142857142856,4.61,0.1,13.5444,1,1
85,6,6.778366666666667,15.5,1.0,40.6702,1,1
151,13,5.384799999999999,12.32,0.85,70.0024,1,1
152,32,9.675488625,39.0,0.748,309.615636,1,1
143,5,12.618,42.5,0.3,63.09,1,1
91,2,1.975,3.5,0.45,3.95,1,1
164,4,1.88875,6.5,0.175,7.555,1,1
141,7,4.304285714285714,10.8,0.85,30.130000000000003,1,1
62,6,2.9926666666666666,6.5327,0.2,17.956,1,1
153,5,1.825625,2.749,1.033497,9.128125,1,1
128,5,2.146,4.25,0.03,10.73,1,1
86,4,1.9175,5.0,0.04,7.67,1,1
149,9,3.8484999999999996,19.0,0.4565,34.6365,1,1
98,13,5.446464538461539,13.6,0.12,70.804039,1,1
125,5,6.93206,30.0503,0.04,34.6603,1,1
140,2,0.875,1.3,0.45,1.75,1,1
165,25,10.81207996,20.379,0.06,270.301999,1,1
130,16,8.135304375,21.6,0.023,130.16487,1,1
179,5,2.9284,5.8378,0.0575,14.642,1,1
168,19,3.8645252631578946,5.8291,0.777,73.42598,1,1
104,2,1.415,2.75,0.08,2.83,1,1
148,2,1.4949999999999999,2.4,0.59,2.9899999999999998,1,1
137,4,5.05675,13.0,0.25,20.227,1,1
101,30,3.3152108,5.89,0.25,99.456324,1,1
57,7,7.268571428571429,22.0,0.55,50.88,1,1
52,4,3.0700000000000003,4.49,1.5,12.280000000000001,1,1
46,3,0.8916666666666666,1.5,0.175,2.675,1,1
51,30,3.6663966666666665,4.65,0.8,109.9919,1,1
59,9,8.118865555555555,26.0,0.95,73.06979,1,1
58,18,9.421837777777776,24.9,0.9,169.59308,1,1
54,3,3.1333333333333333,5.0,1.5,9.4,1,1
48,3,1.2466666666666668,1.5,0.99,3.74,1,1
49,22,8.006894818181818,32.5,0.3,176.151686,1,1
60,9,5.641776666666666,17.95,1.31,50.77598999999999,1,1
53,6,7.554833333333334,16.99,1.5,45.329,1,1
55,12,4.848158333333333,17.999,0.175,58.1779,1,1
47,13,5.147299230769231,17.69999,0.175,66.91489,1,1
56,4,1.6324999999999998,2.48,0.85,6.529999999999999,1,1
50,3,3.1999999999999997,5.0,1.5,9.6,1,1
41,10,2.15,3.99,0.95,21.5,1,1
16,6,1.6606666666666667,3.89,0.119,9.964,1,1
17,5,6.50098,29.9,0.0149,32.5049,1,1
15,6,2.0428,3.99,0.2169,12.2568,1,1
24,0,0.0,0.0,0.0,0.0,0,0
28,4,1.22225,1.9,0.24,4.889,1,1
34,8,2.0261375,3.74,0.3,16.2091,1,1
20,5,0.62336,1.44,0.0178,3.1168,1,1
35,6,3.6933333333333334,13.69,0.18,22.16,1,1
40,14,4.506992785714286,11.25,0.04,63.097899,1,1
39,4,1.50125,2.5,0.245,6.005,1,1
19,1,0.0149,0.0149,0.0149,0.0149,1,1
45,10,1.1788,3.0,0.02,11.788,1,1
36,12,8.608574166666667,13.9,0.32,103.30289,1,1
25,0,0.0,0.0,0.0,0.0,0,0
37,8,5.78,12.96,0.19,46.24,1,1
21,2,1.75095,3.49,0.0119,3.5019,1,1
18,17,10.142657705882353,26.499,0.0149,172.425181,1,1
43,3,0.39766666666666667,0.7,0.243,1.193,1,1
23,0,0.0,0.0,0.0,0.0,0,0
38,27,11.155938629629631,29.499,0.25,301.210343,1,1
26,1,0.07,0.07,0.07,0.07,1,1
29,3,11.100000000000001,28.0,0.1,33.300000000000004,1,1
44,14,7.035314214285714,14.03,0.019,98.494399,1,1
30,6,10.056585,32.5,0.45,60.33951,1,1
22,19,9.269573421052632,27.29,3.96,176.121895,1,1
32,20,5.68738635,13.95,0.199,113.747727,1,1
42,7,2.801199857142857,6.499999,0.065,19.608399,1,1
31,2,1.65,3.0,0.3,3.3,1,1
27,8,6.8937485,11.69,0.25,55.149988,1,1
33,1,3.3,3.3,3.3,3.3,1,1
6,1,1.9,1.9,1.9,1.9,1,1
11,1,0.19,0.19,0.19,0.19,1,1
9,10,3.5126599999999994,11.28,0.19,35.126599999999996,1,1
2,8,6.06015275,13.569,0.5,48.481222,1,1
8,4,0.9125000000000001,1.3,0.19,3.6500000000000004,1,1
1,8,5.1035875,9.99,1.0,40.8287,1,1
4,2,2.625,5.0,0.25,5.25,1,1
13,3,0.6600333333333334,1.0499,0.13,1.9801000000000002,1,1
5,1,4.0,4.0,4.0,4.0,1,1
14,19,3.825601894736842,5.9,0.45,72.686436,1,1
7,25,4.44745196,6.66,3.838,111.186299,1,1
12,4,1.021,1.75,0.185,4.084,1,1
10,17,7.659600705882353,21.69,2.0,130.213212,1,1
3,6,3.7175,5.55,0.5,22.305,1,1
0,1,18.0,18.0,18.0,18.0,1,1
