identifier,transaction_count,avg_price_eth,max_price_eth,min_price_eth,total_volume_eth,unique_buyers,unique_sellers
9926,17,0.9256588235294118,1.66,0.73,15.7362,1,1
9997,3,29.896666666666665,50.0,3.69,89.69,1,1
9923,9,2.7144333333333335,4.9999,0.99,24.4299,1,1
9991,16,5.63524375,24.99,0.369,90.1639,1,1
9958,1,1.35,1.35,1.35,1.35,1,1
9998,4,5.353025,13.7,1.9321,21.4121,1,1
9928,1,0.9399,0.9399,0.9399,0.9399,1,1
9935,5,3.4248000000000003,6.9,0.754,17.124000000000002,1,1
9981,5,3.8340000000000005,12.89,0.85,19.17,1,1
9984,7,1.8622142857142858,5.0,0.7386,13.0355,1,1
9933,1,1.2,1.2,1.2,1.2,1,1
9942,4,1.58499975,1.839999,1.3,6.339999,1,1
9985,2,1.65,1.9,1.4,3.3,1,1
9952,4,6.5525,12.5,3.27,26.21,1,1
9946,3,2.9166666666666665,3.95,1.5,8.75,1,1
9927,5,3.16,8.4,1.49,15.8,1,1
9948,8,3.62554075,6.89,1.34,29.004326,1,1
9934,4,5.693499999999999,16.9,1.19,22.773999999999997,1,1
9966,2,1.125,1.13,1.12,2.25,1,1
9925,5,2.52358,4.5,1.2389,12.617899999999999,1,1
9970,2,2.51,2.8,2.22,5.02,1,1
9965,2,6.6114999999999995,12.1,1.123,13.222999999999999,1,1
9929,3,4.837,11.95,1.25,14.511,1,1
9951,5,6.986879999999999,15.4444,1.5,34.9344,1,1
9989,1,3.88,3.88,3.88,3.88,1,1
9931,6,8.455,14.49,1.1,50.73,1,1
9967,2,1.17,1.29,1.05,2.34,1,1
9947,4,6.916875,11.6,1.4675,27.6675,1,1
9936,35,5.0284,6.22,1.09,175.994,1,1
9960,3,4.68,11.99,0.75,14.04,1,1
9922,45,3.5255883999999997,15.39,0.798,158.651478,1,1
9959,2,5.525,10.0,1.05,11.05,1,1
9949,14,3.6012142857142857,15.5,0.95,50.417,1,1
9955,23,2.47844347826087,19.69,0.431,57.004200000000004,1,1
9968,2,7.12,13.0,1.24,14.24,1,1
9988,4,6.266749999999999,16.49,1.377,25.066999999999997,1,1
9937,17,2.489987647058823,7.5,0.46,42.329789999999996,1,1
9972,1,1.24,1.24,1.24,1.24,1,1
9992,1,5.0,5.0,5.0,5.0,1,1
9986,3,3.8425666666666665,7.0,2.2277,11.5277,1,1
9930,30,2.161164,13.0,0.982,64.83492,1,1
9983,3,2.13,3.94,1.19,6.39,1,1
9945,14,2.6470714285714285,6.23,1.2,37.059,1,1
9990,33,2.6343238787878787,4.48,0.996,86.932688,1,1
9961,7,3.612414285714286,14.75,0.8369,25.2869,1,1
9939,4,2.1725,3.15,1.09,8.69,1,1
9940,7,2.7196428571428575,7.7,1.2245,19.0375,1,1
9956,2,1.3925,1.49,1.295,2.785,1,1
9978,1,1.6,1.6,1.6,1.6,1,1
9987,0,0.0,0.0,0.0,0.0,0,0
9982,3,2.6266666666666665,4.68,1.33,7.88,1,1
9953,2,2.6,3.75,1.45,5.2,1,1
9941,6,2.0631998333333335,6.4,1.0469,12.379199,1,1
9994,25,4.277044,5.79,1.67,106.9261,1,1
9921,8,1.0664735,1.49,0.955,8.531788,1,1
9963,20,3.6093495000000004,6.7,1.15,72.18699000000001,1,1
9977,2,9.35,15.25,3.45,18.7,1,1
9957,4,3.4825,8.0,1.1,13.93,1,1
9993,24,4.3187875,6.59,2.22,103.65090000000001,1,1
9975,21,3.453985714285714,25.0,0.9288,72.5337,1,1
9932,1,1.2,1.2,1.2,1.2,1,1
9995,2,1.399,1.949,0.849,2.798,1,1
9938,7,3.846871428571429,16.69,1.149,26.928100000000004,1,1
9954,52,2.8411442115384613,11.3,0.42991,147.739499,1,1
9996,10,3.1169,14.1,0.889,31.168999999999997,1,1
9964,21,3.068106,11.9,0.461,64.430226,1,1
9962,2,7.995,15.0,0.99,15.99,1,1
9999,2,1.834,2.689,0.979,3.668,1,1
9944,19,2.876601,5.39,0.971,54.655419,1,1
9924,2,2.4195,3.94,0.899,4.839,1,1
9980,12,2.8797908333333333,7.9,0.77,34.55749,1,1
9920,3,10.163333333333334,23.5,1.49,30.490000000000002,1,1
9979,0,0.0,0.0,0.0,0.0,0,0
9943,4,4.181725,6.4269,2.3,16.7269,1,1
9976,10,2.2862940000000003,8.0,0.557,22.862940000000002,1,1
9973,2,7.75,12.0,3.5,15.5,1,1
9974,1,3.3,3.3,3.3,3.3,1,1
9971,6,3.2300000000000004,9.99,1.05,19.380000000000003,1,1
9969,0,0.0,0.0,0.0,0.0,0,0
9950,10,1.4448782999999998,2.545,0.9,14.448782999999999,1,1
9919,5,7.636,14.0,1.09,38.18,1,1
9804,3,7.166666666666667,9.0,5.0,21.5,1,1
9786,4,1.52,1.68,1.35,6.08,1,1
9742,6,11.228333333333333,23.23,2.45,67.37,1,1
9705,7,3.624142857142857,8.0,1.2,25.369,1,1
9912,19,4.263294736842106,21.0,1.0,81.0026,1,1
9870,8,1.1890874999999999,1.23,1.16,9.512699999999999,1,1
9855,20,3.2106000000000003,6.739,1.18,64.212,1,1
9878,60,2.8131091333333336,13.0,0.49996,168.786548,1,1
9796,30,1.2947471333333334,9.69,0.42,38.842414,1,1
9700,6,3.348333333333333,5.0,0.9,20.09,1,1
9809,3,7.2250000000000005,16.5,1.185,21.675,1,1
9858,4,4.525,7.0,1.19,18.1,1,1
9886,6,3.0141666666666667,11.0,1.02,18.085,1,1
9844,6,1.2599166666666666,1.5,1.0,7.5595,1,1
9727,3,2.3446666666666665,2.59,2.0,7.034,1,1
9821,7,8.6,19.0,3.05,60.2,1,1
9877,10,1.4667326,2.99,0.6279,14.667326000000001,1,1
9739,13,4.176639076923077,15.0,1.052308,54.296307999999996,1,1
9810,4,6.6806,17.88,1.2334,26.7224,1,1
9720,7,2.95567,12.42069,1.0,20.68969,1,1
9851,2,1.4049999999999998,1.43,1.38,2.8099999999999996,1,1
9701,13,4.834992307692308,18.48,1.1,62.8549,1,1
9849,12,2.999825,7.3769,0.46,35.9979,1,1
9787,2,1.545,1.99,1.1,3.09,1,1
9728,21,3.2896305238095236,11.5,0.931,69.082241,1,1
9785,37,4.740196486486487,25.0,0.78,175.38727,1,1
9816,4,5.875,10.4,1.4,23.5,1,1
9835,2,1.4395,1.68,1.199,2.879,1,1
9891,1,3.33,3.33,3.33,3.33,1,1
9798,3,1.5999999999999999,2.85,0.95,4.8,1,1
9743,3,2.2263333333333333,2.99,1.189,6.679,1,1
9791,6,5.628166666666666,17.15,0.95,33.769,1,1
9713,9,1.7581773333333333,3.55,0.42,15.823596,1,1
9753,18,4.585105388888889,15.0,0.74,82.531897,1,1
9732,3,4.266666666666667,6.0,1.8,12.8,1,1
9917,6,8.448333333333332,14.39,0.9,50.69,1,1
9736,2,2.9705,4.0,1.941,5.941,1,1
9792,2,6.975,13.0,0.95,13.95,1,1
9812,2,8.495000000000001,12.49,4.5,16.990000000000002,1,1
9706,16,6.2534374999999995,17.99,1.0,100.05499999999999,1,1
9715,3,6.383333333333333,13.69,1.46,19.15,1,1
9754,15,3.8280600000000002,10.898,0.92,57.4209,1,1
9797,5,4.17,12.5,1.0,20.85,1,1
9794,31,3.770890806451613,23.0,0.823,116.897615,1,1
9880,29,4.450156931034483,13.96,0.8969,129.054551,1,1
9904,3,7.6633,14.5,1.4799,22.9899,1,1
9903,1,1.18,1.18,1.18,1.18,1,1
9795,2,9.8,18.0,1.6,19.6,1,1
9896,8,1.71358675,3.789697,0.88,13.708694,1,1
9747,3,5.946666666666666,12.99,1.4,17.84,1,1
9730,4,9.112825,25.0,1.89,36.4513,1,1
9899,2,7.4775,13.705,1.25,14.955,1,1
9910,2,1.225,1.45,1.0,2.45,1,1
9888,3,1.4829999999999999,1.89,1.23,4.449,1,1
9735,2,6.6105,11.98,1.241,13.221,1,1
9875,4,6.15245,16.0,0.9998,24.6098,1,1
9703,7,4.394271428571428,12.69,0.9,30.7599,1,1
9788,2,1.2075,1.365,1.05,2.415,1,1
9733,11,2.788272727272727,8.69,1.22,30.671,1,1
9710,5,5.518,6.65,1.05,27.59,1,1
9772,1,1.469,1.469,1.469,1.469,1,1
9717,1,69.0,69.0,69.0,69.0,1,1
9759,2,4.83,6.66,3.0,9.66,1,1
9806,9,4.83432,9.0,1.03998,43.50888,1,1
9825,3,1.7232333333333336,2.16,0.86,5.169700000000001,1,1
9770,24,1.730567875,3.214,0.813,41.533629,1,1
9758,4,3.7375,6.5,1.3,14.95,1,1
9820,23,6.0243521739130435,20.999,1.2,138.5601,1,1
9745,14,3.4997857142857143,15.0,0.989,48.997,1,1
9698,8,2.0351125,7.5,0.53,16.2809,1,1
9734,4,10.83525,15.0,1.441,43.341,1,1
9783,5,2.5100000000000002,6.9,0.85,12.55,1,1
9793,14,2.4717071428571424,7.35,0.9,34.603899999999996,1,1
9873,1,1.7,1.7,1.7,1.7,1,1
9861,8,3.13254375,11.0,0.94,25.06035,1,1
9718,2,3.84,3.99,3.69,7.68,1,1
9722,9,3.5091555555555556,16.0,1.02,31.5824,1,1
9744,4,6.045,20.0,0.89,24.18,1,1
9725,34,3.9210999999999996,15.99,1.25,133.3174,1,1
9817,3,1.3266666666666667,1.6,0.98,3.98,1,1
9719,3,10.293333333333333,22.0,3.0,30.88,1,1
9769,5,4.465999999999999,11.85,1.2,22.33,1,1
9885,21,4.198252380952381,7.699,0.46,88.1633,1,1
9833,2,1.575,1.9,1.25,3.15,1,1
9716,4,6.64772475,10.0,1.14,26.590899,1,1
9756,1,1.39,1.39,1.39,1.39,1,1
9802,9,2.3543220000000002,12.0,0.945,21.188898000000002,1,1
9838,17,2.4923470588235297,7.0,1.1,42.3699,1,1
9711,27,4.3244444444444445,14.75,1.05,116.76,1,1
9867,1,1.92,1.92,1.92,1.92,1,1
9741,5,3.11684,6.5,1.09,15.5842,1,1
9892,4,14.285,22.25,6.9,57.14,1,1
9774,25,4.71058,6.73,0.398,117.7645,1,1
9827,18,4.642451111111111,16.0,0.596,83.56412,1,1
9814,7,2.975,6.8,1.53,20.825,1,1
9704,3,2.7096666666666667,4.85,1.4,8.129,1,1
9908,8,2.486,7.2,1.47,19.888,1,1
9789,3,6.816666666666666,18.0,1.2,20.45,1,1
9813,12,3.8067333333333333,13.75,1.0239,45.6808,1,1
9803,12,4.748066666666666,21.0,0.99,56.9768,1,1
9900,36,4.355720861111111,6.59,0.76,156.805951,1,1
9832,4,1.94225,2.33,1.239,7.769,1,1
9879,2,1.3999000000000001,1.85,0.9498,2.7998000000000003,1,1
9868,8,6.877375,13.7,1.18,55.019,1,1
9762,11,1.3386727272727272,3.705,0.87,14.7254,1,1
9779,2,5.4,9.9,0.9,10.8,1,1
9916,4,6.8025,14.9,1.4,27.21,1,1
9784,1,1.0,1.0,1.0,1.0,1,1
9755,3,8.626,15.5,1.49,25.878,1,1
9726,2,1.85,2.6,1.1,3.7,1,1
9871,2,5.675,10.0,1.35,11.35,1,1
9887,6,7.390000000000001,14.25,1.38,44.34,1,1
9761,12,6.319441583333333,23.7,0.67,75.833299,1,1
9811,34,2.1225014117647056,16.5,0.42,72.165048,1,1
9840,4,5.445775,16.3,1.1831,21.7831,1,1
9911,34,1.9151323235294115,8.99,1.0,65.114499,1,1
9841,4,2.325,3.1,1.7,9.3,1,1
9894,1,3.0,3.0,3.0,3.0,1,1
9831,4,4.1,6.5,2.9,16.4,1,1
9781,6,6.3549999999999995,15.95,0.8,38.129999999999995,1,1
9699,1,1.2,1.2,1.2,1.2,1,1
9819,8,3.84012475,7.4,1.4,30.720998,1,1
9767,5,2.348,6.88,1.0,11.74,1,1
9847,2,2.3449999999999998,3.29,1.4,4.6899999999999995,1,1
9760,23,2.255747391304348,13.5,1.1,51.88219,1,1
9853,15,4.006901333333333,22.0,0.403,60.10352,1,1
9902,5,9.648,15.99,1.11,48.239999999999995,1,1
9918,5,4.335800000000001,15.5,1.23,21.679000000000002,1,1
9724,3,7.0,17.8,1.5,21.0,1,1
9906,13,5.91153076923077,20.0,1.2599,76.8499,1,1
9707,2,1.1749999999999998,1.4,0.95,2.3499999999999996,1,1
9702,30,2.9600326333333333,5.69,0.47,88.800979,1,1
9915,7,10.705285714285713,22.0,1.35,74.937,1,1
9751,2,1.605,1.95,1.26,3.21,1,1
9890,5,5.968,16.0,1.24,29.84,1,1
9801,5,2.2095399999999996,2.8577,1.0,11.047699999999999,1,1
9828,12,5.7634541666666665,14.0,2.98,69.16145,1,1
9757,2,4.25,7.0,1.5,8.5,1,1
9837,1,2.99,2.99,2.99,2.99,1,1
9777,1,1.25,1.25,1.25,1.25,1,1
9852,4,6.5525,21.0,0.89,26.21,1,1
9889,1,1.25,1.25,1.25,1.25,1,1
9893,2,1.67,2.5,0.84,3.34,1,1
9714,6,4.495816666666667,10.0,0.9799,26.9749,1,1
9843,8,4.6835625,13.95,0.949,37.4685,1,1
9842,36,3.2704103333333334,4.625,1.16,117.734772,1,1
9752,26,4.58487226923077,16.9,0.96878,119.20667900000001,1,1
9749,14,2.1964914285714285,3.11,0.362,30.75088,1,1
9884,9,4.098861222222222,10.123,1.1,36.889751,1,1
9771,2,5.9101,6.0,5.8202,11.8202,1,1
9750,31,2.582821064516129,8.85,0.40462,80.067453,1,1
9850,56,3.209782017857143,8.5,0.449844,179.747793,1,1
9721,3,8.790000000000001,21.0,1.88,26.37,1,1
9697,35,3.2937846285714283,13.45,0.515,115.282462,1,1
9731,9,2.6033333333333335,3.69,2.0,23.43,1,1
9800,21,2.657692857142857,16.0,0.392,55.81155,1,1
9823,1,2.0,2.0,2.0,2.0,1,1
9773,1,13.99,13.99,13.99,13.99,1,1
9780,12,4.182916666666666,13.4,1.03,50.195,1,1
9854,57,1.5538753859649124,3.0,1.17,88.570897,1,1
9807,6,7.6825,17.555,1.19,46.095,1,1
9863,2,6.72,11.5,1.94,13.44,1,1
9834,1,2.3,2.3,2.3,2.3,1,1
9709,6,6.2642,14.69,1.85,37.5852,1,1
9712,3,7.803333333333334,15.0,0.11,23.41,1,1
9848,5,8.426,21.35,1.15,42.13,1,1
9864,3,7.739999999999999,17.5,2.12,23.22,1,1
9882,19,1.9296605263157895,2.39,1.1145,36.66355,1,1
9799,17,6.119858235294117,13.99,1.0,104.03759,1,1
9836,7,6.595428571428571,12.5,1.75,46.168,1,1
9883,2,67.5,75.0,60.0,135.0,1,1
9898,1,1.3999,1.3999,1.3999,1.3999,1,1
9775,2,3.65,4.0,3.3,7.3,1,1
9857,21,3.2796394285714285,8.7,0.85,68.872428,1,1
9866,2,3.5650000000000004,4.99,2.14,7.130000000000001,1,1
9729,16,3.6129685625,7.95,0.889497,57.807497,1,1
9914,5,4.7097999999999995,17.2,1.3,23.549,1,1
9895,6,7.682666666666667,22.98,0.5,46.096000000000004,1,1
9897,15,4.991333333333333,13.34,0.8,74.87,1,1
9815,11,3.5910163636363635,19.5,0.975,39.50118,1,1
9859,28,5.305171428571429,10.0,0.889,148.5448,1,1
9790,1,1.05,1.05,1.05,1.05,1,1
9737,13,2.207616153846154,3.2,0.83,28.69901,1,1
9862,1,4.75,4.75,4.75,4.75,1,1
9913,5,2.286,2.95,1.2,11.43,1,1
9874,5,2.9749399999999997,4.88,0.9879,14.874699999999999,1,1
9778,13,2.564439769230769,8.62,0.91,33.337717,1,1
9865,3,3.0980000000000003,3.784,2.14,9.294,1,1
9746,5,3.461998,4.65,1.35,17.30999,1,1
9782,2,6.154999999999999,11.35,0.96,12.309999999999999,1,1
9909,43,1.832873906976744,12.0,0.53,78.81357799999999,1,1
9907,1,3.95,3.95,3.95,3.95,1,1
9740,5,8.114,20.22,1.32,40.57,1,1
9748,4,14.5975,23.99,1.4,58.39,1,1
9738,1,1.18,1.18,1.18,1.18,1,1
9818,3,1.4066666666666665,1.49,1.33,4.22,1,1
9822,3,1.9000000000000001,2.5,1.2,5.7,1,1
9905,15,2.0303699333333336,13.0,0.42,30.455549,1,1
9869,10,3.7039,8.77,0.96,37.039,1,1
9846,2,1.9849999999999999,3.0,0.97,3.9699999999999998,1,1
9808,7,8.68442857142857,22.8,1.241,60.791,1,1
9829,10,2.7129598,6.67,1.3,27.129598,1,1
9708,19,2.251736842105263,5.69,0.81,42.783,1,1
9830,9,3.8782111111111113,11.7,0.86,34.9039,1,1
9805,6,2.9966666666666666,4.69,1.5,17.98,1,1
9901,2,1.37,1.45,1.29,2.74,1,1
9845,6,4.860666666666667,14.98,0.8,29.164,1,1
9764,3,20.12666666666667,55.0,1.38,60.38,1,1
9876,3,4.675966666666667,12.0,0.9879,14.027899999999999,1,1
9723,3,4.93,10.0,0.79,14.79,1,1
9763,9,2.0751,5.8,0.38,18.6759,1,1
9765,8,5.3157499999999995,17.0,0.666,42.525999999999996,1,1
9776,8,5.873625,17.0,1.6,46.989,1,1
9766,11,1.656818181818182,2.425,1.2,18.225,1,1
9839,6,3.955,5.05,1.5,23.73,1,1
9768,15,2.02024,13.0,0.42,30.3036,1,1
9826,3,11.033333333333333,14.1,5.0,33.1,1,1
9881,0,0.0,0.0,0.0,0.0,0,0
9860,8,5.165,14.38,0.88,41.32,1,1
9824,4,1.95175,3.9,0.85,7.807,1,1
9872,2,4.75,5.0,4.5,9.5,1,1
9856,1,6.5,6.5,6.5,6.5,1,1
9613,1,1.09,1.09,1.09,1.09,1,1
9670,23,1.5043794782608697,4.24,0.54,34.600728000000004,1,1
9680,36,3.2633769444444445,4.98,1.3,117.48157,1,1
9667,3,0.856,1.1,0.57,2.568,1,1
9596,30,3.7586866666666667,6.63,0.76,112.7606,1,1
9601,21,3.576709523809524,7.68,0.98,75.1109,1,1
9673,2,8.0,15.0,1.0,16.0,1,1
9558,6,4.545,19.59,1.33,27.27,1,1
9551,13,5.169123076923077,12.5,1.1,67.1986,1,1
9538,3,2.2100000000000004,3.25,0.99,6.630000000000001,1,1
9508,2,1.195,1.28,1.11,2.39,1,1
9628,2,5.9344,9.98,1.8888,11.8688,1,1
9603,7,5.761142857142858,13.99,0.828,40.328,1,1
9591,1,7.01,7.01,7.01,7.01,1,1
9573,1,1.1,1.1,1.1,1.1,1,1
9572,8,2.0683124999999998,2.79,1.35,16.546499999999998,1,1
9557,2,2.645,3.89,1.4,5.29,1,1
9515,1,4.799,4.799,4.799,4.799,1,1
9612,16,3.9139,14.0,0.45,62.6224,1,1
9470,5,12.1,25.0,1.3,60.5,1,1
9504,27,2.5256232962962963,15.0,0.87,68.191829,1,1
9521,4,4.4725,6.6,2.0,17.89,1,1
9685,14,0.8384577142857143,1.02456,0.57499,11.738408,1,1
9589,25,4.97406,17.99,0.97,124.3515,1,1
9489,3,11.066666666666668,20.0,3.7,33.2,1,1
9550,1,1.69,1.69,1.69,1.69,1,1
9477,9,6.031227555555557,18.69,1.14,54.281048000000006,1,1
9525,47,4.932430404255319,14.25,0.9,231.824229,1,1
9505,6,10.012666666666666,22.88,3.0,60.07599999999999,1,1
9647,8,7.3875,21.75,1.0,59.1,1,1
9520,5,2.7337998000000003,8.0,0.92,13.668999000000001,1,1
9605,8,3.2126875,13.9605,0.789,25.7015,1,1
9565,18,3.473311388888889,13.62,0.835,62.519605,1,1
9488,12,4.134541666666666,18.8,0.525,49.6145,1,1
9580,6,7.571666666666666,10.75,1.0,45.43,1,1
9672,3,1.21,1.35,1.1,3.63,1,1
9555,5,7.790000000000001,19.4,1.4,38.95,1,1
9509,6,1.65215,4.0,0.86,9.9129,1,1
9625,6,1.90485,2.288,1.0,11.4291,1,1
9529,3,2.8966666666666665,3.5,2.19,8.69,1,1
9641,5,3.1438,4.2,1.5,15.719000000000001,1,1
9639,8,2.3169325,6.5,1.0,18.53546,1,1
9642,2,1.4449999999999998,1.75,1.14,2.8899999999999997,1,1
9693,5,1.7158000000000002,2.66,1.1,8.579,1,1
9548,2,1.4745,1.8,1.149,2.949,1,1
9582,2,6.0083385,12.0,0.016677,12.016677,1,1
9481,13,3.838976923076923,12.7,0.469,49.9067,1,1
9619,46,3.684776108695652,6.1,0.891754,169.499701,1,1
9469,7,2.6637370000000002,4.85,0.75,18.646159,1,1
9686,19,4.935636842105263,6.45,0.85,93.7771,1,1
9576,4,15.263575,24.0,11.2553,61.0543,1,1
9575,6,5.489883,8.7,2.329998,32.939298,1,1
9574,0,0.0,0.0,0.0,0.0,0,0
9675,10,3.70223,5.44,0.93,37.0223,1,1
9464,3,7.900000000000001,13.4,1.3,23.700000000000003,1,1
9676,4,3.899975,11.9999,1.0,15.5999,1,1
9637,4,12.95,20.6,4.3,51.8,1,1
9635,4,6.21,14.4,0.6,24.84,1,1
9661,29,3.090935172413793,7.9,0.607,89.63712,1,1
9559,12,4.601158333333333,15.5,1.35,55.2139,1,1
9606,4,2.0475,3.44,0.9,8.19,1,1
9683,72,3.103326361111111,8.0,1.163,223.439498,1,1
9660,11,3.7013636363636366,9.5,0.815,40.715,1,1
9471,2,1.675,2.1,1.25,3.35,1,1
9480,2,1.0645,1.089,1.04,2.129,1,1
9502,7,1.991442,5.0,1.123,13.940094,1,1
9655,3,2.973333333333333,6.2,1.2,8.92,1,1
9561,4,5.5625,10.0,2.0,22.25,1,1
9511,3,2.6466666666666665,6.17,0.82,7.9399999999999995,1,1
9594,1,1.1,1.1,1.1,1.1,1,1
9461,3,5.243333333333334,13.13,1.3,15.730000000000002,1,1
9462,4,1.7825,1.99,1.5,7.13,1,1
9678,22,4.1813922272727275,14.5,0.84,91.990629,1,1
9677,51,4.688571921568627,25.0,1.0,239.117168,1,1
9648,16,5.152125,6.0,1.5,82.434,1,1
9499,1,1.21,1.21,1.21,1.21,1,1
9513,2,1.374,1.5,1.248,2.748,1,1
9512,10,4.4118,10.98,0.888,44.118,1,1
9692,4,2.1247249999999998,3.98,1.2,8.498899999999999,1,1
9629,3,3.0678,4.5678,2.29,9.2034,1,1
9536,5,8.83638,17.69,0.905,44.1819,1,1
9618,3,2.389,3.99,1.487,7.167,1,1
9463,2,5.75,6.5,5.0,11.5,1,1
9649,5,4.895999999999999,10.0,0.89,24.479999999999997,1,1
9616,13,1.9544153846153844,4.149,0.92,25.4074,1,1
9583,5,8.516,13.2,1.1,42.58,1,1
9522,15,2.2213506,3.03,0.9,33.320259,1,1
9476,7,8.251428571428571,26.2,0.761,57.76,1,1
9643,5,4.335,13.33,0.755,21.675,1,1
9545,2,1.84,2.18,1.5,3.68,1,1
9690,14,3.4806392857142856,14.99,1.01,48.72895,1,1
9482,4,5.56975,11.0,1.089,22.279,1,1
9597,11,5.391754545454545,24.5,1.1,59.3093,1,1
9472,2,1.245,1.3,1.19,2.49,1,1
9560,11,2.0258350000000003,5.195,0.934,22.284185,1,1
9682,0,0.0,0.0,0.0,0.0,0,0
9577,27,5.098648518518519,7.4,2.1,137.66351,1,1
9564,13,2.9192933076923073,4.139908,1.18,37.950813,1,1
9604,5,4.1950414,12.25,0.705207,20.975207,1,1
9527,3,6.1433333333333335,7.4,4.99,18.43,1,1
9537,2,1.95,2.8,1.1,3.9,1,1
9539,16,3.023368625,13.2,1.79,48.373898,1,1
9684,5,8.0038,21.2,0.999,40.019,1,1
9640,12,5.5574916666666665,11.0,0.9,66.6899,1,1
9586,8,7.1425125,15.1,3.5,57.1401,1,1
9695,17,3.3066864705882355,17.42,0.01,56.21367,1,1
9650,3,9.229999999999999,14.0,1.49,27.689999999999998,1,1
9627,7,3.516142857142857,13.469,0.99,24.613,1,1
9598,2,1.8,2.6,1.0,3.6,1,1
9659,1,42.0,42.0,42.0,42.0,1,1
9568,1,3.6969,3.6969,3.6969,3.6969,1,1
9669,3,1.9633333333333332,3.0,1.2,5.89,1,1
9479,5,7.31,13.48,0.97,36.55,1,1
9494,8,6.317425,14.5,1.49,50.5394,1,1
9541,3,8.709999999999999,18.4,3.55,26.13,1,1
9687,1,0.77,0.77,0.77,0.77,1,1
9487,10,5.3627839999999996,7.42,1.12,53.62784,1,1
9663,9,11.618777777777778,22.0,0.999,104.569,1,1
9645,11,3.0023545454545455,16.88,0.78,33.0259,1,1
9478,4,3.807,9.18,0.969,15.228,1,1
9506,6,6.9265,18.45,1.069,41.559,1,1
9531,6,2.938966666666667,11.36,0.9769,17.6338,1,1
9665,6,5.878333333333333,8.77,3.0,35.269999999999996,1,1
9484,2,2.74,3.88,1.6,5.48,1,1
9668,2,5.9750000000000005,10.9,1.05,11.950000000000001,1,1
9466,4,3.2422500000000003,5.359,0.75,12.969000000000001,1,1
9688,5,4.24,6.94,1.15,21.2,1,1
9607,20,5.1016449999999995,7.1,1.1,102.0329,1,1
9546,19,3.198210526315789,14.98,1.148,60.766,1,1
9567,9,4.843544444444444,13.2,1.222,43.5919,1,1
9638,7,7.034021000000001,17.5,0.471,49.238147000000005,1,1
9483,7,4.815128571428572,16.2,0.863,33.7059,1,1
9651,2,2.445,3.4,1.49,4.89,1,1
9496,2,5.555000000000001,9.89,1.22,11.110000000000001,1,1
9556,3,6.43,11.79,1.4,19.29,1,1
9614,6,6.214166666666666,12.0,1.387,37.285,1,1
9571,2,21.788999999999998,41.888,1.69,43.577999999999996,1,1
9617,3,1.0696,1.18,0.8998,3.2088,1,1
9554,8,3.366675,8.0,0.001,26.9334,1,1
9528,3,5.763000000000001,12.6,0.799,17.289,1,1
9610,1,1.18,1.18,1.18,1.18,1,1
9657,4,3.4141999999999997,8.5,1.19,13.656799999999999,1,1
9679,3,6.433333333333334,11.0,1.1,19.3,1,1
9486,4,7.92875,17.0,0.88,31.715,1,1
9547,4,3.33,10.0,0.84,13.32,1,1
9621,25,2.80039784,18.0,0.845,70.009946,1,1
9611,1,2.45,2.45,2.45,2.45,1,1
9600,13,3.2519153846153848,9.2,1.0,42.2749,1,1
9694,2,2.3499999999999996,2.8,1.9,4.699999999999999,1,1
9475,17,4.7619281764705885,14.499,0.85,80.952779,1,1
9485,1,1.12,1.12,1.12,1.12,1,1
9646,3,1.43,1.5,1.3,4.29,1,1
9570,5,1.2589792,2.0,0.627,6.294896,1,1
9544,6,2.6983333333333337,4.75,1.3,16.19,1,1
9602,0,0.0,0.0,0.0,0.0,0,0
9543,4,8.955,17.69,4.19,35.82,1,1
9622,11,1.233009,1.4,1.17,13.563099,1,1
9633,35,4.927575685714285,7.18,0.7769,172.465149,1,1
9566,8,3.385012375,14.9,0.94,27.080099,1,1
9620,3,7.559233333333334,17.0,1.0777,22.6777,1,1
9652,28,3.8431378214285714,21.7,0.99,107.607859,1,1
9592,49,5.314102020408164,25.98,1.379999,260.390999,1,1
9590,12,4.320708333333333,14.2,1.998,51.8485,1,1
9585,7,3.3957142857142855,4.35,1.8,23.77,1,1
9662,4,4.0657499999999995,12.5,0.823,16.262999999999998,1,1
9588,1,2.5,2.5,2.5,2.5,1,1
9587,1,0.97,0.97,0.97,0.97,1,1
9681,73,5.1489916438356165,16.99,0.624,375.87639,1,1
9493,7,6.041285714285714,11.3,1.49,42.289,1,1
9664,16,2.47549125,14.85,0.83,39.60786,1,1
9654,6,16.800833333333333,50.0,4.525,100.805,1,1
9658,5,8.919938,14.5,1.19,44.59969,1,1
9689,2,2.855,4.21,1.5,5.71,1,1
9497,5,2.01982,3.5,1.333,10.0991,1,1
9517,7,6.656871428571429,14.47,2.73,46.5981,1,1
9490,4,1.83,3.5,0.95,7.32,1,1
9624,3,9.64,17.5,1.2,28.92,1,1
9608,7,3.642857142857143,6.02,0.99,25.5,1,1
9467,4,4.35,10.0,1.2,17.4,1,1
9514,3,2.4996666666666667,3.25,1.249,7.4990000000000006,1,1
9623,4,2.680125,7.0,1.1455,10.7205,1,1
9498,5,4.92078,7.5459,1.11,24.6039,1,1
9666,4,5.127175,14.4,1.2,20.5087,1,1
9563,4,4.7575,12.5,1.18,19.03,1,1
9474,27,5.017837037037037,14.0,0.98,135.4816,1,1
9535,5,2.0209198,3.5,1.1,10.104599,1,1
9691,2,2.45,3.75,1.15,4.9,1,1
9578,3,1.4529333333333334,1.59,1.2,4.3588000000000005,1,1
9644,5,5.83822,15.7,0.0001,29.1911,1,1
9510,2,1.2999999999999998,1.4,1.2,2.5999999999999996,1,1
9516,4,12.01975,16.35,3.739,48.079,1,1
9595,28,4.018753571428571,6.0,0.9999,112.5251,1,1
9581,8,7.916375,16.69,1.0,63.331,1,1
9491,82,3.311867073170732,7.7,1.0,271.5731,1,1
9615,5,6.3652,23.5,0.839,31.826,1,1
9534,8,2.287791875,3.0,0.97,18.302335,1,1
9634,9,2.1264333333333334,8.5,1.05,19.137900000000002,1,1
9524,2,1.695,2.2,1.19,3.39,1,1
9674,32,1.42253365625,3.0725,0.738,45.521077,1,1
9599,2,1.095,1.19,1.0,2.19,1,1
9593,2,6.55,12.0,1.1,13.1,1,1
9507,8,4.572486875,17.0,0.86,36.579895,1,1
9549,2,3.5785,5.98,1.177,7.157,1,1
9532,8,1.563874125,1.99,1.09,12.510993,1,1
9542,2,5.57,6.75,4.39,11.14,1,1
9609,3,1.2799666666666667,1.45,1.1499,3.8399,1,1
9473,16,5.808203125,16.5,0.97,92.93125,1,1
9632,2,1.60595,2.435,0.7769,3.2119,1,1
9653,7,3.4991054285714287,6.749998,1.01,24.493738,1,1
9468,2,0.9450000000000001,0.99,0.9,1.8900000000000001,1,1
9636,1,1.14,1.14,1.14,1.14,1,1
9630,11,4.596827272727273,12.99,1.02,50.5651,1,1
9626,38,5.408892105263158,11.0,1.27,205.5379,1,1
9523,4,1.501075,2.5,1.11,6.0043,1,1
9492,2,7.41,13.33,1.49,14.82,1,1
9518,3,1.7666666666666666,2.0,1.3,5.3,1,1
9553,13,4.4346538461538465,13.99,1.177,57.6505,1,1
9562,12,5.112875,18.9,0.8,61.3545,1,1
9696,2,1.42,1.9,0.94,2.84,1,1
9552,4,4.517475,10.78,1.0,18.0699,1,1
9579,11,4.308163636363637,13.4,1.9,47.3898,1,1
9503,4,6.484999999999999,13.0,1.25,25.939999999999998,1,1
9530,5,6.9298,17.0,0.799,34.649,1,1
9656,12,1.24722075,2.45,0.79,14.966649,1,1
9526,11,3.670027272727273,4.35,0.799,40.3703,1,1
9540,7,2.700714285714286,4.285,2.21,18.905,1,1
9501,3,7.8933333333333335,19.0,2.2,23.68,1,1
9584,30,1.8831016666666665,4.88,0.49,56.49305,1,1
9495,1,8.5,8.5,8.5,8.5,1,1
9569,6,6.726466666666667,14.1,0.8888,40.3588,1,1
9631,3,2.0733333333333333,3.1,1.2,6.22,1,1
9500,2,6.3805000000000005,11.65,1.111,12.761000000000001,1,1
9671,5,7.07,16.2,1.0,35.35,1,1
9519,4,17.5725,55.0,3.5,70.29,1,1
9533,8,11.8375,56.0,2.5,94.7,1,1
9465,1,1.3,1.3,1.3,1.3,1,1
9279,6,12.12315,49.0,1.3489,72.7389,1,1
9311,23,4.738469565217391,6.59,2.14,108.9848,1,1
9377,1,4.0,4.0,4.0,4.0,1,1
9403,10,3.5267978999999996,7.5,2.04,35.267979,1,1
9297,4,1.97,3.0,1.4,7.88,1,1
9429,5,2.2640000000000002,4.02,1.62,11.32,1,1
9424,5,6.0836,22.0,0.849,30.418,1,1
9397,1,1.0,1.0,1.0,1.0,1,1
9334,4,15.25475,35.0,3.0,61.019,1,1
9439,9,3.893187777777778,16.0,1.02999,35.03869,1,1
9325,35,3.161479914285714,5.59,0.742,110.651797,1,1
9345,4,4.6850000000000005,15.0,0.97,18.740000000000002,1,1
9444,43,2.9345338837209303,8.12,0.93,126.184957,1,1
9412,8,1.82175,7.5,0.823,14.574,1,1
9407,39,4.794909717948718,6.71,0.73,187.001479,1,1
9379,5,4.846,9.99,3.2,24.23,1,1
9346,10,2.5683074,7.66,0.955174,25.683074,1,1
9422,1,4.9,4.9,4.9,4.9,1,1
9244,1,0.97,0.97,0.97,0.97,1,1
9459,0,0.0,0.0,0.0,0.0,0,0
9405,5,2.8748796,8.0,1.4651,14.374398,1,1
9402,0,0.0,0.0,0.0,0.0,0,0
9446,8,4.8576,5.87,2.988,38.8608,1,1
9299,4,1.4025,1.81,1.17,5.61,1,1
9260,2,1.425,1.55,1.3,2.85,1,1
9291,2,2.425,2.95,1.9,4.85,1,1
9456,19,3.370128947368421,3.899,1.11,64.03245,1,1
9295,1,15.0,15.0,15.0,15.0,1,1
9275,6,4.054166666666666,15.77,0.9,24.325,1,1
9415,15,1.304622,1.48489,1.16,19.56933,1,1
9358,1,4.8,4.8,4.8,4.8,1,1
9382,4,0.9917499999999999,1.289,0.83,3.9669999999999996,1,1
9322,4,1.9445000000000001,3.69,0.988,7.7780000000000005,1,1
9304,3,1.58,1.8,1.24,4.74,1,1
9374,7,4.518128571428571,22.5,0.85,31.6269,1,1
9460,22,2.2345818181818182,6.641,0.78,49.1608,1,1
9376,17,3.4473347058823527,15.0,0.83,58.60469,1,1
9290,7,4.838857142857143,12.0,1.0,33.872,1,1
9371,6,8.13,13.4,2.19,48.78,1,1
9448,0,0.0,0.0,0.0,0.0,0,0
9362,16,2.386375,6.47,0.825,38.182,1,1
9383,1,4.44,4.44,4.44,4.44,1,1
9413,38,5.546284210526316,14.8,0.91,210.7588,1,1
9249,64,1.40670628125,2.75,1.1169,90.029202,1,1
9426,6,3.4254665,8.0685,1.15,20.552799,1,1
9423,0,0.0,0.0,0.0,0.0,0,0
9344,16,2.529637375,5.555,1.16,40.474198,1,1
9352,4,2.41475,4.0,1.68,9.659,1,1
9294,5,2.26796,4.0,1.62,11.3398,1,1
9373,2,11.1495,17.799,4.5,22.299,1,1
9454,7,4.418571428571428,7.0,1.79,30.93,1,1
9241,7,6.421028571428572,13.9669,0.82,44.9472,1,1
9310,25,3.8422232000000003,5.4774,1.53,96.05558,1,1
9396,2,7.3,13.5,1.1,14.6,1,1
9337,7,7.973628571428571,14.95,0.9,55.8154,1,1
9298,6,3.784133166666667,13.0,1.02,22.704799,1,1
9307,11,2.097059181818182,4.99,0.99,23.067651,1,1
9312,5,9.8996,16.99,3.888,49.498,1,1
9333,5,10.644,15.25,5.0,53.22,1,1
9265,2,2.5295,3.769,1.29,5.059,1,1
9399,1,6.5,6.5,6.5,6.5,1,1
9309,2,4.49,7.99,0.99,8.98,1,1
9455,3,9.899666666666667,20.0,0.919,29.698999999999998,1,1
9338,1,1.239,1.239,1.239,1.239,1,1
9287,3,6.3999999999999995,14.0,1.0,19.2,1,1
9392,3,22.083333333333332,40.0,2.35,66.25,1,1
9246,8,2.3374375,5.2,0.92,18.6995,1,1
9253,20,3.5449645000000003,10.3,1.28,70.89929000000001,1,1
9248,81,3.190900814814815,9.0,1.142,258.462966,1,1
9286,12,4.6526,18.4,1.2,55.831199999999995,1,1
9411,3,3.732666666666667,6.5,2.198,11.198,1,1
9280,3,1.232,1.5,0.798,3.6959999999999997,1,1
9453,6,9.244316666666668,19.98,1.19,55.465900000000005,1,1
9361,9,3.191333888888889,11.98,0.353,28.722005,1,1
9305,5,3.0460000000000003,7.27,1.37,15.23,1,1
9318,2,1.275,1.5,1.05,2.55,1,1
9239,4,1.52,1.83,0.88,6.08,1,1
9360,14,4.0125714285714285,6.53,0.95,56.176,1,1
9254,4,2.87,6.81,1.07,11.48,1,1
9442,6,2.0373266666666665,3.5,1.41896,12.22396,1,1
9258,3,1.95,3.0,1.4,5.85,1,1
9259,3,8.083333333333334,12.5,1.75,24.25,1,1
9368,32,3.22997465625,16.35,1.00999,103.359189,1,1
9245,13,4.463853846153847,12.0,0.9269,58.030100000000004,1,1
9375,2,1.1949999999999998,1.4,0.99,2.3899999999999997,1,1
9342,1,1.469,1.469,1.469,1.469,1,1
9269,3,4.213333333333334,10.6,0.79,12.64,1,1
9451,12,2.9967583333333336,15.25,1.27,35.9611,1,1
9427,8,4.73597875,14.99,0.57783,37.88783,1,1
9327,13,3.9310761538461536,13.99,1.069,51.103989999999996,1,1
9386,1,1.0,1.0,1.0,1.0,1,1
9401,0,0.0,0.0,0.0,0.0,0,0
9364,10,1.718359,4.399,0.39,17.18359,1,1
9278,3,1.8989666666666667,2.987,1.1499,5.6969,1,1
9274,5,4.235200000000001,7.5,1.3,21.176000000000002,1,1
9387,6,7.04,20.5,1.0,42.24,1,1
9421,6,0.5892700000000001,1.33,0.425,3.53562,1,1
9363,47,1.4804551063829787,2.56,0.83,69.58139,1,1
9409,2,27.45,39.9,15.0,54.9,1,1
9329,1,19.95,19.95,19.95,19.95,1,1
9303,13,3.328682230769231,13.7,0.893,43.272869,1,1
9428,1,1.5,1.5,1.5,1.5,1,1
9301,4,7.327500000000001,13.99,1.37,29.310000000000002,1,1
9431,4,7.775,15.0,1.4,31.1,1,1
9284,4,6.43375,11.69,1.395,25.735,1,1
9366,21,5.408442857142857,12.0,1.5,113.5773,1,1
9437,33,2.641708212121212,20.0,0.43,87.176371,1,1
9263,5,8.3318,13.6,1.18,41.659,1,1
9313,5,6.9938,13.1,2.89,34.969,1,1
9388,10,6.968999999999999,16.66,1.35,69.69,1,1
9359,14,2.197108357142857,9.0,0.97565,30.759517,1,1
9365,31,2.5742114838709678,7.0,0.8269,79.800556,1,1
9271,41,6.022127536585366,10.48,0.8,246.907229,1,1
9395,2,2.0949999999999998,3.15,1.04,4.1899999999999995,1,1
9357,4,6.20975,21.4,0.89,24.839,1,1
9433,2,1.8439999999999999,2.8,0.888,3.6879999999999997,1,1
9341,1,1.75,1.75,1.75,1.75,1,1
9316,1,0.84,0.84,0.84,0.84,1,1
9398,24,2.9747523333333334,10.25,0.82,71.394056,1,1
9443,8,3.5372500000000002,13.0,0.85,28.298000000000002,1,1
9355,38,4.399094947368421,6.71,1.23188,167.165608,1,1
9234,14,2.7013571428571432,9.2,1.299,37.819,1,1
9251,15,3.2399413333333333,12.0,0.42922,48.59912,1,1
9238,7,1.551157,2.195,0.9,10.858099,1,1
9237,3,13.06,19.94,1.29,39.18,1,1
9340,6,5.161158333333333,22.99,1.26,30.966949999999997,1,1
9438,7,5.499728571428571,17.0,0.639,38.4981,1,1
9272,3,1.9133333333333333,3.3,0.85,5.74,1,1
9262,15,4.7767,14.79,0.85,71.6505,1,1
9266,5,3.0017199999999997,10.5,0.62,15.0086,1,1
9380,2,4.2,4.4,4.0,8.4,1,1
9336,13,2.455192307692308,9.65,0.78,31.9175,1,1
9255,3,1.4233333333333331,2.2,0.87,4.27,1,1
9273,5,7.938,20.0,1.45,39.69,1,1
9449,3,3.9133333333333336,9.0,0.84,11.74,1,1
9370,15,3.8161673333333335,11.3,0.945,57.24251,1,1
9354,37,1.6732742162162162,3.689,1.163,61.911146,1,1
9457,3,5.349999999999999,13.7,1.15,16.049999999999997,1,1
9418,6,4.931333333333334,10.89,1.1,29.588,1,1
9420,5,1.496,2.8,0.8,7.48,1,1
9328,3,5.6433333333333335,14.75,0.99,16.93,1,1
9353,39,3.1116111025641024,13.77,0.907,121.352833,1,1
9349,8,1.926875,2.9,0.98,15.415,1,1
9283,30,3.6305365,24.0,0.921,108.916095,1,1
9430,39,3.573197564102564,7.6,0.82,139.354705,1,1
9296,1,0.99,0.99,0.99,0.99,1,1
9335,6,7.924183333333333,15.39,1.9,47.5451,1,1
9300,4,1.565,2.0,1.36,6.26,1,1
9243,1,50.0,50.0,50.0,50.0,1,1
9240,3,1.1033333333333333,1.14,1.07,3.31,1,1
9367,3,1.3666666666666665,1.5,1.15,4.1,1,1
9435,4,2.2625,4.2,1.29,9.05,1,1
9235,21,4.206559,9.25,0.474,88.337739,1,1
9331,1,8.65,8.65,8.65,8.65,1,1
9369,7,6.327242857142857,14.4207,0.9,44.2907,1,1
9315,27,1.2615557777777777,4.785,0.42,34.062006,1,1
9302,3,5.77,15.0,0.93,17.31,1,1
9445,22,1.5068341363636364,3.46,0.6566,33.150351,1,1
9314,7,7.8795714285714284,12.99,0.422,55.157,1,1
9450,11,3.3682024545454543,12.0,1.499,37.050227,1,1
9281,7,8.350428571428571,22.5,1.67,58.453,1,1
9406,5,3.427758,4.52879,0.78,17.13879,1,1
9326,9,8.058187777777778,15.98,1.19,72.52369,1,1
9356,1,4.44,4.44,4.44,4.44,1,1
9381,34,1.5416177352941176,3.51,0.46775,52.415003,1,1
9317,8,7.52125,19.0,0.99,60.17,1,1
9389,12,7.56578975,29.8,1.35,90.789477,1,1
9267,4,1.9075,3.88,1.0,7.63,1,1
9332,3,7.982666666666667,19.95,1.998,23.948,1,1
9351,21,5.175757142857143,11.88,0.777,108.6909,1,1
9416,1,27.0,27.0,27.0,27.0,1,1
9414,3,10.39,14.81,1.56,31.17,1,1
9293,7,2.3242857142857143,2.58,1.9,16.27,1,1
9256,3,10.306666666666667,15.75,1.17,30.92,1,1
9384,5,5.6754328,16.0,1.8,28.377164,1,1
9282,2,6.985,12.75,1.22,13.97,1,1
9410,7,2.1813571428571428,6.9347,1.25,15.2695,1,1
9441,4,12.66,17.49,3.2,50.64,1,1
9404,0,0.0,0.0,0.0,0.0,0,0
9419,2,1.245,1.49,1.0,2.49,1,1
9242,29,9.380593137931033,35.0,0.46,272.037201,1,1
9432,3,6.5360000000000005,17.5,0.888,19.608,1,1
9391,1,9.5,9.5,9.5,9.5,1,1
9289,11,2.1112545454545457,4.695,1.1,23.2238,1,1
9417,4,5.9725,15.0,0.9,23.89,1,1
9277,18,4.709638888888889,22.75,0.988,84.7735,1,1
9434,1,1.29,1.29,1.29,1.29,1,1
9400,3,1.343333333333333,1.68,0.95,4.029999999999999,1,1
9390,4,2.26125,4.95,1.35,9.045,1,1
9452,22,4.653038227272727,14.8,0.939,102.36684100000001,1,1
9436,2,19.345,30.0,8.69,38.69,1,1
9385,39,6.347369230769231,22.799,0.82,247.5474,1,1
9393,30,4.030015033333333,12.0,0.7,120.900451,1,1
9321,5,10.2918,14.99,1.55,51.459,1,1
9343,34,2.1069529411764703,9.8,0.8,71.6364,1,1
9250,18,3.311138888888889,16.0,0.12,59.6005,1,1
9285,4,12.772324999999999,23.13,0.939,51.089299999999994,1,1
9378,1,0.83,0.83,0.83,0.83,1,1
9320,22,2.4240681363636365,7.3,0.617,53.329499,1,1
9330,2,12.2,14.44,9.96,24.4,1,1
9447,1,0.84,0.84,0.84,0.84,1,1
9270,12,1.8019999999999998,3.4,1.05,21.624,1,1
9350,5,5.761799999999999,11.69,0.9,28.808999999999997,1,1
9372,16,3.558336875,14.45,1.23939,56.93339,1,1
9319,12,1.8851566666666668,2.49998,0.8,22.62188,1,1
9440,1,2.95,2.95,2.95,2.95,1,1
9339,11,2.8654545454545453,3.82,1.69,31.52,1,1
9308,4,4.99425,9.48,1.198,19.977,1,1
9252,4,16.725,24.0,1.4,66.9,1,1
9264,7,4.351428571428571,9.5,1.21,30.46,1,1
9324,3,3.6500000000000004,6.69,1.45,10.950000000000001,1,1
9292,2,13.5,15.0,12.0,27.0,1,1
9236,55,4.7881861818181815,15.23,0.85,263.35024,1,1
9261,31,3.2365129032258064,13.5,0.85,100.3319,1,1
9347,3,1.8866666666666667,2.7,1.21,5.66,1,1
9408,43,4.381655813953489,6.71,0.05,188.4112,1,1
9268,30,6.4898666333333335,13.59,1.05,194.695999,1,1
9257,4,6.025,11.86,1.0,24.1,1,1
9288,9,2.3614333333333333,3.5,0.8,21.2529,1,1
9323,5,5.724400000000001,14.8,0.416,28.622000000000003,1,1
9247,8,3.9227499999999997,10.99,1.1,31.381999999999998,1,1
9394,15,2.005052,8.0,0.402,30.07578,1,1
9425,4,8.35475,13.999,1.05,33.419,1,1
9458,8,5.568125,14.54,0.89,44.545,1,1
9276,13,2.975899923076923,7.36,1.3888,38.686699,1,1
9306,2,3.995,7.0,0.99,7.99,1,1
9348,2,12.875,18.75,7.0,25.75,1,1
9039,58,4.7580596206896555,19.98,0.88,275.967458,1,1
9216,3,11.950000000000001,19.5,1.85,35.85,1,1
9003,3,14.01,39.0,0.25,42.03,1,1
9159,12,2.89989975,4.34,0.95,34.798797,1,1
9226,2,27.55,29.0,26.1,55.1,1,1
9012,5,2.9259999999999997,7.69,0.98,14.629999999999999,1,1
9042,16,3.013053125,4.57,1.595,48.20885,1,1
9215,6,4.317833333333334,7.679,1.33,25.907,1,1
9134,1,0.99,0.99,0.99,0.99,1,1
9199,4,2.6425,3.8,1.36,10.57,1,1
9181,11,3.6625454545454543,6.598,1.5,40.288,1,1
9068,3,1.80023,2.42069,1.35,5.40069,1,1
9141,13,1.6220691538461538,4.0,0.74,21.086899,1,1
9119,3,7.7,13.0,4.1,23.1,1,1
9213,1,1.5,1.5,1.5,1.5,1,1
9096,2,5.59,9.98,1.2,11.18,1,1
9085,19,2.599105263157895,4.915,0.95,49.383,1,1
9172,39,3.417343564102564,6.59,0.51695,133.276399,1,1
9212,64,5.45050634375,21.0,0.47,348.832406,1,1
9200,3,4.176033333333334,4.258,4.0201,12.5281,1,1
9221,2,1.5,1.8,1.2,3.0,1,1
9103,19,3.580694736842105,10.75,0.85,68.0332,1,1
9105,0,0.0,0.0,0.0,0.0,0,0
9190,3,1.153,1.3,0.999,3.459,1,1
9170,6,4.744166666666667,10.9,1.35,28.465,1,1
9086,15,2.05222,7.9,0.506,30.7833,1,1
9123,6,4.718698333333333,6.3,1.2222,28.31219,1,1
9077,2,9.475,17.0,1.95,18.95,1,1
9225,9,2.0653888888888887,6.5126,0.998,18.5885,1,1
9195,2,1.6055,2.222,0.989,3.211,1,1
9099,2,1.7950000000000002,2.49,1.1,3.5900000000000003,1,1
9201,3,3.3366666666666664,7.1,1.31,10.01,1,1
9111,1,1.15,1.15,1.15,1.15,1,1
9163,1,1.245,1.245,1.245,1.245,1,1
9060,10,3.9170000000000003,5.5,2.1,39.17,1,1
9138,12,1.4415223333333333,2.99999,0.77,17.298268,1,1
9229,2,3.1950000000000003,4.9,1.49,6.390000000000001,1,1
9051,8,3.685,7.7,0.95,29.48,1,1
9063,24,3.3106139999999997,10.7598,1.01,79.454736,1,1
9107,15,5.9193333333333324,6.59,5.33,88.78999999999999,1,1
9220,2,9.75,16.5,3.0,19.5,1,1
9075,1,3.79,3.79,3.79,3.79,1,1
9179,4,1.12875,1.4,0.74,4.515,1,1
9094,3,1.1093333333333333,1.25,0.878,3.328,1,1
9160,20,3.1119729499999997,7.7,1.4976,62.239459,1,1
9098,2,1.3249499999999999,1.4499,1.2,2.6498999999999997,1,1
9078,10,8.28599,16.0,0.89,82.8599,1,1
9150,1,1.05,1.05,1.05,1.05,1,1
9130,1,0.8,0.8,0.8,0.8,1,1
9036,39,4.698533076923077,10.61,0.95,183.24279,1,1
9035,24,3.2274907083333333,7.84,0.6638,77.459777,1,1
9007,8,4.9077875,14.98,0.7888,39.2623,1,1
9029,1,1.0,1.0,1.0,1.0,1,1
9142,2,1.75,2.45,1.05,3.5,1,1
9022,5,6.639,15.9,1.3,33.195,1,1
9034,4,5.8875,7.9,2.3,23.55,1,1
9061,1,4.25,4.25,4.25,4.25,1,1
9133,15,2.7171933333333333,4.46,1.15,40.7579,1,1
9059,2,3.9000000000000004,4.2,3.6,7.800000000000001,1,1
9149,5,5.772,16.39,1.22,28.86,1,1
9227,24,3.8995625,8.5,1.1,93.5895,1,1
9147,2,2.7,3.0,2.4,5.4,1,1
9203,1,7.0,7.0,7.0,7.0,1,1
9217,4,2.67975,7.3,0.96,10.719,1,1
9126,2,6.92,12.99,0.85,13.84,1,1
9112,10,3.80831,13.4,0.372,38.0831,1,1
9097,10,4.9542117,19.0,1.28,49.542117,1,1
9066,1,1.4,1.4,1.4,1.4,1,1
9214,1,1.5,1.5,1.5,1.5,1,1
9032,3,10.033333333333333,14.0,4.1,30.1,1,1
9196,8,2.529125,7.0,1.099,20.233,1,1
9076,28,1.800344857142857,10.4,0.394,50.409656,1,1
9136,5,2.65398,5.0,1.0999,13.2699,1,1
9224,29,4.284772413793103,6.2995,0.27,124.2584,1,1
9028,3,3.202,6.956,0.8,9.606,1,1
9125,2,1.745,2.5,0.99,3.49,1,1
9054,4,4.103,6.82,0.9,16.412,1,1
9162,11,2.011198,3.289978,0.847,22.123178,1,1
9050,8,1.5493207500000001,4.2,0.462266,12.394566000000001,1,1
9116,25,4.8887764,6.59,2.0,122.21941,1,1
9202,1,1.15,1.15,1.15,1.15,1,1
9025,4,6.4875,13.0,0.8,25.95,1,1
9043,3,9.63,14.3,3.15,28.89,1,1
9192,4,5.672499999999999,12.0,1.69,22.689999999999998,1,1
9120,17,4.529411647058824,12.22,1.5,76.999998,1,1
9131,13,2.149446153846154,7.98,0.64,27.942800000000002,1,1
9057,3,1.1131666666666666,1.25,0.9895,3.3395,1,1
9021,24,4.410204083333333,25.0,1.2,105.844898,1,1
9222,34,4.098688205882353,12.649,1.1,139.355399,1,1
9016,3,12.933333333333332,19.3,6.0,38.8,1,1
9187,6,3.828333333333333,13.0,1.25,22.97,1,1
9173,2,12.0,20.0,4.0,24.0,1,1
9193,2,7.525,13.5,1.55,15.05,1,1
9083,5,1.9882000000000002,3.85,0.741,9.941,1,1
9165,3,7.8,15.0,1.4,23.4,1,1
9005,1,0.989,0.989,0.989,0.989,1,1
9030,34,5.314973529411765,15.79,0.89,180.7091,1,1
9102,3,1.78,2.49,1.4,5.34,1,1
9209,6,7.097816666666667,19.5,1.1,42.5869,1,1
9211,6,11.074333333333334,42.0,1.5,66.446,1,1
9073,2,7.225,13.35,1.1,14.45,1,1
9011,1,1.25,1.25,1.25,1.25,1,1
9232,4,17.0,21.0,12.0,68.0,1,1
9206,2,1.125,1.15,1.1,2.25,1,1
9109,3,2.4433333333333334,4.82,1.25,7.33,1,1
9114,19,3.199263157894737,6.63,1.05,60.786,1,1
9071,3,11.133333333333333,17.0,1.4,33.4,1,1
9122,8,8.295575,19.68,1.2469,66.3646,1,1
9168,3,9.796666666666667,25.0,1.39,29.39,1,1
9118,5,5.9624,15.0,1.398,29.811999999999998,1,1
9158,15,3.4483333333333333,12.9,0.88,51.725,1,1
9194,7,4.448071428571429,12.75,1.069,31.136499999999998,1,1
9117,2,1.65,1.8,1.5,3.3,1,1
9006,4,1.29925,1.337,1.27,5.197,1,1
9079,16,2.00533125,4.99,1.049,32.0853,1,1
9055,9,4.976666666666667,12.0,1.2,44.79,1,1
9024,16,6.058,15.48,1.1,96.928,1,1
9088,11,4.321726090909091,25.1,0.703,47.538987,1,1
9067,4,6.765000000000001,18.98,1.2,27.060000000000002,1,1
9223,34,5.237083823529411,23.0,1.7836,178.06085,1,1
9040,56,5.237716071428571,12.899,2.19,293.3121,1,1
9104,2,9.245000000000001,10.99,7.5,18.490000000000002,1,1
9038,2,1.165,1.39,0.94,2.33,1,1
9157,24,4.387181458333333,6.38,1.18,105.292355,1,1
9154,41,1.9065656341463415,6.749,0.433,78.169191,1,1
9062,8,6.6153125,24.5,2.46,52.9225,1,1
9230,2,1.08,1.17,0.99,2.16,1,1
9041,2,5.455,6.66,4.25,10.91,1,1
9128,2,1.267,1.635,0.899,2.534,1,1
9115,2,1.135,1.17,1.1,2.27,1,1
9015,8,4.395,13.0,1.2,35.16,1,1
9090,22,2.6698449545454546,15.0,0.4084,58.736589,1,1
9046,3,1.4563333333333333,1.834,0.985,4.369,1,1
9148,2,5.05,9.0,1.1,10.1,1,1
9106,2,1.72,1.97,1.47,3.44,1,1
9023,6,3.4216650000000004,9.99999,0.83,20.52999,1,1
9048,3,1.6489666666666667,2.6,0.95,4.9469,1,1
9100,3,6.066666666666666,15.0,1.4,18.2,1,1
9108,3,13.256666666666668,14.98,10.99,39.77,1,1
9129,2,1.11,1.12,1.1,2.22,1,1
9008,2,29.75,55.0,4.5,59.5,1,1
9176,2,4.05,4.8,3.3,8.1,1,1
9132,9,5.448333333333334,18.39,0.95,49.035000000000004,1,1
9031,9,2.6849944444444445,14.0,0.531,24.16495,1,1
9151,5,5.668,14.75,1.1,28.34,1,1
9233,3,8.086666666666666,12.4,0.86,24.259999999999998,1,1
9014,3,4.62314,9.8,1.2,13.869420000000002,1,1
9153,2,2.25,3.0,1.5,4.5,1,1
9017,8,5.85491125,15.85,1.3,46.83929,1,1
9081,13,3.7664513076923076,14.0,0.98,48.963867,1,1
9198,10,2.36299,5.15,0.81,23.6299,1,1
9155,5,4.3260000000000005,9.0,1.15,21.630000000000003,1,1
9185,12,3.8517083333333333,10.0,0.6215,46.2205,1,1
9087,6,3.1649833333333333,7.0,1.5,18.9899,1,1
9167,30,2.5052833000000003,7.69,0.874,75.158499,1,1
9186,2,3.45,3.9,3.0,6.9,1,1
9047,2,1.445,2.0,0.89,2.89,1,1
9044,6,8.31,11.99,3.59,49.86,1,1
9208,4,1.18,1.4,0.97,4.72,1,1
9093,3,1.0966666666666667,1.2,0.99,3.29,1,1
9072,10,7.245,22.8,1.1,72.45,1,1
9113,4,4.237500000000001,8.9,1.3,16.950000000000003,1,1
9161,35,5.1552999999999995,16.07,1.5,180.4355,1,1
9174,4,16.50984825,25.0,6.75,66.039393,1,1
9020,25,2.8818522,6.63,1.18,72.046305,1,1
9152,4,4.081250000000001,10.8,1.1,16.325000000000003,1,1
9228,3,2.9933333333333336,3.78,2.0,8.98,1,1
9049,2,1.45,1.95,0.95,2.9,1,1
9137,2,2.1195000000000004,2.24,1.999,4.239000000000001,1,1
9082,13,2.196073076923077,8.5,0.752,28.548949999999998,1,1
9089,3,10.462666666666665,15.6,1.3,31.387999999999998,1,1
9074,25,2.48525596,6.21,0.58,62.131399,1,1
9145,2,6.995,10.99,3.0,13.99,1,1
9033,8,1.416599875,1.7789,1.14,11.332799,1,1
9164,2,1.0074999999999998,1.19,0.825,2.0149999999999997,1,1
9121,2,1.54845,2.1,0.9969,3.0969,1,1
9127,6,3.229833333333333,6.55,0.969,19.378999999999998,1,1
9084,5,5.32,11.0,0.95,26.6,1,1
9177,6,10.5,22.0,3.2,63.0,1,1
9143,68,5.583747058823529,7.99,0.75,379.6948,1,1
9205,1,0.97,0.97,0.97,0.97,1,1
9018,1,1.6,1.6,1.6,1.6,1,1
9204,2,1.3,1.5,1.1,2.6,1,1
9188,13,5.852323,23.3,1.35,76.08019900000001,1,1
9197,5,1.636,3.0,1.0,8.18,1,1
9019,6,6.356333333333333,12.95,0.798,38.138,1,1
9092,14,1.9199642857142858,4.55,1.48,26.8795,1,1
9169,3,5.334666666666666,13.95,0.755,16.003999999999998,1,1
9056,5,13.6561646,26.5555,3.0,68.280823,1,1
9026,2,1.95,2.8,1.1,3.9,1,1
9045,5,5.964,13.8,1.04,29.82,1,1
9070,5,4.0396,11.0,1.2,20.198,1,1
9091,36,3.509423472222222,4.53,1.3246,126.339245,1,1
9037,4,3.51225,6.15,0.899,14.049,1,1
9210,9,2.3075625555555552,6.6,0.94,20.768062999999998,1,1
9189,2,5.25,6.0,4.5,10.5,1,1
9166,3,1.3483333333333334,1.5,1.245,4.045,1,1
9191,16,1.87522675,3.26,0.9,30.003628,1,1
9058,2,10.825,13.9,7.75,21.65,1,1
9009,2,1.125,1.15,1.1,2.25,1,1
9004,8,7.24125,14.19,1.19,57.93,1,1
9146,11,4.436272727272727,10.0,1.71,48.799,1,1
9219,3,3.0433333333333334,5.4,1.23,9.13,1,1
9144,16,5.9191561875,23.9,0.98,94.706499,1,1
9053,6,9.345,22.0,0.9,56.07,1,1
9095,2,2.8000000000000003,4.4,1.2,5.6000000000000005,1,1
9184,4,4.987,14.2,0.869,19.948,1,1
9178,2,8.295,13.59,3.0,16.59,1,1
9013,18,3.3036288333333332,14.4,0.891,59.465319,1,1
9183,22,4.248648954545454,14.777,0.92,93.470277,1,1
9101,36,3.5211194166666666,5.63,1.4,126.760299,1,1
9180,1,6.0,6.0,6.0,6.0,1,1
9124,9,4.543066555555556,8.0,0.85,40.887599,1,1
9171,2,1.14,1.39,0.89,2.28,1,1
9182,22,4.7489954545454545,11.5,0.96,104.4779,1,1
9052,6,2.383,3.95,0.909,14.298,1,1
9064,6,2.4299833333333334,3.979,1.1,14.5799,1,1
9069,3,3.8000000000000003,7.0,1.4,11.4,1,1
9139,4,1.44625,2.3,0.69,5.785,1,1
9080,6,7.309633333333333,17.9,2.99,43.8578,1,1
9010,3,3.2296666666666667,6.2,1.389,9.689,1,1
9207,39,3.2001832564102566,7.185,1.1,124.807147,1,1
9140,21,3.423875714285715,15.48,0.424,71.90139,1,1
9135,13,5.4748230769230775,9.0,1.19,71.1727,1,1
9027,5,3.5576,6.99,1.1,17.788,1,1
9110,21,5.1444190476190474,7.206,1.1,108.0328,1,1
9065,6,11.441666666666668,21.25,1.0,68.65,1,1
9175,16,6.02838125,13.6,2.9,96.4541,1,1
9218,6,8.553333333333333,17.25,1.32,51.32,1,1
9231,2,1.745,1.99,1.5,3.49,1,1
9156,2,8.255,15.5,1.01,16.51,1,1
8962,11,1.4773816363636363,1.7,0.8,16.251198,1,1
8782,42,3.2371616666666667,3.899,1.01,135.96079,1,1
8836,33,3.414157212121212,15.75,0.6,112.667188,1,1
8946,7,4.3589712857142855,9.99,1.325,30.512799,1,1
8900,19,2.1121304736842106,4.739,0.85,40.130479,1,1
8980,11,5.923081818181819,15.0,0.85,65.15390000000001,1,1
8894,61,5.2125557213114755,12.5,1.349,317.965899,1,1
8941,4,2.1185,6.5,0.081,8.474,1,1
8858,4,4.165,9.9,0.97,16.66,1,1
8963,1,0.8,0.8,0.8,0.8,1,1
8960,10,6.0,21.0,2.8,60.0,1,1
8869,0,0.0,0.0,0.0,0.0,0,0
8949,0,0.0,0.0,0.0,0.0,0,0
8957,4,3.1975,7.95,1.19,12.79,1,1
8813,22,4.012736318181818,7.17,1.19,88.280199,1,1
8954,4,1.1247500000000001,1.33,0.98,4.4990000000000006,1,1
8938,4,5.6375,15.5,1.4,22.55,1,1
8848,1,0.87,0.87,0.87,0.87,1,1
8874,1,1.56,1.56,1.56,1.56,1,1
8829,7,4.409685714285714,12.6,1.34,30.8678,1,1
8789,3,3.119666666666667,4.5,1.169,9.359,1,1
8908,4,3.5595,9.0,1.05,14.238,1,1
8873,19,2.3604716315789473,3.461,0.634999,44.848961,1,1
8828,2,35.545,59.59,11.5,71.09,1,1
8795,2,11.595,19.69,3.5,23.19,1,1
8985,10,5.1929999,14.3,1.4,51.929999,1,1
8867,5,4.7778,13.769,0.97,23.889,1,1
8897,7,7.758571428571429,18.0,1.49,54.31,1,1
8871,22,3.6302909090909092,9.5,2.22,79.8664,1,1
8772,11,1.3322926363636363,3.0,0.81,14.655218999999999,1,1
8841,9,2.9655555555555555,9.6,0.9,26.69,1,1
8973,4,5.5125,14.0,1.4,22.05,1,1
8907,4,1.54375,2.35,1.2,6.175,1,1
8801,1,4.5,4.5,4.5,4.5,1,1
8854,3,2.0633333333333335,2.39,1.8,6.19,1,1
8835,3,5.293333333333333,9.0,0.88,15.879999999999999,1,1
8883,34,2.3912235294117643,15.222,0.98,81.3016,1,1
8915,39,4.479163333333333,7.85,0.6,174.68737,1,1
8863,6,7.681349999999999,15.888,1.3,46.0881,1,1
8920,4,7.105,13.88,0.75,28.42,1,1
8802,12,4.835,9.7,0.98,58.019999999999996,1,1
8948,6,6.406666666666666,13.59,1.4,38.44,1,1
8914,19,2.555384,16.0,0.741,48.552296,1,1
8791,3,5.098966666666667,6.9,1.6969,15.2969,1,1
8805,9,5.276666666666667,10.4,2.95,47.49,1,1
8807,11,1.8409090909090908,5.0,1.08,20.25,1,1
8991,69,3.905360855072464,15.8,1.15,269.469899,1,1
8925,4,5.9125,13.1,1.3,23.65,1,1
8936,9,2.595777777777778,7.97,0.74,23.362000000000002,1,1
8921,2,9.175,17.5,0.85,18.35,1,1
8800,26,6.248465384615385,25.0,1.65,162.4601,1,1
8814,3,3.7000000000000006,5.5,1.4,11.100000000000001,1,1
8882,2,1.4500000000000002,1.85,1.05,2.9000000000000004,1,1
8922,43,6.166969767441861,15.0,0.768,265.1797,1,1
8864,19,2.904134210526316,9.99,0.85,55.17855,1,1
8817,1,1.19,1.19,1.19,1.19,1,1
8885,2,2.845,4.69,1.0,5.69,1,1
8940,0,0.0,0.0,0.0,0.0,0,0
8827,4,12.2725,23.5,7.49,49.09,1,1
8899,2,2.265,3.33,1.2,4.53,1,1
8956,11,3.9196635454545454,7.99,0.95,43.116299,1,1
8767,3,11.583333333333334,25.0,2.0,34.75,1,1
8853,9,2.173888777777778,9.69,0.7869,19.564999,1,1
8893,3,5.496666666666667,10.0,1.49,16.490000000000002,1,1
8806,0,0.0,0.0,0.0,0.0,0,0
8927,3,10.693333333333333,16.68,1.1,32.08,1,1
8994,2,1.2,1.25,1.15,2.4,1,1
8832,15,3.3680000000000003,14.0,1.0,50.52,1,1
8958,4,3.86,11.0,1.29,15.44,1,1
8775,4,8.8975,22.5,1.2,35.59,1,1
8859,5,6.2164,8.05,4.5,31.082,1,1
8930,14,4.569856357142857,16.0,0.94,63.977989,1,1
8972,4,24.310000000000002,50.0,2.49,97.24000000000001,1,1
8971,38,1.8928313157894736,15.3,0.71,71.92759,1,1
8776,2,7.75,13.0,2.5,15.5,1,1
8824,9,11.221444444444444,22.22,1.17,100.993,1,1
8765,8,4.09129875,6.875,0.91,32.73039,1,1
8952,0,0.0,0.0,0.0,0.0,0,0
8808,1,1.05,1.05,1.05,1.05,1,1
8809,3,0.8756333333333334,0.95,0.8269,2.6269,1,1
8943,3,1.9133333333333333,3.2,1.09,5.74,1,1
8989,2,8.445,15.49,1.4,16.89,1,1
8924,4,2.204975,3.6499,0.92,8.8199,1,1
8855,33,2.0450697575757575,14.0,0.41,67.487302,1,1
8889,4,5.035,15.0,1.4,20.14,1,1
8768,2,1.7189999999999999,2.15,1.288,3.4379999999999997,1,1
8837,3,2.417666666666667,3.33,0.8,7.253,1,1
8950,0,0.0,0.0,0.0,0.0,0,0
8816,3,0.5616633333333333,0.95,0.366,1.68499,1,1
8771,2,4.5,6.0,3.0,9.0,1,1
8878,2,16.71345,30.0,3.4269,33.4269,1,1
8890,16,3.8705625,13.96,0.9,61.929,1,1
8825,33,3.524631848484849,4.9,0.63,116.31285100000001,1,1
8777,6,6.303333333333334,14.0,1.13,37.82,1,1
8812,37,1.6239575675675675,7.6,0.558,60.08643,1,1
8799,10,2.7493898999999997,16.2,0.404,27.493899,1,1
8852,5,4.2780998,14.7,0.98,21.390499,1,1
8856,1,1.869,1.869,1.869,1.869,1,1
8810,45,2.0282053555555555,10.75,0.398,91.269241,1,1
8970,13,3.1171538461538457,7.6,1.35,40.522999999999996,1,1
8911,1,1.777,1.777,1.777,1.777,1,1
8866,6,4.97,13.8,0.75,29.82,1,1
8904,1,1.0,1.0,1.0,1.0,1,1
8906,13,4.303876923076923,17.23,1.388,55.9504,1,1
8781,9,5.493322222222222,16.2,0.85,49.4399,1,1
8780,3,1.4166666666666667,2.1,1.0,4.25,1,1
8797,10,3.9707991999999996,18.5,0.428,39.707992,1,1
8898,13,6.566769230769231,17.3,0.663,85.36800000000001,1,1
8961,23,4.6323043478260875,21.0,0.75,106.543,1,1
8865,4,1.4945,1.7,1.233,5.978,1,1
8840,4,2.2225,3.1,1.5,8.89,1,1
8886,59,4.077978457627118,6.59,0.897,240.600729,1,1
8821,7,3.0312571428571427,10.69,0.8,21.218799999999998,1,1
8901,4,1.5375,1.75,1.4,6.15,1,1
8770,11,5.438818181818181,16.45,0.8,59.827,1,1
8798,6,1.9233333333333336,2.95,1.25,11.540000000000001,1,1
8784,48,2.8221743541666666,5.12,1.13,135.464369,1,1
8870,1,3.99,3.99,3.99,3.99,1,1
8998,2,2.07945,2.969,1.1899,4.1589,1,1
8997,3,9.029966666666667,14.5,1.0999,27.0899,1,1
8947,3,9.516666666666667,25.0,1.35,28.55,1,1
8804,1,2.1,2.1,2.1,2.1,1,1
8783,12,3.629633333333333,6.37,1.11,43.5556,1,1
8823,38,3.489996552631579,15.5,1.05,132.619869,1,1
8779,6,6.610333333333333,18.0,1.132,39.662,1,1
8917,4,3.9349999999999996,4.8,1.85,15.739999999999998,1,1
8984,10,5.36592,6.52,1.43,53.6592,1,1
8982,6,4.334866666666667,6.3,0.94,26.0092,1,1
8818,2,1.294,1.398,1.19,2.588,1,1
9002,1,1.449,1.449,1.449,1.449,1,1
8769,4,1.4125,1.6,1.15,5.65,1,1
8793,1,1.4269,1.4269,1.4269,1.4269,1,1
8945,6,3.0246,5.0486,1.3,18.1476,1,1
8875,2,2.62,4.0,1.24,5.24,1,1
8934,5,3.278,9.69,0.75,16.39,1,1
8891,2,1.775,2.65,0.9,3.55,1,1
8792,4,12.0525,18.0,2.22,48.21,1,1
8912,1,1.32,1.32,1.32,1.32,1,1
8986,6,7.493333333333333,15.5,1.4,44.96,1,1
8796,3,1.1686333333333334,1.4269,1.01,3.5059,1,1
8918,5,7.455800000000001,19.0,1.499,37.279,1,1
8968,2,1.5,2.0,1.0,3.0,1,1
8845,52,4.9762538269230765,16.0,0.87,258.765199,1,1
8843,5,9.431799999999999,17.88,0.9,47.159,1,1
8822,1,1.11,1.11,1.11,1.11,1,1
8819,4,4.5825,13.29,1.09,18.33,1,1
8876,17,5.5611347058823535,23.5,0.999,94.53929000000001,1,1
8879,14,3.827175,16.75,0.99,53.58045,1,1
8778,1,3.5,3.5,3.5,3.5,1,1
8990,2,1.321,1.48,1.162,2.642,1,1
8955,1,0.99,0.99,0.99,0.99,1,1
8895,5,8.145999999999999,14.5,1.5,40.73,1,1
8834,1,1.18,1.18,1.18,1.18,1,1
8929,12,1.4953983333333334,3.18,0.99,17.94478,1,1
8831,3,5.53,9.0,3.19,16.59,1,1
8944,1,1.33,1.33,1.33,1.33,1,1
8862,3,24.459999999999997,61.69,5.0,73.38,1,1
8966,11,2.3470725454545454,4.5,0.9,25.817798,1,1
8967,14,2.946357142857143,8.5,1.0,41.249,1,1
8773,5,9.118,15.2,1.2,45.59,1,1
8995,1,1.1899,1.1899,1.1899,1.1899,1,1
8965,5,1.968,3.1,0.9,9.84,1,1
8953,8,7.1504062500000005,15.8,1.5,57.203250000000004,1,1
8983,12,5.186988333333333,15.88,1.2,62.24386,1,1
8932,6,4.273016666666667,6.75,1.2,25.6381,1,1
8976,5,2.2989640000000002,7.5,0.91495,11.49482,1,1
8892,22,5.575979136363636,15.49,1.4,122.671541,1,1
8910,2,3.94,6.2,1.68,7.88,1,1
8933,6,6.3950000000000005,14.9,0.9,38.370000000000005,1,1
8902,1,3.98,3.98,3.98,3.98,1,1
8969,13,5.00321,14.425509,0.82,65.04173,1,1
8884,4,2.99975,8.5,1.0,11.999,1,1
8794,5,2.088,3.65,1.2,10.44,1,1
8785,44,5.152522727272727,9.9,1.2,226.71099999999998,1,1
8993,6,1.7171666666666667,3.19,1.09,10.303,1,1
8923,1,0.84,0.84,0.84,0.84,1,1
8803,29,2.674082689655173,7.79,0.818,77.548398,1,1
8964,2,0.8500000000000001,0.9,0.8,1.7000000000000002,1,1
8844,1,1.2,1.2,1.2,1.2,1,1
8860,27,5.149724444444445,6.71,0.93,139.04256,1,1
9000,2,1.495,1.99,1.0,2.99,1,1
8880,3,11.826333333333332,27.5,0.99,35.479,1,1
8979,8,1.926872375,4.75,0.495,15.414979,1,1
8974,2,11.75,21.0,2.5,23.5,1,1
8987,4,2.7,4.45,1.2,10.8,1,1
8842,2,1.625,1.9,1.35,3.25,1,1
8939,1,1.177,1.177,1.177,1.177,1,1
8996,2,3.53495,5.88,1.1899,7.0699,1,1
8887,8,3.2784,12.5,0.41,26.2272,1,1
8881,2,0.9305000000000001,1.05,0.811,1.8610000000000002,1,1
8905,23,3.6936647826086957,13.88,1.144,84.95429,1,1
8815,8,1.7217500000000001,3.484,0.85,13.774000000000001,1,1
8975,9,3.3678000000000003,7.24,1.0,30.310200000000002,1,1
8877,3,1.4893333333333334,1.879,1.2,4.468,1,1
8838,7,5.8500000000000005,11.95,0.9,40.95,1,1
8978,11,8.400484,24.5,1.1,92.40532400000001,1,1
8951,0,0.0,0.0,0.0,0.0,0,0
8786,10,2.2095,3.99,1.14,22.095,1,1
8999,5,1.77596,3.8999,1.1,8.8798,1,1
8839,2,3.058795,3.42069,2.6969,6.11759,1,1
8981,14,3.413642857142857,5.06,0.94,47.791,1,1
8787,13,3.681992307692308,15.48,1.29,47.8659,1,1
8926,4,4.5600000000000005,11.89,1.4,18.240000000000002,1,1
8857,3,1.2163333333333333,1.499,0.9,3.649,1,1
8830,68,3.0715111764705885,8.0,1.05,208.86276,1,1
8861,1,13.0,13.0,13.0,13.0,1,1
8766,4,7.915,13.69,1.2,31.66,1,1
8931,4,3.48625,7.4,1.3,13.945,1,1
8909,6,4.932333333333333,14.38,1.188,29.594,1,1
8928,10,5.614590000000001,15.8,1.05,56.145900000000005,1,1
8937,6,6.07,16.0,1.19,36.42,1,1
8919,34,2.048545588235294,4.49,0.78,69.65055,1,1
8935,3,1.8586666666666665,3.3,0.888,5.576,1,1
8849,3,7.383033333333333,11.2791,0.87,22.149099999999997,1,1
8992,34,4.823353823529412,7.65,0.99,163.99403,1,1
8774,6,3.2052333333333336,4.2814,1.25,19.2314,1,1
8846,28,4.371567857142857,7.3001,0.87,122.4039,1,1
8850,8,2.6991655,14.89,0.413,21.593324,1,1
8847,4,2.23,3.42,1.2,8.92,1,1
8903,15,4.419246666666667,11.0,0.99,66.2887,1,1
8868,10,6.3148998999999995,16.5,0.74,63.148998999999996,1,1
8826,5,10.5384,16.75,1.197,52.692,1,1
8959,17,2.7288529411764704,7.3,0.8,46.390499999999996,1,1
8820,11,3.898963636363636,5.18,3.41,42.8886,1,1
8913,2,7.195,13.0,1.39,14.39,1,1
8977,1,0.85,0.85,0.85,0.85,1,1
8790,15,4.7483933333333335,22.22,1.1969,71.2259,1,1
8833,19,3.2654734210526315,7.9,1.045,62.043995,1,1
8916,4,8.42,15.0,0.98,33.68,1,1
9001,14,2.2450385714285717,11.89,0.473,31.43054,1,1
8788,16,4.649613125,11.75,0.5,74.39381,1,1
8888,2,5.04,8.88,1.2,10.08,1,1
8851,2,1.05,1.1,1.0,2.1,1,1
8896,21,3.860904761904762,5.7,0.8,81.07900000000001,1,1
8872,15,1.8556933333333334,3.19,1.05,27.8354,1,1
8811,4,4.828348500000001,15.5,0.923494,19.313394000000002,1,1
8988,16,4.2580875,9.6,0.945,68.1294,1,1
8942,3,5.743333333333333,13.0,1.23,17.23,1,1
8740,8,1.36699875,1.87,0.79,10.93599,1,1
8730,4,9.3825,21.49,1.25,37.53,1,1
8586,12,2.4691666666666667,6.87,0.88,29.63,1,1
8674,7,2.8814285714285717,8.49,1.0,20.17,1,1
8728,56,4.368361339285714,6.59,0.86,244.628235,1,1
8697,2,56.5,100.0,13.0,113.0,1,1
8742,2,2.025,2.16,1.89,4.05,1,1
8587,52,3.915621134615385,5.9,1.3282,203.612299,1,1
8729,17,6.2284587647058824,12.8,1.1697,105.883799,1,1
8588,24,3.489385791666667,13.9,1.35,83.745259,1,1
8568,1,0.8799,0.8799,0.8799,0.8799,1,1
8687,3,1.4813333333333334,1.74,1.069,4.444,1,1
8558,9,4.0709888888888885,6.45,1.3,36.6389,1,1
8643,2,4.2,5.0,3.4,8.4,1,1
8601,7,2.134614285714286,4.95,0.687,14.942300000000001,1,1
8655,34,5.749646764705882,7.64,1.03,195.48799,1,1
8599,26,3.790865346153846,7.7,1.043799,98.562499,1,1
8684,11,6.205079090909091,16.39,1.15,68.25587,1,1
8701,10,4.97028,9.2,1.0,49.702799999999996,1,1
8691,6,12.22115,23.98,1.05,73.3269,1,1
8659,2,3.745,5.99,1.5,7.49,1,1
8551,21,3.0838547142857142,10.5,1.17,64.760949,1,1
8615,4,5.813750000000001,18.85,0.855,23.255000000000003,1,1
8663,5,2.843,11.0,0.48,14.215,1,1
8700,15,1.3032909333333333,3.8,0.91,19.549364,1,1
8651,21,5.122171428571429,7.9,1.25,107.5656,1,1
8713,47,4.298420404255319,7.76,1.1,202.025759,1,1
8552,15,1.8626666,3.5,1.09,27.939999,1,1
8764,4,4.15,4.9,2.59,16.6,1,1
8759,8,7.043125,21.75,0.8,56.345,1,1
8709,3,2.59193,4.44879,1.448,7.77579,1,1
8602,5,4.976000000000001,8.8,1.28,24.880000000000003,1,1
8686,1,1.47,1.47,1.47,1.47,1,1
8724,10,4.4859,10.99,0.8,44.859,1,1
8614,27,3.3134694444444444,6.63,0.858,89.463675,1,1
8704,1,28.88,28.88,28.88,28.88,1,1
8582,33,2.4319553636363636,23.0,0.42,80.254527,1,1
8753,1,6.5,6.5,6.5,6.5,1,1
8664,13,1.4486846153846153,2.12,1.2,18.8329,1,1
8725,7,5.724857142857142,13.5,1.13,40.074,1,1
8721,38,3.0769160789473684,7.25,0.8,116.922811,1,1
8748,6,4.835466666666666,14.5,1.349,29.0128,1,1
8613,3,1.085,1.375,0.88,3.255,1,1
8757,15,2.756803333333333,4.86995,1.29,41.35205,1,1
8640,45,3.2219322000000004,7.44,1.2,144.986949,1,1
8590,10,6.0209,15.5,1.0,60.209,1,1
8578,1,1.35,1.35,1.35,1.35,1,1
8644,3,2.4433333333333334,3.0,1.5,7.33,1,1
8760,11,1.9249080909090908,3.05,0.869,21.173989,1,1
8609,33,6.031554242424242,13.69,1.2,199.04129,1,1
8622,2,2.65,4.0,1.3,5.3,1,1
8623,13,3.975807692307692,15.05,0.767,51.6855,1,1
8539,7,2.8194285714285714,6.0,1.195,19.736,1,1
8611,6,2.873333166666667,12.55,0.608,17.239999,1,1
8732,27,3.0004844444444445,8.0,0.89,81.01308,1,1
8605,4,5.047000000000001,15.4,0.888,20.188000000000002,1,1
8628,3,3.57,5.01,2.8,10.709999999999999,1,1
8589,2,5.6,6.2,5.0,11.2,1,1
8576,2,8.239,15.678,0.8,16.478,1,1
8657,30,0.8311419666666667,1.05,0.55,24.934259,1,1
8557,15,1.6531086,3.8,1.17,24.796629,1,1
8593,3,1.013,1.19,0.899,3.0389999999999997,1,1
8667,1,1.02,1.02,1.02,1.02,1,1
8620,2,1.2082,1.2364,1.18,2.4164,1,1
8695,7,8.234285714285715,14.0,3.0,57.64,1,1
8600,8,4.778375,14.8,1.039,38.227,1,1
8719,11,3.4031000000000002,9.15,0.85,37.4341,1,1
8549,4,2.5023874999999998,6.39,1.17,10.009549999999999,1,1
8737,14,4.5315,14.0,0.85,63.441,1,1
8679,6,2.9800000000000004,10.9,0.99,17.880000000000003,1,1
8603,3,1.8799666666666666,2.39,1.1999,5.6399,1,1
8752,1,1.19,1.19,1.19,1.19,1,1
8718,4,6.756225000000001,13.33,1.5,27.024900000000002,1,1
8652,3,1.2996666666666667,1.85,0.98,3.899,1,1
8550,3,4.012666666666667,9.88,0.988,12.038,1,1
8544,2,6.525,6.9,6.15,13.05,1,1
8645,4,4.1475,7.69,1.6,16.59,1,1
8596,2,1.5375,1.745,1.33,3.075,1,1
8683,2,1.3845,1.39,1.379,2.769,1,1
8699,25,5.9456039999999994,6.79,1.13,148.6401,1,1
8681,2,2.49,2.98,2.0,4.98,1,1
8548,32,5.801934375,7.18,0.9,185.6619,1,1
8624,2,0.995,1.04,0.95,1.99,1,1
8668,57,4.359317543859649,13.28,1.05,248.4811,1,1
8693,47,2.9316382978723405,4.65,1.44,137.787,1,1
8631,6,1.8113333333333335,4.0,0.98,10.868,1,1
8682,27,4.8645555555555555,15.4,1.18,131.343,1,1
8579,12,2.92048325,6.22,1.05,35.045799,1,1
8702,4,2.31,5.0,1.25,9.24,1,1
8566,4,6.93,16.5,2.88,27.72,1,1
8617,40,4.520016925,10.0,1.9,180.800677,1,1
8677,4,1.255,1.8,0.7,5.02,1,1
8569,2,1.169,1.399,0.939,2.338,1,1
8690,4,2.1790000000000003,3.333,1.45,8.716000000000001,1,1
8762,7,4.5065,20.0,0.42,31.5455,1,1
8630,18,1.5936772222222222,4.0,0.451,28.68619,1,1
8763,15,3.74872,20.6,0.88,56.2308,1,1
8739,1,2.0,2.0,2.0,2.0,1,1
8671,19,2.7961578947368424,4.61,0.9,53.127,1,1
8648,2,4.75,7.5,2.0,9.5,1,1
8634,2,7.75,14.0,1.5,15.5,1,1
8559,27,5.33802962962963,11.4,0.36884,144.1268,1,1
8604,1,1.99,1.99,1.99,1.99,1,1
8647,1,3.5,3.5,3.5,3.5,1,1
8541,4,2.0060000000000002,3.0,1.175,8.024000000000001,1,1
8621,85,7.254785882352941,36.0,0.97,616.6568,1,1
8733,1,1.25,1.25,1.25,1.25,1,1
8618,46,3.3704959999999997,6.71,1.33,155.042816,1,1
8649,4,6.0,20.0,1.1,24.0,1,1
8734,8,2.73874875,4.9,1.2,21.90999,1,1
8546,2,14.345,24.0,4.69,28.69,1,1
8707,4,4.677475,5.5,4.0,18.7099,1,1
8629,31,3.040961193548387,7.380999,0.678551,94.269797,1,1
8580,64,4.54931809375,8.3,1.04246,291.156358,1,1
8543,18,1.845782166666667,7.0,0.38,33.224079,1,1
8642,5,5.16,7.76,1.1,25.8,1,1
8553,4,3.645925,6.78,1.17,14.5837,1,1
8670,5,2.1879999999999997,3.88,0.9,10.94,1,1
8712,7,5.635585714285715,20.0,0.0001,39.4491,1,1
8710,11,3.453478272727273,15.2,0.88,37.988261,1,1
8714,20,3.397045,4.11,1.15,67.9409,1,1
8692,8,5.1655999999999995,14.0,2.2,41.324799999999996,1,1
8564,8,9.80875,15.0,1.25,78.47,1,1
8619,37,2.9643459459459462,3.82,0.7,109.6808,1,1
8741,0,0.0,0.0,0.0,0.0,0,0
8556,2,4.7473,7.5046,1.99,9.4946,1,1
8750,5,4.9118,10.9,1.0,24.559,1,1
8575,2,2.27,3.49,1.05,4.54,1,1
8703,29,3.7628958620689654,15.0,1.37,109.12398,1,1
8612,4,5.3375,10.85,2.0,21.35,1,1
8731,1,2.96,2.96,2.96,2.96,1,1
8676,11,6.325727272727272,26.0,1.0,69.583,1,1
8646,1,1.6,1.6,1.6,1.6,1,1
8665,19,4.177208368421052,17.0,0.996959,79.366959,1,1
8747,1,1.0,1.0,1.0,1.0,1,1
8562,1,3.0,3.0,3.0,3.0,1,1
8736,4,3.196405,4.35,1.35,12.78562,1,1
8594,1,1.269,1.269,1.269,1.269,1,1
8666,3,6.18,15.99,1.2,18.54,1,1
8744,1,1.2,1.2,1.2,1.2,1,1
8723,2,4.9185,8.49,1.347,9.837,1,1
8716,2,1.02695,1.054,0.9999,2.0539,1,1
8689,8,2.040625,4.4,0.97,16.325,1,1
8758,2,9.0,16.5,1.5,18.0,1,1
8639,3,4.086333333333333,9.69,1.2,12.259,1,1
8705,7,3.641428571428572,10.0,1.5,25.490000000000002,1,1
8727,2,2.2584999999999997,3.5,1.017,4.5169999999999995,1,1
8540,17,3.154099411764706,7.45,0.5249,53.61969,1,1
8565,28,2.8665346428571428,7.47,0.695,80.26297,1,1
8672,3,3.7822999999999998,8.95,1.1969,11.3469,1,1
8708,35,3.4038951142857146,10.5,1.05,119.136329,1,1
8610,4,3.4375,8.2,1.18,13.75,1,1
8698,4,4.085,12.45,1.17,16.34,1,1
8755,7,5.412857142857143,15.2,1.65,37.89,1,1
8616,12,1.493475,3.23,0.95,17.9217,1,1
8637,16,3.55268625,13.1,1.11,56.84298,1,1
8573,1,1.1,1.1,1.1,1.1,1,1
8678,23,2.7785339130434785,7.14,0.7,63.90628,1,1
8738,1,1.35,1.35,1.35,1.35,1,1
8542,8,1.643599875,6.45,0.534,13.148799,1,1
8756,1,3.96,3.96,3.96,3.96,1,1
8560,3,1.22,1.49,0.99,3.66,1,1
8608,3,1.8366666666666667,3.3,1.0,5.51,1,1
8754,2,1.96,2.49,1.43,3.92,1,1
8746,4,5.87505,19.25,1.2502,23.5002,1,1
8584,62,4.736201596774193,6.63,1.19,293.644499,1,1
8669,24,3.601694875,17.98,0.92,86.44067700000001,1,1
8585,8,4.855,11.5,0.88,38.84,1,1
8570,25,4.383076,7.48,0.769,109.57690000000001,1,1
8761,3,3.046666666666667,5.0,1.26,9.14,1,1
8660,15,3.8112066666666666,5.63,0.88,57.1681,1,1
8711,21,2.5004422857142856,4.54999,1.241,52.509288,1,1
8726,3,2.1265666666666667,3.68,1.2997,6.3797,1,1
8749,3,9.996666666666668,27.0,1.49,29.990000000000002,1,1
8673,3,2.533333333333333,4.0,1.2,7.6,1,1
8654,2,2.13,3.07,1.19,4.26,1,1
8607,12,2.7916000000000003,4.55,1.05,33.4992,1,1
8720,5,2.804,3.9,0.88,14.02,1,1
8706,4,2.4575,3.8,1.44,9.83,1,1
8554,10,3.8150699,13.92,1.56,38.150699,1,1
8653,5,3.4282200000000005,9.6,1.18,17.1411,1,1
8641,5,2.0473559999999997,2.87,0.74678,10.23678,1,1
8606,8,5.8799875,13.99,0.95,47.0399,1,1
8597,6,2.706666666666667,5.99,1.5,16.240000000000002,1,1
8626,2,11.45,18.5,4.4,22.9,1,1
8561,3,2.98,5.1,0.99,8.94,1,1
8685,2,7.83,14.5,1.16,15.66,1,1
8661,9,3.5802,6.65,0.362,32.2218,1,1
8591,8,3.9825,19.0,1.37,31.86,1,1
8581,2,1.4,1.45,1.35,2.8,1,1
8650,5,9.578,21.0,1.25,47.89,1,1
8567,2,18.15,26.4,9.9,36.3,1,1
8743,4,2.3,4.25,1.1,9.2,1,1
8571,2,1.4598,1.9696,0.95,2.9196,1,1
8688,1,1.45,1.45,1.45,1.45,1,1
8636,4,5.2725,6.5,4.0,21.09,1,1
8633,1,1.48888,1.48888,1.48888,1.48888,1,1
8545,25,2.1000636,8.769,0.492,52.50159,1,1
8638,2,8.625,15.0,2.25,17.25,1,1
8555,1,8.0,8.0,8.0,8.0,1,1
8592,21,1.9377804285714286,11.0,0.613,40.693389,1,1
8632,28,4.569146428571428,6.59,1.1,127.9361,1,1
8598,2,1.205,1.29,1.12,2.41,1,1
8715,9,1.1028332222222224,2.1,0.8,9.925499,1,1
8627,4,10.9375,22.0,5.0,43.75,1,1
8745,5,1.53396,2.95,0.8918,7.6698,1,1
8656,8,4.44175,11.25,1.03,35.534,1,1
8694,2,3.345,4.69,2.0,6.69,1,1
8625,3,3.0579,6.44,1.0,9.1737,1,1
8735,4,4.656700000000001,11.89,1.2468,18.626800000000003,1,1
8751,6,2.9746663333333334,8.888,1.19,17.847998,1,1
8574,4,1.0775000000000001,1.2,0.89,4.3100000000000005,1,1
8658,3,2.16,3.99,1.19,6.48,1,1
8722,19,2.311704052631579,3.288498,0.97,43.922377,1,1
8680,21,6.6036,16.0,1.18,138.6756,1,1
8577,16,1.77920375,3.0,0.6197,28.46726,1,1
8547,23,4.120210782608695,15.75,1.0,94.764848,1,1
8595,2,2.145,2.5,1.79,4.29,1,1
8563,26,3.8426649999999998,13.0,1.06,99.90929,1,1
8717,11,2.480090909090909,6.95,0.591,27.281,1,1
8675,5,5.876,18.5,0.99,29.380000000000003,1,1
8662,2,9.2,17.0,1.4,18.4,1,1
8696,2,12.445,17.9,6.99,24.89,1,1
8635,10,2.749345,6.04,1.33585,27.49345,1,1
8583,1,1.12,1.12,1.12,1.12,1,1
8572,35,4.045639314285714,5.59,0.899,141.597376,1,1
8315,77,1.4841255584415585,6.2,0.36,114.277668,1,1
8433,20,3.61871255,7.98,0.998,72.374251,1,1
8527,2,14.328,15.99,12.666,28.656,1,1
8460,1,1.1,1.1,1.1,1.1,1,1
8425,2,5.495,9.99,1.0,10.99,1,1
8490,2,1.9849999999999999,3.0,0.97,3.9699999999999998,1,1
8412,21,3.5971428571428574,10.0,1.35,75.54,1,1
8376,4,4.85975,12.0,0.899,19.439,1,1
8318,2,4.8,8.5,1.1,9.6,1,1
8313,104,3.141331038461538,6.89,1.15,326.698428,1,1
8458,25,4.48828256,24.0,0.925,112.207064,1,1
8316,5,4.2826,9.99,1.333,21.413,1,1
8338,3,4.6056333333333335,6.9069,1.01,13.8169,1,1
8453,23,4.185695652173913,6.165,0.899,96.271,1,1
8399,20,5.3123299,7.999,1.349,106.24659799999999,1,1
8422,2,1.825,2.65,1.0,3.65,1,1
8509,4,2.73185,3.7,1.5,10.9274,1,1
8304,9,5.124439,7.839951,1.0,46.119951,1,1
8328,30,1.4356527,7.4,0.43,43.069581,1,1
8525,19,3.067036315789474,8.39,1.0969,58.27369,1,1
8482,8,3.4033625,5.88,1.0969,27.2269,1,1
8438,7,5.6127142857142855,14.3,1.06,39.289,1,1
8366,6,4.223166666666667,11.5,0.849,25.339,1,1
8309,3,1.71,3.0,0.9,5.13,1,1
8374,50,3.51504154,13.09,0.75,175.75207699999999,1,1
8322,4,2.68,5.99,1.32,10.72,1,1
8393,20,2.7547975,7.345,0.77,55.09595,1,1
8414,5,4.654999999999999,7.7,1.05,23.275,1,1
8335,5,5.94178,14.269,1.3,29.7089,1,1
8441,4,1.20225,1.29,1.15,4.809,1,1
8494,29,2.214046448275862,12.5,0.715,64.207347,1,1
8469,3,3.1933333333333334,4.18,1.9,9.58,1,1
8423,11,2.1631727272727272,4.7,1.2,23.7949,1,1
8326,32,3.3048196875,15.0,0.362,105.75423,1,1
8388,5,3.51502,11.5,0.95,17.5751,1,1
8391,4,1.68725,3.3,0.95,6.749,1,1
8442,7,3.9812857142857143,4.85,1.18,27.869,1,1
8363,2,1.4649999999999999,1.74,1.19,2.9299999999999997,1,1
8337,10,6.789888,25.0,1.28,67.89888,1,1
8431,2,5.8,10.0,1.6,11.6,1,1
8472,26,2.0739169615384614,22.1,0.421,53.921841,1,1
8485,21,2.3061404285714286,4.769,0.35,48.428949,1,1
8395,5,5.4558,10.25,1.389,27.279,1,1
8364,2,1.228918,1.267836,1.19,2.457836,1,1
8303,9,4.819072888888889,15.678,0.365,43.371656,1,1
8348,10,3.388317,16.69,0.9,33.88317,1,1
8426,5,5.025,13.0,1.1,25.125,1,1
8379,16,2.9183654375,14.0,1.299,46.693847,1,1
8471,3,3.9590666666666667,6.77,2.1072,11.8772,1,1
8459,13,3.747715384615385,6.45,0.82,48.7203,1,1
8477,24,5.935472874999999,16.0,0.47,142.451349,1,1
8351,16,1.9910631875,16.0,0.41,31.857011,1,1
8319,4,5.71,14.9,0.94,22.84,1,1
8359,2,0.9145,1.0,0.829,1.829,1,1
8306,16,3.452125,11.5,1.68,55.234,1,1
8504,3,6.45,16.5,1.25,19.35,1,1
8499,3,3.988666666666667,5.3,1.666,11.966000000000001,1,1
8463,38,3.426015763157895,21.99,1.0,130.188599,1,1
8503,3,10.016666666666667,16.0,1.25,30.05,1,1
8519,2,8.5,16.25,0.75,17.0,1,1
8361,15,4.876586666666667,18.48,1.2,73.14880000000001,1,1
8311,3,6.573333333333333,13.0,1.5,19.72,1,1
8400,11,6.039363636363635,20.0,0.547,66.43299999999999,1,1
8382,6,2.6785333333333337,8.0,1.075,16.0712,1,1
8510,21,2.648679857142857,8.62,0.37618,55.622277,1,1
8358,99,5.093259595959596,14.0,0.505,504.2327,1,1
8467,2,4.9745,6.949,3.0,9.949,1,1
8310,5,2.5898,3.0,2.0,12.949,1,1
8475,3,8.92,17.0,1.56,26.759999999999998,1,1
8424,34,3.2672079411764705,5.07,0.75,111.08507,1,1
8390,54,2.0436214814814813,12.5,0.5444,110.35556,1,1
8451,3,2.9166666666666665,5.8,1.05,8.75,1,1
8352,26,3.4817680384615386,20.4875,0.798,90.525969,1,1
8440,4,2.95025,5.0,1.311,11.801,1,1
8408,3,1.82,3.49,0.77,5.46,1,1
8308,4,4.376250000000001,9.98,0.9,17.505000000000003,1,1
8334,16,3.081233125,15.98,0.466,49.29973,1,1
8339,2,10.5,20.0,1.0,21.0,1,1
8417,3,1.0596666666666668,1.289,0.85,3.1790000000000003,1,1
8513,7,5.6832714285714285,14.2,0.6554,39.7829,1,1
8434,52,2.0301534615384615,4.83,1.21,105.56798,1,1
8411,4,8.3375,15.0,1.35,33.35,1,1
8444,2,1.0945,1.19,0.999,2.189,1,1
8443,3,5.19,12.34,1.25,15.57,1,1
8305,5,1.85672,4.99,0.42,9.2836,1,1
8332,17,1.5190746470588237,4.299,0.42,25.824269,1,1
8508,4,2.90197475,9.0,0.69,11.607899,1,1
8514,9,4.910888888888889,13.99,0.745,44.198,1,1
8329,21,2.6145437142857144,15.0,0.75,54.905418000000004,1,1
8492,3,1.4829999999999999,2.1,1.0,4.449,1,1
8436,2,23.355,42.0,4.71,46.71,1,1
8420,36,4.240510805555555,8.0402,0.9342,152.658389,1,1
8403,4,5.8100000000000005,9.0,3.99,23.240000000000002,1,1
8500,4,4.037975,9.612,1.0499,16.1519,1,1
8479,5,1.8653799999999996,2.1569,1.42,9.326899999999998,1,1
8522,32,4.30208125,16.0,0.745,137.6666,1,1
8456,4,1.845,3.45,0.8,7.38,1,1
8493,4,6.9872499999999995,18.0,1.349,27.948999999999998,1,1
8497,12,4.233824916666667,14.92,1.1143,50.805899000000004,1,1
8495,10,4.53677,18.88,1.349,45.3677,1,1
8355,2,1.37,1.5,1.24,2.74,1,1
8354,8,6.2360125,18.69,0.59,49.8881,1,1
8325,4,2.59775,6.0,1.141,10.391,1,1
8404,19,3.0013105263157898,13.707,0.84,57.0249,1,1
8357,46,3.398073847826087,6.62,0.56,156.311397,1,1
8520,11,3.0173636363636365,10.0,0.477,33.191,1,1
8535,7,3.742501428571429,7.6,2.022,26.19751,1,1
8518,8,3.328425,7.75,0.9199,26.6274,1,1
8446,4,2.226725,4.2069,1.3,8.9069,1,1
8405,62,5.004064338709677,7.245,0.77,310.251989,1,1
8375,9,2.9048888888888893,6.9,1.1,26.144000000000002,1,1
8538,6,3.2100165,7.9,1.11,19.260099,1,1
8536,20,3.9289779000000005,15.2469,1.4,78.579558,1,1
8486,4,7.3125,13.5,1.0,29.25,1,1
8371,98,4.753105091836735,8.0,0.9,465.804299,1,1
8406,1,1.25,1.25,1.25,1.25,1,1
8450,4,6.15,15.0,1.6,24.6,1,1
8389,4,29.44225,69.0,6.269,117.769,1,1
8498,8,6.481549875,15.9,1.2666,51.852399,1,1
8531,1,1.15,1.15,1.15,1.15,1,1
8465,1,7.18,7.18,7.18,7.18,1,1
8534,46,5.329997369565217,21.0,1.01,245.179879,1,1
8530,1,1.15,1.15,1.15,1.15,1,1
8344,17,3.5924029411764704,5.85,0.898,61.07085,1,1
8301,5,1.6956398,3.05,1.05,8.478199,1,1
8413,4,3.0629737500000003,3.6528,2.099095,12.251895000000001,1,1
8373,2,7.42,13.95,0.89,14.84,1,1
8466,8,12.01375,23.99,6.5,96.11,1,1
8454,5,3.6778059999999995,6.9999,1.15,18.389029999999998,1,1
8343,7,16.777142857142856,60.0,1.0,117.44,1,1
8392,22,2.5879658181818184,6.43,0.442499,56.935248,1,1
8529,1,1.0969,1.0969,1.0969,1.0969,1,1
8445,8,3.73815,10.6,1.25,29.9052,1,1
8415,4,13.298750000000002,25.69,1.15,53.19500000000001,1,1
8345,31,4.37231935483871,6.55,0.85,135.5419,1,1
8386,2,5.525,10.0,1.05,11.05,1,1
8381,21,3.446342857142857,6.51,0.9412,72.3732,1,1
8521,1,3.0,3.0,3.0,3.0,1,1
8377,10,3.4099899999999996,6.399,0.99,34.0999,1,1
8516,21,3.1339999999999995,15.99,1.1,65.814,1,1
8429,13,2.9223440000000003,16.0,0.736,37.990472000000004,1,1
8532,10,2.28999,3.747,1.2,22.8999,1,1
8401,16,2.5995,10.9,0.484,41.592,1,1
8528,1,13.37,13.37,13.37,13.37,1,1
8320,28,4.7782857142857145,7.25,1.34,133.792,1,1
8369,12,2.130529166666667,4.55,1.0,25.56635,1,1
8462,17,1.9794940588235292,6.0004,0.785,33.651399,1,1
8368,4,5.2330000000000005,15.88,0.83,20.932000000000002,1,1
8342,1,1.666,1.666,1.666,1.666,1,1
8385,12,5.520566666666666,16.0,1.0,66.2468,1,1
8428,5,7.386,16.0,0.98,36.93,1,1
8330,12,1.89898325,2.26,0.99,22.787799,1,1
8507,3,5.98,14.5,1.25,17.94,1,1
8402,12,5.8669166666666674,16.6,0.8,70.403,1,1
8324,8,2.905699875,7.99,1.32,23.245599,1,1
8517,3,10.13,26.69,1.6,30.39,1,1
8505,9,0.7389722222222223,2.0,0.455,6.65075,1,1
8468,8,3.301334875,14.0,0.974,26.410679,1,1
8380,1,0.942,0.942,0.942,0.942,1,1
8437,2,2.915,3.88,1.95,5.83,1,1
8474,3,7.381333333333333,15.5,3.3,22.144,1,1
8340,10,3.5813,14.0,1.39,35.813,1,1
8353,4,14.7475,49.0,1.5,58.99,1,1
8365,25,5.11724,16.0,1.07,127.931,1,1
8439,7,6.382371428571429,16.0,1.18,44.6766,1,1
8302,9,1.9902966666666666,2.355,0.92,17.91267,1,1
8321,2,1.045,1.15,0.94,2.09,1,1
8488,4,4.6625,11.5,1.0,18.65,1,1
8480,12,2.51683325,13.5,0.711,30.201999,1,1
8512,33,4.807808242424242,13.2,0.8,158.657672,1,1
8367,8,4.037475,10.5,0.1,32.2998,1,1
8432,2,1.2195,1.239,1.2,2.439,1,1
8398,14,4.956074928571428,14.69,0.92495,69.385049,1,1
8464,4,1.8765,2.5,1.23,7.506,1,1
8362,3,1.2133333333333334,1.48,1.06,3.64,1,1
8370,1,0.83,0.83,0.83,0.83,1,1
8502,0,0.0,0.0,0.0,0.0,0,0
8387,4,3.3975,5.69,1.2,13.59,1,1
8421,16,2.4241143750000003,10.0,0.728,38.785830000000004,1,1
8378,2,1.361,1.88,0.842,2.722,1,1
8331,85,2.3129173529411764,7.79,0.379178,196.597975,1,1
8489,6,3.2299995,11.5,0.97,19.379997,1,1
8349,7,3.495914285714286,11.33,0.905,24.471400000000003,1,1
8476,102,4.047259607843137,13.0,1.358,412.82048,1,1
8416,2,0.9750000000000001,1.1,0.85,1.9500000000000002,1,1
8435,9,2.355811111111111,2.93,1.55,21.2023,1,1
8511,5,8.89,19.0,1.2,44.45,1,1
8350,3,5.8500000000000005,15.0,1.25,17.55,1,1
8384,3,5.3,10.85,1.5,15.899999999999999,1,1
8336,1,2.22,2.22,2.22,2.22,1,1
8483,3,2.1333333333333333,3.8,1.15,6.3999999999999995,1,1
8430,5,9.53,15.95,1.2,47.65,1,1
8299,1,0.75,0.75,0.75,0.75,1,1
8501,3,1.4799999999999998,1.69,1.2,4.4399999999999995,1,1
8524,9,4.7880666666666665,14.5,1.189,43.0926,1,1
8452,2,1.21,1.49,0.93,2.42,1,1
8360,8,2.59665,2.899,1.1,20.7732,1,1
8323,7,7.112142857142857,17.99,0.99,49.785,1,1
8470,3,4.8234,5.7,3.87,14.4702,1,1
8487,1,0.97,0.97,0.97,0.97,1,1
8419,10,5.9303,22.9,0.9,59.303,1,1
8526,17,3.048331823529412,12.97,1.19,51.821641,1,1
8478,2,8.95,16.0,1.9,17.9,1,1
8346,2,1.275,1.7,0.85,2.55,1,1
8356,3,9.013333333333334,14.9,1.24,27.04,1,1
8418,2,1.05,1.1,1.0,2.1,1,1
8537,68,3.6419642647058823,14.2,1.2399,247.65357,1,1
8312,7,15.628128571428572,44.0,4.0,109.3969,1,1
8300,16,3.6390000000000002,12.34,0.75,58.224000000000004,1,1
8491,34,3.440355882352941,6.05,0.97,116.9721,1,1
8407,2,7.745,14.49,1.0,15.49,1,1
8341,2,1.8333,2.2,1.4666,3.6666,1,1
8449,13,3.7580538461538464,16.8,0.479,48.8547,1,1
8383,3,2.033333333333333,3.0,1.1,6.1,1,1
8327,3,1.0416666666666667,1.285,0.74,3.125,1,1
8427,5,3.95742,5.05,1.0,19.7871,1,1
8506,7,2.5180285714285717,3.6942,1.09,17.6262,1,1
8447,8,1.610584875,3.297999,0.551,12.884679,1,1
8307,19,4.608252631578947,19.75,1.25,87.5568,1,1
8533,1,0.7969,0.7969,0.7969,0.7969,1,1
8481,13,2.232873846153846,5.75,1.4888,29.027359999999998,1,1
8409,16,4.12047875,14.78,1.1,65.92766,1,1
8457,12,1.7469166666666667,2.89,0.8,20.963,1,1
8396,1,1.21,1.21,1.21,1.21,1,1
8372,5,4.159599999999999,16.7,0.84,20.798,1,1
8314,7,2.4555714285714285,6.1,0.619,17.189,1,1
8317,4,4.800775,13.8501,0.92,19.2031,1,1
8455,2,1.465,1.6,1.33,2.93,1,1
8397,23,4.006723478260869,23.5,1.0,92.15464,1,1
8515,54,5.330555407407407,15.88,0.759993,287.849992,1,1
8484,32,2.05295153125,9.74,0.41,65.694449,1,1
8410,10,2.7977197,7.49,0.66,27.977197,1,1
8347,14,4.481214214285714,14.0,1.2,62.736999,1,1
8496,3,3.6163333333333334,7.0,1.349,10.849,1,1
8394,37,4.176701702702703,20.0,0.779,154.537963,1,1
8473,2,5.390000000000001,6.9,3.88,10.780000000000001,1,1
8448,1,1.99,1.99,1.99,1.99,1,1
8523,18,4.177638833333333,5.17,1.14,75.197499,1,1
8333,5,8.926,25.5,1.6,44.63,1,1
8461,5,7.1122423999999995,13.0,0.82,35.561212,1,1
8224,0,0.0,0.0,0.0,0.0,0,0
8155,1,0.965,0.965,0.965,0.965,1,1
8096,11,3.2465090909090906,7.4269,1.645,35.7116,1,1
8273,4,6.4874975,14.6,0.94999,25.94999,1,1
8079,1,1.0,1.0,1.0,1.0,1,1
8152,0,0.0,0.0,0.0,0.0,0,0
8099,16,4.96918125,23.0,1.19,79.5069,1,1
8126,8,5.3734874999999995,27.0,0.721,42.987899999999996,1,1
8196,13,4.101615384615385,15.85,0.98,53.321,1,1
8065,1,2.0,2.0,2.0,2.0,1,1
8088,20,4.396050000000001,8.0,1.56,87.921,1,1
8267,73,1.6777383424657533,7.29,1.1,122.474899,1,1
8263,2,0.91875,0.9375,0.9,1.8375,1,1
8131,1,1.99,1.99,1.99,1.99,1,1
8296,10,2.41657,2.99,0.95,24.1657,1,1
8286,23,4.37516347826087,18.48,0.85,100.62876,1,1
8170,3,1.0665,1.1495,1.0,3.1995,1,1
8298,1,2.2,2.2,2.2,2.2,1,1
8175,15,4.532086666666667,7.9,0.88,67.9813,1,1
8077,18,1.9603248333333336,7.8,0.86,35.285847000000004,1,1
8280,1,0.749,0.749,0.749,0.749,1,1
8123,6,7.534833333333334,13.75,0.99,45.209,1,1
8239,4,1.7025000000000001,2.7,1.22,6.8100000000000005,1,1
8242,11,3.851363545454545,6.5,1.09,42.364999,1,1
8082,6,5.852916666666666,12.0,0.75,35.1175,1,1
8197,20,1.8665589999999999,9.5,0.97,37.331179999999996,1,1
8291,14,3.981138,15.35,0.79,55.735932,1,1
8223,0,0.0,0.0,0.0,0.0,0,0
8094,1,42.69,42.69,42.69,42.69,1,1
8163,11,1.689890909090909,3.645,1.25,18.5888,1,1
8176,4,3.557475,7.2,0.7999,14.2299,1,1
8257,9,5.590043777777778,20.55,2.45,50.310394,1,1
8190,11,5.587272727272727,15.0,0.98,61.46,1,1
8177,18,3.7951610555555555,16.5,0.78,68.312899,1,1
8165,18,1.4754150000000001,5.15,0.474,26.557470000000002,1,1
8289,0,0.0,0.0,0.0,0.0,0,0
8101,1,1.0,1.0,1.0,1.0,1,1
8293,3,16.666666666666668,40.0,5.0,50.0,1,1
8295,5,3.9578,7.3,1.75,19.789,1,1
8285,4,4.20725,12.5,1.18,16.829,1,1
8205,9,3.538666555555556,12.9,0.85,31.847999,1,1
8250,1,3.2,3.2,3.2,3.2,1,1
8111,14,2.138471357142857,3.0,1.399,29.938599,1,1
8231,4,6.97025,12.25,1.025,27.881,1,1
8105,5,6.9799998,15.2,1.0,34.899999,1,1
8168,5,8.11,15.5,1.1,40.55,1,1
8109,8,2.0299875,2.66,1.1499,16.2399,1,1
8098,4,6.2855,6.942,6.05,25.142,1,1
8115,13,1.6652856153846154,3.7,0.85,21.648713,1,1
8184,4,3.9850000000000003,9.8,1.15,15.940000000000001,1,1
8148,10,9.3998,24.87,1.13,93.998,1,1
8139,11,3.2835454545454543,13.6,1.0,36.119,1,1
8179,13,3.4045298461538462,8.6942,1.345,44.258888,1,1
8260,40,4.0431025,15.0,0.85,161.7241,1,1
8151,1,6.0,6.0,6.0,6.0,1,1
8118,6,2.829166666666667,6.477,0.99,16.975,1,1
8083,6,0.9563596666666666,1.696961,0.432,5.738157999999999,1,1
8271,17,1.9450764705882353,5.0,0.397,33.0663,1,1
8212,14,2.71635,24.9,0.399,38.0289,1,1
8199,5,2.3298,4.2,0.969,11.649000000000001,1,1
8258,8,6.046875,14.2,1.71,48.375,1,1
8121,16,2.40113125,6.19,0.95,38.4181,1,1
8229,15,4.416333333333333,16.5,0.879,66.245,1,1
8173,11,3.018888636363636,6.6,1.3,33.207775,1,1
8282,2,1.244,1.4,1.088,2.488,1,1
8195,12,5.234983333333333,14.9,1.2,62.8198,1,1
8103,1,0.8,0.8,0.8,0.8,1,1
8084,1,1.389,1.389,1.389,1.389,1,1
8217,2,0.9119999999999999,0.975,0.849,1.8239999999999998,1,1
8149,2,1.783,1.9,1.666,3.566,1,1
8219,5,2.3758,6.5,0.449,11.879,1,1
8232,1,1.2375,1.2375,1.2375,1.2375,1,1
8071,19,3.385257894736842,15.5,0.81,64.3199,1,1
8279,4,9.6995,19.688,1.11,38.798,1,1
8227,0,0.0,0.0,0.0,0.0,0,0
8209,4,8.25,16.0,0.87,33.0,1,1
8246,13,5.232615384615385,22.0,0.8,68.024,1,1
8207,27,3.0238637037037033,3.94,0.9,81.64432,1,1
8145,18,3.031222222222222,6.45,1.05,54.562,1,1
8127,3,2.0766666666666667,3.2,1.11,6.23,1,1
8266,9,0.5897666666666667,1.3969,0.42,5.3079,1,1
8208,4,4.2675,10.31,0.85,17.07,1,1
8185,4,2.0625,3.9,0.85,8.25,1,1
8090,4,2.275,2.54,1.8,9.1,1,1
8070,3,0.8933300000000001,1.0,0.77999,2.67999,1,1
8143,10,1.99249,3.34,1.299,19.9249,1,1
8182,6,4.954483333333333,15.0,0.7869,29.7269,1,1
8187,8,1.7678749999999999,5.59,0.848,14.142999999999999,1,1
8297,8,5.16,16.0,1.05,41.28,1,1
8141,1,1.2,1.2,1.2,1.2,1,1
8078,23,1.7147326086956522,6.19,0.755,39.43885,1,1
8095,2,2.47295,3.999,0.9469,4.9459,1,1
8138,26,3.535510846153846,18.0,0.723,91.923282,1,1
8221,18,1.5503833333333334,4.96,0.474,27.9069,1,1
8243,30,6.008392333333333,15.0,0.96,180.25177,1,1
8108,10,4.8870000000000005,5.94,1.0,48.870000000000005,1,1
8213,18,2.3163720555555556,3.2299,0.7998,41.694697,1,1
8218,3,1.8333333333333333,3.1,1.15,5.5,1,1
8136,5,7.2219999999999995,16.0,1.15,36.11,1,1
8081,1,0.75,0.75,0.75,0.75,1,1
8191,6,9.505,25.0,1.59,57.03,1,1
8189,10,2.49227,4.2,1.45,24.9227,1,1
8174,12,1.81509975,3.354897,0.95,21.781197,1,1
8067,18,3.5663555000000002,5.59,0.9,64.194399,1,1
8183,3,2.6333333333333333,3.77,1.33,7.9,1,1
8292,3,9.326666666666666,16.0,1.6,27.98,1,1
8281,17,2.9223849411764706,10.0,0.3798,49.680544,1,1
8162,5,5.7258,11.0,1.349,28.628999999999998,1,1
8211,3,1.93,3.4,0.99,5.79,1,1
8220,1,1.1,1.1,1.1,1.1,1,1
8097,36,5.132397222222222,21.4,1.45,184.7663,1,1
8159,2,0.965,0.99,0.94,1.93,1,1
8135,4,2.51,6.89,0.9,10.04,1,1
8073,10,3.71965,7.8231,0.95,37.1965,1,1
8206,19,5.3789,21.0,0.85,102.1991,1,1
8113,4,2.8425000000000002,6.5,1.49,11.370000000000001,1,1
8146,7,2.1661428571428574,3.5,1.15,15.163,1,1
8275,3,4.363333333333333,8.99,1.6,13.09,1,1
8269,20,2.61315945,15.5,0.373,52.263189,1,1
8203,10,4.756099900000001,15.4,0.92,47.560999,1,1
8110,10,5.7719296,25.0,1.288,57.719296,1,1
8089,4,5.285,14.0,0.96,21.14,1,1
8270,2,13.34845,17.0,9.6969,26.6969,1,1
8144,13,1.8796538461538463,2.35,1.2,24.4355,1,1
8068,5,4.65,8.5,1.5,23.25,1,1
8253,28,2.9339354642857143,13.5,0.97,82.150193,1,1
8164,1,1.19,1.19,1.19,1.19,1,1
8261,11,3.8967271818181817,14.5,0.42,42.863999,1,1
8106,3,9.026666666666666,23.99,1.5,27.08,1,1
8222,6,4.9615,13.19,1.1,29.769,1,1
8188,4,10.841750000000001,29.0,1.777,43.367000000000004,1,1
8294,19,4.520836842105263,6.799,0.9,85.8959,1,1
8069,2,1.595,1.69,1.5,3.19,1,1
8092,10,4.418329999999999,7.55,1.19,44.183299999999996,1,1
8093,3,5.651666666666666,14.5,0.965,16.955,1,1
8147,7,1.6247,3.6,0.77,11.3729,1,1
8066,2,1.7850000000000001,2.77,0.8,3.5700000000000003,1,1
8167,5,2.8672986000000003,6.399,1.0,14.336493,1,1
8166,7,3.2192857142857143,5.69,1.0,22.535,1,1
8225,0,0.0,0.0,0.0,0.0,0,0
8210,24,4.4210875,14.99,0.97,106.1061,1,1
8247,8,2.4987500000000002,3.22,0.83,19.990000000000002,1,1
8107,8,8.5548875,13.65,1.0,68.4391,1,1
8201,3,21.330000000000002,36.0,9.99,63.99,1,1
8215,2,1.9695,2.369,1.57,3.939,1,1
8230,5,1.3308,1.83,0.949,6.654,1,1
8241,3,5.07,8.0,1.09,15.21,1,1
8129,36,3.5330135277777774,12.7,1.1,127.188487,1,1
8157,3,4.806666666666667,12.0,0.93,14.42,1,1
8062,1,0.825,0.825,0.825,0.825,1,1
8063,3,0.874333,0.896999,0.85,2.622999,1,1
8076,2,9.329500000000001,17.69,0.969,18.659000000000002,1,1
8156,5,5.893800000000001,14.75,0.82,29.469,1,1
8124,4,2.7125,3.5,1.2,10.85,1,1
8100,19,2.9980494736842105,10.99,0.5,56.96294,1,1
8278,2,1.2974999999999999,1.595,1.0,2.5949999999999998,1,1
8158,27,3.1116425555555556,13.99,0.472,84.014349,1,1
8255,2,10.0,15.0,5.0,20.0,1,1
8245,2,1.425,1.6,1.25,2.85,1,1
8214,3,4.196666666666666,7.99,1.1,12.59,1,1
8233,1,1.2,1.2,1.2,1.2,1,1
8284,45,5.576324444444444,16.9,1.18,250.9346,1,1
8171,3,1.0933333333333335,1.29,0.9,3.2800000000000002,1,1
8072,45,4.683379333333334,7.23,0.964,210.75207,1,1
8283,36,3.846405555555555,6.5,0.843,138.4706,1,1
8226,0,0.0,0.0,0.0,0.0,0,0
8130,2,8.854999999999999,16.22,1.49,17.709999999999997,1,1
8104,7,4.591428571428572,7.5,1.1,32.14,1,1
8137,5,3.2068,8.0,1.5,16.034,1,1
8252,4,5.82,8.5,1.08,23.28,1,1
8248,21,4.381985190476191,6.5,1.15,92.021689,1,1
8272,8,3.85475,9.6,1.099,30.838,1,1
8133,34,4.28153544117647,8.7,0.89,145.572205,1,1
8276,28,3.3429214285714286,5.17,1.03,93.6018,1,1
8091,27,3.974948148148148,13.0,1.19,107.3236,1,1
8290,21,3.5827857142857145,14.9,0.714,75.2385,1,1
8160,1,0.95,0.95,0.95,0.95,1,1
8264,14,3.0738928571428574,7.42,0.85,43.0345,1,1
8075,19,4.654694736842106,16.0,1.15,88.4392,1,1
8244,2,3.0885,3.677,2.5,6.177,1,1
8116,7,10.152142857142858,14.6,1.385,71.065,1,1
8181,27,3.2858555185185185,9.8,1.08,88.718099,1,1
8169,2,3.4,5.5,1.3,6.8,1,1
8086,5,4.3580000000000005,18.0,0.53,21.790000000000003,1,1
8132,2,1.87,2.85,0.89,3.74,1,1
8240,3,4.923,11.9,1.139,14.769,1,1
8085,31,3.869217741935484,18.4,1.52,119.94575,1,1
8114,28,3.6040203214285715,22.0,0.49181,100.912569,1,1
8256,25,6.286964,14.79,2.25,157.1741,1,1
8178,18,4.2342055555555556,13.0,1.41,76.2157,1,1
8142,35,4.132028571428572,13.88,0.425,144.621,1,1
8202,4,2.456575,4.49,0.6,9.8263,1,1
8194,4,0.8441,1.2,0.584,3.3764,1,1
8117,11,2.042490818181818,4.198,0.99,22.467399,1,1
8186,2,2.3489,3.569,1.1288,4.6978,1,1
8087,3,1.86,2.69,1.05,5.58,1,1
8140,26,1.951056153846154,8.8,0.561,50.72746,1,1
8154,0,0.0,0.0,0.0,0.0,0,0
8237,4,1.755,2.98,1.2,7.02,1,1
8287,26,3.7018615384615385,7.4384,1.18,96.2484,1,1
8274,17,4.548117647058824,19.0,1.29,77.318,1,1
8198,40,2.624384025,22.99,0.448,104.97536099999999,1,1
8249,13,4.574953846153846,13.95,0.779,59.4744,1,1
8236,7,1.8884427142857143,2.95,1.5,13.219099,1,1
8074,3,7.7,9.5,6.75,23.1,1,1
8193,14,2.3619885714285713,4.4,0.972,33.06784,1,1
8251,3,5.206666666666666,7.77,1.6,15.62,1,1
8192,2,8.245,15.0,1.49,16.49,1,1
8262,2,2.525,4.05,1.0,5.05,1,1
8120,15,3.5810166666666663,15.79165,0.871,53.71525,1,1
8180,17,4.01469411764706,18.0,0.369,68.24980000000001,1,1
8102,8,6.50578125,11.5,1.0,52.04625,1,1
8259,10,1.80764,4.0,0.995,18.0764,1,1
8172,3,1.9310333333333334,3.43,0.8331,5.7931,1,1
8134,2,0.95,0.95,0.95,1.9,1,1
8204,11,6.459090909090909,9.0,1.25,71.05,1,1
8161,16,5.8152373125,16.84,0.988,93.043797,1,1
8080,1,1.0,1.0,1.0,1.0,1,1
8277,2,11.495000000000001,18.8,4.19,22.990000000000002,1,1
8112,5,2.170777,2.47,1.344,10.853885,1,1
8150,0,0.0,0.0,0.0,0.0,0,0
8122,8,5.186,24.99,1.08,41.488,1,1
8254,1,1.1,1.1,1.1,1.1,1,1
8235,1,1.2,1.2,1.2,1.2,1,1
8288,25,3.5014632,11.9,0.95,87.53658,1,1
8064,24,5.003983166666667,13.49,0.85,120.095596,1,1
8216,11,6.348272727272728,15.5,0.886,69.831,1,1
8200,2,1.145,1.3,0.99,2.29,1,1
8268,1,1.1,1.1,1.1,1.1,1,1
8119,11,2.024509090909091,7.0,0.75,22.2696,1,1
8228,28,3.9643678571428573,11.65,1.1375,111.0023,1,1
8153,0,0.0,0.0,0.0,0.0,0,0
8265,19,4.071105263157895,5.07,0.85,77.351,1,1
8128,31,2.060126806451613,4.85,1.08,63.863931,1,1
8238,7,8.905714285714286,17.0,0.76,62.34,1,1
8234,11,8.321354545454545,17.9,1.2,91.5349,1,1
8125,36,2.042482777777778,7.16,0.99638,73.52938,1,1
7848,3,1.1466666666666667,1.74,0.8,3.44,1,1
7845,4,2.31325,4.4,1.19,9.253,1,1
8019,25,3.6032218,14.98,0.471652,90.080545,1,1
7930,4,5.1875,9.9,1.49,20.75,1,1
8011,4,2.585,3.95,0.99,10.34,1,1
8016,34,4.705124088235294,11.2,1.1899,159.974219,1,1
7937,2,1.7687499999999998,2.32,1.2175,3.5374999999999996,1,1
7892,20,1.54465305,3.29,0.96,30.893061,1,1
7948,3,3.6893333333333334,4.67,1.8,11.068,1,1
7965,1,1.32,1.32,1.32,1.32,1,1
7857,9,4.760000000000001,7.39,1.19,42.84,1,1
7985,1,1.3,1.3,1.3,1.3,1,1
8003,46,4.80940152173913,16.9,0.745,221.23247,1,1
8034,31,3.8739000000000003,13.5,1.19,120.0909,1,1
7986,3,4.266666666666667,7.85,1.35,12.8,1,1
7993,3,1.5633,2.1,1.1899,4.6899,1,1
8032,11,3.7102999999999997,6.45,1.099,40.8133,1,1
8057,24,4.975216666666666,10.0,0.92,119.4052,1,1
7943,1,0.99,0.99,0.99,0.99,1,1
7898,48,5.4566437500000005,23.0,1.0,261.9189,1,1
7903,25,3.99744,6.769,0.9,99.936,1,1
7984,36,5.103448305555556,7.06,1.03,183.724139,1,1
7917,3,13.406666666666666,30.0,4.22,40.22,1,1
8054,2,3.25,3.5,3.0,6.5,1,1
7835,3,2.146333333333333,3.69,1.149,6.439,1,1
7950,1,1.69,1.69,1.69,1.69,1,1
7914,2,1.6084999999999998,1.92,1.297,3.2169999999999996,1,1
8025,10,4.58908,19.45,0.94,45.8908,1,1
7960,2,1.0239500000000001,1.1,0.9479,2.0479000000000003,1,1
7841,22,3.5746441363636365,16.5,0.99709,78.642171,1,1
8013,4,6.3175,9.98,1.29,25.27,1,1
7913,0,0.0,0.0,0.0,0.0,0,0
8043,9,4.086309888888889,11.0,1.13,36.776789,1,1
8047,27,2.8889212962962967,18.0,0.449888,78.00087500000001,1,1
8027,8,4.8183625,16.0,1.5,38.5469,1,1
7962,3,3.9766666666666666,9.8,0.93,11.93,1,1
8014,3,2.4710666666666667,2.7777,2.2,7.4132,1,1
7919,2,3.545,3.6,3.49,7.09,1,1
7882,21,5.479680952380953,9.2,0.9069,115.0733,1,1
7922,1,7.4,7.4,7.4,7.4,1,1
7862,1,3.5,3.5,3.5,3.5,1,1
7891,2,3.295,5.49,1.1,6.59,1,1
7973,4,3.2771749999999997,7.75,1.09,13.108699999999999,1,1
7886,2,10.98555,15.7111,6.26,21.9711,1,1
7975,13,1.3225537692307692,2.0479,0.97,17.193199,1,1
7899,11,3.9428727272727273,20.0,0.488,43.3716,1,1
7929,7,4.431442857142857,7.68,0.95,31.0201,1,1
7971,40,2.88466625,3.82,1.5,115.38665,1,1
7885,1,2.69,2.69,2.69,2.69,1,1
7939,9,2.9486666666666665,13.5,0.83,26.538,1,1
7949,14,2.8902036428571427,8.0454,1.64,40.462851,1,1
7890,3,2.4166666666666665,4.0,1.0,7.25,1,1
7969,2,18.65,36.0,1.3,37.3,1,1
7878,18,3.9482672222222224,9.7297,1.3,71.06881,1,1
7872,9,8.644777777777778,22.88,0.85,77.803,1,1
8053,5,10.389999999999999,23.9,0.55,51.949999999999996,1,1
7994,7,2.2083855714285714,6.7236,1.11,15.458699,1,1
7941,2,2.6710000000000003,4.4,0.942,5.3420000000000005,1,1
7877,3,5.1963333333333335,13.15,1.15,15.589,1,1
7934,3,2.296333333333333,3.969,1.15,6.888999999999999,1,1
7968,10,10.803,25.1,1.2,108.03,1,1
7861,30,2.6698075333333335,3.99,1.19,80.094226,1,1
7912,10,3.7288000000000006,6.72,1.1,37.288000000000004,1,1
7851,7,6.295714285714285,12.0,0.9,44.07,1,1
7906,2,1.4,1.5,1.3,2.8,1,1
7951,4,13.975825,33.3333,4.69,55.9033,1,1
7915,1,25.0,25.0,25.0,25.0,1,1
8010,14,2.8466,4.659,0.95,39.8524,1,1
7909,18,2.2806777777777776,9.98,1.1,41.0522,1,1
7839,2,1.895,2.49,1.3,3.79,1,1
7924,5,1.5827198,1.915,1.14,7.913599,1,1
7843,2,0.9149499999999999,0.9899,0.84,1.8298999999999999,1,1
7953,1,1.4269,1.4269,1.4269,1.4269,1,1
7876,29,2.0361275862068964,7.0,0.939,59.0477,1,1
7855,44,4.7861170227272725,6.95,0.99,210.589149,1,1
8031,1,1.099,1.099,1.099,1.099,1,1
8040,3,5.553333333333334,14.5,1.07,16.66,1,1
7931,30,3.1035616333333333,4.62,1.15,93.106849,1,1
7967,67,4.639594925373134,13.65,0.8,310.85286,1,1
7871,3,1.285591,1.39,1.1,3.856773,1,1
7945,2,1.74,2.5,0.98,3.48,1,1
8026,19,2.931327368421053,9.69,0.62,55.69522,1,1
7866,8,3.61772375,13.2,0.96,28.94179,1,1
7932,4,5.0375,13.75,1.15,20.15,1,1
7884,9,3.009011111111111,7.7,1.1111,27.0811,1,1
7846,6,2.890833333333333,8.0,0.9,17.345,1,1
7849,30,2.5913552,15.5,0.46,77.740656,1,1
7907,1,2.2,2.2,2.2,2.2,1,1
7859,2,5.945,8.69,3.2,11.89,1,1
7952,14,3.3544241428571433,6.5075,0.73,46.961938,1,1
8004,16,1.4015249375,1.7,0.85,22.424399,1,1
8028,4,3.3975,8.6,1.4,13.59,1,1
7844,4,4.74,16.0,0.88,18.96,1,1
7970,6,2.73495,9.8,0.79,16.4097,1,1
7902,2,1.345,1.5,1.19,2.69,1,1
7972,3,6.163,13.64,1.049,18.489,1,1
7957,8,4.8243375,9.9,1.5,38.5947,1,1
7955,1,1.199,1.199,1.199,1.199,1,1
7852,5,7.6268,16.0,0.834,38.134,1,1
7888,7,1.1071428571428572,1.55,0.969,7.75,1,1
7927,9,4.123222222222222,9.54,1.289,37.109,1,1
7868,8,2.0475,5.0,1.15,16.38,1,1
8015,3,4.709966666666667,11.39,1.1899,14.129900000000001,1,1
7997,2,1.4100000000000001,1.83,0.99,2.8200000000000003,1,1
7842,3,4.233333333333333,9.8,1.3,12.700000000000001,1,1
7883,2,3.025,5.0,1.05,6.05,1,1
7954,20,4.38733,15.49,1.197,87.7466,1,1
7853,1,1.14,1.14,1.14,1.14,1,1
7894,19,3.7546662631578953,7.1459,0.366,71.338659,1,1
8045,3,1.7826666666666666,2.1,1.299,5.348,1,1
7836,4,9.2975,14.39,1.5,37.19,1,1
7936,53,5.29583396226415,16.0,0.845,280.6792,1,1
7977,2,1.1,1.2,1.0,2.2,1,1
7963,9,1.7598444444444443,3.1,1.0696,15.8386,1,1
7895,5,2.5100000000000002,8.5,0.77,12.55,1,1
7864,8,2.6425,3.24,0.96,21.14,1,1
8046,13,3.766,7.35,1.14,48.958,1,1
7840,4,5.24375,15.2,0.87,20.975,1,1
7995,7,8.508571428571427,30.0,1.49,59.559999999999995,1,1
7837,30,1.4275249666666667,12.9,0.474,42.825749,1,1
7946,3,1.5416666666666667,2.2,1.0,4.625,1,1
7916,22,2.0061762727272727,15.0,0.993,44.135878,1,1
7897,11,2.7363636363636363,3.98,1.4,30.1,1,1
8042,19,2.516594736842105,6.66,0.462,47.8153,1,1
7942,4,5.8237499999999995,14.0,0.895,23.294999999999998,1,1
7996,4,5.567500000000001,9.8,0.99,22.270000000000003,1,1
7879,4,3.155,3.9,1.99,12.62,1,1
8021,10,3.9802,13.0,0.773,39.802,1,1
8055,1,1.175,1.175,1.175,1.175,1,1
7860,4,1.5695000000000001,3.0,0.888,6.2780000000000005,1,1
8007,2,1.5,1.5,1.5,3.0,1,1
7988,3,7.3999999999999995,19.0,1.45,22.2,1,1
7944,4,9.535499999999999,17.0,1.142,38.141999999999996,1,1
8023,2,1.395,1.49,1.3,2.79,1,1
7887,1,13.99,13.99,13.99,13.99,1,1
8020,3,2.316666666666667,3.9,1.3,6.95,1,1
7867,2,1.585,2.22,0.95,3.17,1,1
7833,3,6.293333333333334,8.88,5.0,18.880000000000003,1,1
7865,4,5.365,16.0,0.96,21.46,1,1
7880,5,6.251,14.0,1.125,31.255000000000003,1,1
8033,3,1.0616666666666668,1.095,1.04,3.185,1,1
8049,7,4.924857142857143,14.25,1.5,34.474000000000004,1,1
8017,4,3.807475,6.5,1.05,15.2299,1,1
7893,4,3.8325,11.0,0.81,15.33,1,1
8051,16,3.843224375,6.9,1.1884,61.49159,1,1
8059,8,2.2537499999999997,13.69,0.444,18.029999999999998,1,1
7920,4,10.0975,13.39,1.3,40.39,1,1
8037,6,1.8866500000000002,2.28,1.4,11.3199,1,1
7874,2,26.5,48.0,5.0,53.0,1,1
7979,1,2.25,2.25,2.25,2.25,1,1
7964,5,1.80998,5.2969,0.483,9.0499,1,1
7958,3,2.0766666666666667,2.99,1.25,6.23,1,1
7998,46,0.6509162608695652,1.08,0.4,29.942148,1,1
7911,0,0.0,0.0,0.0,0.0,0,0
7935,1,1.15,1.15,1.15,1.15,1,1
8001,5,3.36198,6.45,0.97,16.8099,1,1
8018,5,2.3588,3.9,1.19,11.794,1,1
8005,52,3.3215865192307694,6.889,0.706,172.722499,1,1
7847,9,3.091688888888889,3.95,0.99,27.825200000000002,1,1
7991,20,3.69932995,20.89,1.1899,73.986599,1,1
7881,3,8.276666666666666,20.0,1.88,24.83,1,1
7947,3,3.063333333333334,5.5,1.2,9.190000000000001,1,1
8035,1,2.5,2.5,2.5,2.5,1,1
8012,7,11.861428571428572,17.5,0.99,83.03,1,1
8029,7,2.6837142857142857,5.19,0.82,18.786,1,1
7961,3,1.0593333333333332,1.388,0.85,3.178,1,1
8056,8,8.181,22.0,0.899,65.448,1,1
7910,6,10.018333333333333,16.5,1.1,60.11,1,1
8022,30,4.7700963000000005,6.63,0.6,143.102889,1,1
7858,21,5.800714238095238,22.5,1.3,121.814999,1,1
7875,9,3.0017666666666667,6.9,1.3,27.015900000000002,1,1
7978,8,4.362456375,21.1,1.29,34.899651,1,1
7901,5,1.6969999999999998,2.115,1.1,8.485,1,1
7921,10,3.3898099999999998,3.6181,3.16,33.8981,1,1
8058,5,7.183800000000001,18.5,0.969,35.919000000000004,1,1
7923,2,2.09,2.17,2.01,4.18,1,1
8036,35,1.803151457142857,4.89,1.0999,63.110301,1,1
7889,3,1.9189666666666667,3.2969,1.0,5.7569,1,1
7870,33,1.9415144545454543,6.42,0.841,64.069977,1,1
7959,5,2.3314,3.75,1.289,11.657,1,1
8039,21,2.547904,5.0,0.7,53.505984,1,1
8048,6,2.723333333333333,3.99,1.41,16.34,1,1
8052,1,2.33,2.33,2.33,2.33,1,1
7834,3,2.1496666666666666,3.0,1.149,6.449,1,1
7974,101,4.806543891089109,8.0,0.8,485.460933,1,1
7976,6,4.419833333333333,7.38,0.799,26.519,1,1
7981,4,4.655,12.0,1.02,18.62,1,1
7983,9,4.269443333333333,6.49499,1.1,38.42499,1,1
7926,6,3.5399999999999996,14.69,0.842,21.24,1,1
7940,2,10.14375,19.0,1.2875,20.2875,1,1
7908,19,3.320523157894737,15.5,1.1,63.08994,1,1
7869,3,1.83,2.95,0.85,5.49,1,1
7990,2,2.09495,3.0,1.1899,4.1899,1,1
8008,3,5.666666666666667,7.7,1.8,17.0,1,1
7850,2,11.45,22.0,0.9,22.9,1,1
8061,2,6.17,11.0,1.34,12.34,1,1
8050,8,4.1978625,15.0,0.969,33.5829,1,1
8009,28,4.8487285714285715,6.59,1.0999,135.7644,1,1
7838,3,3.216666666666667,6.0,1.15,9.65,1,1
8006,17,7.807105882352941,24.0,1.1899,132.7208,1,1
7896,3,0.9993333333333334,1.1,0.82,2.998,1,1
8041,4,6.5024999999999995,11.99,1.42,26.009999999999998,1,1
8060,22,2.0034815454545454,4.1,0.4538,44.076594,1,1
8002,4,6.51765,14.0,3.5,26.0706,1,1
7928,5,3.87,12.4,1.01,19.35,1,1
7925,10,2.6086888000000004,3.54999,1.49,26.086888000000002,1,1
7900,5,2.2694,6.76,0.829,11.347,1,1
7999,3,10.326666666666666,15.49,0.99,30.98,1,1
7956,2,1.25,1.3,1.2,2.5,1,1
8044,16,2.424666,6.9,0.84,38.794656,1,1
7905,3,2.25,4.0,1.3,6.75,1,1
8038,21,5.772066666666667,8.4,1.1899,121.21340000000001,1,1
7863,10,2.4853,15.0,0.169,24.853,1,1
7854,2,1.0845,1.159,1.01,2.169,1,1
7966,4,3.75975,9.12,0.93,15.039,1,1
7933,4,13.4975,14.75,11.5,53.99,1,1
7989,3,4.723333333333334,9.27,1.4,14.17,1,1
7873,3,1.1900000000000002,1.25,1.1,3.5700000000000003,1,1
7938,2,1.145,1.19,1.1,2.29,1,1
7992,18,3.012044388888889,12.0,1.0999,54.216799,1,1
8030,5,5.068,15.3,1.09,25.34,1,1
7980,7,2.1377,2.49,1.02,14.9639,1,1
7856,3,7.7299999999999995,12.0,1.19,23.189999999999998,1,1
8024,28,5.600035571428571,22.5,0.99,156.800996,1,1
7982,7,4.758457142857142,15.0,1.3,33.3092,1,1
7918,52,2.4564695576923077,10.0,0.9,127.736417,1,1
7987,10,3.8957990000000002,14.39,0.952,38.95799,1,1
8000,4,3.329975,8.0,1.1899,13.3199,1,1
7904,3,14.996666666666664,28.5,1.49,44.989999999999995,1,1
7781,1,6.9,6.9,6.9,6.9,1,1
7789,18,1.8713804444444446,4.089929,0.358,33.684848,1,1
7759,20,3.1894,6.16,0.931,63.788000000000004,1,1
7621,2,2.525,2.55,2.5,5.05,1,1
7683,3,10.833333333333334,21.75,3.75,32.5,1,1
7669,8,2.535,12.0,0.55,20.28,1,1
7614,5,6.118,15.7,1.022,30.59,1,1
7702,21,2.3872975714285714,3.19,1.04,50.133249,1,1
7801,10,8.54109,18.25,1.48,85.4109,1,1
7709,28,3.7390496428571427,9.577,1.15,104.69339,1,1
7821,4,4.607,14.0,1.14,18.428,1,1
7665,26,2.5925991923076923,4.815,0.59,67.407579,1,1
7714,1,1.245,1.245,1.245,1.245,1,1
7788,1,2.5999,2.5999,2.5999,2.5999,1,1
7810,4,6.1042000000000005,12.888,1.4,24.416800000000002,1,1
7809,6,2.5098333333333334,5.28,1.35,15.059000000000001,1,1
7735,20,3.7376928,16.0,1.05,74.753856,1,1
7598,1,1.85,1.85,1.85,1.85,1,1
7829,4,5.2467500000000005,10.25,1.25,20.987000000000002,1,1
7824,9,3.923333333333334,9.5,1.7,35.31,1,1
7732,28,2.8208492857142855,6.5,0.98,78.98378,1,1
7638,3,4.3,6.0,2.75,12.9,1,1
7817,6,3.226316666666667,10.0,1.66,19.3579,1,1
7813,1,69.69,69.69,69.69,69.69,1,1
7667,22,1.962360409090909,3.65,0.499,43.171929,1,1
7636,2,9.1875,13.875,4.5,18.375,1,1
7715,44,3.5085465454545455,6.35,0.8999,154.376048,1,1
7772,10,8.4521,22.99,1.1,84.521,1,1
7744,4,8.13975,12.8,3.69,32.559,1,1
7695,5,3.5379999999999994,10.2,0.94,17.689999999999998,1,1
7717,32,5.137353125,7.18,1.0,164.3953,1,1
7749,4,1.35975,2.2,1.0,5.439,1,1
7796,2,20.5,21.0,20.0,41.0,1,1
7745,3,1.4430000000000003,1.8,1.179,4.329000000000001,1,1
7750,6,1.6831666666666667,3.75,1.0,10.099,1,1
7725,2,1.03995,1.23,0.8499,2.0799,1,1
7603,6,5.284166666666667,9.5,1.825,31.705000000000002,1,1
7694,9,6.934044444444444,16.5,1.1,62.4064,1,1
7697,16,1.990835,10.25,0.949,31.85336,1,1
7729,4,10.322499999999998,22.99,1.35,41.28999999999999,1,1
7720,1,1.05,1.05,1.05,1.05,1,1
7748,2,1.845,2.69,1.0,3.69,1,1
7634,36,3.862478861111111,23.0,0.59,139.049239,1,1
7654,6,3.9898333333333333,7.5,1.85,23.939,1,1
7690,9,6.340722222222222,19.99,2.777,57.0665,1,1
7701,3,0.912,1.1,0.711,2.736,1,1
7710,2,1.825,2.25,1.4,3.65,1,1
7762,5,2.88306,8.5,1.33,14.4153,1,1
7743,3,1.9433333333333334,2.4,1.54,5.83,1,1
7766,12,6.04855,15.65,0.8,72.5826,1,1
7733,6,7.502983333333333,14.4,1.1,45.0179,1,1
7798,38,2.7717733157894737,13.4,0.062,105.327386,1,1
7631,7,5.868728571428571,13.75,2.189,41.0811,1,1
7628,18,3.646416666666666,7.575,1.65,65.6355,1,1
7685,2,1.8,2.7,0.9,3.6,1,1
7673,48,4.95208125,7.76,1.1,237.6999,1,1
7632,17,2.8190411764705883,15.49,0.391,47.923700000000004,1,1
7646,4,16.22,36.0,1.88,64.88,1,1
7682,1,13.95,13.95,13.95,13.95,1,1
7617,1,1.89,1.89,1.89,1.89,1,1
7677,0,0.0,0.0,0.0,0.0,0,0
7655,3,1.09,1.4,0.9,3.27,1,1
7605,9,1.8320866666666669,8.0,0.42,16.488780000000002,1,1
7802,3,45.0,100.0,10.0,135.0,1,1
7747,3,27.830000000000002,50.0,8.49,83.49000000000001,1,1
7693,39,3.4612871794871793,15.0,1.1,134.9902,1,1
7684,1,3.9,3.9,3.9,3.9,1,1
7641,1,1.199,1.199,1.199,1.199,1,1
7777,1,5.07777,5.07777,5.07777,5.07777,1,1
7795,2,2.175,3.35,1.0,4.35,1,1
7666,16,0.9617999375,1.299,0.853,15.388799,1,1
7625,2,1.7,1.95,1.45,3.4,1,1
7751,4,68.750025,200.0,0.0001,275.0001,1,1
7808,29,3.616137931034483,6.18,0.414,104.86800000000001,1,1
7656,4,6.0825,14.0,1.13,24.33,1,1
7799,3,3.9933333333333336,9.69,0.94,11.98,1,1
7611,3,2.5366666666666666,3.98,1.8,7.61,1,1
7742,3,6.18,11.49,0.95,18.54,1,1
7723,69,2.87215884057971,5.06,0.422,198.17896,1,1
7769,41,6.610290585365854,14.5,2.34,271.021914,1,1
7616,5,4.15538,11.8,1.28,20.7769,1,1
7731,24,3.3743541666666665,14.3,1.13,80.9845,1,1
7822,2,1.2650000000000001,1.33,1.2,2.5300000000000002,1,1
7609,28,7.149785714285714,13.74,1.374,200.194,1,1
7639,29,2.4141567931034484,9.9,0.769,70.010547,1,1
7786,4,1.43225,1.999,1.12,5.729,1,1
7716,9,9.616555555555557,15.5,0.99,86.549,1,1
7727,11,3.0805353636363635,6.25,0.45,33.885889,1,1
7827,18,5.520555555555556,8.0,0.82,99.37,1,1
7610,1,1.356,1.356,1.356,1.356,1,1
7620,2,3.495,5.0,1.99,6.99,1,1
7689,5,5.58376,14.88,0.7888,27.9188,1,1
7674,29,3.4119206896551724,13.79,1.01,98.9457,1,1
7708,17,2.7986411764705883,4.78,0.95,47.5769,1,1
7706,1,1.3,1.3,1.3,1.3,1,1
7719,24,2.2881225416666666,22.0,0.55,54.914941,1,1
7778,1,1.1969,1.1969,1.1969,1.1969,1,1
7653,4,1.307,2.59,0.79,5.228,1,1
7752,36,3.3369916666666666,5.93,0.748,120.1317,1,1
7807,2,2.3499499999999998,3.4999,1.2,4.6998999999999995,1,1
7681,9,6.310011111111112,15.31,2.02,56.7901,1,1
7790,27,3.328155555555556,13.45,1.26,89.8602,1,1
7623,28,2.7662785357142856,11.8,0.594,77.455799,1,1
7746,6,3.656166666666667,13.9,1.507,21.937,1,1
7597,8,4.2237124999999995,12.95,1.21,33.789699999999996,1,1
7672,39,5.986589743589744,7.889,0.9,233.477,1,1
7659,8,4.1425,14.2,0.363,33.14,1,1
7755,14,1.8966670714285716,2.8,0.96,26.553339,1,1
7688,3,4.376,9.99,1.25,13.128,1,1
7736,4,0.628375,1.1,0.465,2.5135,1,1
7650,4,4.57,9.5,0.95,18.28,1,1
7787,6,8.046666666666667,28.0,1.64,48.28,1,1
7804,10,2.0531800000000002,2.7168,0.719,20.5318,1,1
7664,5,8.3198,19.5,1.449,41.599000000000004,1,1
7637,4,3.5374999999999996,7.17,1.13,14.149999999999999,1,1
7726,5,1.318,1.6,0.99,6.59,1,1
7707,2,2.13,2.76,1.5,4.26,1,1
7607,29,3.159185448275862,12.8,0.44,91.616378,1,1
7806,60,4.091329983333333,11.0,0.975,245.47979899999999,1,1
7783,5,1.5723,1.95,1.1,7.8615,1,1
7711,3,1.3766666666666667,1.9,0.85,4.13,1,1
7692,1,1.17,1.17,1.17,1.17,1,1
7700,18,2.5804050000000003,6.769,1.05,46.44729,1,1
7741,3,8.063333333333333,11.64,2.69,24.189999999999998,1,1
7767,18,5.748,10.734,2.85,103.464,1,1
7619,9,2.550715888888889,4.75,1.5,22.956443,1,1
7754,136,3.3859756397058822,11.99,1.14,460.492687,1,1
7831,24,4.196842833333333,19.0,0.7475,100.724228,1,1
7805,4,3.0599999999999996,4.0,1.39,12.239999999999998,1,1
7663,3,4.9463333333333335,9.49,1.449,14.839,1,1
7800,8,4.046375,6.6,1.17,32.371,1,1
7791,4,2.1975,4.5,1.1,8.79,1,1
7640,4,7.7475000000000005,15.75,1.35,30.990000000000002,1,1
7784,14,2.6127764285714288,17.13,0.412,36.57887,1,1
7661,8,3.555373625,11.11,0.475,28.442989,1,1
7679,3,5.0633333333333335,8.9,1.6,15.190000000000001,1,1
7696,50,5.046462,11.85,1.1,252.3231,1,1
7818,4,8.549999999999999,17.5,1.3,34.199999999999996,1,1
7629,6,4.0655,9.99,1.3,24.393,1,1
7687,24,3.889432916666667,8.6054,0.93,93.34639,1,1
7599,17,2.1321817647058823,9.3,0.94999,36.24709,1,1
7671,1,1.15,1.15,1.15,1.15,1,1
7648,4,2.817475,3.99,1.0999,11.2699,1,1
7668,3,4.296666666666667,10.49,1.15,12.89,1,1
7737,4,1.1875,1.44,0.96,4.75,1,1
7630,3,10.290000000000001,15.5,7.38,30.87,1,1
7738,6,4.635433333333333,16.0,0.411,27.8126,1,1
7718,27,4.189330814814815,24.99,0.95,113.111932,1,1
7613,3,2.276666666666667,3.3,1.68,6.83,1,1
7699,15,5.039526666666666,23.0,0.449,75.5929,1,1
7698,5,8.419599999999999,22.5,0.749,42.098,1,1
7780,1,0.88,0.88,0.88,0.88,1,1
7793,3,1.4926233333333334,1.78787,1.1,4.47787,1,1
7832,2,3.95,6.5,1.4,7.9,1,1
7740,6,1.7248166666666667,3.33,0.799,10.3489,1,1
7815,14,2.5024205714285714,11.49,1.14,35.033888,1,1
7770,2,3.25,4.0,2.5,6.5,1,1
7662,3,6.646333333333334,17.5,0.99,19.939,1,1
7691,5,1.8307200000000001,2.7,1.25,9.1536,1,1
7644,2,7.0325,12.79,1.275,14.065,1,1
7785,4,8.510925,14.69,6.2,34.0437,1,1
7779,18,2.302772222222222,6.45,0.88,41.4499,1,1
7635,1,14.0,14.0,14.0,14.0,1,1
7604,3,7.095,15.0,1.835,21.285,1,1
7724,14,3.4541205714285717,15.9,0.449888,48.357688,1,1
7730,72,5.816333333333334,16.869,0.77,418.776,1,1
7763,19,2.681436842105263,9.8,0.41,50.9473,1,1
7670,1,3.39,3.39,3.39,3.39,1,1
7768,14,3.628857142857143,29.0,0.394,50.804,1,1
7761,9,3.581111111111111,4.52,1.21,32.23,1,1
7728,38,3.349836815789474,5.6,1.2,127.293799,1,1
7792,2,1.8445,2.489,1.2,3.689,1,1
7771,35,5.114857142857143,13.5,1.79,179.02,1,1
7642,7,8.148571428571428,17.69,1.5,57.04,1,1
7823,6,6.401666666666666,14.0,1.28,38.41,1,1
7782,1,2.75,2.75,2.75,2.75,1,1
7758,16,3.0167811875,16.99,1.21,48.268499,1,1
7825,9,5.308439,21.77,0.75,47.775951,1,1
7627,8,2.892875,7.835,0.849,23.143,1,1
7734,18,3.575663888888889,7.5,1.1,64.36195000000001,1,1
7626,21,3.111703714285715,17.94,0.403,65.34577800000001,1,1
7606,16,3.13638125,5.07,1.75,50.1821,1,1
7739,13,2.5406846153846154,7.7,0.92,33.0289,1,1
7678,1,13.5,13.5,13.5,13.5,1,1
7676,17,3.726247058823529,23.0,1.15,63.346199999999996,1,1
7816,6,4.521,10.49,1.666,27.125999999999998,1,1
7645,12,3.270841666666667,11.5,1.3,39.2501,1,1
7722,4,19.2975,26.0,2.0,77.19,1,1
7826,3,3.2383333333333333,6.865,0.85,9.715,1,1
7705,5,3.565,12.34,0.84,17.825,1,1
7651,6,7.927831666666667,18.89,0.85,47.566990000000004,1,1
7680,11,3.4465162727272727,14.4,0.912,37.911679,1,1
7760,2,22.9995,38.0,7.999,45.999,1,1
7602,5,2.4417999999999997,2.9,1.69,12.209,1,1
7803,9,0.7714443333333334,1.08,0.63,6.942999,1,1
7828,13,4.404343076923077,7.425,0.97,57.25646,1,1
7658,8,10.565,60.0,1.75,84.52,1,1
7647,2,0.485,0.49,0.48,0.97,1,1
7608,9,5.122344444444445,16.25,1.3,46.1011,1,1
7721,3,7.066633333333333,19.0,0.7,21.1999,1,1
7649,2,0.4686,0.48,0.4572,0.9372,1,1
7757,11,4.295509090909091,5.6,3.61,47.2506,1,1
7712,21,4.165747142857143,15.0,1.185,87.48069,1,1
7703,9,3.0498666666666665,9.2,0.77,27.4488,1,1
7812,2,6.785,7.69,5.88,13.57,1,1
7652,5,2.073,3.7,0.85,10.365,1,1
7814,3,3.8246333333333333,9.69,0.885,11.4739,1,1
7601,34,3.599205852941177,4.949,0.8,122.37299900000001,1,1
7660,3,6.8116666666666665,12.5,1.335,20.435,1,1
7675,4,87.75,250.0,1.0,351.0,1,1
7600,5,7.196000000000001,13.99,1.69,35.980000000000004,1,1
7756,29,1.7573856896551725,6.9,1.0,50.964185,1,1
7612,1,1.69,1.69,1.69,1.69,1,1
7624,3,9.633333333333333,22.0,1.4,28.9,1,1
7704,9,7.1994444444444445,21.0,1.4,64.795,1,1
7618,52,6.068611538461538,7.54,1.098,315.5678,1,1
7830,18,3.104858277777778,11.87,0.43965,55.887449,1,1
7764,2,1.37345,1.45,1.2969,2.7469,1,1
7753,19,2.6268627894736842,7.33,0.584497,49.910393,1,1
7797,16,1.680599875,10.55,0.96,26.889598,1,1
7713,4,16.7525,55.0,1.52,67.01,1,1
7774,2,5.7,10.0,1.4,11.4,1,1
7794,40,4.9214385,15.4,0.39995,196.85754,1,1
7686,4,2.059125,2.8074,1.2,8.2365,1,1
7820,3,11.9705,13.4325,10.854,35.9115,1,1
7775,2,1.7200000000000002,1.84,1.6,3.4400000000000004,1,1
7615,5,9.24,23.0,1.85,46.2,1,1
7657,3,3.83,7.0,1.49,11.49,1,1
7773,6,6.2225,14.9,1.6,37.335,1,1
7622,1,1.9,1.9,1.9,1.9,1,1
7776,2,1.5699999999999998,1.64,1.5,3.1399999999999997,1,1
7633,1,42.69,42.69,42.69,42.69,1,1
7643,7,1.8519712857142856,1.9,1.754699,12.963799,1,1
7819,7,2.930216,7.25,1.02,20.511512,1,1
7765,2,1.27345,1.7,0.8469,2.5469,1,1
7811,1,16.69,16.69,16.69,16.69,1,1
7505,5,3.5938000000000003,5.8,1.0,17.969,1,1
7499,3,4.963333333333334,12.0,1.39,14.89,1,1
7502,30,2.1973074,4.7075,0.77,65.919222,1,1
7369,4,1.795,2.64,1.2,7.18,1,1
7580,2,1.125,1.3,0.95,2.25,1,1
7565,9,6.697222222222222,12.75,0.895,60.275,1,1
7494,4,6.5875,12.7,0.75,26.35,1,1
7569,2,2.125,3.0,1.25,4.25,1,1
7576,27,5.05471962962963,7.67,1.47,136.47743,1,1
7455,1,4.1,4.1,4.1,4.1,1,1
7591,10,3.1045000000000003,7.19,1.255,31.045,1,1
7390,6,6.378316666666667,17.9,1.4,38.2699,1,1
7407,5,5.864,12.98,1.2,29.32,1,1
7396,29,5.236206896551724,6.58,1.05,151.85,1,1
7544,1,1.27,1.27,1.27,1.27,1,1
7471,11,2.9982972727272728,8.0,1.38,32.98127,1,1
7440,4,1.3685,2.214,0.57,5.474,1,1
7424,8,6.5728375,18.2,1.35,52.5827,1,1
7431,16,3.56574125,8.749,0.498,57.05186,1,1
7575,4,4.04,7.99,1.48,16.16,1,1
7596,2,7.735,14.25,1.22,15.47,1,1
7414,2,7.5,10.0,5.0,15.0,1,1
7498,2,6.145,11.0,1.29,12.29,1,1
7573,1,50.0,50.0,50.0,50.0,1,1
7477,3,1.6566666666666665,2.98,0.99,4.97,1,1
7582,2,1.125,1.2,1.05,2.25,1,1
7530,3,1.6866666666666668,2.5,1.2,5.0600000000000005,1,1
7375,25,1.916332,11.99,0.35,47.9083,1,1
7501,5,10.06752,20.0,1.05,50.3376,1,1
7481,6,2.5683333333333334,4.25,1.1,15.41,1,1
7474,5,6.852000000000001,15.9,0.87,34.260000000000005,1,1
7480,4,4.1309000000000005,5.53,1.1,16.523600000000002,1,1
7504,1,1.699,1.699,1.699,1.699,1,1
7590,4,8.9375,20.0,0.6,35.75,1,1
7490,3,2.096,2.9,1.5,6.288,1,1
7478,3,9.38,19.95,1.29,28.14,1,1
7574,12,1.6631406666666668,9.269,0.7229,19.957688,1,1
7373,25,3.4339276,7.699,0.51,85.84819,1,1
7360,8,3.105,10.4,0.6,24.84,1,1
7495,3,1.1246666666666667,1.29,0.839,3.374,1,1
7420,4,7.04125,15.0,2.0,28.165,1,1
7488,18,3.9344110555555556,17.0,0.719,70.819399,1,1
7592,9,5.561444444444444,7.44,1.5,50.053,1,1
7476,61,1.8586301967213115,23.99,0.374,113.376442,1,1
7520,56,2.6575823035714286,9.44,0.85,148.824609,1,1
7551,6,5.636666666666667,15.0,0.95,33.82,1,1
7485,6,2.276666666666667,3.03,1.19,13.66,1,1
7398,6,5.873166666666667,14.0,1.0,35.239000000000004,1,1
7594,15,4.203875333333333,16.5,0.95,63.05813,1,1
7402,2,0.6284000000000001,0.645,0.6118,1.2568000000000001,1,1
7391,8,4.263625,11.3,0.969,34.109,1,1
7408,21,2.4385666666666665,14.99,1.15,51.2099,1,1
7472,4,1.38225,1.74,1.149,5.529,1,1
7447,6,4.598166666666667,13.99,0.9,27.589,1,1
7370,5,3.432658,12.69,0.835,17.16329,1,1
7438,23,5.065217391304348,7.4,1.09,116.5,1,1
7415,1,13.9,13.9,13.9,13.9,1,1
7570,6,5.866499999999999,14.49,2.0,35.199,1,1
7404,2,9.29,10.24,8.34,18.58,1,1
7593,7,1.0148775714285714,3.3,0.43,7.104143,1,1
7384,38,4.217894736842105,15.0,1.13,160.28,1,1
7364,15,4.605566666666666,15.44,0.9,69.0835,1,1
7506,2,8.695,15.49,1.9,17.39,1,1
7403,1,2.49,2.49,2.49,2.49,1,1
7512,2,2.7995,4.099,1.5,5.599,1,1
7400,4,13.166725,24.6969,1.0,52.6669,1,1
7508,11,4.176354545454545,6.85,0.93,45.9399,1,1
7529,33,4.324455303030303,24.99,0.74678,142.707025,1,1
7371,1,1.23,1.23,1.23,1.23,1,1
7493,6,4.214333333333333,16.99,0.94,25.285999999999998,1,1
7460,3,1.255,1.375,1.15,3.7649999999999997,1,1
7392,7,1.808082857142857,3.6697,0.8,12.65658,1,1
7425,5,7.2504800000000005,13.8888,1.9,36.2524,1,1
7578,34,5.562047,20.59,1.311,189.109598,1,1
7584,7,2.667414285714286,4.7739,0.848,18.6719,1,1
7552,5,1.4778,1.78,0.97,7.389,1,1
7466,2,2.514,3.88,1.148,5.028,1,1
7555,4,1.54725,1.8,0.99,6.189,1,1
7433,1,1.8,1.8,1.8,1.8,1,1
7410,7,3.679785714285714,5.87,0.98,25.758499999999998,1,1
7423,3,9.75,14.95,3.0,29.25,1,1
7448,12,7.029083333333333,15.0,0.93,84.349,1,1
7393,9,5.897222222222222,24.6,2.05,53.075,1,1
7444,12,1.6833333333333333,3.9,0.71,20.2,1,1
7548,5,8.556000000000001,15.2,0.88,42.78,1,1
7547,37,3.991835135135135,12.91,0.995,147.6979,1,1
7465,5,11.80338,22.22,1.148,59.0169,1,1
7492,1,0.99,0.99,0.99,0.99,1,1
7553,12,4.926866666666666,12.88,0.95,59.1224,1,1
7362,6,3.5398333333333336,11.0,0.819,21.239,1,1
7572,1,0.89,0.89,0.89,0.89,1,1
7543,10,4.3332199000000005,6.34,1.27,43.332199,1,1
7428,2,9.4735,18.0,0.947,18.947,1,1
7442,5,6.9379800000000005,15.0,1.5,34.6899,1,1
7394,3,5.716666666666666,13.5,0.85,17.15,1,1
7397,6,1.9468333333333334,2.99,1.0,11.681000000000001,1,1
7383,3,7.083333333333333,16.0,2.5,21.25,1,1
7417,6,12.536833333333334,14.75,9.601,75.221,1,1
7435,1,0.88,0.88,0.88,0.88,1,1
7451,3,5.492999999999999,13.69,1.289,16.479,1,1
7588,16,2.527625,14.69,0.846,40.442,1,1
7589,2,1.3199999999999998,1.4,1.24,2.6399999999999997,1,1
7526,9,5.127773333333334,20.0,1.25,46.14996,1,1
7418,0,0.0,0.0,0.0,0.0,0,0
7500,5,1.7439999999999998,3.09,0.8,8.719999999999999,1,1
7539,4,3.5875,5.3,1.55,14.35,1,1
7456,2,2.1745,2.55,1.799,4.349,1,1
7459,3,1.7116666666666667,2.9,0.99,5.135,1,1
7445,7,2.3042857142857143,3.08,1.2,16.13,1,1
7454,1,14.8,14.8,14.8,14.8,1,1
7542,3,4.239999999999999,10.0,1.27,12.719999999999999,1,1
7409,33,1.3846337272727272,5.5,0.39,45.692913,1,1
7538,20,3.0269249,7.47,1.05,60.538498,1,1
7556,3,1.063,1.29,0.65,3.189,1,1
7534,18,2.871894388888889,10.78,0.775,51.694099,1,1
7453,4,4.8497,15.99,1.01,19.3988,1,1
7523,56,5.623303571428571,14.0,1.2,314.905,1,1
7567,4,6.4725,19.5,0.99,25.89,1,1
7372,5,7.07238,20.99,1.353,35.3619,1,1
7482,2,2.545,3.69,1.4,5.09,1,1
7528,2,4.622249999999999,8.299,0.9455,9.244499999999999,1,1
7395,2,4.85,8.5,1.2,9.7,1,1
7571,3,1.7216666666666667,3.25,0.9,5.165,1,1
7486,4,5.8875,17.0,1.45,23.55,1,1
7405,15,2.158387,4.3899,0.628,32.375805,1,1
7469,16,5.461275,22.5,1.29,87.3804,1,1
7381,1,1.175,1.175,1.175,1.175,1,1
7586,7,9.259657142857142,17.0,1.6,64.8176,1,1
7491,3,0.6022666666666666,0.9,0.43,1.8068,1,1
7430,6,8.626666666666667,15.18,3.2,51.76,1,1
7361,3,0.8296666666666667,1.4,0.099,2.489,1,1
7560,5,49.356,100.0,1.45,246.78,1,1
7509,5,1.291,1.99,0.765,6.455,1,1
7432,3,1.2926666666666666,1.949,0.769,3.878,1,1
7577,9,3.0254444444444446,8.88,0.735,27.229000000000003,1,1
7450,5,2.1176000000000004,3.85,0.849,10.588000000000001,1,1
7377,2,1.875,2.5,1.25,3.75,1,1
7449,7,2.6932857142857145,4.75,1.49,18.853,1,1
7535,7,3.1371428571428575,9.3,1.23,21.96,1,1
7412,1,13.0,13.0,13.0,13.0,1,1
7359,9,3.900505111111111,9.989,0.001,35.104546,1,1
7522,13,3.981446153846154,11.8,0.85,51.7588,1,1
7387,5,5.136,16.88,1.1,25.68,1,1
7473,5,2.872618,7.99999,1.068,14.36309,1,1
7388,4,6.1575,11.0,1.25,24.63,1,1
7429,1,0.947,0.947,0.947,0.947,1,1
7356,2,3.3850000000000002,5.28,1.49,6.7700000000000005,1,1
7406,10,1.7356699,2.2991,1.1,17.356699,1,1
7585,2,0.99,1.0,0.98,1.98,1,1
7436,3,6.396666666666667,14.0,1.49,19.19,1,1
7483,1,1.1,1.1,1.1,1.1,1,1
7484,4,8.3625,14.95,1.1,33.45,1,1
7546,2,7.5925,14.0,1.185,15.185,1,1
7564,6,2.424585,4.46,1.27,14.54751,1,1
7533,10,2.8297979,8.0402,0.477,28.297979,1,1
7531,1,0.8655,0.8655,0.8655,0.8655,1,1
7559,19,3.3909315789473684,11.45,0.95,64.4277,1,1
7468,17,2.7468941176470585,7.8382,1.148,46.697199999999995,1,1
7561,9,2.722166666666667,3.85,1.25,24.4995,1,1
7566,1,1.0,1.0,1.0,1.0,1,1
7379,16,4.8864625,7.25,1.15,78.1834,1,1
7497,2,1.15,1.25,1.05,2.3,1,1
7579,5,6.383,23.7,1.24,31.915,1,1
7386,2,1.3975,1.6,1.195,2.795,1,1
7541,16,4.588125,7.68,1.27,73.41,1,1
7401,12,4.742083333333333,6.6,2.188,56.905,1,1
7461,5,6.790000000000001,16.69,1.32,33.95,1,1
7358,57,3.5474933333333336,7.25,0.39,202.20712,1,1
7519,6,4.465,12.49,0.85,26.79,1,1
7562,10,4.6156999,12.99,1.26,46.156999,1,1
7464,5,8.0076,17.0,1.148,40.038,1,1
7549,2,1.237,1.289,1.185,2.474,1,1
7511,11,2.880781818181818,7.349,1.09,31.6886,1,1
7514,93,3.8626763440860215,11.5,1.53,359.2289,1,1
7475,22,4.5697944090909095,17.0,1.287999,100.535477,1,1
7510,2,2.5999499999999998,3.9,1.2999,5.1998999999999995,1,1
7457,0,0.0,0.0,0.0,0.0,0,0
7568,6,4.990833333333334,14.0,1.35,29.945,1,1
7378,15,3.398,11.35,0.95,50.97,1,1
7439,22,4.942077272727273,6.7,1.0,108.7257,1,1
7357,2,5.175,7.5,2.85,10.35,1,1
7443,28,4.876917857142857,8.8,1.0,136.5537,1,1
7583,8,4.176374999999999,19.99,0.66,33.410999999999994,1,1
7419,23,3.1217391304347823,13.3,2.0,71.8,1,1
7518,1,1.35,1.35,1.35,1.35,1,1
7385,25,3.62461952,15.6,0.669988,90.615488,1,1
7441,5,1.1518,1.68,0.949,5.7589999999999995,1,1
7374,17,3.4294058823529414,5.9348,0.78,58.2999,1,1
7532,5,3.1754,11.7,0.7695,15.876999999999999,1,1
7437,42,3.390959261904762,8.5,0.817,142.420289,1,1
7470,6,3.9814833333333333,10.14,1.219,23.8889,1,1
7581,3,5.626666666666666,15.0,0.9,16.88,1,1
7363,20,1.2686745,1.53,1.1689,25.37349,1,1
7507,3,4.133333333333334,5.5,2.0,12.4,1,1
7458,2,10.069999999999999,17.99,2.15,20.139999999999997,1,1
7558,3,2.613,3.944,0.995,7.839,1,1
7554,6,0.8055436666666665,1.95,0.431862,4.8332619999999995,1,1
7452,33,1.9025424242424243,3.2,0.73,62.7839,1,1
7376,2,5.345,9.0,1.69,10.69,1,1
7537,4,2.4451400000000003,2.95,1.177,9.780560000000001,1,1
7389,24,2.541741666666667,12.0,1.1,61.0018,1,1
7516,1,1.59,1.59,1.59,1.59,1,1
7434,41,5.593870731707317,15.0,0.88,229.3487,1,1
7366,10,4.30398,11.9,1.15,43.0398,1,1
7446,14,6.327085714285714,13.96,0.985,88.5792,1,1
7550,16,2.594493625,12.5,0.93,41.511898,1,1
7421,7,6.878171,17.86,1.2782,48.147197,1,1
7382,3,2.1933333333333334,2.63,1.5,6.58,1,1
7557,4,3.585,10.5,0.85,14.34,1,1
7496,7,3.7514285714285713,9.25,1.08,26.259999999999998,1,1
7595,5,4.608,6.49,1.4,23.04,1,1
7525,20,3.16585,14.0,0.95,63.317,1,1
7422,7,2.7605714285714287,7.83,1.02,19.324,1,1
7517,7,9.61542857142857,23.5,0.888,67.30799999999999,1,1
7487,26,4.7833415384615385,16.98,0.83,124.36688000000001,1,1
7545,6,7.84,18.0,0.47,47.04,1,1
7503,1,5.25,5.25,5.25,5.25,1,1
7527,3,7.223333333333334,17.77,1.2,21.67,1,1
7536,18,2.3473205555555556,11.0,0.415,42.25177,1,1
7365,4,9.49,20.98,1.2,37.96,1,1
7462,32,3.51966559375,5.64,1.375,112.629299,1,1
7368,25,3.23851556,10.7,0.789,80.962889,1,1
7489,3,66.33,135.0,13.99,198.99,1,1
7413,1,12.69,12.69,12.69,12.69,1,1
7524,5,16.9376012,32.0,2.25,84.688006,1,1
7587,2,1.6,2.0,1.2,3.2,1,1
7513,21,5.35567619047619,11.0,1.69,112.4692,1,1
7411,24,4.1907875,14.5,1.47,100.5789,1,1
7399,3,1.3699999999999999,1.51,1.2,4.109999999999999,1,1
7540,7,3.864107,8.7,1.27,27.048749,1,1
7463,9,3.3307777777777776,7.999,1.375,29.977,1,1
7563,6,3.9716666666666662,9.69,0.25,23.83,1,1
7380,15,6.614733333333334,15.0,0.77,99.221,1,1
7479,3,1.8966666666666665,2.4,1.29,5.6899999999999995,1,1
7416,7,6.572185714285715,13.5,1.34,46.005300000000005,1,1
7427,12,2.6496033333333333,5.08,0.899,31.79524,1,1
7515,4,7.0825,11.19,1.49,28.33,1,1
7367,2,4.25,4.5,4.0,8.5,1,1
7467,8,1.41224375,2.88,0.408,11.29795,1,1
7426,36,5.130297222222222,15.9,0.797,184.6907,1,1
7521,2,1.285,1.67,0.9,2.57,1,1
7285,8,2.3154589999999997,2.69,1.19,18.523671999999998,1,1
7245,7,2.3557142857142854,2.8,1.1,16.49,1,1
7114,4,2.1574999999999998,4.75,0.9,8.629999999999999,1,1
7132,6,8.201500000000001,22.45,1.21,49.209,1,1
7115,2,1.72,2.69,0.75,3.44,1,1
7276,1,13.69,13.69,13.69,13.69,1,1
7197,13,5.204738461538461,7.85,1.06,67.66159999999999,1,1
7135,1,3.85,3.85,3.85,3.85,1,1
7127,9,5.916544444444444,24.0,1.149,53.2489,1,1
7203,10,7.236,14.69,1.2,72.36,1,1
7251,7,6.371112857142856,23.0,0.846,44.597789999999996,1,1
7191,12,4.321533333333333,9.9,0.764,51.858399999999996,1,1
7232,4,10.45,22.0,1.45,41.8,1,1
7270,13,2.308030692307692,4.3,1.1,30.004399,1,1
7215,25,5.55902,22.99,0.71,138.9755,1,1
7338,35,3.4140748857142857,16.3,0.88005,119.492621,1,1
7352,3,4.992966666666667,13.0,0.8,14.9789,1,1
7223,2,1.255,1.26,1.25,2.51,1,1
7226,4,4.3975,10.69,1.1,17.59,1,1
7182,5,9.212,18.0,1.25,46.06,1,1
7192,9,4.951228666666667,15.0,1.285,44.561058,1,1
7229,12,1.4709450833333333,2.86,0.462241,17.651341,1,1
7316,2,6.85,12.5,1.2,13.7,1,1
7244,2,1.42,1.44,1.4,2.84,1,1
7257,3,1.9719666666666666,4.2069,0.41,5.9159,1,1
7311,2,0.8545,0.89,0.819,1.709,1,1
7275,35,3.2989157714285713,9.0,0.858,115.462052,1,1
7174,10,6.3489,14.0,0.95,63.489000000000004,1,1
7171,3,8.246666666666666,20.29,1.45,24.74,1,1
7124,9,2.125111,8.8,0.949,19.125999,1,1
7138,1,0.99,0.99,0.99,0.99,1,1
7177,5,4.074,6.9,1.99,20.37,1,1
7261,5,3.996,10.0,1.4,19.98,1,1
7342,30,2.9494586666666667,3.82,0.9,88.48376,1,1
7324,2,1.5114999999999998,1.69,1.333,3.0229999999999997,1,1
7332,13,3.4187798461538463,16.0,1.0,44.444138,1,1
7353,12,4.412415666666667,14.4,1.064199,52.948988,1,1
7163,10,11.328999999999999,24.0,1.69,113.28999999999999,1,1
7122,2,3.245,3.99,2.5,6.49,1,1
7184,7,2.9894284285714288,6.29,0.872,20.925999,1,1
7302,2,7.44,11.98,2.9,14.88,1,1
7317,5,2.3738,3.969,1.2,11.869,1,1
7157,17,2.7316470588235298,15.0,0.66,46.438,1,1
7153,13,1.6818798461538462,5.0,0.491,21.864438,1,1
7301,3,8.095833333333333,14.0,1.2875,24.2875,1,1
7212,13,5.667289923076923,16.0,1.0,73.674769,1,1
7176,2,1.3895,1.55,1.229,2.779,1,1
7252,6,2.6613333333333333,5.5,1.2,15.968,1,1
7213,4,2.287,3.25,1.098,9.148,1,1
7169,14,4.854042857142857,6.59,1.54,67.9566,1,1
7294,3,4.733333333333333,11.8,1.0,14.200000000000001,1,1
7321,3,6.746666666666666,9.95,1.5,20.24,1,1
7343,6,2.15,3.72,1.0,12.9,1,1
7125,9,5.406482777777778,18.5,1.149,48.658345,1,1
7273,9,8.80111111111111,15.98,1.239,79.21,1,1
7238,46,5.147102173913043,7.7,0.884,236.76670000000001,1,1
7268,38,2.6368415263157896,4.2913,1.05,100.199978,1,1
7221,12,2.5846619166666667,4.89,0.901,31.015943,1,1
7172,3,9.13,23.0,1.4,27.39,1,1
7289,55,3.2027168363636362,14.69,0.428,176.149426,1,1
7164,2,1.2690000000000001,1.45,1.088,2.5380000000000003,1,1
7234,3,1.6429666666666665,1.9,1.15,4.9289,1,1
7277,2,2.5345,3.6,1.469,5.069,1,1
7235,6,3.21325,8.0,1.89,19.2795,1,1
7272,18,2.777649444444444,6.5,0.84,49.99769,1,1
7269,2,0.935,1.05,0.82,1.87,1,1
7255,2,0.98,1.25,0.71,1.96,1,1
7242,4,3.296725,7.0,1.19,13.1869,1,1
7250,5,12.174719999999999,23.99,1.4,60.873599999999996,1,1
7274,5,6.6038,13.32,0.909,33.019,1,1
7314,2,3.2390499999999998,5.6281,0.85,6.4780999999999995,1,1
7271,12,5.333966666666666,8.0,1.1,64.0076,1,1
7347,7,1.814552857142857,3.777,0.951,12.70187,1,1
7286,9,1.2884222222222224,4.15,0.765,11.5958,1,1
7216,2,1.5350000000000001,2.0,1.07,3.0700000000000003,1,1
7225,10,3.242,11.5,0.95,32.42,1,1
7179,4,2.3785,2.99,1.219,9.514,1,1
7258,33,2.401088575757576,6.75,0.72,79.235923,1,1
7140,4,5.8447499999999994,16.88,0.9,23.378999999999998,1,1
7152,17,4.624994117647058,21.7,0.9,78.6249,1,1
7146,5,1.7701799999999999,3.41,0.941,8.8509,1,1
7141,4,8.975,19.0,1.4,35.9,1,1
7162,3,2.013333333333333,2.17,1.89,6.04,1,1
7168,3,5.8,13.7,1.55,17.4,1,1
7199,1,1.03,1.03,1.03,1.03,1,1
7259,3,12.660000000000002,17.99,5.0,37.980000000000004,1,1
7228,12,2.7313333333333336,6.9,1.3,32.776,1,1
7207,2,1.145,1.2,1.09,2.29,1,1
7165,9,4.908766666666667,7.19,0.919,44.1789,1,1
7159,5,2.536,4.0,1.29,12.68,1,1
7151,4,5.08475,16.96,0.98,20.339,1,1
7241,2,8.045,15.1,0.99,16.09,1,1
7354,66,3.8044163636363635,7.07,1.0,251.09148,1,1
7298,43,4.007758139534883,14.69,0.78,172.3336,1,1
7128,30,4.876293333333334,6.6,0.711,146.2888,1,1
7299,24,2.49392125,4.6,0.987,59.85411,1,1
7313,6,1.0606666666666666,3.0,0.422,6.364,1,1
7346,2,1.44,1.78,1.1,2.88,1,1
7155,7,1.2556999999999998,1.98,0.95,8.7899,1,1
7133,1,1.5,1.5,1.5,1.5,1,1
7326,3,4.1496666666666675,5.55,1.999,12.449000000000002,1,1
7279,14,3.5370427857142857,13.85,1.266999,49.518599,1,1
7160,8,7.7875,25.0,2.2,62.3,1,1
7248,6,3.7929999999999997,9.25,1.19,22.758,1,1
7340,3,2.3633333333333333,3.75,1.5,7.09,1,1
7210,20,2.63171725,16.0,0.6299,52.634344999999996,1,1
7239,34,2.995736705882353,11.5,0.99,101.855048,1,1
7256,30,3.806319633333333,9.44,0.96,114.189589,1,1
7306,6,5.889210833333333,8.95,3.89,35.335265,1,1
7240,5,2.7148,3.861,1.39,13.574,1,1
7320,3,9.762133333333333,19.0,3.0,29.2864,1,1
7148,1,3.8,3.8,3.8,3.8,1,1
7144,2,1.8699499999999998,2.9999,0.74,3.7398999999999996,1,1
7214,4,3.2325,10.0,0.78,12.93,1,1
7350,8,3.53625,4.9,1.2,28.29,1,1
7247,1,1.2,1.2,1.2,1.2,1,1
7249,2,6.95,12.5,1.4,13.9,1,1
7134,1,1.35,1.35,1.35,1.35,1,1
7348,2,18.5,20.0,17.0,37.0,1,1
7205,15,2.6323333333333334,5.13,1.12,39.485,1,1
7204,10,2.9494,4.3,1.189,29.494,1,1
7339,4,3.45597375,9.57,1.35,13.823895,1,1
7330,9,4.595422222222222,19.95,1.2888,41.358799999999995,1,1
7323,8,5.759625,12.888,0.9,46.077,1,1
7300,2,29.5,54.0,5.0,59.0,1,1
7292,6,2.204066666666667,2.75,1.0555,13.224400000000001,1,1
7231,1,40.001,40.001,40.001,40.001,1,1
7116,5,4.52848,6.7,2.2,22.642400000000002,1,1
7322,2,1.65,1.9,1.4,3.3,1,1
7291,4,4.13075,10.555,1.3,16.523,1,1
7307,5,11.379999999999999,19.9,2.1,56.9,1,1
7136,1,11.75,11.75,11.75,11.75,1,1
7119,5,10.52262,16.5375,5.0,52.6131,1,1
7209,4,5.937025,8.1081,1.2,23.7481,1,1
7150,2,1.0899999999999999,1.2,0.98,2.1799999999999997,1,1
7198,4,8.3,25.5,1.25,33.2,1,1
7130,2,4.8855,9.0,0.771,9.771,1,1
7284,2,1.575,2.0,1.15,3.15,1,1
7310,2,4.825,7.5,2.15,9.65,1,1
7351,4,3.92,8.69,1.5,15.68,1,1
7337,6,7.446666666666666,18.69,1.3,44.68,1,1
7329,3,4.506666666666667,11.5,0.845,13.52,1,1
7253,18,5.551627777777778,18.8,1.1,99.9293,1,1
7222,7,7.5955714285714295,15.0,1.389,53.169000000000004,1,1
7318,18,3.5937940000000004,6.56,0.76,64.688292,1,1
7345,4,2.299925,3.7,1.5,9.1997,1,1
7154,5,1.5230000000000001,2.488,1.0,7.615,1,1
7333,4,2.4375,5.8,1.0,9.75,1,1
7344,6,5.780733333333333,13.5,0.9654,34.6844,1,1
7319,2,1.43,1.66,1.2,2.86,1,1
7267,59,6.157118644067796,13.0,0.835,363.27,1,1
7142,4,1.4024999999999999,1.86,1.15,5.609999999999999,1,1
7263,8,2.208625,7.0,0.98,17.669,1,1
7193,4,4.6674999999999995,7.59,1.18,18.669999999999998,1,1
7290,2,2.8,4.0,1.6,5.6,1,1
7287,4,4.8525,8.69,1.22,19.41,1,1
7246,5,9.145999999999999,21.4,1.0,45.73,1,1
7117,2,7.75,13.0,2.5,15.5,1,1
7254,18,3.2317833333333335,7.375,0.97,58.1721,1,1
7266,2,4.175,6.75,1.6,8.35,1,1
7139,8,3.506875,7.1,0.47,28.055,1,1
7341,8,5.9356625,15.75,0.9654,47.4853,1,1
7315,1,0.85,0.85,0.85,0.85,1,1
7211,3,1.3263333333333334,1.85,0.979,3.979,1,1
7281,6,8.016666666666666,22.9,1.35,48.099999999999994,1,1
7175,14,2.5125357142857143,3.57,1.19,35.1755,1,1
7188,2,4.1617,7.2,1.1234,8.3234,1,1
7325,5,5.7028,22.0,1.37,28.514,1,1
7123,2,3.0,4.5,1.5,6.0,1,1
7327,11,4.053645363636364,15.0,1.09,44.590099,1,1
7113,29,2.2066336551724137,7.76,0.555,63.992376,1,1
7206,9,6.0231,16.0,1.1999,54.2079,1,1
7121,3,11.666666666666666,23.5,4.5,35.0,1,1
7187,10,2.7368899,3.79,1.0469,27.368899,1,1
7186,3,5.1552299999999995,7.99,1.17569,15.465689999999999,1,1
7170,30,3.6126120333333334,23.85,0.44,108.378361,1,1
7149,9,5.035944444444444,14.0,0.93,45.323499999999996,1,1
7282,12,5.572241666666667,25.0,1.4,66.8669,1,1
7283,4,1.596225,2.8,0.85,6.3849,1,1
7131,5,2.1979800000000003,3.5,1.13,10.9899,1,1
7129,5,3.912,10.0,1.08,19.56,1,1
7260,5,4.15564,7.6,2.4282,20.7782,1,1
7295,7,2.2513085714285714,4.0,0.9777,15.75916,1,1
7194,3,1.2433333333333334,1.5,1.05,3.73,1,1
7202,16,4.0511875,13.5,1.2,64.819,1,1
7331,8,8.062275,15.69,0.371,64.4982,1,1
7233,2,10.545,19.9,1.19,21.09,1,1
7336,6,3.4581666666666666,7.25,1.29,20.749,1,1
7143,26,3.1146191153846154,14.0,0.9,80.980097,1,1
7185,5,5.538200000000001,12.345,1.176,27.691000000000003,1,1
7237,8,2.351905125,3.7089,0.759941,18.815241,1,1
7118,1,1.15,1.15,1.15,1.15,1,1
7126,2,9.0495,16.95,1.149,18.099,1,1
7303,2,8.025,14.75,1.3,16.05,1,1
7305,1,6.5,6.5,6.5,6.5,1,1
7236,17,1.5035235294117646,2.319,1.15,25.5599,1,1
7219,3,1.0166666666666666,1.2,0.85,3.05,1,1
7308,7,2.351257142857143,2.8,2.03,16.4588,1,1
7189,8,1.736312125,3.888,0.718497,13.890497,1,1
7200,4,1.4435,3.2,0.754,5.774,1,1
7195,3,12.540000000000001,22.92,1.3,37.620000000000005,1,1
7167,6,2.2755666666666667,4.22,0.462,13.6534,1,1
7173,5,5.9824,17.0,1.222,29.912,1,1
7334,2,4.02475,7.0,1.0495,8.0495,1,1
7264,4,4.817500000000001,8.3,0.98,19.270000000000003,1,1
7312,4,6.8774999999999995,21.75,0.86,27.509999999999998,1,1
7355,13,3.808376846153846,11.9,0.415,49.508899,1,1
7335,7,3.825714285714285,8.68,0.9,26.779999999999998,1,1
7278,1,1.969,1.969,1.969,1.969,1,1
7181,1,1.0,1.0,1.0,1.0,1,1
7304,4,4.484999999999999,6.54,3.5,17.939999999999998,1,1
7280,2,4.2795000000000005,6.49,2.069,8.559000000000001,1,1
7220,2,3.0700000000000003,4.69,1.45,6.140000000000001,1,1
7262,3,7.024333333333334,11.49,0.98,21.073,1,1
7218,8,3.58125,10.0,1.2,28.65,1,1
7178,7,3.8640837142857145,14.42,1.228,27.048586,1,1
7230,2,10.71,16.0,5.42,21.42,1,1
7145,3,1.9666,3.5,1.15,5.8998,1,1
7137,1,1.75,1.75,1.75,1.75,1,1
7208,8,18.219749999999998,88.88,2.2,145.75799999999998,1,1
7217,1,1.0,1.0,1.0,1.0,1,1
7243,9,2.531011111111111,4.98,1.16,22.7791,1,1
7293,5,3.49112,12.88,0.8666,17.4556,1,1
7147,1,1.45,1.45,1.45,1.45,1,1
7183,17,2.913011705882353,5.7,1.08,49.521199,1,1
7328,28,3.2898006428571427,11.1,0.915,92.114418,1,1
7190,4,4.511725,11.8,0.9969,18.0469,1,1
7158,3,2.106666666666667,2.17,2.05,6.32,1,1
7180,11,2.649227272727273,7.5,1.09,29.1415,1,1
7349,5,2.65,7.25,1.25,13.25,1,1
7196,15,3.7882666666666664,5.095,1.3,56.824,1,1
7265,50,5.264949779999999,13.3,1.2,263.247489,1,1
7227,15,3.5168330666666665,15.4,1.4,52.752496,1,1
7224,2,1.315,1.43,1.2,2.63,1,1
7166,62,3.7791120967741936,17.89,0.4358,234.30495,1,1
7156,4,4.34375,13.95,1.05,17.375,1,1
7288,3,4.963333333333334,11.99,1.3,14.89,1,1
7296,9,5.08854,14.95,1.21,45.79686,1,1
7297,4,1.95615,2.5716,1.253,7.8246,1,1
7201,4,9.12225,18.0,1.0,36.489,1,1
7309,1,1.33,1.33,1.33,1.33,1,1
7161,1,2.15,2.15,2.15,2.15,1,1
7120,3,3.0,3.5,2.5,9.0,1,1
6981,2,1.87,2.74,1.0,3.74,1,1
6944,14,1.9681056428571428,3.45,1.1,27.553479,1,1
7022,9,2.065977666666667,2.99,0.9249,18.593799,1,1
6986,6,1.5341666666666667,3.5,0.61,9.205,1,1
7036,3,3.6630000000000003,8.55,1.15,10.989,1,1
7063,26,2.5535208461538463,5.1,0.927,66.391542,1,1
6926,1,11.0,11.0,11.0,11.0,1,1
7028,1,1.1,1.1,1.1,1.1,1,1
7004,2,1.4385,1.777,1.1,2.877,1,1
6937,0,0.0,0.0,0.0,0.0,0,0
6887,1,1.3,1.3,1.3,1.3,1,1
6920,1,1.9,1.9,1.9,1.9,1,1
6878,13,2.9119738461538462,6.2,1.12,37.85566,1,1
6940,1,8.78,8.78,8.78,8.78,1,1
6942,0,0.0,0.0,0.0,0.0,0,0
6873,6,6.206833333333333,14.0,0.79,37.241,1,1
7058,2,4.2,6.0,2.4,8.4,1,1
7051,1,1.1,1.1,1.1,1.1,1,1
7066,2,1.6949999999999998,2.19,1.2,3.3899999999999997,1,1
6956,1,15.0,15.0,15.0,15.0,1,1
6908,3,12.146666666666667,13.99,9.5,36.44,1,1
6972,6,4.350016666666666,10.5001,1.325,26.100099999999998,1,1
7024,28,1.9477001785714287,14.55,0.6,54.535605000000004,1,1
6919,6,4.881783333333334,7.28,2.28,29.2907,1,1
7019,11,1.6740772727272728,2.9799,1.19,18.41485,1,1
7076,3,13.32,27.0,0.96,39.96,1,1
6901,12,6.198533333333334,10.0,1.25,74.3824,1,1
6900,11,2.655027272727273,12.3,1.06,29.2053,1,1
6978,2,2.4450000000000003,3.2,1.69,4.890000000000001,1,1
6974,6,8.706666666666667,21.5,1.34,52.24,1,1
6903,3,5.113333333333333,12.0,1.35,15.34,1,1
6968,20,2.80779,13.87,1.0,56.1558,1,1
6889,6,5.486,19.5,1.399,32.916,1,1
6948,2,5.49,9.88,1.1,10.98,1,1
7077,5,2.778,3.5,1.5,13.89,1,1
6932,4,1.356575,1.5269,1.1,5.4263,1,1
7081,37,1.1942407567567568,4.99,0.722,44.186908,1,1
7053,4,7.415,14.3,1.18,29.66,1,1
6886,1,16.0,16.0,16.0,16.0,1,1
7101,5,3.096,8.0,0.98,15.48,1,1
6931,1,10.0,10.0,10.0,10.0,1,1
6963,16,4.1606875,21.88,1.1,66.571,1,1
7034,2,0.9750000000000001,1.1,0.85,1.9500000000000002,1,1
6905,24,2.5684594166666668,7.99,0.876,61.643026,1,1
7074,1,0.94,0.94,0.94,0.94,1,1
6872,6,10.961666666666666,22.69,0.98,65.77,1,1
6875,10,4.85212,8.5,1.1,48.5212,1,1
6881,4,7.3085,13.479,1.355,29.234,1,1
7084,1,1.333,1.333,1.333,1.333,1,1
7078,2,1.05,1.2,0.9,2.1,1,1
6888,5,3.1142200000000004,7.1411,0.99,15.571100000000001,1,1
6917,2,11.105,13.33,8.88,22.21,1,1
6897,18,3.0456221111111113,11.25,0.539,54.821198,1,1
6910,3,3.8463333333333334,9.0,1.24,11.539,1,1
6936,1,69.0,69.0,69.0,69.0,1,1
6994,2,7.975,15.0,0.95,15.95,1,1
6966,6,2.2375000000000003,2.65,1.045,13.425,1,1
6928,3,2.1999999999999997,4.0,1.1,6.6,1,1
7055,38,3.867730789473684,6.57,0.97,146.97377,1,1
7061,1,1.49,1.49,1.49,1.49,1,1
7047,5,3.938,15.0,0.761,19.69,1,1
6995,3,4.581666666666667,11.49,1.075,13.745000000000001,1,1
6976,12,2.550325,16.69,0.129,30.6039,1,1
7000,2,12.6345,24.0,1.269,25.269,1,1
7073,1,0.94,0.94,0.94,0.94,1,1
6939,6,3.627966666666667,5.0,1.1,21.7678,1,1
7008,14,3.0480927857142857,4.14,0.91,42.673299,1,1
7057,13,1.8677146153846154,4.44689,0.73,24.28029,1,1
6988,4,3.7375000000000003,11.3,0.89,14.950000000000001,1,1
7043,14,2.7843000000000004,10.99,1.28,38.9802,1,1
6930,0,0.0,0.0,0.0,0.0,0,0
7042,1,5.0,5.0,5.0,5.0,1,1
6929,12,6.188124999999999,15.91,1.1,74.2575,1,1
7070,2,4.22835,6.0,2.4567,8.4567,1,1
6970,6,1.5,1.9,1.07,9.0,1,1
7026,13,4.400344615384615,14.0,1.4676,57.20448,1,1
7046,6,3.628166666666667,11.0,1.144,21.769000000000002,1,1
7010,2,5.199999999999999,9.2,1.2,10.399999999999999,1,1
7041,51,4.103332352941177,12.4,1.2,209.26995,1,1
6971,5,1.7322199999999999,2.55,1.0,8.6611,1,1
7044,1,1.299,1.299,1.299,1.299,1,1
7015,2,1.2850000000000001,1.58,0.99,2.5700000000000003,1,1
7065,2,6.25,11.45,1.05,12.5,1,1
6949,0,0.0,0.0,0.0,0.0,0,0
7096,18,1.8058197777777778,5.16,0.742,32.504756,1,1
6883,2,1.1600000000000001,1.37,0.95,2.3200000000000003,1,1
7049,6,4.653666666666667,17.5,1.472,27.922,1,1
7075,1,0.97,0.97,0.97,0.97,1,1
6877,9,5.364333333333333,13.5,1.0,48.278999999999996,1,1
6914,2,168.345,296.69,40.0,336.69,1,1
6941,0,0.0,0.0,0.0,0.0,0,0
6958,2,24.7825,37.0,12.565,49.565,1,1
7048,3,1.3663333333333334,2.0,0.919,4.099,1,1
6933,1,1.1,1.1,1.1,1.1,1,1
7082,4,1.93625,2.8,0.8,7.745,1,1
7093,9,7.703766666666667,25.0,0.8499,69.3339,1,1
6924,14,6.732142857142857,24.0,2.17,94.25,1,1
7092,1,2.495,2.495,2.495,2.495,1,1
6984,5,0.9383800000000001,1.1,0.72,4.6919,1,1
6911,2,6.2625,6.375,6.15,12.525,1,1
6982,2,4.9925,8.99,0.995,9.985,1,1
7103,3,1.3099999999999998,1.5,1.04,3.9299999999999997,1,1
6884,5,5.43038,9.5,1.355,27.1519,1,1
6906,7,1.0022812857142858,3.75,0.419,7.015969,1,1
7107,30,2.681176333333333,12.9,0.92,80.43529,1,1
6902,6,7.052833333333333,15.88,0.878,42.317,1,1
7102,3,1.4733333333333334,1.68,1.29,4.42,1,1
7087,11,2.8971727272727272,6.879,1.6,31.8689,1,1
6938,2,9.55,18.0,1.1,19.1,1,1
6953,1,1.1,1.1,1.1,1.1,1,1
6952,3,9.923,13.8,2.969,29.769000000000002,1,1
7064,39,3.014279487179487,3.84,0.94,117.5569,1,1
7032,25,5.5091756,16.5,0.453,137.72939,1,1
6925,0,0.0,0.0,0.0,0.0,0,0
6909,4,5.875,17.5,0.05,23.5,1,1
6990,14,2.3588928571428576,2.8,1.05,33.0245,1,1
7009,34,4.463205882352941,10.99,0.95,151.749,1,1
7018,3,2.48,4.4,0.05,7.44,1,1
7025,3,6.452000000000001,11.2,0.845,19.356,1,1
6896,1,3.0,3.0,3.0,3.0,1,1
7091,25,2.3495791599999998,21.9,0.7475,58.739478999999996,1,1
7017,45,4.358724444444444,6.71,0.915,196.14260000000002,1,1
7007,5,5.118,16.0,1.19,25.59,1,1
6996,2,1.15,1.3,1.0,2.3,1,1
6962,0,0.0,0.0,0.0,0.0,0,0
6882,1,4.4,4.4,4.4,4.4,1,1
7021,6,12.074833333333332,25.0,1.159,72.449,1,1
6950,4,2.5125,3.35,1.1,10.05,1,1
6959,0,0.0,0.0,0.0,0.0,0,0
6999,11,5.1848,16.0,0.8298,57.0328,1,1
6965,0,0.0,0.0,0.0,0.0,0,0
6977,17,3.4146588235294115,5.6,1.2,58.0492,1,1
6951,0,0.0,0.0,0.0,0.0,0,0
6967,8,2.9412499999999997,12.0,1.2,23.529999999999998,1,1
6935,0,0.0,0.0,0.0,0.0,0,0
7056,7,4.371428571428572,11.75,1.19,30.6,1,1
7045,3,7.043333333333334,15.99,1.35,21.130000000000003,1,1
6904,37,4.603421621621622,11.88,0.9499,170.3266,1,1
6987,15,4.480889266666667,10.88,0.77,67.213339,1,1
6992,2,1.32,1.35,1.29,2.64,1,1
6993,14,2.576857142857143,3.95,1.0,36.076,1,1
6983,4,7.3254,21.6216,1.18,29.3016,1,1
6998,2,1.6844999999999999,2.3,1.069,3.3689999999999998,1,1
6918,9,5.276144444444444,16.0,0.801,47.4853,1,1
6997,12,5.683116666666667,13.5,0.969,68.1974,1,1
7020,4,9.85825,23.333,3.1,39.433,1,1
7098,16,5.53930625,15.8,0.99,88.6289,1,1
7100,5,6.68,13.0,1.45,33.4,1,1
7088,38,3.2814657368421054,4.55,2.17,124.69569800000001,1,1
6961,0,0.0,0.0,0.0,0.0,0,0
6964,7,2.839857142857143,3.949,1.1,19.879,1,1
7006,5,2.92548,9.0,1.19,14.6274,1,1
7110,2,1.15,1.15,1.15,2.3,1,1
7059,1,1.19,1.19,1.19,1.19,1,1
6947,0,0.0,0.0,0.0,0.0,0,0
7033,2,1.939,2.799,1.079,3.878,1,1
6899,6,2.1933233333333333,3.27,0.99,13.15994,1,1
7068,0,0.0,0.0,0.0,0.0,0,0
7105,0,0.0,0.0,0.0,0.0,0,0
6946,0,0.0,0.0,0.0,0.0,0,0
7027,0,0.0,0.0,0.0,0.0,0,0
6916,0,0.0,0.0,0.0,0.0,0,0
6895,0,0.0,0.0,0.0,0.0,0,0
7012,0,0.0,0.0,0.0,0.0,0,0
6945,0,0.0,0.0,0.0,0.0,0,0
7037,0,0.0,0.0,0.0,0.0,0,0
7014,0,0.0,0.0,0.0,0.0,0,0
6874,0,0.0,0.0,0.0,0.0,0,0
6885,0,0.0,0.0,0.0,0.0,0,0
7097,0,0.0,0.0,0.0,0.0,0,0
7080,0,0.0,0.0,0.0,0.0,0,0
6979,0,0.0,0.0,0.0,0.0,0,0
7095,0,0.0,0.0,0.0,0.0,0,0
6894,0,0.0,0.0,0.0,0.0,0,0
6890,0,0.0,0.0,0.0,0.0,0,0
7060,0,0.0,0.0,0.0,0.0,0,0
6871,0,0.0,0.0,0.0,0.0,0,0
6922,0,0.0,0.0,0.0,0.0,0,0
7094,0,0.0,0.0,0.0,0.0,0,0
6876,0,0.0,0.0,0.0,0.0,0,0
7052,0,0.0,0.0,0.0,0.0,0,0
6879,0,0.0,0.0,0.0,0.0,0,0
7003,0,0.0,0.0,0.0,0.0,0,0
7079,4,9.56725,18.0,0.779,38.269,1,1
7040,2,2.5244999999999997,3.5,1.549,5.0489999999999995,1,1
7016,0,0.0,0.0,0.0,0.0,0,0
7086,0,0.0,0.0,0.0,0.0,0,0
7023,0,0.0,0.0,0.0,0.0,0,0
7106,0,0.0,0.0,0.0,0.0,0,0
6989,0,0.0,0.0,0.0,0.0,0,0
6912,0,0.0,0.0,0.0,0.0,0,0
6960,0,0.0,0.0,0.0,0.0,0,0
6921,0,0.0,0.0,0.0,0.0,0,0
7001,0,0.0,0.0,0.0,0.0,0,0
7108,0,0.0,0.0,0.0,0.0,0,0
6927,0,0.0,0.0,0.0,0.0,0,0
6943,0,0.0,0.0,0.0,0.0,0,0
6980,0,0.0,0.0,0.0,0.0,0,0
6870,0,0.0,0.0,0.0,0.0,0,0
7030,0,0.0,0.0,0.0,0.0,0,0
6913,0,0.0,0.0,0.0,0.0,0,0
7031,0,0.0,0.0,0.0,0.0,0,0
7112,0,0.0,0.0,0.0,0.0,0,0
7013,0,0.0,0.0,0.0,0.0,0,0
6915,0,0.0,0.0,0.0,0.0,0,0
6955,0,0.0,0.0,0.0,0.0,0,0
7085,0,0.0,0.0,0.0,0.0,0,0
7054,0,0.0,0.0,0.0,0.0,0,0
7062,0,0.0,0.0,0.0,0.0,0,0
6991,0,0.0,0.0,0.0,0.0,0,0
7072,0,0.0,0.0,0.0,0.0,0,0
7050,0,0.0,0.0,0.0,0.0,0,0
6907,0,0.0,0.0,0.0,0.0,0,0
7069,0,0.0,0.0,0.0,0.0,0,0
6934,0,0.0,0.0,0.0,0.0,0,0
7029,0,0.0,0.0,0.0,0.0,0,0
7011,0,0.0,0.0,0.0,0.0,0,0
6985,0,0.0,0.0,0.0,0.0,0,0
7005,0,0.0,0.0,0.0,0.0,0,0
7109,0,0.0,0.0,0.0,0.0,0,0
6969,0,0.0,0.0,0.0,0.0,0,0
6898,0,0.0,0.0,0.0,0.0,0,0
6892,0,0.0,0.0,0.0,0.0,0,0
7090,2,4.66,4.79,4.53,9.32,1,1
7038,10,3.01195,4.492,0.951,30.119500000000002,1,1
6893,9,4.2586654444444445,12.5,0.9499,38.327989,1,1
6973,5,3.903598,13.42,1.18,19.51799,1,1
7067,4,8.55,25.0,2.25,34.2,1,1
6954,6,4.3676466666666665,14.0,0.96,26.20588,1,1
6880,1,1.05,1.05,1.05,1.05,1,1
6891,28,4.404197071428571,19.3,0.999,123.317518,1,1
6923,2,4.0945,7.0,1.189,8.189,1,1
7083,27,1.5910562962962962,7.97,0.46775,42.95852,1,1
7035,3,4.7443333333333335,8.0,2.9,14.233,1,1
7104,11,3.0327181818181814,3.85,1.22,33.359899999999996,1,1
7002,17,3.245805882352941,12.69,1.15,55.1787,1,1
6957,17,3.2699934705882354,5.55,1.1,55.589889,1,1
7111,6,14.603860666666668,35.0,1.3,87.623164,1,1
7071,10,3.08289,6.0,1.289,30.8289,1,1
7099,2,1.1949999999999998,1.4,0.99,2.3899999999999997,1,1
7039,5,6.248,13.0,2.75,31.240000000000002,1,1
6975,17,2.4700588235294116,6.5,0.397,41.991,1,1
7089,48,5.48079375,13.28,0.9111,263.0781,1,1
6826,5,7.804,16.98,0.82,39.02,1,1
6761,3,6.066300000000001,14.1,1.1,18.198900000000002,1,1
6756,3,9.156666666666666,13.99,1.08,27.47,1,1
6724,14,3.7319270714285717,6.3,1.5,52.246979,1,1
6793,4,4.095,11.11,0.77,16.38,1,1
6666,6,10.166666666666666,22.0,1.7,61.0,1,1
6710,41,2.6729449512195123,4.64,0.609468,109.590743,1,1
6657,17,3.426528705882353,8.49,0.575,58.250988,1,1
6643,2,8.995,16.0,1.99,17.99,1,1
6841,18,3.9443131666666664,22.0,0.42394,70.997637,1,1
6765,14,3.8275635,17.5,0.885999,53.585889,1,1
6687,3,5.466333333333334,13.0,1.399,16.399,1,1
6636,1,1.3,1.3,1.3,1.3,1,1
6780,3,8.5,16.0,1.5,25.5,1,1
6853,13,1.439673076923077,2.38,0.877,18.71575,1,1
6646,2,2.3,2.75,1.85,4.6,1,1
6729,11,2.5029636363636363,7.013,1.03,27.5326,1,1
6656,1,1.39,1.39,1.39,1.39,1,1
6653,8,6.1596262500000005,23.5,1.55,49.277010000000004,1,1
6695,7,7.137769999999999,20.0,0.99,49.964389999999995,1,1
6732,6,3.656146666666667,4.64,1.33,21.936880000000002,1,1
6764,3,4.83,7.49,1.5,14.49,1,1
6815,25,3.9056164,5.06,1.95,97.64041,1,1
6776,7,1.7414811428571428,2.76,1.09,12.190368,1,1
6679,5,7.62,15.5,1.3,38.1,1,1
6821,5,1.0367777999999999,1.3,0.959,5.183889,1,1
6864,8,2.4287625,8.5258,1.05,19.4301,1,1
6739,0,0.0,0.0,0.0,0.0,0,0
6789,0,0.0,0.0,0.0,0.0,0,0
6719,0,0.0,0.0,0.0,0.0,0,0
6691,0,0.0,0.0,0.0,0.0,0,0
6759,0,0.0,0.0,0.0,0.0,0,0
6654,0,0.0,0.0,0.0,0.0,0,0
6808,0,0.0,0.0,0.0,0.0,0,0
6798,0,0.0,0.0,0.0,0.0,0,0
6641,0,0.0,0.0,0.0,0.0,0,0
6850,0,0.0,0.0,0.0,0.0,0,0
6723,0,0.0,0.0,0.0,0.0,0,0
6684,0,0.0,0.0,0.0,0.0,0,0
6705,0,0.0,0.0,0.0,0.0,0,0
6738,0,0.0,0.0,0.0,0.0,0,0
6665,0,0.0,0.0,0.0,0.0,0,0
6817,0,0.0,0.0,0.0,0.0,0,0
6810,0,0.0,0.0,0.0,0.0,0,0
6635,0,0.0,0.0,0.0,0.0,0,0
6835,0,0.0,0.0,0.0,0.0,0,0
6645,0,0.0,0.0,0.0,0.0,0,0
6689,0,0.0,0.0,0.0,0.0,0,0
6859,0,0.0,0.0,0.0,0.0,0,0
6854,0,0.0,0.0,0.0,0.0,0,0
6807,0,0.0,0.0,0.0,0.0,0,0
6802,0,0.0,0.0,0.0,0.0,0,0
6749,0,0.0,0.0,0.0,0.0,0,0
6632,0,0.0,0.0,0.0,0.0,0,0
6792,0,0.0,0.0,0.0,0.0,0,0
6743,0,0.0,0.0,0.0,0.0,0,0
6667,0,0.0,0.0,0.0,0.0,0,0
6869,0,0.0,0.0,0.0,0.0,0,0
6816,0,0.0,0.0,0.0,0.0,0,0
6862,0,0.0,0.0,0.0,0.0,0,0
6768,0,0.0,0.0,0.0,0.0,0,0
6674,0,0.0,0.0,0.0,0.0,0,0
6713,0,0.0,0.0,0.0,0.0,0,0
6703,0,0.0,0.0,0.0,0.0,0,0
6781,0,0.0,0.0,0.0,0.0,0,0
6786,0,0.0,0.0,0.0,0.0,0,0
6867,0,0.0,0.0,0.0,0.0,0,0
6709,0,0.0,0.0,0.0,0.0,0,0
6782,0,0.0,0.0,0.0,0.0,0,0
6676,0,0.0,0.0,0.0,0.0,0,0
6770,0,0.0,0.0,0.0,0.0,0,0
6813,0,0.0,0.0,0.0,0.0,0,0
6773,0,0.0,0.0,0.0,0.0,0,0
6822,0,0.0,0.0,0.0,0.0,0,0
6791,0,0.0,0.0,0.0,0.0,0,0
6631,0,0.0,0.0,0.0,0.0,0,0
6762,0,0.0,0.0,0.0,0.0,0,0
6696,0,0.0,0.0,0.0,0.0,0,0
6735,0,0.0,0.0,0.0,0.0,0,0
6692,0,0.0,0.0,0.0,0.0,0,0
6805,0,0.0,0.0,0.0,0.0,0,0
6824,0,0.0,0.0,0.0,0.0,0,0
6639,0,0.0,0.0,0.0,0.0,0,0
6638,0,0.0,0.0,0.0,0.0,0,0
6755,0,0.0,0.0,0.0,0.0,0,0
6843,0,0.0,0.0,0.0,0.0,0,0
6827,0,0.0,0.0,0.0,0.0,0,0
6750,0,0.0,0.0,0.0,0.0,0,0
6722,0,0.0,0.0,0.0,0.0,0,0
6771,0,0.0,0.0,0.0,0.0,0,0
6651,0,0.0,0.0,0.0,0.0,0,0
6675,0,0.0,0.0,0.0,0.0,0,0
6868,0,0.0,0.0,0.0,0.0,0,0
6730,0,0.0,0.0,0.0,0.0,0,0
6649,0,0.0,0.0,0.0,0.0,0,0
6718,0,0.0,0.0,0.0,0.0,0,0
6677,0,0.0,0.0,0.0,0.0,0,0
6837,0,0.0,0.0,0.0,0.0,0,0
6751,16,1.4658125,2.5,0.85,23.453,1,1
6690,3,6.669999999999999,9.7,0.85,20.009999999999998,1,1
6694,12,4.64075,10.859,1.0,55.689,1,1
6728,3,12.316666666666668,30.0,2.95,36.95,1,1
6851,8,4.325928125,14.5,0.74,34.607425,1,1
6769,4,1.387,1.8,1.13,5.548,1,1
6832,3,3.66,4.99,2.99,10.98,1,1
6726,4,1.45975,1.88,1.19,5.839,1,1
6858,3,6.633406666666667,11.9,0.95,19.90022,1,1
6672,5,3.032,3.4,1.99,15.16,1,1
6754,16,3.1342874375,11.5,0.411,50.148599,1,1
6650,4,6.16925,19.9,1.377,24.677,1,1
6683,6,2.2931666666666666,2.73,1.4,13.759,1,1
6834,18,2.7214714444444446,13.79,0.85,48.986486,1,1
6852,2,1.3445,1.39,1.299,2.689,1,1
6846,3,9.247300000000001,22.6919,2.2,27.7419,1,1
6662,12,5.991499999999999,16.07,1.05,71.898,1,1
6714,6,2.872132833333333,3.69,1.244,17.232796999999998,1,1
6763,40,6.339119975,16.4,1.0,253.564799,1,1
6644,5,5.513,10.79,1.19,27.564999999999998,1,1
6833,18,4.040204944444444,13.6,0.83,72.723689,1,1
6779,6,10.589166666666666,19.99,1.12,63.535,1,1
6797,13,4.061561461538461,14.25,1.09,52.800298999999995,1,1
6708,37,3.263737,13.95,0.9703,120.758269,1,1
6633,3,4.83,10.0,1.99,14.49,1,1
6700,10,5.722199,13.96,0.85,57.22199,1,1
6839,4,4.0024999999999995,10.34,0.98,16.009999999999998,1,1
6842,3,5.6499999999999995,9.95,1.0,16.95,1,1
6734,5,0.7593797999999999,0.888,0.67,3.796899,1,1
6748,10,1.4657978999999999,4.97,0.35,14.657979,1,1
6678,4,3.5188,6.9052,2.22,14.0752,1,1
6847,2,6.625,12.5,0.75,13.25,1,1
6801,21,3.6393333333333335,14.0,1.45,76.426,1,1
6788,3,10.15,20.0,4.45,30.45,1,1
6699,28,4.3167857142857144,6.2,0.99,120.87,1,1
6825,4,5.0125,14.8,0.95,20.05,1,1
6863,2,6.37,6.44,6.3,12.74,1,1
6704,55,5.221147272727272,6.57,0.775,287.1631,1,1
6775,26,5.156753807692308,14.4,1.19,134.075599,1,1
6844,13,2.723057692307692,4.66,0.75,35.39975,1,1
6746,2,1.4545,1.71,1.199,2.909,1,1
6767,8,7.2065,17.4,0.382,57.652,1,1
6747,32,3.710796875,6.57,0.86,118.7455,1,1
6682,2,1.145,1.4,0.89,2.29,1,1
6733,21,2.370052333333333,6.365,0.95,49.771099,1,1
6809,8,2.6019375,5.13,1.08,20.8155,1,1
6758,6,7.438166666666667,16.3,0.999,44.629,1,1
6812,3,1.393,1.6,1.289,4.179,1,1
6721,18,4.4782222222222225,6.51,0.424,80.608,1,1
6717,31,3.416919322580645,5.63,1.4,105.924499,1,1
6796,13,1.854185,7.6,0.98,24.104405,1,1
6736,5,6.8548,22.5,0.545,34.274,1,1
6681,38,1.9958422631578947,4.5,0.61,75.842006,1,1
6790,3,4.676666666666667,10.45,1.08,14.03,1,1
6783,3,7.4799999999999995,11.69,1.25,22.439999999999998,1,1
6673,4,2.694,4.05,1.0,10.776,1,1
6688,61,2.536983836065574,3.82,1.13,154.756014,1,1
6652,9,2.706777777777778,12.0,0.83,24.361,1,1
6766,7,5.090557142857143,19.5,1.25,35.6339,1,1
6685,14,2.3316664285714284,7.839,1.193,32.64333,1,1
6720,1,1.09,1.09,1.09,1.09,1,1
6716,7,9.7673,15.5,1.4,68.3711,1,1
6663,12,8.062083333333334,29.0,1.6,96.745,1,1
6647,2,7.1085,13.0,1.217,14.217,1,1
6800,44,4.099782272727273,6.88,0.73,180.39042,1,1
6785,1,21.0,21.0,21.0,21.0,1,1
6648,12,2.5476285,8.944444,0.8,30.571542,1,1
6840,3,8.859666666666667,13.95,0.969,26.579,1,1
6697,5,5.454,11.99,1.19,27.27,1,1
6742,11,6.376363636363636,9.45,1.15,70.14,1,1
6836,4,2.755,4.1,0.95,11.02,1,1
6701,28,3.0862928571428574,13.0,0.776,86.4162,1,1
6774,5,4.1240000000000006,13.88,1.1,20.62,1,1
6784,1,11.95,11.95,11.95,11.95,1,1
6777,5,3.4997999999999996,5.5,1.5,17.499,1,1
6737,3,4.989999999999999,9.75,1.3,14.969999999999999,1,1
6686,2,1.58,1.79,1.37,3.16,1,1
6661,8,9.6572125,13.94,4.9798,77.2577,1,1
6658,7,4.9992857142857146,11.15,1.15,34.995000000000005,1,1
6849,7,3.6295714285714284,10.9,0.907,25.407,1,1
6745,29,4.441662068965517,6.63,1.49,128.8082,1,1
6866,19,3.7231025789473686,14.35,0.737,70.738949,1,1
6818,11,4.202272727272727,11.69,1.43,46.225,1,1
6637,11,8.478000000000002,23.8,0.939,93.25800000000001,1,1
6855,9,3.8744611111111116,14.59,1.25,34.87015,1,1
6804,8,4.3105,9.98,1.2,34.484,1,1
6712,17,1.875333294117647,6.799,0.448,31.880666,1,1
6861,55,3.8127,13.5,1.0,209.6985,1,1
6693,2,0.8805000000000001,1.29,0.471,1.7610000000000001,1,1
6811,3,14.353333333333333,39.99,1.32,43.06,1,1
6819,5,3.5710900000000003,7.20545,1.6,17.85545,1,1
6634,2,1.12,1.29,0.95,2.24,1,1
6857,6,4.4031666666666665,16.2,1.349,26.418999999999997,1,1
6820,9,3.4083987777777778,8.95,0.9999,30.675589,1,1
6865,7,2.1109222857142855,3.99,1.3,14.776456,1,1
6727,3,5.08,7.0,1.74,15.24,1,1
6828,3,2.5500000000000003,4.9,1.3,7.65,1,1
6830,19,3.1910186315789475,16.0,0.9,60.629354,1,1
6787,26,1.6189422692307693,3.5,0.37,42.092499000000004,1,1
6706,5,4.0697392,16.0,0.7499,20.348696,1,1
6670,2,6.8495,12.4,1.299,13.699,1,1
6856,5,4.399800000000001,8.88,1.349,21.999000000000002,1,1
6799,3,1.5999999999999999,1.95,1.39,4.8,1,1
6668,7,3.513841428571429,6.9,1.5,24.596890000000002,1,1
6669,3,5.983,15.0,1.249,17.948999999999998,1,1
6752,2,1.7,1.9,1.5,3.4,1,1
6803,4,12.22475,18.0,0.899,48.899,1,1
6659,34,5.666735294117648,13.5,1.195,192.669,1,1
6753,2,1.625,1.75,1.5,3.25,1,1
6655,8,1.4325062499999999,1.76,0.85,11.460049999999999,1,1
6829,14,1.8059335714285714,6.5,0.81,25.28307,1,1
6848,12,3.513583333333333,6.12,1.09,42.163,1,1
6838,3,1.4593333333333334,1.899,0.979,4.378,1,1
6698,2,1.095,1.2,0.99,2.19,1,1
6715,24,3.9107458333333334,5.64,1.0,93.8579,1,1
6740,3,5.756666666666667,14.95,0.95,17.27,1,1
6760,10,6.64799,13.18,1.1,66.4799,1,1
6725,5,1.802,3.25,0.98,9.01,1,1
6642,8,1.7459875,2.17,0.95,13.9679,1,1
6744,6,8.216666666666667,14.8,1.2,49.3,1,1
6794,11,4.869000000000001,17.777,0.96,53.559000000000005,1,1
6778,4,7.296424999999999,12.0,1.5,29.185699999999997,1,1
6823,12,1.0436566666666667,2.5,0.38,12.52388,1,1
6806,2,1.29,1.4,1.18,2.58,1,1
6680,4,7.9375,26.5,1.05,31.75,1,1
6795,19,1.153398894736842,3.3,0.76,21.914579,1,1
6772,49,4.341734081632653,6.59,1.09,212.74497,1,1
6671,1,1.15,1.15,1.15,1.15,1,1
6711,7,6.930714285714286,13.75,1.179,48.515,1,1
6707,14,5.476694357142857,16.0,1.0,76.673721,1,1
6702,8,2.875,7.5,0.85,23.0,1,1
6757,11,2.8619135454545455,4.47,1.12345,31.481049,1,1
6731,4,2.54145,3.56,1.3,10.1658,1,1
6640,31,5.035483870967742,8.0,0.99,156.1,1,1
6664,3,7.993333333333333,11.99,4.0,23.98,1,1
6831,3,1.1660000000000001,1.75,0.849,3.498,1,1
6814,45,3.444448044444444,9.39,1.18,155.000162,1,1
6660,17,3.0142091764705885,5.7484,0.719,51.241556,1,1
6860,6,7.646666666666666,15.6,0.93,45.879999999999995,1,1
6741,3,6.75,16.9,1.5,20.25,1,1
6845,5,2.294,3.65,0.9,11.47,1,1
6606,3,3.3166666666666664,5.0,1.45,9.95,1,1
6409,1,1.8264,1.8264,1.8264,1.8264,1,1
6585,3,1.9826666666666668,3.87,0.999,5.948,1,1
6508,6,9.613333333333333,16.0,1.79,57.68,1,1
6538,2,3.215,4.59,1.84,6.43,1,1
6435,3,3.871233333333334,6.88,1.2777,11.613700000000001,1,1
6621,39,3.355874102564102,14.69,0.95,130.87909,1,1
6613,5,1.9294,3.849,1.199,9.647,1,1
6402,1,0.7799,0.7799,0.7799,0.7799,1,1
6556,3,3.7900000000000005,5.57,1.15,11.370000000000001,1,1
6598,1,1.0,1.0,1.0,1.0,1,1
6417,22,5.646077272727273,23.0,1.53,124.2137,1,1
6578,41,2.491996463414634,3.5,1.34,102.171855,1,1
6398,1,1.7979,1.7979,1.7979,1.7979,1,1
6495,3,9.41,22.0,1.35,28.23,1,1
6557,2,1.5,1.8,1.2,3.0,1,1
6619,2,1.9249999999999998,2.55,1.3,3.8499999999999996,1,1
6507,0,0.0,0.0,0.0,0.0,0,0
6603,33,2.849430484848485,17.42,0.363,94.031206,1,1
6521,3,4.810666666666667,9.782,1.2,14.432,1,1
6584,3,2.7133333333333334,5.49,1.25,8.14,1,1
6553,3,4.4750000000000005,8.875,1.05,13.425,1,1
6550,1,7.0,7.0,7.0,7.0,1,1
6612,1,1.35,1.35,1.35,1.35,1,1
6493,4,2.8625,4.0,1.0,11.45,1,1
6429,3,3.8633333333333333,9.0,1.19,11.59,1,1
6528,4,3.60495,9.97,1.35,14.4198,1,1
6480,10,7.01867,23.0,1.3,70.1867,1,1
6533,17,2.8236176470588235,4.75,0.85,48.0015,1,1
6426,2,1.99,2.69,1.29,3.98,1,1
6502,1,1.275,1.275,1.275,1.275,1,1
6537,9,2.8064583333333335,7.431,0.139125,25.258125,1,1
6624,3,4.8189,7.0,1.4567,14.4567,1,1
6520,6,7.81,14.9,1.3,46.86,1,1
6527,4,1.178925,1.29,0.9369,4.7157,1,1
6587,3,1.42,1.98,0.88,4.26,1,1
6611,3,1.0129876666666666,1.0675,0.95,3.038963,1,1
6448,2,1.05,1.09,1.01,2.1,1,1
6517,3,2.5,4.0,1.5,7.5,1,1
6594,2,1.46,1.85,1.07,2.92,1,1
6487,7,2.9828571428571427,6.17,1.11,20.88,1,1
6588,3,7.3999999999999995,11.0,1.2,22.2,1,1
6450,4,2.82125,6.08,1.19,11.285,1,1
6554,14,4.393035571428571,7.4,0.001,61.502498,1,1
6555,8,4.44425675,15.3,1.05,35.554054,1,1
6462,10,4.2954498999999995,15.55,1.178,42.954499,1,1
6395,11,0.9467298181818182,1.2,0.73,10.414028,1,1
6625,6,5.108116666666667,15.0,0.87,30.648699999999998,1,1
6503,1,1.2,1.2,1.2,1.2,1,1
6564,22,2.9134635909090907,7.0,0.757,64.096199,1,1
6414,4,4.077249999999999,13.04,0.779,16.308999999999997,1,1
6510,0,0.0,0.0,0.0,0.0,0,0
6488,44,5.847851590909091,23.88,0.7325,257.30547,1,1
6464,4,7.3475,14.2,1.95,29.39,1,1
6572,1,2.0,2.0,2.0,2.0,1,1
6630,13,7.513769230769231,16.5,1.06,97.679,1,1
6477,0,0.0,0.0,0.0,0.0,0,0
6451,1,1.19,1.19,1.19,1.19,1,1
6601,3,3.4233333333333333,4.88,0.89,10.27,1,1
6629,21,4.757176190476191,24.8,0.445,99.9007,1,1
6452,17,3.3568335294117646,5.8702,0.76,57.06617,1,1
6471,3,2.316333333333333,3.4,0.949,6.949,1,1
6460,5,28.639999999999997,44.9,7.5,143.2,1,1
6566,1,1.5,1.5,1.5,1.5,1,1
6491,6,4.15665,5.96,1.19,24.939899999999998,1,1
6519,4,1.2133775,1.379,0.97451,4.85351,1,1
6421,9,9.424444444444443,20.48,0.99,84.82,1,1
6397,2,10.48985,19.0,1.9797,20.9797,1,1
6539,2,2.775,4.5,1.05,5.55,1,1
6461,1,1.06,1.06,1.06,1.06,1,1
6479,54,3.019907185185185,5.3166,0.98,163.074988,1,1
6449,1,3.22,3.22,3.22,3.22,1,1
6522,1,5.0,5.0,5.0,5.0,1,1
6501,4,11.094975,23.8,1.1499,44.3799,1,1
6407,1,7.96,7.96,7.96,7.96,1,1
6535,13,3.548223076923077,15.0,0.85,46.1269,1,1
6458,45,2.807412888888889,7.6382,0.88,126.33358,1,1
6576,3,2.0100000000000002,3.5,1.2,6.03,1,1
6596,21,2.059795238095238,4.53,0.408,43.2557,1,1
6579,4,4.0550025000000005,7.39001,2.0,16.220010000000002,1,1
6406,2,4.5,7.95,1.05,9.0,1,1
6415,16,3.61141875,7.99,1.65,57.7827,1,1
6616,19,5.003721052631579,6.5327,1.15,95.0707,1,1
6392,15,2.3554066666666666,4.66,1.17,35.3311,1,1
6577,6,3.073,6.46,0.8,18.438,1,1
6463,14,1.587407142857143,3.15,0.51,22.2237,1,1
6483,2,8.58,10.5,6.66,17.16,1,1
6420,3,2.535,3.125,1.49,7.605,1,1
6437,4,2.1470000000000002,3.39,0.849,8.588000000000001,1,1
6610,11,5.954836272727272,16.16,1.3,65.503199,1,1
6442,1,1.2,1.2,1.2,1.2,1,1
6408,3,1.4633333333333336,1.85,1.05,4.390000000000001,1,1
6416,3,2.3766666666666665,2.6,2.21,7.13,1,1
6595,5,2.654,5.0,0.88,13.27,1,1
6492,1,1.99,1.99,1.99,1.99,1,1
6489,8,2.6237375,4.89,1.17,20.9899,1,1
6620,4,1.76125,3.0,1.0,7.045,1,1
6472,93,2.368300612903226,5.07,0.361,220.251957,1,1
6536,12,3.4553333333333334,6.495,0.97,41.464,1,1
6439,3,1.4953333333333332,2.4,0.798,4.486,1,1
6418,2,7.525,13.0,2.05,15.05,1,1
6583,2,1.45,1.7,1.2,2.9,1,1
6475,0,0.0,0.0,0.0,0.0,0,0
6504,5,6.5979996,10.95,1.3,32.989998,1,1
6425,11,4.025272727272728,13.1,1.0,44.278,1,1
6434,5,5.14274,8.85,1.1337,25.7137,1,1
6496,9,8.709888888888889,24.0,1.299,78.389,1,1
6545,10,2.4452407999999997,3.054,1.1999,24.452408,1,1
6542,2,9.125,16.5,1.75,18.25,1,1
6543,11,6.360541636363636,13.2,0.999,69.965958,1,1
6568,14,2.6406070714285717,6.6,1.09,36.968499,1,1
6478,2,2.56945,2.942,2.1969,5.1389,1,1
6573,21,6.718095238095239,21.29,1.1,141.08,1,1
6615,9,5.752222222222223,13.0,1.1,51.77,1,1
6465,3,19.666666666666668,38.0,6.0,59.0,1,1
6440,4,1.78747475,2.099999,1.1,7.149899,1,1
6607,2,1.1099999999999999,1.39,0.83,2.2199999999999998,1,1
6589,15,1.6924062666666666,7.8,0.729996,25.386094,1,1
6567,31,3.5041838709677418,11.25,1.1,108.6297,1,1
6574,6,3.203333333333333,9.69,0.531,19.22,1,1
6530,6,2.2150000000000003,2.95,1.29,13.290000000000001,1,1
6569,31,3.1078470645161294,8.0,1.1,96.343259,1,1
6626,2,1.99,3.0,0.98,3.98,1,1
6399,2,4.69195,6.99,2.3939,9.3839,1,1
6600,1,1.299,1.299,1.299,1.299,1,1
6393,15,2.20845,12.0,0.405,33.12675,1,1
6562,3,5.396666666666667,8.49,1.2,16.19,1,1
6432,12,2.791675,10.89,1.38,33.5001,1,1
6443,1,1.3,1.3,1.3,1.3,1,1
6540,3,2.3796666666666666,3.7,0.889,7.139,1,1
6396,2,1.29395,1.4,1.1879,2.5879,1,1
6422,4,5.045,9.75,0.99,20.18,1,1
6523,2,6.445,9.75,3.14,12.89,1,1
6404,3,5.473333333333334,8.65,1.02,16.42,1,1
6455,1,12.0,12.0,12.0,12.0,1,1
6419,12,4.329833333333333,17.5,0.469,51.958,1,1
6546,3,6.5633333333333335,15.97,1.42,19.69,1,1
6509,18,1.8850938333333334,7.75,0.474,33.931689,1,1
6486,4,5.30725,17.0,1.37,21.229,1,1
6526,6,1.271663,1.689978,0.75,7.6299779999999995,1,1
6532,16,2.7583925,20.0,0.43995,44.13428,1,1
6474,5,2.565518,5.0,1.139,12.82759,1,1
6563,2,1.0645,1.079,1.05,2.129,1,1
6531,28,3.998792857142857,7.76,1.2999,111.9662,1,1
6400,17,5.073235294117647,7.495,0.78,86.245,1,1
6484,14,2.779589357142857,7.38,0.75,38.914251,1,1
6623,2,4.095,6.5,1.69,8.19,1,1
6586,3,1.1396666666666666,1.66,0.76,3.419,1,1
6490,3,8.453333333333333,13.5,1.66,25.36,1,1
6627,1,2.5,2.5,2.5,2.5,1,1
6401,12,2.09485,4.7,0.5,25.1382,1,1
6609,9,2.203054444444444,12.2,0.3795,19.827489999999997,1,1
6427,9,8.700073333333332,23.0,1.18,78.30066,1,1
6473,1,3.75,3.75,3.75,3.75,1,1
6468,2,1.7,2.3,1.1,3.4,1,1
6512,4,16.86625025,39.0,1.45,67.465001,1,1
6424,8,1.051086,1.6,0.869,8.408688,1,1
6500,4,6.2055825,14.5,1.13333,24.82233,1,1
6470,6,2.4139508333333333,3.25,0.949,14.483705,1,1
6581,2,12.0,16.0,8.0,24.0,1,1
6413,8,2.89545,5.07,0.779,23.1636,1,1
6559,6,3.0666666666666664,4.95,1.11,18.4,1,1
6457,57,4.890157894736841,8.35,0.94,278.739,1,1
6602,6,5.865416666666667,26.42,1.11,35.1925,1,1
6469,1,2.0,2.0,2.0,2.0,1,1
6498,11,3.8653636363636363,6.75,1.15,42.519,1,1
6391,73,3.948680821917808,10.5,1.1,288.2537,1,1
6411,16,3.118636875,15.2,0.8,49.89819,1,1
6618,2,1.15,1.3,1.0,2.3,1,1
6592,2,1.375,1.55,1.2,2.75,1,1
6617,4,10.05,30.0,1.5,40.2,1,1
6565,9,4.648888888888889,16.0,1.2,41.84,1,1
6515,4,5.17875,11.0,0.845,20.715,1,1
6570,8,6.66125,16.0,1.2,53.29,1,1
6534,27,2.1907251481481484,3.3,1.4,59.149579,1,1
6438,3,4.8363000000000005,10.75,1.08,14.5089,1,1
6580,2,3.455,5.91,1.0,6.91,1,1
6628,2,1.15,1.45,0.85,2.3,1,1
6582,26,2.124379423076923,7.41,0.79999,55.233865,1,1
6548,0,0.0,0.0,0.0,0.0,0,0
6597,3,1.3833333333333335,2.0,0.95,4.15,1,1
6575,7,8.089857142857143,17.25,0.58,56.629000000000005,1,1
6599,1,5.0,5.0,5.0,5.0,1,1
6552,6,5.213333333333333,16.49,0.01,31.279999999999998,1,1
6614,7,3.0846507142857145,7.016,0.99,21.592555,1,1
6561,12,3.9942499999999996,14.0,1.3,47.931,1,1
6560,3,1.7666666666666666,2.3,1.1,5.3,1,1
6494,9,3.8558888888888894,8.69,0.946,34.703,1,1
6467,8,5.683625,14.32,1.8,45.469,1,1
6433,3,5.344566666666666,9.9,1.1337,16.0337,1,1
6394,31,3.2233390322580644,8.25,0.405,99.92351,1,1
6436,8,2.5335,7.4,0.978,20.268,1,1
6481,8,3.405999875,8.8,1.1,27.247999,1,1
6482,2,1.52495,1.9999,1.05,3.0499,1,1
6444,3,2.0166333333333335,3.8,1.0499,6.0499,1,1
6505,44,4.885574999999999,6.22,1.3,214.96529999999998,1,1
6525,5,4.316000000000001,16.69,1.09,21.580000000000002,1,1
6622,2,3.545,5.9,1.19,7.09,1,1
6524,9,4.513222222222222,9.5,1.47,40.619,1,1
6604,1,3.41,3.41,3.41,3.41,1,1
6447,9,2.282211111111111,2.42,2.01,20.5399,1,1
6529,48,2.5070087708333335,12.18,1.16,120.336421,1,1
6410,34,5.431764735294117,6.93,0.8,184.680001,1,1
6513,9,3.295961111111111,12.5,0.471,29.66365,1,1
6518,5,2.9398,6.1,1.2,14.699,1,1
6459,3,9.66,16.5,0.99,28.98,1,1
6551,2,9.75,12.5,7.0,19.5,1,1
6430,6,4.1086833333333335,10.5,0.374,24.6521,1,1
6423,10,0.8429938,1.49,0.58,8.429938,1,1
6541,15,3.3015999333333332,11.2,0.733,49.523998999999996,1,1
6405,3,6.493333333333333,13.5,1.23,19.48,1,1
6485,11,3.2884,6.85,1.0,36.1724,1,1
6412,2,7.75,13.5,2.0,15.5,1,1
6466,1,1.3,1.3,1.3,1.3,1,1
6605,3,5.963433333333334,11.1503,1.75,17.8903,1,1
6403,1,1.195,1.195,1.195,1.195,1,1
6593,5,1.6137799999999998,2.07,1.0,8.0689,1,1
6499,2,2.09945,2.299,1.8999,4.1989,1,1
6446,1,1.55,1.55,1.55,1.55,1,1
6506,21,2.103269476190476,3.33,1.2,44.168659,1,1
6558,7,3.8299999999999996,16.0,1.1,26.81,1,1
6516,62,6.034048387096774,11.5,0.99,374.111,1,1
6456,6,8.061666666666667,18.0,1.5,48.370000000000005,1,1
6511,1,3.95,3.95,3.95,3.95,1,1
6544,7,4.466971428571428,11.5,1.5,31.2688,1,1
6431,4,2.492925,6.15,1.1337,9.9717,1,1
6608,4,2.9875,5.5,1.65,11.95,1,1
6453,2,0.8294999999999999,0.969,0.69,1.6589999999999998,1,1
6454,3,7.463333333333334,14.7,1.19,22.39,1,1
6390,4,2.761725,6.185,1.2,11.0469,1,1
6497,18,1.7073916111111112,2.88,0.84895,30.733049,1,1
6591,19,3.560142105263157,14.5,0.988,67.64269999999999,1,1
6590,33,2.700417424242424,16.99,0.37676,89.113775,1,1
6514,17,5.5727,21.0,0.977,94.7359,1,1
6549,4,7.42,12.0,5.0,29.68,1,1
6441,4,2.1725,5.0,0.99,8.69,1,1
6571,3,2.0833333333333335,3.5,1.3,6.25,1,1
6445,8,2.939875,4.46,1.18,23.519,1,1
6547,7,1.2264254285714284,2.5,0.85,8.584978,1,1
6476,4,3.58195,9.56,1.139,14.3278,1,1
6428,2,1.3075,1.325,1.29,2.615,1,1
6372,2,4.425,7.25,1.6,8.85,1,1
6387,17,4.518529411764706,5.62,1.05,76.815,1,1
6226,33,3.8483636363636364,11.14,1.1,126.996,1,1
6252,3,1.9000000000000001,2.7,1.1,5.7,1,1
6172,13,5.477556923076923,21.9,1.1,71.20824,1,1
6351,5,3.6525999999999996,9.0,1.375,18.262999999999998,1,1
6261,3,5.226666666666667,7.49,3.8,15.68,1,1
6357,6,8.288333333333332,22.5,1.09,49.73,1,1
6317,7,5.499857142857143,12.9,1.019,38.499,1,1
6345,7,2.917628142857143,5.91,0.889,20.423397,1,1
6183,4,6.815,14.8,1.21,27.26,1,1
6286,5,2.0627400000000002,4.4,1.29,10.3137,1,1
6325,7,0.8604128571428572,1.34,0.61,6.02289,1,1
6169,74,5.429520256756756,7.19,1.37,401.784499,1,1
6358,14,1.8926850000000002,12.88,0.712,26.497590000000002,1,1
6224,6,2.634983333333333,6.9,0.6,15.809899999999999,1,1
6360,13,2.8262384615384613,11.69,1.05,36.741099999999996,1,1
6374,6,2.9899999999999998,6.6,1.53,17.939999999999998,1,1
6166,1,1.499,1.499,1.499,1.499,1,1
6365,69,4.237383173913043,7.2432,0.797999,292.379439,1,1
6254,6,4.5025,10.0,0.725,27.015,1,1
6219,31,4.891371967741936,7.76,0.89,151.632531,1,1
6175,1,2.0,2.0,2.0,2.0,1,1
6170,5,1.2258,1.46,1.0,6.129,1,1
6359,2,1.12,1.19,1.05,2.24,1,1
6234,2,1.54,1.88,1.2,3.08,1,1
6299,5,3.1326,4.733,0.85,15.663,1,1
6239,7,5.356985571428572,8.88,1.2,37.498899,1,1
6318,5,2.0198,2.85,1.1,10.099,1,1
6223,10,2.000551,2.66901,1.1,20.00551,1,1
6331,6,4.114233333333334,6.0,2.23,24.6854,1,1
6289,6,4.328416666666667,6.9,1.35,25.9705,1,1
6191,4,7.595,12.7,2.94,30.38,1,1
6304,4,3.6925,11.49,0.85,14.77,1,1
6287,3,1.5766666666666664,1.9,1.39,4.7299999999999995,1,1
6180,16,4.03386875,9.9999,1.04,64.5419,1,1
6260,28,2.9551985357142856,23.0,0.391,82.745559,1,1
6343,2,67.5,120.0,15.0,135.0,1,1
6309,1,1.4,1.4,1.4,1.4,1,1
6177,1,1.8,1.8,1.8,1.8,1,1
6310,5,7.436,27.0,0.19,37.18,1,1
6334,14,2.1650625714285714,7.35,0.7439,30.310876,1,1
6375,1,1.0,1.0,1.0,1.0,1,1
6355,8,3.90625,9.4,0.83,31.25,1,1
6269,8,3.569874375,8.4324,1.5,28.558995,1,1
6322,21,2.3055714285714286,3.2,0.88,48.417,1,1
6373,2,0.7715000000000001,1.1,0.443,1.5430000000000001,1,1
6150,20,3.6556399999999996,7.49,0.01,73.1128,1,1
6225,9,4.164751555555556,15.55,0.608,37.482764,1,1
6293,2,1.423926,1.5,1.347852,2.847852,1,1
6389,6,1.8813833333333332,3.366,0.8433,11.2883,1,1
6179,1,0.95,0.95,0.95,0.95,1,1
6371,3,2.068966666666667,4.2069,0.95,6.2069,1,1
6149,4,2.3725,4.0,1.3,9.49,1,1
6301,39,3.82704358974359,6.2,0.419,149.2547,1,1
6190,65,5.786387676923077,23.0,2.14,376.115199,1,1
6288,6,5.014216666666667,15.5,1.0203,30.0853,1,1
6153,1,1.25,1.25,1.25,1.25,1,1
6217,4,3.4274750000000003,8.0,1.2,13.709900000000001,1,1
6277,9,3.6454444444444443,5.06,0.95,32.809,1,1
6281,3,1.9866666666666666,2.45,1.19,5.96,1,1
6319,14,9.533939357142858,23.0,0.5,133.475151,1,1
6312,1,1.05,1.05,1.05,1.05,1,1
6215,17,1.747017,2.995,1.1,29.699289,1,1
6313,12,4.955783333333334,6.0713,1.15,59.4694,1,1
6259,1,1.19,1.19,1.19,1.19,1,1
6157,9,4.510855555555555,23.23,1.079,40.597699999999996,1,1
6205,5,3.7042,7.421,1.0,18.521,1,1
6243,6,5.84,13.88,1.1,35.04,1,1
6283,5,5.92,16.0,1.75,29.6,1,1
6171,3,4.118666666666667,4.67,3.84,12.356,1,1
6199,2,2.65,4.0,1.3,5.3,1,1
6383,4,1.5025,3.0,0.63,6.01,1,1
6233,6,7.55,13.5,1.2,45.3,1,1
6229,8,5.054749999999999,20.0,1.1,40.437999999999995,1,1
6262,10,8.962,29.0,3.27,89.62,1,1
6361,2,1.5499999999999998,1.9,1.2,3.0999999999999996,1,1
6270,6,6.031666666666666,14.2,0.99,36.19,1,1
6364,4,3.61,10.0,1.05,14.44,1,1
6236,1,1.2,1.2,1.2,1.2,1,1
6174,3,3.1333333333333333,7.0,0.5,9.4,1,1
6273,4,1.685825,2.35,0.95,6.7433,1,1
6265,3,6.646,13.95,0.938,19.938,1,1
6155,5,6.816,12.9,1.28,34.08,1,1
6263,3,4.506,6.39,3.333,13.518,1,1
6346,6,6.883166666666667,23.9,0.749,41.299,1,1
6329,10,2.5192500000000004,5.95,0.85,25.192500000000003,1,1
6214,18,4.378445,10.95,1.0999,78.81201,1,1
6240,2,1.2999999999999998,1.4,1.2,2.5999999999999996,1,1
6167,3,3.313333333333334,4.0,1.99,9.940000000000001,1,1
6220,2,1.2650000000000001,1.33,1.2,2.5300000000000002,1,1
6165,7,4.344285714285714,11.94,0.88,30.41,1,1
6222,32,3.15503259375,4.98,1.04895,100.961043,1,1
6385,43,2.226665302325581,3.52,1.05,95.746608,1,1
6354,4,5.91,10.0,0.82,23.64,1,1
6251,21,3.9912428571428573,8.5,0.599,83.8161,1,1
6152,4,2.3274999999999997,4.0,1.43,9.309999999999999,1,1
6163,1,1.15,1.15,1.15,1.15,1,1
6200,7,4.5128571428571425,9.75,1.25,31.59,1,1
6363,2,1.8,2.2,1.4,3.6,1,1
6274,3,5.291666666666667,13.5,0.875,15.875,1,1
6337,12,1.5539891666666668,2.96,1.0348,18.64787,1,1
6370,4,3.47235,9.5,1.3,13.8894,1,1
6264,33,2.72371,11.8,0.705,89.88243,1,1
6198,2,3.0435,3.1,2.987,6.087,1,1
6158,4,1.445775,1.6869,1.15,5.7831,1,1
6255,8,2.67798125,7.2,0.39995,21.42385,1,1
6211,32,3.7691434375,4.65,1.04,120.61259,1,1
6209,22,4.050859090909091,12.0,0.397,89.1189,1,1
6369,14,4.465562857142857,16.398,0.427,62.51788,1,1
6196,1,0.8,0.8,0.8,0.8,1,1
6327,10,2.4557700000000002,13.89,0.7,24.5577,1,1
6307,4,8.1975,13.0,1.29,32.79,1,1
6380,1,2.0,2.0,2.0,2.0,1,1
6192,0,0.0,0.0,0.0,0.0,0,0
6276,37,3.1382621351351347,8.0,0.842,116.11569899999999,1,1
6242,33,5.135948484848485,9.9,1.1,169.4863,1,1
6193,5,10.206,19.0,0.8,51.03,1,1
6342,3,3.9233333333333333,7.69,1.03,11.77,1,1
6184,2,9.605,18.0,1.21,19.21,1,1
6271,16,4.2574998125,6.71,1.29,68.119997,1,1
6162,5,3.4668,6.47,1.349,17.334,1,1
6272,16,4.38840625,16.25,0.9,70.2145,1,1
6189,23,3.198811956521739,15.0,1.45,73.572675,1,1
6282,10,4.179399999999999,9.76,0.99,41.794,1,1
6330,23,2.2790213043478262,4.51,0.55,52.41749,1,1
6294,23,1.9659507826086955,7.0,0.405,45.216868,1,1
6305,2,4.695,7.49,1.9,9.39,1,1
6376,24,2.3995625,6.74,0.433,57.5895,1,1
6320,2,0.915,0.95,0.88,1.83,1,1
6266,8,1.62824875,2.44,0.727,13.02599,1,1
6311,49,4.44830406122449,11.5,0.478,217.966899,1,1
6154,4,2.50424975,2.957999,1.479,10.016999,1,1
6227,5,5.109999999999999,16.9,1.5,25.549999999999997,1,1
6306,4,2.6375,4.45,1.6,10.55,1,1
6381,37,5.086272972972973,18.5,1.01,188.1921,1,1
6267,13,3.075758692307692,10.12,0.75,39.984863,1,1
6156,4,1.595325,1.95,1.1,6.3813,1,1
6378,9,5.5267977777777775,17.05,1.1,49.74118,1,1
6296,3,2.0763333333333334,3.95,0.99,6.229,1,1
6344,1,0.88,0.88,0.88,0.88,1,1
6300,12,1.7257143333333334,9.5,0.76,20.708572,1,1
6148,2,1.375,1.4,1.35,2.75,1,1
6295,4,12.4925,21.69,0.99,49.97,1,1
6324,39,4.7436664102564094,22.0,0.508,185.00298999999998,1,1
6237,41,5.181373170731707,6.59,1.1,212.4363,1,1
6208,2,6.8999999999999995,12.7,1.1,13.799999999999999,1,1
6206,19,4.880415263157895,7.35,1.0,92.72789,1,1
6368,6,9.708833333333333,33.333,0.01,58.253,1,1
6160,3,7.966666666666666,19.5,2.0,23.9,1,1
6187,3,1.2863333333333333,1.75,0.96,3.859,1,1
6207,47,5.450189361702128,7.07,1.1,256.1589,1,1
6159,6,1.3381666666666667,1.85,0.879,8.029,1,1
6181,2,3.0,4.0,2.0,6.0,1,1
6332,2,1.7694,1.8888,1.65,3.5388,1,1
6197,1,12.0,12.0,12.0,12.0,1,1
6352,4,8.618,25.0,1.2,34.472,1,1
6212,5,8.164,19.0,2.5,40.82,1,1
6176,11,3.396881818181818,8.5,1.15,37.3657,1,1
6235,2,5.45,9.8,1.1,10.9,1,1
6278,6,1.5514833333333333,3.88,0.8389,9.3089,1,1
6221,18,0.8044627777777777,6.35,0.356,14.480329999999999,1,1
6195,2,5.9350000000000005,10.97,0.9,11.870000000000001,1,1
6178,8,6.04725,13.33,1.94,48.378,1,1
6185,34,3.2916757647058823,4.69,1.16,111.916976,1,1
6356,4,5.8549999999999995,17.0,1.14,23.419999999999998,1,1
6362,4,4.855,16.66,0.8,19.42,1,1
6164,1,4.2069,4.2069,4.2069,4.2069,1,1
6321,22,2.774816318181818,4.52,0.94,61.045958999999996,1,1
6341,13,0.8579767692307693,3.49,0.42,11.153698,1,1
6308,55,3.376479818181818,15.65,0.7399,185.70639,1,1
6348,5,2.831776,9.99,0.78888,14.15888,1,1
6347,2,3.9,4.0,3.8,7.8,1,1
6247,6,9.806506333333333,34.0,1.5,58.839038,1,1
6284,1,0.99,0.99,0.99,0.99,1,1
6388,5,4.6576,10.0,1.898,23.288,1,1
6279,1,0.8389,0.8389,0.8389,0.8389,1,1
6285,3,5.453,14.0,0.51,16.359,1,1
6280,5,6.08178,13.0,0.8389,30.4089,1,1
6335,5,10.193999999999999,18.5,1.19,50.97,1,1
6248,9,2.258388888888889,6.66,0.905,20.325499999999998,1,1
6366,2,1.35,1.65,1.05,2.7,1,1
6303,5,5.5166576,13.49,0.84,27.583288,1,1
6244,5,2.2190000000000003,3.475,1.1,11.095,1,1
6238,17,2.48157,7.49,0.4888,42.18669,1,1
6168,2,1.5,1.6,1.4,3.0,1,1
6384,6,3.1379751666666666,10.0,1.2,18.827851,1,1
6291,2,9.298044500000001,17.1,1.496089,18.596089000000003,1,1
6203,12,2.6287224166666667,6.4,0.87,31.544669000000003,1,1
6232,5,6.096,13.0,4.0,30.48,1,1
6386,1,1.05,1.05,1.05,1.05,1,1
6250,3,8.049999999999999,14.25,1.2,24.15,1,1
6161,33,2.9243111515151514,14.33,0.86,96.502268,1,1
6297,3,0.9663333333333334,1.15,0.7711,2.899,1,1
6182,1,1.19,1.19,1.19,1.19,1,1
6275,8,1.8980625,2.97,0.8415,15.1845,1,1
6268,1,1.04,1.04,1.04,1.04,1,1
6292,9,3.5244444444444443,14.0,1.13,31.72,1,1
6204,3,2.3233333333333337,3.5,1.25,6.970000000000001,1,1
6382,10,6.1708,23.95,1.1,61.708,1,1
6298,1,0.99,0.99,0.99,0.99,1,1
6350,2,1.029375,1.11125,0.9475,2.05875,1,1
6173,20,3.9835000000000003,15.5,1.5,79.67,1,1
6249,3,1.3833333333333335,1.61,1.1,4.15,1,1
6379,19,4.451494736842105,15.0,1.0,84.5784,1,1
6315,9,5.5505555555555555,14.5,0.5,49.955,1,1
6228,17,5.450078058823529,13.39,1.1,92.651327,1,1
6339,3,2.083,3.5,1.199,6.2490000000000006,1,1
6336,6,4.359983333333333,11.49,0.999,26.1599,1,1
6349,15,2.3136266666666665,3.99,1.45,34.7044,1,1
6290,3,1.7162999999999997,1.75,1.65,5.148899999999999,1,1
6323,3,1.7583,2.4999,0.84,5.2749,1,1
6246,5,5.4312,16.666,1.4,27.156,1,1
6333,1,1.84,1.84,1.84,1.84,1,1
6328,5,6.0411,17.5,1.5555,30.2055,1,1
6377,14,2.264428357142857,9.5,1.1,31.701997,1,1
6314,3,1.2833333333333332,1.75,0.95,3.8499999999999996,1,1
6257,3,3.9156666666666666,8.5,1.547,11.747,1,1
6216,2,2.125,3.15,1.1,4.25,1,1
6218,8,3.0079875,12.49,1.0,24.0639,1,1
6338,5,11.49598,17.2,0.8299,57.4799,1,1
6210,19,5.352953210526316,6.59,1.1,101.70611099999999,1,1
6367,19,5.149368421052631,21.89,0.95,97.838,1,1
6230,10,4.69252,7.56,0.749,46.9252,1,1
6151,2,7.495,13.69,1.3,14.99,1,1
6326,16,2.29124375,2.8,1.111,36.6599,1,1
6258,13,5.026023076923077,16.0,0.867,65.3383,1,1
6202,2,1.225,1.35,1.1,2.45,1,1
6231,1,1.5,1.5,1.5,1.5,1,1
6194,6,5.1049999999999995,16.5,0.9,30.63,1,1
6186,2,5.4595,9.5,1.419,10.919,1,1
6353,11,4.122636363636364,12.0,2.0,45.349000000000004,1,1
6201,2,5.85,10.5,1.2,11.7,1,1
6241,3,3.6333333333333333,8.25,1.2,10.9,1,1
6340,8,5.000375,7.8779,0.999,40.003,1,1
6245,7,5.957142857142857,18.0,1.5,41.7,1,1
6253,2,6.33,11.56,1.1,12.66,1,1
6256,18,3.5636055555555552,5.07,0.95,64.14489999999999,1,1
6302,5,0.99178,1.066,0.85,4.9589,1,1
6213,3,0.973,1.1,0.85,2.919,1,1
6188,1,3.333,3.333,3.333,3.333,1,1
6316,6,3.251133333333333,9.1,0.99,19.5068,1,1
6081,7,1.7970842857142857,2.8,1.0,12.57959,1,1
6079,2,5.615,10.0,1.23,11.23,1,1
6088,6,1.9931633333333334,3.9,1.3,11.95898,1,1
5980,3,4.4,10.3,1.3,13.200000000000001,1,1
6060,1,1.35,1.35,1.35,1.35,1,1
6000,12,2.3813825,3.99,0.989,28.57659,1,1
6110,3,2.026333333333333,3.4,1.0,6.079,1,1
6113,18,3.9465555555555554,9.5,1.25,71.038,1,1
6037,6,3.6865,6.03,1.56,22.119,1,1
6025,1,1.99,1.99,1.99,1.99,1,1
6055,17,2.966981117647059,5.59,0.611,50.438679,1,1
5999,5,5.298,14.5,1.4,26.490000000000002,1,1
5953,3,8.6111,18.5,3.3333,25.8333,1,1
6101,2,1.2000000000000002,1.3,1.1,2.4000000000000004,1,1
6127,3,4.99,6.9,1.7,14.97,1,1
6137,3,5.989666666666667,9.5,1.5,17.969,1,1
6093,9,1.871388888888889,4.49,1.3,16.8425,1,1
5948,33,4.691525454545454,6.3,0.89,154.82034,1,1
6064,4,4.231725,11.9,0.97,16.9269,1,1
6044,32,3.75300615625,5.49,0.9,120.096197,1,1
6020,12,3.086816666666667,5.8693,0.82,37.0418,1,1
5941,13,2.2803864615384617,6.2,0.56,29.645024,1,1
5985,4,3.5025,10.0,1.19,14.01,1,1
5970,1,1.48,1.48,1.48,1.48,1,1
6103,13,1.9616538461538462,6.45,0.479,25.5015,1,1
6022,5,7.15,15.9,0.87,35.75,1,1
5911,17,4.032605764705883,5.73,0.85,68.554298,1,1
6040,59,4.38034,6.59,0.46,258.44006,1,1
6049,5,9.162,31.0,1.31,45.81,1,1
6034,3,1.4259333333333333,1.8888,1.1,4.2778,1,1
6052,6,5.199192333333333,11.15,1.35,31.195154000000002,1,1
6072,6,4.5315,6.54,1.0,27.189,1,1
5957,16,4.693507125,15.95,0.942,75.096114,1,1
5975,3,7.5,9.5,4.0,22.5,1,1
6061,6,8.928333333333333,13.9,1.0,53.57,1,1
6068,11,2.898981727272727,4.5498,1.04,31.888799,1,1
5914,2,7.6,14.0,1.2,15.2,1,1
5950,21,2.8294757142857145,14.0,0.76,59.41899,1,1
5978,1,1.3,1.3,1.3,1.3,1,1
6119,5,8.042,17.5,1.05,40.21,1,1
5977,7,7.717142857142858,17.0,1.3,54.02,1,1
5946,50,4.27315,6.22,1.19,213.6575,1,1
6046,45,2.34469,5.2,0.982,105.51105,1,1
5981,1,1.3,1.3,1.3,1.3,1,1
6141,27,3.888840740740741,11.99,0.975,104.9987,1,1
6026,9,2.3868888888888886,8.4,0.977,21.482,1,1
5937,3,8.13,9.74,6.75,24.39,1,1
6021,5,9.49,19.3,1.2,47.45,1,1
6134,2,6.625,12.0,1.25,13.25,1,1
5959,1,1.75,1.75,1.75,1.75,1,1
6012,6,5.0328333333333335,11.0,1.448,30.197,1,1
5926,8,2.50625,4.6,1.0,20.05,1,1
6112,28,4.588721392857143,15.99,0.877,128.484199,1,1
6038,3,1.5266666666666666,1.75,1.39,4.58,1,1
5933,3,3.9966666666666666,5.99,2.0,11.99,1,1
5944,10,1.0221029,1.96,0.866,10.221029,1,1
6091,3,1.3166663333333333,1.429999,1.1,3.949999,1,1
5961,18,4.614055555555556,15.79,1.1,83.053,1,1
5996,4,1.278225,2.5,0.648,5.1129,1,1
6071,17,3.808655588235294,15.0,1.02,64.747145,1,1
5918,8,3.472495,9.0,1.0,27.77996,1,1
5993,2,1.49,1.58,1.4,2.98,1,1
5973,2,1.988,2.5,1.476,3.976,1,1
6096,7,9.99009,22.8,0.948,69.93063000000001,1,1
5932,25,2.44373196,13.0,1.0,61.093299,1,1
6094,3,21.563333333333333,30.0,10.0,64.69,1,1
5922,21,3.842690476190476,14.65,1.0,80.6965,1,1
6042,21,2.4363099999999998,6.125,0.372,51.16251,1,1
6107,12,2.3993291666666665,4.05,0.806,28.79195,1,1
6146,3,2.1666666666666665,2.95,1.05,6.5,1,1
5979,3,1.0355,1.3,0.8,3.1065,1,1
6023,1,1.5,1.5,1.5,1.5,1,1
6121,10,6.71936,24.4,0.403,67.1936,1,1
6077,16,1.61093125,4.1,0.849,25.7749,1,1
6050,3,1.96,2.49,1.4,5.88,1,1
5927,9,6.432222222222222,18.0,1.0,57.89,1,1
6005,26,2.2628609615384616,4.46,0.93,58.834385,1,1
5934,8,2.4691375,4.9,1.0,19.7531,1,1
6027,2,4.109999999999999,6.72,1.5,8.219999999999999,1,1
6117,20,6.56961495,22.5,1.05,131.392299,1,1
6099,2,2.45,3.8,1.1,4.9,1,1
6054,3,9.263333333333334,16.69,1.1,27.79,1,1
5951,33,4.02595206060606,15.0,0.89,132.856418,1,1
6067,7,1.463628142857143,3.6,0.767,10.245397,1,1
6083,2,26.75,50.0,3.5,53.5,1,1
5954,14,1.833142857142857,2.12,1.17,25.663999999999998,1,1
6003,6,5.655,17.49,1.35,33.93,1,1
6136,5,3.122,6.29,1.1,15.61,1,1
6097,36,4.269374694444444,6.68,1.07,153.697489,1,1
5935,1,5.85,5.85,5.85,5.85,1,1
5984,1,1.7,1.7,1.7,1.7,1,1
5962,2,20.75,33.0,8.5,41.5,1,1
6131,22,5.235559090909091,8.25,0.87,115.1823,1,1
5966,17,5.675117647058824,16.99,0.759,96.477,1,1
6062,3,40.53333333333333,88.0,5.6,121.6,1,1
5923,17,2.5425773529411764,14.0,0.451,43.223815,1,1
5921,3,3.016666666666666,7.1,0.95,9.049999999999999,1,1
6007,1,1.3,1.3,1.3,1.3,1,1
5960,3,2.4166666666666665,3.0,2.0,7.25,1,1
5991,40,3.86522225,12.5,0.88,154.60889,1,1
6098,2,1.025,1.05,1.0,2.05,1,1
6100,5,4.5414,14.99,0.169,22.707,1,1
6006,39,4.816115384615385,7.25,0.9,187.8285,1,1
5940,6,2.6216666666666666,8.0,1.25,15.73,1,1
6126,6,8.328,15.1,0.88,49.967999999999996,1,1
6056,7,1.6361142857142856,2.6128,1.0,11.4528,1,1
5917,3,1.9759,2.95,1.4777,5.9277,1,1
6015,23,3.33855652173913,21.4,0.99,76.7868,1,1
6144,6,2.5733409999999997,4.0,1.5,15.440045999999999,1,1
5965,0,0.0,0.0,0.0,0.0,0,0
6124,6,2.3313333333333333,2.95,1.24,13.988,1,1
6002,2,1.475,1.6,1.35,2.95,1,1
6132,4,0.9022475000000001,1.3,0.509,3.6089900000000004,1,1
6133,10,6.1109,16.5,0.85,61.109,1,1
5936,9,4.290555555555556,9.67,1.3,38.615,1,1
6028,12,4.2136249999999995,15.0,0.4664,50.5635,1,1
6125,3,4.603333333333333,11.11,1.25,13.809999999999999,1,1
5955,7,4.931014285714285,5.87,1.375,34.5171,1,1
6118,3,2.563333333333333,3.88,1.05,7.6899999999999995,1,1
5989,3,9.180666666666667,25.0,1.142,27.542,1,1
5947,1,4.5,4.5,4.5,4.5,1,1
6070,3,16.0,30.0,4.0,48.0,1,1
6095,1,1.249,1.249,1.249,1.249,1,1
6035,2,1.67,2.0,1.34,3.34,1,1
6138,9,6.968654333333333,24.0,0.55,62.717889,1,1
6143,4,6.5075,15.5,1.49,26.03,1,1
5995,37,3.9797189189189184,7.3,1.49,147.2496,1,1
5968,12,1.9711249166666667,6.2,0.75,23.653499,1,1
6089,1,1.1,1.1,1.1,1.1,1,1
6053,18,6.946338888888889,15.49,1.1,125.0341,1,1
5956,7,1.583557142857143,4.0,0.859,11.084900000000001,1,1
6120,3,0.9,1.05,0.8,2.7,1,1
6139,25,2.44147128,4.53,0.975,61.036782,1,1
5945,15,3.8683252666666665,22.4,0.88,58.024879,1,1
6075,2,2.99,4.98,1.0,5.98,1,1
5964,11,2.820524909090909,7.4,1.77,31.025774,1,1
5994,3,2.1999999999999997,2.6,2.0,6.6,1,1
5910,1,1.2,1.2,1.2,1.2,1,1
6129,1,3.0,3.0,3.0,3.0,1,1
5992,9,9.577777777777778,20.0,1.3,86.2,1,1
6065,19,5.083204736842105,25.0,0.93,96.58089,1,1
6066,3,2.1999999999999997,4.5,1.0,6.6,1,1
5997,6,5.9959999999999996,15.0,1.09,35.976,1,1
6145,6,1.5108,3.14,0.87,9.0648,1,1
5912,4,35.0,100.0,10.0,140.0,1,1
5919,2,6.7,10.0,3.4,13.4,1,1
6078,2,2.395,3.8,0.99,4.79,1,1
5976,1,9.0,9.0,9.0,9.0,1,1
5943,3,4.433333333333334,11.0,1.1,13.3,1,1
6130,16,5.42148125,18.888,0.87,86.7437,1,1
6105,32,2.6245415625,8.76,0.95,83.98533,1,1
5931,4,7.78175,24.0,1.5,31.127,1,1
6019,3,12.833333333333334,22.5,7.0,38.5,1,1
6030,31,3.004854322580645,6.12,0.897,93.150484,1,1
5986,14,4.2785714285714285,15.0,0.84,59.9,1,1
6009,4,2.46725,3.2,1.699,9.869,1,1
6045,2,1.895,2.2,1.59,3.79,1,1
6017,3,8.509666666666666,13.0,1.029,25.529,1,1
5983,23,5.3248050869565215,14.4,0.8999,122.470517,1,1
5982,9,3.1986666666666665,4.2,1.7,28.788,1,1
6086,2,7.75,14.5,1.0,15.5,1,1
5963,4,9.499725,13.9,1.7489,37.9989,1,1
6011,10,4.1186620000000005,16.8,0.89,41.186620000000005,1,1
5939,4,16.675,25.0,9.0,66.7,1,1
6080,4,4.99,14.5,1.26,19.96,1,1
6074,5,4.6122,15.5,1.02,23.061,1,1
5969,5,2.694,3.4,1.67,13.469999999999999,1,1
6029,49,3.0567122040816326,4.1999,2.22,149.778898,1,1
5942,5,3.5,12.0,1.2,17.5,1,1
5928,2,1.4,1.6,1.2,2.8,1,1
6048,11,2.421990909090909,10.999,0.89,26.6419,1,1
5949,7,1.9597142857142857,3.1,1.099,13.718,1,1
5971,3,3.08,4.5,1.0,9.24,1,1
6102,5,1.65658,2.93,0.9,8.2829,1,1
5988,3,1.27,1.85,0.88,3.81,1,1
6122,2,1.1745,1.199,1.15,2.349,1,1
6135,7,1.8087664285714287,3.199765,1.01,12.661365,1,1
5990,5,4.1578,6.299,1.3,20.789,1,1
6090,2,1.55,2.0,1.1,3.1,1,1
6084,4,7.5,14.0,1.32,30.0,1,1
6111,4,4.3375,5.73,1.4,17.35,1,1
5925,4,19.625,38.0,3.0,78.5,1,1
6085,14,2.124603642857143,14.0,0.46,29.744451,1,1
6031,0,0.0,0.0,0.0,0.0,0,0
5998,2,1.5,1.9,1.1,3.0,1,1
5987,8,6.5498125,19.8,1.0,52.3985,1,1
6013,1,1.333,1.333,1.333,1.333,1,1
6024,18,2.1623655,4.169,1.0,38.922579,1,1
6058,3,8.06,11.99,1.0,24.18,1,1
6115,6,5.4124333333333325,8.5946,1.4,32.474599999999995,1,1
6016,15,0.7004647333333334,1.20539,0.441392,10.506971,1,1
6043,23,2.1122978260869565,4.3,0.55882,48.58285,1,1
6032,22,3.6047,6.6834,1.3,79.3034,1,1
5974,6,5.615666666666667,11.62,1.476,33.694,1,1
6014,48,4.590541666666667,6.26,0.849,220.346,1,1
6109,5,6.775800000000001,17.69,1.4,33.879000000000005,1,1
6140,12,2.6855741666666666,9.69,0.975,32.22689,1,1
5913,4,5.5175,15.42,2.0,22.07,1,1
6082,15,1.7116500666666667,5.0,0.746,25.674751,1,1
6047,2,1.4,1.5,1.3,2.8,1,1
6004,4,2.077975,6.0,0.642,8.3119,1,1
6076,17,2.5275223529411766,15.75,0.738,42.96788,1,1
6092,1,1.1,1.1,1.1,1.1,1,1
6039,40,3.6434374750000003,12.4,1.249,145.737499,1,1
5930,4,2.0548425,2.85,1.0,8.21937,1,1
6108,11,1.9948727272727274,2.8476,1.0,21.9436,1,1
6116,14,6.002285,9.5,1.15,84.03199,1,1
6087,1,1.3,1.3,1.3,1.3,1,1
6104,14,2.3224428571428573,7.8,0.96,32.5142,1,1
6073,82,2.872053524390244,6.15,0.44,235.508389,1,1
6063,7,10.5,27.0,1.0,73.5,1,1
5938,39,3.6337308974358975,8.89,2.11,141.715505,1,1
6036,8,1.02375,2.25,0.639,8.19,1,1
5924,4,3.745,6.3,1.0,14.98,1,1
6018,4,8.62303425,12.043137,1.38,34.492137,1,1
6001,3,5.05,12.0,1.3,15.15,1,1
6128,6,1.7228333333333332,2.09,1.35,10.337,1,1
6041,2,1.75,2.0,1.5,3.5,1,1
6033,6,3.5548333333333333,9.95,0.829,21.329,1,1
5958,7,3.0339984285714285,5.87,0.95,21.237989,1,1
5920,29,4.347345862068965,11.35,0.7468,126.07303,1,1
6008,35,5.102242857142857,7.65,1.0,178.5785,1,1
5967,1,18.0,18.0,18.0,18.0,1,1
5952,2,7.22445,12.5,1.9489,14.4489,1,1
6147,33,1.239403787878788,3.65,0.432,40.900325,1,1
6059,12,1.6988666666666667,4.7,0.445,20.386400000000002,1,1
5929,76,2.880905263157895,6.2,1.1252,218.9488,1,1
6069,2,7.92,14.69,1.15,15.84,1,1
6142,4,8.96875,13.5,0.875,35.875,1,1
6114,6,2.6683331666666668,3.07,1.3,16.009999,1,1
6010,6,5.493916666666667,16.0,1.244,32.9635,1,1
6106,4,5.047499999999999,15.5,0.95,20.189999999999998,1,1
5915,6,4.164133333333333,10.0,0.85,24.9848,1,1
5916,2,1.495,1.99,1.0,2.99,1,1
6057,3,5.303333333333334,10.98,1.0,15.91,1,1
5972,4,2.89375,8.0,1.0,11.575,1,1
6123,9,1.4704222222222223,2.5,0.1,13.2338,1,1
6051,3,6.25,13.0,1.25,18.75,1,1
5907,26,2.8017398846153845,4.2,1.6,72.845237,1,1
5832,1,3.8,3.8,3.8,3.8,1,1
5811,14,1.4450728571428573,3.5,0.561,20.23102,1,1
5861,0,0.0,0.0,0.0,0.0,0,0
5834,11,1.2000335454545454,1.549,0.693,13.200369,1,1
5860,0,0.0,0.0,0.0,0.0,0,0
5904,4,5.22175,5.922,3.5,20.887,1,1
5821,0,0.0,0.0,0.0,0.0,0,0
5817,0,0.0,0.0,0.0,0.0,0,0
5822,2,1.8145,1.899,1.73,3.629,1,1
5810,1,14.6,14.6,14.6,14.6,1,1
5882,1,13.9,13.9,13.9,13.9,1,1
5881,21,2.268989238095238,7.44,0.745,47.648774,1,1
5876,0,0.0,0.0,0.0,0.0,0,0
5893,0,0.0,0.0,0.0,0.0,0,0
5906,8,2.366524875,2.92,2.0,18.932199,1,1
5884,7,1.6416855714285714,2.008699,1.41,11.491799,1,1
5874,0,0.0,0.0,0.0,0.0,0,0
5866,0,0.0,0.0,0.0,0.0,0,0
5828,0,0.0,0.0,0.0,0.0,0,0
5818,38,4.212468157894737,24.0,0.555,160.07379,1,1
5905,28,1.5781671071428571,2.1199,0.788,44.188679,1,1
5858,0,0.0,0.0,0.0,0.0,0,0
5854,15,2.217826666666667,5.5,0.58,33.2674,1,1
5879,1,69.0,69.0,69.0,69.0,1,1
5831,2,5.0600000000000005,5.49,4.63,10.120000000000001,1,1
5837,0,0.0,0.0,0.0,0.0,0,0
5809,0,0.0,0.0,0.0,0.0,0,0
5865,10,5.70341,16.0,1.7895,57.0341,1,1
5823,2,9.24,17.0,1.48,18.48,1,1
5842,43,2.681733674418605,3.969,1.2,115.314548,1,1
5827,15,0.7787252666666666,2.54,0.357,11.680879,1,1
5850,0,0.0,0.0,0.0,0.0,0,0
5838,0,0.0,0.0,0.0,0.0,0,0
5878,3,2.42,2.56,2.19,7.26,1,1
5873,4,1.6219999999999999,1.834,1.42,6.4879999999999995,1,1
5871,3,0.969,0.987,0.955,2.907,1,1
5829,3,2.1866666666666665,2.8,0.98,6.56,1,1
5859,3,1.7103000000000002,1.745,1.69,5.1309000000000005,1,1
5896,40,1.96365495,6.79,0.75,78.546198,1,1
5855,4,3.094925,3.6899,2.46,12.3797,1,1
5901,10,2.9024796999999998,3.989999,1.015,29.024797,1,1
5897,0,0.0,0.0,0.0,0.0,0,0
5891,4,12.07,13.39,11.0,48.28,1,1
5880,0,0.0,0.0,0.0,0.0,0,0
5843,30,4.23127,22.5,0.38,126.9381,1,1
5895,2,13.337499999999999,13.78,12.895,26.674999999999997,1,1
5877,15,0.9315066666666667,2.7,0.42,13.9726,1,1
5899,17,1.1700681764705883,2.87,0.36,19.891159000000002,1,1
5890,12,2.3909725833333333,2.93,1.3801,28.691671,1,1
5840,6,4.634333333333333,5.6,3.85,27.806,1,1
5824,0,0.0,0.0,0.0,0.0,0,0
5863,5,1.50938,1.869,0.7379,7.5469,1,1
5825,1,6.942,6.942,6.942,6.942,1,1
5812,6,2.5966666666666662,6.6,1.5,15.579999999999998,1,1
5894,0,0.0,0.0,0.0,0.0,0,0
5807,3,6.671333333333333,6.764,6.61,20.014,1,1
5898,11,2.360799090909091,4.99,0.982,25.968790000000002,1,1
5909,14,2.2785571428571427,6.6969,1.2949,31.8998,1,1
5883,0,0.0,0.0,0.0,0.0,0,0
5845,5,4.0956198,6.6,1.047999,20.478099,1,1
5852,7,5.1627,11.2601,1.1688,36.1389,1,1
5868,4,4.471725,14.0,1.27,17.8869,1,1
5857,0,0.0,0.0,0.0,0.0,0,0
5903,0,0.0,0.0,0.0,0.0,0,0
5886,0,0.0,0.0,0.0,0.0,0,0
5870,0,0.0,0.0,0.0,0.0,0,0
5806,7,2.9968428571428567,6.35,0.98,20.977899999999998,1,1
5813,0,0.0,0.0,0.0,0.0,0,0
5808,0,0.0,0.0,0.0,0.0,0,0
5830,8,5.8297342500000005,19.1,1.2,46.637874000000004,1,1
5848,0,0.0,0.0,0.0,0.0,0,0
5835,0,0.0,0.0,0.0,0.0,0,0
5841,10,2.7059,5.48,1.905,27.059,1,1
5864,1,17.5,17.5,17.5,17.5,1,1
5814,16,1.3566749375,3.0,0.42,21.706799,1,1
5867,0,0.0,0.0,0.0,0.0,0,0
5908,8,3.0372995,3.9,1.03,24.298396,1,1
5815,10,4.3879049000000006,6.769,1.59,43.879049,1,1
5844,0,0.0,0.0,0.0,0.0,0,0
5820,5,3.3412768,3.85,3.027,16.706384,1,1
5887,6,2.7114999999999996,4.8,1.58,16.269,1,1
5885,0,0.0,0.0,0.0,0.0,0,0
5900,3,3.892333333333333,4.177,3.5,11.677,1,1
5892,3,11.166666666666666,14.1,7.2,33.5,1,1
5869,0,0.0,0.0,0.0,0.0,0,0
5902,0,0.0,0.0,0.0,0.0,0,0
5851,0,0.0,0.0,0.0,0.0,0,0
5888,3,0.7959666666666667,0.85,0.762,2.3879,1,1
5853,9,4.372222222222223,8.0,2.22,39.35,1,1
5875,5,3.1216,6.0,1.71,15.608,1,1
5816,1,0.906,0.906,0.906,0.906,1,1
5847,27,2.0040803703703705,2.87,1.54,54.11017,1,1
5836,25,3.4801401199999997,17.0,1.43,87.003503,1,1
5872,0,0.0,0.0,0.0,0.0,0,0
5856,1,19.9,19.9,19.9,19.9,1,1
5862,6,4.162316666666666,15.0,1.59,24.9739,1,1
5819,0,0.0,0.0,0.0,0.0,0,0
5849,0,0.0,0.0,0.0,0.0,0,0
5846,1,2.99,2.99,2.99,2.99,1,1
5889,1,2.52,2.52,2.52,2.52,1,1
5833,0,0.0,0.0,0.0,0.0,0,0
5839,3,5.259633333333333,6.2409,3.598,15.7789,1,1
5826,3,2.4166666666666665,2.65,2.0,7.25,1,1
5758,6,1.6665925000000001,1.93,1.55,9.999555,1,1
5804,5,6.036,7.15,4.6,30.18,1,1
5720,18,1.5853888333333335,2.49,1.17,28.536999,1,1
5676,9,1.2569555555555556,2.714,0.464,11.3126,1,1
5653,0,0.0,0.0,0.0,0.0,0,0
5657,3,3.1999999999999997,3.66,2.96,9.6,1,1
5698,7,3.6371428571428575,7.59,1.76,25.46,1,1
5770,30,3.127553333333333,8.0,1.47,93.8266,1,1
5640,5,1.464,1.48,1.46,7.32,1,1
5755,11,2.0136363636363637,2.1,1.96,22.15,1,1
5803,0,0.0,0.0,0.0,0.0,0,0
5647,4,3.472,4.48,1.71,13.888,1,1
5668,4,1.9105995,2.944898,0.87,7.642398,1,1
5628,6,2.52,5.93,1.51,15.120000000000001,1,1
5702,14,1.659473142857143,3.24,0.367,23.232624,1,1
5632,16,3.2442124999999997,4.625,1.3898,51.907399999999996,1,1
5621,1,1.67,1.67,1.67,1.67,1,1
5693,3,2.6593333333333335,4.488,1.73,7.978000000000001,1,1
5678,0,0.0,0.0,0.0,0.0,0,0
5662,2,2.9240000000000004,2.95,2.898,5.848000000000001,1,1
5719,1,1.36,1.36,1.36,1.36,1,1
5716,35,2.767362542857143,5.23,0.989,96.85768900000001,1,1
5795,0,0.0,0.0,0.0,0.0,0,0
5784,1,16.7,16.7,16.7,16.7,1,1
5641,0,0.0,0.0,0.0,0.0,0,0
5629,6,2.0098166666666666,4.07,1.22,12.0589,1,1
5713,13,1.887639,5.45,0.723,24.539307,1,1
5666,0,0.0,0.0,0.0,0.0,0,0
5717,0,0.0,0.0,0.0,0.0,0,0
5715,1,2.25,2.25,2.25,2.25,1,1
5766,67,4.866795328358209,18.8,0.81,326.075287,1,1
5675,8,3.450745,7.3,1.43,27.60596,1,1
5642,22,3.313070454545455,4.44,0.396,72.88755,1,1
5722,4,3.0183975,7.79999,1.36,12.07359,1,1
5800,0,0.0,0.0,0.0,0.0,0,0
5617,4,3.0294975,3.24,2.91,12.11799,1,1
5714,8,1.6683875000000001,2.825,0.45,13.347100000000001,1,1
5704,0,0.0,0.0,0.0,0.0,0,0
5674,0,0.0,0.0,0.0,0.0,0,0
5710,39,2.9831807435897435,6.8543,1.179,116.344049,1,1
5727,6,3.6531833333333332,7.05,1.5,21.9191,1,1
5611,1,1.76,1.76,1.76,1.76,1,1
5616,7,3.3268424285714286,3.7369,2.869997,23.287897,1,1
5656,11,1.9517044545454545,3.29,0.614889,21.468749,1,1
5672,0,0.0,0.0,0.0,0.0,0,0
5665,3,3.573333,3.599999,3.56,10.719999,1,1
5728,1,2.69,2.69,2.69,2.69,1,1
5627,3,1.7366400000000002,1.85,1.65992,5.20992,1,1
5706,7,1.2033284285714285,1.571,0.737,8.423299,1,1
5799,5,8.395761799999999,14.5,2.2,41.978809,1,1
5607,68,4.383898823529412,6.59,2.88,298.10512,1,1
5735,15,1.8789266666666669,4.2,1.18,28.1839,1,1
5739,14,2.1691928571428574,2.5,1.99,30.3687,1,1
5630,0,0.0,0.0,0.0,0.0,0,0
5707,0,0.0,0.0,0.0,0.0,0,0
5740,16,2.298230625,4.0,1.06,36.77169,1,1
5696,14,1.6909658571428572,5.01,0.763,23.673522000000002,1,1
5736,2,2.25,2.3,2.2,4.5,1,1
5636,4,2.1395,2.99,1.71,8.558,1,1
5737,20,2.693785,5.0,0.93,53.8757,1,1
5778,2,7.71,8.49,6.93,15.42,1,1
5782,26,6.0191923076923075,16.8,2.28,156.499,1,1
5779,1,16.9,16.9,16.9,16.9,1,1
5759,5,0.8545719999999999,2.5,0.428,4.27286,1,1
5726,6,4.541041666666667,7.9,3.17625,27.24625,1,1
5786,3,8.726666666666667,14.99,2.5,26.18,1,1
5768,17,2.834341176470588,8.0,1.6,48.1838,1,1
5625,6,2.0968833333333334,2.72,1.77,12.5813,1,1
5757,27,3.2777488888888886,4.51,0.491,88.49922,1,1
5709,1,2.9,2.9,2.9,2.9,1,1
5793,1,20.0,20.0,20.0,20.0,1,1
5760,1,1.69,1.69,1.69,1.69,1,1
5637,25,1.97630236,4.74,0.91733,49.407559,1,1
5742,5,1.89,2.3,1.54,9.45,1,1
5648,1,1.71,1.71,1.71,1.71,1,1
5783,1,20.0,20.0,20.0,20.0,1,1
5624,8,0.958125,1.82,0.393,7.665,1,1
5751,4,4.2124500000000005,5.69,2.1,16.849800000000002,1,1
5725,2,1.088,1.169,1.007,2.176,1,1
5634,14,2.5638464285714284,4.396,1.13,35.89385,1,1
5684,11,1.4477886363636363,3.7,0.7229,15.925675,1,1
5790,2,7.619999999999999,12.69,2.55,15.239999999999998,1,1
5660,9,3.3053299999999997,5.07998,1.63,29.74797,1,1
5734,10,1.0491998,1.707798,0.45,10.491998,1,1
5801,5,11.776,15.9,7.58,58.88,1,1
5703,0,0.0,0.0,0.0,0.0,0,0
5654,16,1.6915013125,2.987999,0.76,27.064021,1,1
5777,2,14.15,15.4,12.9,28.3,1,1
5764,58,1.4836187586206895,3.25,1.29,86.049888,1,1
5701,9,1.7842850000000001,4.85,1.0397,16.058565,1,1
5761,1,1.3,1.3,1.3,1.3,1,1
5669,10,1.4068199,3.777,0.7475,14.068199,1,1
5738,1,2.21,2.21,2.21,2.21,1,1
5614,8,6.23125,12.7,3.77,49.85,1,1
5796,1,3.33,3.33,3.33,3.33,1,1
5771,2,9.51,10.42,8.6,19.02,1,1
5797,1,1.9777,1.9777,1.9777,1.9777,1,1
5705,2,1.55,1.56,1.54,3.1,1,1
5747,10,2.8156696,4.62,1.22,28.156696,1,1
5687,10,2.5126438,7.13999,1.0,25.126438,1,1
5762,35,2.8779825714285714,4.709,0.999,100.72939,1,1
5661,16,1.8444541875,3.2,0.66,29.511267,1,1
5756,29,2.3578172068965517,4.56,1.48,68.376699,1,1
5731,1,1.5,1.5,1.5,1.5,1,1
5788,0,0.0,0.0,0.0,0.0,0,0
5651,22,2.0470703636363634,4.864,0.474,45.035548,1,1
5683,3,1.8422693333333333,1.906808,1.79,5.526808,1,1
5754,6,1.6916666666666667,2.22,1.53,10.15,1,1
5780,3,5.436333333333334,10.99,1.35,16.309,1,1
5774,2,16.595,22.5,10.69,33.19,1,1
5749,3,1.9430000000000003,3.0,1.33,5.829000000000001,1,1
5733,4,1.416,1.689,1.08,5.664,1,1
5691,3,1.7466333333333335,1.7999,1.71,5.2399000000000004,1,1
5708,5,2.319,2.85,1.57,11.594999999999999,1,1
5772,9,8.431911111111111,24.44,1.569,75.88719999999999,1,1
5699,0,0.0,0.0,0.0,0.0,0,0
5679,1,1.81,1.81,1.81,1.81,1,1
5608,3,3.078966666666666,5.669,1.76,9.236899999999999,1,1
5794,3,1.7833333333333332,2.6,1.25,5.35,1,1
5671,0,0.0,0.0,0.0,0.0,0,0
5620,0,0.0,0.0,0.0,0.0,0,0
5748,10,1.14727,2.49,0.69,11.4727,1,1
5746,9,5.318555444444445,6.847999,3.868,47.866999,1,1
5623,7,4.954142857142857,7.2,1.49,34.679,1,1
5613,23,2.7129300434782606,4.48,0.799,62.397391,1,1
5805,11,1.7042727272727272,7.34,0.75,18.747,1,1
5667,3,3.186666333333333,3.67,2.93,9.559999,1,1
5622,0,0.0,0.0,0.0,0.0,0,0
5694,8,1.4033,4.1,0.87,11.2264,1,1
5741,24,2.7011287916666666,4.15,0.8455,64.827091,1,1
5658,0,0.0,0.0,0.0,0.0,0,0
5615,5,1.773434,1.80717,1.73,8.86717,1,1
5775,1,6.85,6.85,6.85,6.85,1,1
5769,6,3.2023333333333333,4.3,1.6051,19.214,1,1
5743,5,0.93836,1.25,0.678,4.6918,1,1
5791,7,1.7356427142857143,3.39,0.947,12.149499,1,1
5646,17,2.0994134117647056,5.39,0.74,35.690028,1,1
5767,2,2.5979815,2.618963,2.577,5.195963,1,1
5792,1,23.5,23.5,23.5,23.5,1,1
5619,0,0.0,0.0,0.0,0.0,0,0
5712,7,2.7251164285714284,3.25,1.59,19.075815,1,1
5609,20,1.7235448999999998,3.69855,0.6,34.470898,1,1
5655,7,2.947134857142857,3.787,1.048945,20.629944,1,1
5644,32,1.66641765625,7.05,0.711,53.325365,1,1
5639,25,1.15502672,2.469951,0.829997,28.875668,1,1
5645,1,11.0,11.0,11.0,11.0,1,1
5700,26,5.187171538461538,9.98,2.23,134.86646,1,1
5789,18,3.8714333333333335,5.95,3.1156,69.6858,1,1
5785,6,7.3016499999999995,12.0,3.3299,43.8099,1,1
5673,15,1.7728713333333335,3.76,0.568,26.59307,1,1
5688,3,1.7632993333333333,1.829898,1.72,5.289898,1,1
5682,0,0.0,0.0,0.0,0.0,0,0
5690,0,0.0,0.0,0.0,0.0,0,0
5724,20,2.325101,7.67,1.0301,46.50202,1,1
5718,3,1.2861666666666667,1.32,1.24,3.8585000000000003,1,1
5723,0,0.0,0.0,0.0,0.0,0,0
5652,3,1.618501,1.7,1.54,4.855503,1,1
5610,13,0.9375123076923076,1.518,0.372,12.18766,1,1
5745,17,0.8769357647058823,1.0795,0.79,14.907907999999999,1,1
5638,5,3.0755796,3.699,0.979898,15.377898,1,1
5680,5,1.253934,1.85,0.40067,6.2696700000000005,1,1
5798,1,26.5,26.5,26.5,26.5,1,1
5753,7,1.8267,3.7,1.22,12.7869,1,1
5697,8,4.2063625,7.13,1.76,33.6509,1,1
5765,7,1.5165849999999998,2.189,1.28,10.616095,1,1
5721,5,1.97196,3.25,1.4998,9.8598,1,1
5781,0,0.0,0.0,0.0,0.0,0,0
5787,1,2.5,2.5,2.5,2.5,1,1
5606,1,1.935,1.935,1.935,1.935,1,1
5633,35,3.525847628571429,12.95,1.35,123.404667,1,1
5802,0,0.0,0.0,0.0,0.0,0,0
5744,0,0.0,0.0,0.0,0.0,0,0
5659,5,3.2533128,3.56,2.866664,16.266564,1,1
5664,14,2.1625868571428573,3.7086,0.7,30.276216,1,1
5752,6,3.81715,4.5,2.55,22.9029,1,1
5686,13,1.683430769230769,4.8375,0.7305,21.8846,1,1
5685,0,0.0,0.0,0.0,0.0,0,0
5689,4,3.132225,4.4889,1.73,12.5289,1,1
5612,2,0.6371994999999999,0.653399,0.621,1.2743989999999998,1,1
5692,3,2.105,2.85,1.73,6.315,1,1
5670,0,0.0,0.0,0.0,0.0,0,0
5635,0,0.0,0.0,0.0,0.0,0,0
5618,8,2.351512375,3.2399,1.12,18.812099,1,1
5626,8,1.1348236250000001,1.5,0.561,9.078589000000001,1,1
5631,1,1.5,1.5,1.5,1.5,1,1
5681,0,0.0,0.0,0.0,0.0,0,0
5729,20,2.26170495,6.28,0.7875,45.234099,1,1
5711,5,0.7906000000000001,0.81,0.773,3.9530000000000003,1,1
5763,1,25.0,25.0,25.0,25.0,1,1
5750,5,2.55878,2.85,2.35,12.7939,1,1
5650,9,2.5941998888888893,4.46,1.22,23.347799000000002,1,1
5677,15,1.2805392,2.74,0.472,19.208088,1,1
5643,9,1.2586243333333333,1.48,1.1,11.327619,1,1
5776,2,1.615,1.79,1.44,3.23,1,1
5773,2,8.555,9.0,8.11,17.11,1,1
5730,28,2.8223394285714285,7.49,1.47,79.025504,1,1
5663,16,1.831833,3.549999,0.422,29.309328,1,1
5732,22,2.1342499999999998,4.82,0.393,46.9535,1,1
5649,5,1.5744192,2.115,0.969,7.872096,1,1
5695,14,2.16712,3.7,0.99,30.33968,1,1
5501,0,0.0,0.0,0.0,0.0,0,0
5477,0,0.0,0.0,0.0,0.0,0,0
5505,0,0.0,0.0,0.0,0.0,0,0
5459,0,0.0,0.0,0.0,0.0,0,0
5453,0,0.0,0.0,0.0,0.0,0,0
5577,0,0.0,0.0,0.0,0.0,0,0
5582,10,1.53311,1.75,1.4,15.3311,1,1
5575,0,0.0,0.0,0.0,0.0,0,0
5438,0,0.0,0.0,0.0,0.0,0,0
5523,6,1.3555,1.639,0.95,8.133,1,1
5596,3,0.9199666666666667,0.95,0.87,2.7599,1,1
5595,3,2.0033333333333334,2.51,1.5,6.01,1,1
5552,8,3.714375,5.05,1.76,29.715,1,1
5605,0,0.0,0.0,0.0,0.0,0,0
5470,6,0.9948166666666666,1.098,0.904,5.9689,1,1
5413,0,0.0,0.0,0.0,0.0,0,0
5528,19,1.6457004210526316,7.25,0.7,31.268308,1,1
5489,0,0.0,0.0,0.0,0.0,0,0
5407,2,6.4502,6.52,6.3804,12.9004,1,1
5509,0,0.0,0.0,0.0,0.0,0,0
5518,5,1.320902,1.425,1.2193,6.60451,1,1
5515,10,2.0237889,7.89,1.2,20.237889,1,1
5522,10,0.6779887,1.23,0.44,6.779887,1,1
5416,7,3.0139997142857142,3.59,2.58,21.097998,1,1
5439,0,0.0,0.0,0.0,0.0,0,0
5603,2,1.174,1.199,1.149,2.348,1,1
5510,7,1.068,1.129,0.9861,7.476,1,1
5556,0,0.0,0.0,0.0,0.0,0,0
5562,0,0.0,0.0,0.0,0.0,0,0
5422,0,0.0,0.0,0.0,0.0,0,0
5421,0,0.0,0.0,0.0,0.0,0,0
5463,0,0.0,0.0,0.0,0.0,0,0
5484,0,0.0,0.0,0.0,0.0,0,0
5520,16,1.418536875,2.709,0.737,22.69659,1,1
5544,1,1.98995,1.98995,1.98995,1.98995,1,1
5423,0,0.0,0.0,0.0,0.0,0,0
5527,7,1.1262842857142856,1.47,0.98,7.88399,1,1
5508,3,0.5069666666666667,0.55,0.452,1.5209000000000001,1,1
5441,0,0.0,0.0,0.0,0.0,0,0
5586,0,0.0,0.0,0.0,0.0,0,0
5435,0,0.0,0.0,0.0,0.0,0,0
5446,0,0.0,0.0,0.0,0.0,0,0
5457,0,0.0,0.0,0.0,0.0,0,0
5494,0,0.0,0.0,0.0,0.0,0,0
5415,0,0.0,0.0,0.0,0.0,0,0
5554,7,1.5119857142857143,1.8349,1.39,10.5839,1,1
5531,2,4.3655,4.53,4.201,8.731,1,1
5448,0,0.0,0.0,0.0,0.0,0,0
5600,2,1.2345,1.259,1.21,2.469,1,1
5437,0,0.0,0.0,0.0,0.0,0,0
5418,0,0.0,0.0,0.0,0.0,0,0
5578,0,0.0,0.0,0.0,0.0,0,0
5559,0,0.0,0.0,0.0,0.0,0,0
5483,0,0.0,0.0,0.0,0.0,0,0
5521,0,0.0,0.0,0.0,0.0,0,0
5424,0,0.0,0.0,0.0,0.0,0,0
5503,0,0.0,0.0,0.0,0.0,0,0
5598,4,2.2035,2.84,1.67,8.814,1,1
5428,0,0.0,0.0,0.0,0.0,0,0
5569,0,0.0,0.0,0.0,0.0,0,0
5589,0,0.0,0.0,0.0,0.0,0,0
5534,1,10.3,10.3,10.3,10.3,1,1
5511,0,0.0,0.0,0.0,0.0,0,0
5499,0,0.0,0.0,0.0,0.0,0,0
5472,0,0.0,0.0,0.0,0.0,0,0
5546,0,0.0,0.0,0.0,0.0,0,0
5419,0,0.0,0.0,0.0,0.0,0,0
5450,0,0.0,0.0,0.0,0.0,0,0
5571,0,0.0,0.0,0.0,0.0,0,0
5514,17,0.851291,1.129,0.726,14.471947,1,1
5431,0,0.0,0.0,0.0,0.0,0,0
5471,0,0.0,0.0,0.0,0.0,0,0
5466,0,0.0,0.0,0.0,0.0,0,0
5524,44,2.960613159090909,4.7,0.432,130.266979,1,1
5537,3,5.548267,8.0402,3.004601,16.644801,1,1
5434,0,0.0,0.0,0.0,0.0,0,0
5581,3,7.786666666666666,13.64,2.22,23.36,1,1
5585,20,3.178,6.96,1.41,63.56,1,1
5573,37,1.4446285135135135,3.277,0.826,53.451255,1,1
5474,0,0.0,0.0,0.0,0.0,0,0
5545,2,2.5995,3.39,1.809,5.199,1,1
5426,10,1.056674,1.14474,0.942,10.56674,1,1
5563,0,0.0,0.0,0.0,0.0,0,0
5417,4,1.04895,1.1288,0.968,4.1958,1,1
5532,1,1.8099,1.8099,1.8099,1.8099,1,1
5574,6,0.4814375,0.496664,0.465,2.888625,1,1
5553,31,1.3096737741935485,6.59,0.47,40.599887,1,1
5485,0,0.0,0.0,0.0,0.0,0,0
5557,2,1.6949999999999998,1.73,1.66,3.3899999999999997,1,1
5451,10,0.9377424,3.14,0.375,9.377424,1,1
5455,3,0.6406666666666667,0.902,0.5,1.9220000000000002,1,1
5597,7,2.6776855714285714,3.8,1.569999,18.743799,1,1
5480,2,8.1,8.65,7.55,16.2,1,1
5445,0,0.0,0.0,0.0,0.0,0,0
5548,0,0.0,0.0,0.0,0.0,0,0
5517,2,3.0700000000000003,3.45,2.69,6.140000000000001,1,1
5414,0,0.0,0.0,0.0,0.0,0,0
5572,0,0.0,0.0,0.0,0.0,0,0
5502,0,0.0,0.0,0.0,0.0,0,0
5498,0,0.0,0.0,0.0,0.0,0,0
5549,9,1.4127998888888889,2.189,1.05,12.715199,1,1
5587,3,1.263,1.39,1.099,3.7889999999999997,1,1
5507,9,1.5810553333333335,7.07,0.626,14.229498000000001,1,1
5436,0,0.0,0.0,0.0,0.0,0,0
5447,0,0.0,0.0,0.0,0.0,0,0
5512,0,0.0,0.0,0.0,0.0,0,0
5601,16,2.3340643125,4.145,0.493939,37.345029,1,1
5604,20,1.7343264999999999,4.37,0.9,34.68653,1,1
5543,15,1.5947866666666668,4.6789,0.42,23.9218,1,1
5409,0,0.0,0.0,0.0,0.0,0,0
5564,0,0.0,0.0,0.0,0.0,0,0
5547,7,4.365284285714286,5.24,2.94999,30.55699,1,1
5460,0,0.0,0.0,0.0,0.0,0,0
5490,0,0.0,0.0,0.0,0.0,0,0
5475,15,1.7846893333333333,4.816471,0.655,26.77034,1,1
5478,0,0.0,0.0,0.0,0.0,0,0
5408,0,0.0,0.0,0.0,0.0,0,0
5452,0,0.0,0.0,0.0,0.0,0,0
5462,0,0.0,0.0,0.0,0.0,0,0
5427,0,0.0,0.0,0.0,0.0,0,0
5599,6,1.3613333333333333,1.769,0.739,8.168,1,1
5539,6,1.0626333333333333,2.0,0.861,6.3758,1,1
5482,0,0.0,0.0,0.0,0.0,0,0
5530,18,2.556686,4.374,0.773,46.020348,1,1
5432,0,0.0,0.0,0.0,0.0,0,0
5594,1,1.75,1.75,1.75,1.75,1,1
5583,4,1.74425,1.78,1.686,6.977,1,1
5493,0,0.0,0.0,0.0,0.0,0,0
5584,0,0.0,0.0,0.0,0.0,0,0
5406,3,1.9783663333333334,2.35,1.264999,5.935099,1,1
5500,0,0.0,0.0,0.0,0.0,0,0
5454,0,0.0,0.0,0.0,0.0,0,0
5570,0,0.0,0.0,0.0,0.0,0,0
5506,0,0.0,0.0,0.0,0.0,0,0
5593,1,1.2,1.2,1.2,1.2,1,1
5491,0,0.0,0.0,0.0,0.0,0,0
5492,0,0.0,0.0,0.0,0.0,0,0
5538,9,1.0596831111111111,1.149999,0.975899,9.537148,1,1
5487,0,0.0,0.0,0.0,0.0,0,0
5412,0,0.0,0.0,0.0,0.0,0,0
5567,38,3.9938815789473687,6.2,1.29,151.7675,1,1
5590,0,0.0,0.0,0.0,0.0,0,0
5425,0,0.0,0.0,0.0,0.0,0,0
5550,0,0.0,0.0,0.0,0.0,0,0
5592,8,0.533875,0.58,0.508,4.271,1,1
5576,0,0.0,0.0,0.0,0.0,0,0
5444,0,0.0,0.0,0.0,0.0,0,0
5580,1,7.21,7.21,7.21,7.21,1,1
5526,11,3.194087272727273,4.32,2.65,35.13496,1,1
5479,0,0.0,0.0,0.0,0.0,0,0
5429,8,2.79009,4.99,1.19,22.32072,1,1
5568,0,0.0,0.0,0.0,0.0,0,0
5473,0,0.0,0.0,0.0,0.0,0,0
5476,6,3.485,5.8,1.56,20.91,1,1
5561,7,2.3748142857142858,4.58,1.1798,16.6237,1,1
5504,0,0.0,0.0,0.0,0.0,0,0
5488,0,0.0,0.0,0.0,0.0,0,0
5469,2,1.1015000000000001,1.143,1.06,2.2030000000000003,1,1
5529,2,1.8445,1.9,1.789,3.689,1,1
5481,0,0.0,0.0,0.0,0.0,0,0
5560,10,1.5124,2.75,0.375,15.124,1,1
5420,0,0.0,0.0,0.0,0.0,0,0
5516,10,0.8271960999999999,4.14,0.395,8.271961,1,1
5535,1,14.864577,14.864577,14.864577,14.864577,1,1
5519,2,1.81,1.81,1.81,3.62,1,1
5540,2,1.6813,1.6974,1.6652,3.3626,1,1
5410,0,0.0,0.0,0.0,0.0,0,0
5588,21,0.7032904285714286,1.879,0.425,14.769099,1,1
5456,0,0.0,0.0,0.0,0.0,0,0
5497,0,0.0,0.0,0.0,0.0,0,0
5443,0,0.0,0.0,0.0,0.0,0,0
5433,0,0.0,0.0,0.0,0.0,0,0
5496,45,1.4291150444444443,3.19,0.41,64.310177,1,1
5495,0,0.0,0.0,0.0,0.0,0,0
5555,0,0.0,0.0,0.0,0.0,0,0
5565,0,0.0,0.0,0.0,0.0,0,0
5551,0,0.0,0.0,0.0,0.0,0,0
5558,4,1.47375,1.735,1.38,5.895,1,1
5440,0,0.0,0.0,0.0,0.0,0,0
5525,0,0.0,0.0,0.0,0.0,0,0
5430,0,0.0,0.0,0.0,0.0,0,0
5442,0,0.0,0.0,0.0,0.0,0,0
5468,1,1.5,1.5,1.5,1.5,1,1
5533,4,1.6247175,1.66887,1.53,6.49887,1,1
5542,1,1.199,1.199,1.199,1.199,1,1
5579,1,1.78,1.78,1.78,1.78,1,1
5411,0,0.0,0.0,0.0,0.0,0,0
5591,9,0.6862686666666666,0.826,0.431,6.176418,1,1
5566,19,2.3099134736842104,3.87,1.04,43.888356,1,1
5465,0,0.0,0.0,0.0,0.0,0,0
5513,0,0.0,0.0,0.0,0.0,0,0
5541,39,1.1802511794871795,5.0,0.493,46.029796,1,1
5458,0,0.0,0.0,0.0,0.0,0,0
5461,0,0.0,0.0,0.0,0.0,0,0
5449,0,0.0,0.0,0.0,0.0,0,0
5602,24,1.9883684166666666,4.3897,0.379179,47.720842,1,1
5486,0,0.0,0.0,0.0,0.0,0,0
5464,0,0.0,0.0,0.0,0.0,0,0
5536,1,1.15,1.15,1.15,1.15,1,1
5467,0,0.0,0.0,0.0,0.0,0,0
5404,0,0.0,0.0,0.0,0.0,0,0
5405,0,0.0,0.0,0.0,0.0,0,0
5403,3,5.516666666666667,9.5,2.3,16.55,1,1
5402,23,5.254173913043479,12.5,2.28,120.846,1,1
5400,0,0.0,0.0,0.0,0.0,0,0
5401,0,0.0,0.0,0.0,0.0,0,0
5397,3,11.425633333333332,18.8,1.27,34.2769,1,1
5398,52,5.462382019230769,6.22,1.959,284.043865,1,1
5399,0,0.0,0.0,0.0,0.0,0,0
5396,19,4.13021052631579,14.2,0.904,78.474,1,1
5395,0,0.0,0.0,0.0,0.0,0,0
5394,36,3.7103416388888895,13.39,0.4199,133.57229900000002,1,1
5393,8,2.4002749999999997,5.42,1.33,19.202199999999998,1,1
5392,7,4.420085714285714,15.0,1.49,30.9406,1,1
5391,3,4.2043333333333335,7.823,2.0,12.613,1,1
5390,2,10.5,16.0,5.0,21.0,1,1
5385,6,4.305,8.0,1.0,25.83,1,1
5387,2,4.15,7.3,1.0,8.3,1,1
5389,8,1.4707395,2.58,0.449911,11.765916,1,1
5386,4,2.4875,4.85,1.0,9.95,1,1
5388,13,4.417281615384615,21.0,0.417,57.424661,1,1
5382,15,3.1806192666666666,18.0,0.94,47.709289,1,1
5383,23,2.8022521739130437,6.475,1.0,64.4518,1,1
5384,3,3.4546666666666668,6.19,1.2,10.364,1,1
5380,0,0.0,0.0,0.0,0.0,0,0
5378,12,3.7347275833333335,15.5,1.23,44.816731000000004,1,1
5381,2,9.6,18.0,1.2,19.2,1,1
5379,10,3.6413699,17.0,1.58,36.413699,1,1
5377,9,2.821965555555556,5.07,1.69,25.39769,1,1
5376,4,1.775,2.0,1.1,7.1,1,1
5371,1,2.5,2.5,2.5,2.5,1,1
5374,8,4.7289875,19.5,1.45,37.8319,1,1
5373,4,8.5925,9.99,7.68,34.37,1,1
5372,2,12.85,14.7,11.0,25.7,1,1
5375,28,5.565642857142857,11.0,4.49,155.838,1,1
5370,2,3.165,3.33,3.0,6.33,1,1
5367,26,4.123538461538462,14.3,0.817,107.212,1,1
5366,7,4.275840571428572,8.88,2.4925,29.930884000000002,1,1
5368,12,3.4666408333333334,15.0,0.57,41.59969,1,1
5369,45,2.0218781777777775,14.1,0.485,90.984518,1,1
5363,24,2.0851854166666666,12.69,0.473,50.04445,1,1
5362,0,0.0,0.0,0.0,0.0,0,0
5365,13,3.2537692307692305,6.7,1.28,42.299,1,1
5364,3,5.933333333333334,15.0,1.3,17.8,1,1
5361,8,7.139375,16.68,0.525,57.115,1,1
5360,1,1.9,1.9,1.9,1.9,1,1
5359,4,10.722,23.0,1.998,42.888,1,1
5356,1,2.75,2.75,2.75,2.75,1,1
5354,44,1.7379989545454544,4.89,0.71,76.471954,1,1
5355,5,2.32998,3.25,1.44,11.649899999999999,1,1
5357,2,3.455,3.61,3.3,6.91,1,1
5358,41,2.3451379268292682,4.149,1.01,96.150655,1,1
5353,1,9.69,9.69,9.69,9.69,1,1
5352,14,1.7501585,3.79995,0.93,24.502219,1,1
5350,4,8.78,13.99,1.75,35.12,1,1
5349,1,15.0,15.0,15.0,15.0,1,1
5348,50,3.64809276,4.75,1.26,182.404638,1,1
5347,1,13.99,13.99,13.99,13.99,1,1
5351,13,5.763511538461539,15.0,0.01,74.92565,1,1
5345,6,4.753333333333334,12.0,1.08,28.520000000000003,1,1
5343,6,4.905833333333334,9.74,1.33,29.435000000000002,1,1
5346,3,7.8933333333333335,18.4,1.28,23.68,1,1
5344,35,1.3241775428571427,7.575,0.477799,46.346213999999996,1,1
5338,2,2.58845,4.2069,0.97,5.1769,1,1
5342,7,2.7249285714285714,12.8,0.7785,19.0745,1,1
5340,4,14.5475,29.69,6.5,58.19,1,1
5339,1,1.3,1.3,1.3,1.3,1,1
5341,27,3.340861111111111,19.1,0.6119,90.20325,1,1
5336,12,3.928316666666667,9.3,0.9,47.1398,1,1
5337,2,140.5,230.0,51.0,281.0,1,1
5331,0,0.0,0.0,0.0,0.0,0,0
5329,15,3.769066666666667,11.65,0.99,56.536,1,1
5330,1,2.5,2.5,2.5,2.5,1,1
5332,0,0.0,0.0,0.0,0.0,0,0
5335,4,6.862500000000001,13.84,0.9,27.450000000000003,1,1
5333,2,2.685,3.88,1.49,5.37,1,1
5334,14,1.9033017142857143,3.44,0.634,26.646224,1,1
5328,16,1.97025,2.749,1.4,31.524,1,1
5326,56,3.3877906964285716,16.88,0.42199,189.71627900000001,1,1
5327,6,3.5550833333333336,8.4,1.25,21.3305,1,1
5325,11,2.733190909090909,18.0,0.639,30.065099999999997,1,1
5324,19,1.9688315263157894,3.65,0.66,37.407799,1,1
5323,35,3.9936057142857138,13.0,1.17,139.7762,1,1
5322,3,5.863333333333333,12.69,1.9,17.59,1,1
5321,4,4.622,12.34,1.51,18.488,1,1
5317,2,3.95,5.25,2.65,7.9,1,1
5316,1,1.25,1.25,1.25,1.25,1,1
5319,2,5.225,7.95,2.5,10.45,1,1
5320,6,4.944166666666667,12.25,0.676,29.665,1,1
5318,1,1.35,1.35,1.35,1.35,1,1
5313,8,4.7437625,20.0,1.299,37.9501,1,1
5312,3,1.7996666666666667,2.3,1.299,5.399,1,1
5315,17,3.108735117647059,13.5,0.751897,52.848497,1,1
5311,3,2.3663333333333334,3.1,1.299,7.099,1,1
5314,2,6.695,12.1,1.29,13.39,1,1
5310,0,0.0,0.0,0.0,0.0,0,0
5309,0,0.0,0.0,0.0,0.0,0,0
5306,0,0.0,0.0,0.0,0.0,0,0
5307,0,0.0,0.0,0.0,0.0,0,0
5308,0,0.0,0.0,0.0,0.0,0,0
5304,5,3.7840000000000003,5.99,1.35,18.92,1,1
5305,5,2.8302,3.34,1.35,14.151,1,1
5302,8,5.8726125,7.5189,3.0,46.9809,1,1
5303,15,6.46126,12.8,1.3999,96.91890000000001,1,1
5299,12,2.5538915833333333,6.3,0.54,30.646699,1,1
5300,26,2.9830040769230766,10.5,0.464,77.558106,1,1
5301,20,2.9754449999999997,10.0,1.05,59.5089,1,1
5298,9,1.9927000000000001,4.35,0.98,17.9343,1,1
5296,6,4.94,16.8,1.0,29.64,1,1
5295,19,3.8129631578947367,13.95,1.1,72.4463,1,1
5294,1,2.5,2.5,2.5,2.5,1,1
5297,26,3.1629880000000004,15.5,0.85,82.237688,1,1
5290,13,2.3275306923076924,5.04,0.975,30.257899,1,1
5292,5,5.728,18.88,1.39,28.64,1,1
5293,4,9.598500000000001,21.69,1.972,38.394000000000005,1,1
5289,3,13.159999999999998,16.99,6.99,39.48,1,1
5291,1,4.0,4.0,4.0,4.0,1,1
5287,76,3.8687504605263157,13.5,0.93,294.025035,1,1
5288,2,15.969999999999999,17.25,14.69,31.939999999999998,1,1
5285,5,4.6610320000000005,14.5,1.3102,23.30516,1,1
5286,30,3.36459,19.0,1.2,100.9377,1,1
5282,30,3.4958746666666665,6.3,0.732,104.87624,1,1
5280,3,1.845,3.25,0.9,5.535,1,1
5284,3,8.349333333333334,13.79,1.298,25.048000000000002,1,1
5281,3,1.5863333333333334,1.75,1.289,4.759,1,1
5283,2,13.565000000000001,15.48,11.65,27.130000000000003,1,1
5279,0,0.0,0.0,0.0,0.0,0,0
5276,0,0.0,0.0,0.0,0.0,0,0
5278,3,12.363333333333335,12.99,11.5,37.09,1,1
5277,9,9.175922222222221,23.98,1.54,82.5833,1,1
5275,1,1.9,1.9,1.9,1.9,1,1
5273,2,7.64,14.1,1.18,15.28,1,1
5271,0,0.0,0.0,0.0,0.0,0,0
5272,49,3.9818789591836734,6.0,1.34,195.112069,1,1
5274,4,2.9358905,3.19,2.5537,11.743562,1,1
5270,10,3.330535,4.22,1.99,33.30535,1,1
5266,3,5.0,6.2,4.3,15.0,1,1
5267,4,5.038375,5.99,4.46,20.1535,1,1
5269,9,3.1831,5.55,1.9,28.6479,1,1
5268,6,3.0452833333333333,5.4457,1.85,18.2717,1,1
5265,0,0.0,0.0,0.0,0.0,0,0
5264,2,1.37,1.49,1.25,2.74,1,1
5262,0,0.0,0.0,0.0,0.0,0,0
5263,14,3.589785714285714,17.88,1.08,50.257,1,1
5261,72,4.506713749999999,25.0,1.03,324.48339,1,1
5260,10,7.726000000000001,15.95,0.86,77.26,1,1
5257,1,9.75,9.75,9.75,9.75,1,1
5258,3,10.033333333333333,17.9,1.2,30.099999999999998,1,1
5255,12,1.6233665000000002,2.32,0.99,19.480398,1,1
5256,3,6.023333333333333,13.28,1.2,18.07,1,1
5259,1,1.45,1.45,1.45,1.45,1,1
5254,2,1.3045,1.419,1.19,2.609,1,1
5252,2,1.029945,1.05989,1.0,2.05989,1,1
5250,6,1.0755983333333334,1.17,1.0,6.45359,1,1
5253,3,3.9996666666666667,9.0,1.399,11.999,1,1
5251,4,5.2225,8.2,1.7,20.89,1,1
5249,11,1.8371354545454546,8.2,0.9,20.20849,1,1
5246,3,3.75,6.96,1.08,11.25,1,1
5248,14,4.76095,13.45,0.85,66.6533,1,1
5247,8,3.44125,6.0,2.37,27.53,1,1
5245,14,4.901357142857143,13.59,1.49,68.619,1,1
5244,21,3.5274704761904765,14.0,0.474,74.07688,1,1
5243,9,2.5860000000000003,4.1,1.84,23.274,1,1
5241,17,2.9367352352941176,7.49,1.4,49.924499,1,1
5240,2,2.54,3.9,1.18,5.08,1,1
5242,4,3.872875,9.0,2.0,15.4915,1,1
5239,5,4.464,13.5,1.24,22.32,1,1
5238,20,1.8838414499999998,13.98,0.42,37.676829,1,1
5237,11,2.285502272727273,6.456,0.86,25.140525,1,1
5232,7,4.512714285714286,13.1,0.8,31.589,1,1
5234,2,1.155,1.31,1.0,2.31,1,1
5236,6,3.7683166666666668,13.95,0.8299,22.6099,1,1
5235,11,2.342636363636364,9.5,0.8,25.769000000000002,1,1
5233,3,2.659333333333333,4.7,1.278,7.978,1,1
5231,22,5.076090909090909,16.0,0.89,111.67399999999999,1,1
5230,7,2.2378857142857145,4.0,1.12,15.6652,1,1
5229,8,2.3574125,7.0003,1.08,18.8593,1,1
5228,5,1.905,5.0,0.75,9.525,1,1
5227,1,0.979,0.979,0.979,0.979,1,1
5225,31,2.192581935483871,9.19,0.71,67.97004,1,1
5226,1,0.965,0.965,0.965,0.965,1,1
5224,6,2.966483333333333,9.75,0.355,17.7989,1,1
5222,10,2.9335799,9.5,0.999,29.335798999999998,1,1
5223,19,3.5666270526315786,15.85,0.409988,67.765914,1,1
5218,47,5.236593617021277,23.0,1.34,246.1199,1,1
5219,36,5.303794444444445,6.22,0.95,190.9366,1,1
5217,18,3.081169833333333,14.15,0.357,55.461057,1,1
5220,3,9.32,15.0,1.02,27.96,1,1
5221,9,1.7008543333333332,3.5,0.55,15.307689,1,1
5214,0,0.0,0.0,0.0,0.0,0,0
5216,5,3.91476,12.2,1.52,19.5738,1,1
5215,2,7.02,12.42,1.62,14.04,1,1
5213,8,2.5670625,6.0,0.897,20.5365,1,1
5208,17,2.238790588235294,13.5,0.874,38.05944,1,1
5209,33,2.425617818181818,20.0,0.74,80.045388,1,1
5210,0,0.0,0.0,0.0,0.0,0,0
5212,4,9.9725,28.0,3.3,39.89,1,1
5211,15,6.774913333333333,21.0,1.4,101.6237,1,1
5203,1,3.69,3.69,3.69,3.69,1,1
5206,3,9.263333333333334,13.5,2.69,27.79,1,1
5204,1,2.99,2.99,2.99,2.99,1,1
5207,1,14.0,14.0,14.0,14.0,1,1
5205,2,12.600000000000001,15.9,9.3,25.200000000000003,1,1
5198,2,15.975,17.45,14.5,31.95,1,1
5200,34,6.609535294117647,15.25,1.0,224.7242,1,1
5201,34,2.6794085294117647,7.7,1.26,91.09989,1,1
5199,5,6.5316,16.0,1.1,32.658,1,1
5202,5,8.776,14.0,3.1,43.88,1,1
5197,15,2.6707933333333336,4.8945,0.79,40.0619,1,1
5196,6,2.604833333333333,4.79,1.489,15.629,1,1
5193,32,4.23336240625,7.889,1.32,135.467597,1,1
5195,31,2.1155261612903224,3.08,1.2089,65.581311,1,1
5194,1,2.65,2.65,2.65,2.65,1,1
5192,0,0.0,0.0,0.0,0.0,0,0
5190,0,0.0,0.0,0.0,0.0,0,0
5188,0,0.0,0.0,0.0,0.0,0,0
5191,0,0.0,0.0,0.0,0.0,0,0
5189,0,0.0,0.0,0.0,0.0,0,0
5183,8,3.684375,7.35,0.64,29.475,1,1
5184,17,3.734316882352941,22.5,0.901,63.483387,1,1
5187,0,0.0,0.0,0.0,0.0,0,0
5185,1,14.5,14.5,14.5,14.5,1,1
5186,2,19.994999999999997,21.99,18.0,39.989999999999995,1,1
5178,11,1.0188342727272728,3.165,0.57,11.207177,1,1
5180,5,3.9299799999999996,6.7999,1.1,19.6499,1,1
5181,7,6.364457142857142,16.0,0.72,44.551199999999994,1,1
5179,28,4.299428571428572,9.99,1.3,120.384,1,1
5182,21,3.8338,15.55,1.45,80.5098,1,1
5174,4,2.939,3.87,1.717,11.756,1,1
5177,4,9.60875,17.55,3.33,38.435,1,1
5176,20,6.238175,15.0,0.9876,124.7635,1,1
5173,13,2.480846153846154,13.964,0.66,32.251000000000005,1,1
5175,2,2.4383999999999997,2.6631,2.2137,4.876799999999999,1,1
5172,6,3.71495,12.95,1.61,22.2897,1,1
5171,6,5.5424999999999995,16.0,0.856,33.254999999999995,1,1
5168,1,0.999,0.999,0.999,0.999,1,1
5170,44,4.609796568181818,22.0,0.72,202.831049,1,1
5169,1,1.4,1.4,1.4,1.4,1,1
5165,2,13.25,13.5,13.0,26.5,1,1
5164,12,3.7439083333333336,6.5,1.348,44.9269,1,1
5166,0,0.0,0.0,0.0,0.0,0,0
5163,0,0.0,0.0,0.0,0.0,0,0
5167,12,3.129084166666667,7.89,1.2,37.54901,1,1
5160,1,1.5,1.5,1.5,1.5,1,1
5159,2,1.85,1.9,1.8,3.7,1,1
5162,3,2.2600000000000002,3.14,1.49,6.78,1,1
5158,3,4.459,8.777,1.5,13.376999999999999,1,1
5161,16,3.7011993125,16.8,0.55,59.219189,1,1
5154,20,4.54073,14.05,0.96,90.8146,1,1
5156,1,10.0,10.0,10.0,10.0,1,1
5157,3,1.0314666666666668,1.25,0.9,3.0944000000000003,1,1
5155,7,2.7361428571428568,6.31,1.35,19.153,1,1
5150,33,6.83939696969697,62.69,0.99,225.7001,1,1
5151,38,4.228705236842106,15.9,1.73,160.690799,1,1
5152,7,9.414285714285715,24.0,0.99,65.9,1,1
5153,2,6.67,12.35,0.99,13.34,1,1
5149,6,2.20095,7.74,1.02,13.2057,1,1
5148,3,17.80666666666667,22.42,11.0,53.42,1,1
5147,12,3.970266666666667,15.99,1.4789,47.6432,1,1
5145,0,0.0,0.0,0.0,0.0,0,0
5146,0,0.0,0.0,0.0,0.0,0,0
5144,19,3.6101419999999997,6.7,1.2,68.592698,1,1
5140,19,2.3988894736842106,16.89,0.549,45.5789,1,1
5139,4,13.2125,20.9,1.65,52.85,1,1
5141,6,2.6300666666666666,4.2,1.61,15.7804,1,1
5142,4,2.64,3.5,1.15,10.56,1,1
5143,3,3.583,5.4,1.469,10.749,1,1
5138,12,2.6076533333333334,6.29,1.05,31.29184,1,1
5137,18,2.316287111111111,7.4,0.96,41.693168,1,1
5136,4,1.7224249999999999,2.3,1.4797,6.8896999999999995,1,1
5135,6,1.7951666666666668,2.5,1.54,10.771,1,1
5134,3,10.200000000000001,12.0,7.1,30.6,1,1
5133,4,3.1172500000000003,5.0,2.12,12.469000000000001,1,1
5130,53,4.010645245283019,7.1,0.746,212.564198,1,1
5131,6,2.7597166666666664,5.2,1.18,16.5583,1,1
5132,26,1.4696249230769232,3.17,0.509,38.210248,1,1
5128,1,0.94,0.94,0.94,0.94,1,1
5126,2,1.575,1.95,1.2,3.15,1,1
5127,7,2.226857142857143,3.768,1.5,15.588000000000001,1,1
5125,0,0.0,0.0,0.0,0.0,0,0
5129,8,4.45487375,9.5,3.11,35.63899,1,1
5121,7,5.335999999999999,16.5,2.05,37.352,1,1
5120,0,0.0,0.0,0.0,0.0,0,0
5124,4,2.09624925,2.519999,1.9,8.384997,1,1
5122,1,13.49,13.49,13.49,13.49,1,1
5123,33,2.9027030303030306,5.2,0.75,95.78920000000001,1,1
5117,2,1.4249999999999998,1.65,1.2,2.8499999999999996,1,1
5115,4,2.1975,3.25,1.5,8.79,1,1
5116,3,23.74533333333333,50.69,7.666,71.23599999999999,1,1
5118,3,6.419999999999999,8.99,2.5,19.259999999999998,1,1
5119,15,1.11776,1.92,0.911,16.7664,1,1
5113,3,14.719999999999999,30.0,1.28,44.16,1,1
5114,19,4.291884210526316,6.74,0.367,81.5458,1,1
5111,8,4.2787625,11.79,1.28,34.2301,1,1
5110,10,1.6989480000000001,7.96,0.90479,16.98948,1,1
5112,3,7.859999999999999,21.0,1.28,23.58,1,1
5109,4,3.00535,3.37,2.2377,12.0214,1,1
5108,7,3.8677142857142854,19.4,1.055,27.073999999999998,1,1
5107,4,7.075,13.25,1.95,28.3,1,1
5103,1,1.8,1.8,1.8,1.8,1,1
5106,12,3.7510999166666665,4.71175,1.15,45.013199,1,1
5104,1,1.2,1.2,1.2,1.2,1,1
5102,2,1.5995,2.3,0.899,3.199,1,1
5105,3,9.53,13.0,2.7,28.59,1,1
5097,2,4.80445,7.7889,1.82,9.6089,1,1
5100,26,5.079794923076923,6.41,2.81,132.074668,1,1
5101,0,0.0,0.0,0.0,0.0,0,0
5098,1,15.0,15.0,15.0,15.0,1,1
5099,1,10.0,10.0,10.0,10.0,1,1
5093,1,18.0,18.0,18.0,18.0,1,1
5094,65,5.543264615384616,7.64,1.45,360.3122,1,1
5092,5,4.3839998,5.07,1.65,21.919999,1,1
5095,2,7.95,14.25,1.65,15.9,1,1
5096,1,15.0,15.0,15.0,15.0,1,1
5089,10,4.7219999999999995,21.97,2.14,47.22,1,1
5090,16,4.9001874999999995,9.6,1.72,78.40299999999999,1,1
5088,1,11.0,11.0,11.0,11.0,1,1
5091,6,9.077991666666668,25.88,3.28795,54.46795,1,1
5087,1,12.85,12.85,12.85,12.85,1,1
5086,17,4.374635235294117,15.5,0.98,74.368799,1,1
5085,1,3.194,3.194,3.194,3.194,1,1
5082,8,5.5237375,23.9,1.35,44.1899,1,1
5081,0,0.0,0.0,0.0,0.0,0,0
5084,1,12.5,12.5,12.5,12.5,1,1
5080,1,0.92,0.92,0.92,0.92,1,1
5083,2,2.5949999999999998,2.6,2.59,5.1899999999999995,1,1
5079,9,3.9732000000000003,12.0,0.7178,35.7588,1,1
5078,1,9.969,9.969,9.969,9.969,1,1
5076,4,1.5387374999999999,2.25,1.1,6.1549499999999995,1,1
5077,6,4.9375,13.0,1.15,29.625,1,1
5074,9,2.801521111111111,3.2,2.298,25.21369,1,1
5075,28,3.0373089285714285,3.24965,2.22,85.04465,1,1
5073,44,2.585993090909091,3.23,0.94,113.783696,1,1
5072,1,3.2,3.2,3.2,3.2,1,1
5071,2,3.0,3.2,2.8,6.0,1,1
5067,4,6.51525,12.711,2.46,26.061,1,1
5068,1,1.08,1.08,1.08,1.08,1,1
5066,2,4.4375,5.0,3.875,8.875,1,1
5070,14,2.0247570714285716,5.0,0.490999,28.346599,1,1
5069,25,3.2246555999999997,9.5,1.02,80.61639,1,1
5065,34,2.6733869705882354,7.499,0.99697,90.895157,1,1
5063,19,1.9569147368421052,8.87,0.76888,37.18138,1,1
5061,13,2.6223075384615386,4.82,0.825,34.089998,1,1
5062,10,12.2989,24.7,6.38,122.98899999999999,1,1
5064,4,4.692425,14.45,1.18,18.7697,1,1
5059,6,3.1471665000000004,6.4,1.082999,18.882999,1,1
5056,5,6.168,17.95,1.0,30.84,1,1
5058,17,1.5838161764705883,3.64,0.93,26.924875,1,1
5057,0,0.0,0.0,0.0,0.0,0,0
5060,5,2.0977208,3.5299,1.2,10.488603999999999,1,1
5052,21,4.202450809523809,16.0,0.756,88.25146699999999,1,1
5055,3,7.4433333333333325,11.75,1.7,22.33,1,1
5054,23,3.1630207826086956,5.427,0.4199,72.749478,1,1
5051,17,3.4829328823529413,5.3,1.5,59.209859,1,1
5053,7,1.9028571428571428,2.39,1.25,13.32,1,1
5041,0,0.0,0.0,0.0,0.0,0,0
5050,8,3.9823749999999998,10.0,1.5,31.858999999999998,1,1
5044,0,0.0,0.0,0.0,0.0,0,0
5045,0,0.0,0.0,0.0,0.0,0,0
5049,1,16.5,16.5,16.5,16.5,1,1
5046,48,4.726602041666667,7.4,0.362,226.876898,1,1
5048,4,9.8875,15.35,4.5,39.55,1,1
5047,1,13.0,13.0,13.0,13.0,1,1
5043,0,0.0,0.0,0.0,0.0,0,0
5042,0,0.0,0.0,0.0,0.0,0,0
5023,3,6.0856666666666674,14.98,1.5,18.257,1,1
5035,8,2.0094625,6.3,1.0,16.0757,1,1
5025,6,2.0208133333333334,8.0,0.50888,12.124880000000001,1,1
5026,1,1.03,1.03,1.03,1.03,1,1
5034,4,7.559975,21.0,1.3499,30.2399,1,1
5033,5,8.428,14.75,0.88,42.14,1,1
5032,3,6.276666666666666,9.75,1.25,18.83,1,1
5036,10,1.6312000000000002,4.07,0.407,16.312,1,1
5024,26,6.019669230769231,14.19,1.46,156.5114,1,1
5038,1,3.33,3.33,3.33,3.33,1,1
5037,4,4.20855175,14.49,0.744207,16.834207,1,1
5030,43,3.632245325581396,7.7,0.98,156.186549,1,1
5029,29,5.187275827586207,23.25,1.69,150.430999,1,1
5040,3,2.243333333333333,3.63,1.4,6.7299999999999995,1,1
5028,9,3.419254333333333,7.071,0.92,30.773289,1,1
5031,19,3.7737578947368426,5.59,1.37,71.7014,1,1
5027,3,4.833333333333333,9.0,1.5,14.5,1,1
5039,6,6.024831666666667,16.25,1.35,36.14899,1,1
5022,0,0.0,0.0,0.0,0.0,0,0
5020,15,4.594133333333333,22.9,2.3,68.91199999999999,1,1
5019,3,4.133333333333333,5.18,2.2,12.399999999999999,1,1
5021,41,4.55648256097561,13.39,1.3,186.815785,1,1
5018,0,0.0,0.0,0.0,0.0,0,0
5016,1,17.11,17.11,17.11,17.11,1,1
5015,0,0.0,0.0,0.0,0.0,0,0
5017,2,2.5515,3.11,1.993,5.103,1,1
5014,0,0.0,0.0,0.0,0.0,0,0
5013,1,0.911,0.911,0.911,0.911,1,1
5012,2,2.10944,2.94888,1.27,4.21888,1,1
5010,3,12.126666666666667,14.5,8.88,36.38,1,1
5009,3,4.5200000000000005,10.75,1.32,13.56,1,1
5008,0,0.0,0.0,0.0,0.0,0,0
5011,1,3.33,3.33,3.33,3.33,1,1
5003,13,6.242230769230769,15.0,4.8,81.149,1,1
5007,0,0.0,0.0,0.0,0.0,0,0
5005,8,2.8442499999999997,4.0804,1.187,22.753999999999998,1,1
5006,12,0.7665508333333334,1.15,0.3998,9.19861,1,1
5004,5,3.0723,10.0,0.749,15.3615,1,1
5001,4,4.983115,11.0,0.69,19.93246,1,1
5000,3,8.096666666666666,18.49,1.4,24.29,1,1
4999,5,14.138,22.99,6.9,70.69,1,1
5002,3,3.33,3.69,3.0,9.99,1,1
4998,12,1.990875,10.0,0.471,23.8905,1,1
4997,3,11.799999999999999,26.5,2.4,35.4,1,1
4995,2,1.105,1.29,0.92,2.21,1,1
4996,1,11.5,11.5,11.5,11.5,1,1
4993,11,2.0830171818181817,3.14,0.962,22.913189,1,1
4994,6,1.5925960000000001,2.717,0.953912,9.555576,1,1
4991,2,16.345,18.69,14.0,32.69,1,1
4992,1,1.5,1.5,1.5,1.5,1,1
4988,11,2.2689090909090908,4.14,0.94,24.958,1,1
4989,11,3.585510818181818,9.0,1.53,39.440619,1,1
4990,2,2.6500000000000004,4.2,1.1,5.300000000000001,1,1
4984,47,4.175516255319149,14.0,0.421,196.249264,1,1
4986,9,6.387222222222222,13.98,0.78,57.485,1,1
4987,7,5.765142857142857,22.0,1.1,40.356,1,1
4981,14,2.9946928571428573,5.481,0.87,41.9257,1,1
4978,2,0.923,0.996,0.85,1.846,1,1
4980,11,4.752563636363636,24.25,0.43,52.2782,1,1
4979,5,4.1278,9.79,1.349,20.639,1,1
4985,8,4.68235,6.25,1.05,37.4588,1,1
4983,10,6.51481,24.0,0.795,65.1481,1,1
4982,6,1.66815,2.2999,1.195,10.0089,1,1
4976,1,2.2,2.2,2.2,2.2,1,1
4977,5,1.218,1.69,0.97,6.09,1,1
4973,1,3.25,3.25,3.25,3.25,1,1
4972,52,5.479302884615384,13.5,1.4,284.92375,1,1
4974,3,2.9563333333333333,3.499,2.57,8.869,1,1
4971,23,4.300013043478261,14.8,1.0,98.9003,1,1
4975,0,0.0,0.0,0.0,0.0,0,0
4968,18,2.8899429444444444,6.699,0.71,52.018973,1,1
4969,10,3.6186,4.62,1.26,36.186,1,1
4970,14,6.9401,23.6,4.25,97.1614,1,1
4966,1,2.09,2.09,2.09,2.09,1,1
4967,2,18.545,19.99,17.1,37.09,1,1
4962,2,2.29,2.92,1.66,4.58,1,1
4965,5,4.3092,8.0,1.366,21.546,1,1
4964,3,5.836666666666666,12.5,1.11,17.509999999999998,1,1
4963,7,5.551428571428572,11.4,1.0,38.86,1,1
4961,10,2.6491800000000003,4.47,1.15,26.4918,1,1
4960,17,2.530755823529412,17.5,0.55,43.022849,1,1
4954,16,3.50096875,7.13,0.7999,56.0155,1,1
4958,8,6.14058475,18.0,0.999,49.124678,1,1
4957,4,4.53625,7.0,2.75,18.145,1,1
4955,26,5.269834615384616,7.2432,0.549,137.0157,1,1
4956,1,6.99,6.99,6.99,6.99,1,1
4959,4,10.219999999999999,20.5,1.5,40.879999999999995,1,1
4952,8,2.004775,2.77,0.754,16.0382,1,1
4953,17,2.501470529411765,6.8,1.02,42.524999,1,1
4950,13,4.341223076923077,17.0,1.421,56.435900000000004,1,1
4949,7,1.6180428571428571,2.0664,0.8699,11.3263,1,1
4951,40,2.6422385000000004,7.4,0.4504,105.68954000000001,1,1
4946,0,0.0,0.0,0.0,0.0,0,0
4945,0,0.0,0.0,0.0,0.0,0,0
4944,0,0.0,0.0,0.0,0.0,0,0
4948,0,0.0,0.0,0.0,0.0,0,0
4947,0,0.0,0.0,0.0,0.0,0,0
4935,9,2.3967887777777777,8.68,0.8,21.571099,1,1
4937,10,5.87978,15.0,0.75,58.7978,1,1
4941,40,4.277344725,12.12,0.8,171.093789,1,1
4938,10,1.9821989000000002,2.984,0.8,19.821989000000002,1,1
4940,1,1.09,1.09,1.09,1.09,1,1
4943,15,2.377066,4.129,1.18,35.65599,1,1
4942,10,4.3645,7.6,1.0,43.644999999999996,1,1
4939,4,2.395,6.3,0.93,9.58,1,1
4934,5,4.3948,17.1,0.744,21.974,1,1
4936,3,8.256666666666666,18.0,1.87,24.77,1,1
4930,4,16.85,24.0,12.0,67.4,1,1
4932,0,0.0,0.0,0.0,0.0,0,0
4929,3,2.5366666666666666,4.8,0.91,7.61,1,1
4933,0,0.0,0.0,0.0,0.0,0,0
4931,0,0.0,0.0,0.0,0.0,0,0
4928,2,9.899999999999999,15.7,4.1,19.799999999999997,1,1
4924,0,0.0,0.0,0.0,0.0,0,0
4927,1,12.0,12.0,12.0,12.0,1,1
4926,31,4.4653451612903226,24.0,2.4,138.4257,1,1
4925,0,0.0,0.0,0.0,0.0,0,0
4921,2,1.2949950000000001,1.5,1.08999,2.5899900000000002,1,1
4923,6,2.7279323333333334,10.0,0.354,16.367594,1,1
4922,1,1.8,1.8,1.8,1.8,1,1
4916,1,0.9,0.9,0.9,0.9,1,1
4920,13,3.6798230769230766,15.0,1.0,47.8377,1,1
4919,9,3.7932222222222216,22.49,0.93,34.138999999999996,1,1
4918,5,6.266,12.99,1.1,31.33,1,1
4917,36,3.108611111111111,7.899,0.8569,111.91,1,1
4914,10,2.0834107,14.59,0.474,20.834107,1,1
4911,19,6.7020526315789475,13.5,1.04,127.339,1,1
4913,47,3.4467317021276593,5.64,1.02,161.99639,1,1
4915,1,5.768,5.768,5.768,5.768,1,1
4912,8,5.01275625,8.8963,0.6,40.10205,1,1
4908,10,2.69035,9.0,1.2806,26.9035,1,1
4906,4,5.62,8.9,3.22,22.48,1,1
4909,24,5.090583333333334,8.4,3.5,122.174,1,1
4910,1,9.42,9.42,9.42,9.42,1,1
4907,5,9.7476,28.0,3.75,48.738,1,1
4905,5,3.1,5.34,1.57,15.5,1,1
4901,4,4.4525,7.5,1.6,17.81,1,1
4903,6,5.553160000000001,5.76,5.36,33.318960000000004,1,1
4902,2,6.15,6.5,5.8,12.3,1,1
4904,15,3.1959999999999997,3.9,1.0,47.94,1,1
4899,0,0.0,0.0,0.0,0.0,0,0
4900,6,1.9494831666666668,2.5,1.099999,11.696899,1,1
4896,3,5.1066666666666665,7.25,2.69,15.32,1,1
4897,4,5.0,13.0,0.95,20.0,1,1
4898,3,5.18,8.9,1.14,15.54,1,1
4895,13,6.291247692307692,15.25,0.533,81.78622,1,1
4894,5,6.0120000000000005,13.98,1.4,30.060000000000002,1,1
4891,4,16.017422500000002,50.0,4.0,64.06969000000001,1,1
4890,25,3.90419144,6.7999,1.098,97.604786,1,1
4888,11,2.3244454545454545,7.0,1.2,25.5689,1,1
4893,20,5.9772,12.45,1.278,119.544,1,1
4887,0,0.0,0.0,0.0,0.0,0,0
4886,0,0.0,0.0,0.0,0.0,0,0
4885,30,6.104233333333334,11.2,1.25,183.127,1,1
4884,14,5.609399928571428,13.79,1.1588,78.531599,1,1
4892,4,2.49725,8.1081,0.6,9.989,1,1
4889,2,3.04,3.39,2.69,6.08,1,1
4882,1,5.25,5.25,5.25,5.25,1,1
4879,12,4.017979166666667,18.8,0.933,48.21575,1,1
4880,1,2.22,2.22,2.22,2.22,1,1
4881,14,4.051714285714286,12.5,1.35,56.724000000000004,1,1
4883,26,3.752578423076923,6.44,0.96,97.567039,1,1
4876,29,4.27155651724138,7.55,0.95,123.875139,1,1
4877,5,3.5805999999999996,6.58,0.93,17.903,1,1
4875,4,8.58375,16.49,1.2,34.335,1,1
4874,23,2.485994782608696,10.0,0.926,57.17788,1,1
4878,3,2.48,3.2,1.25,7.44,1,1
4871,2,0.5395,0.585,0.494,1.079,1,1
4869,3,0.49300000000000005,0.559,0.42,1.479,1,1
4872,0,0.0,0.0,0.0,0.0,0,0
4873,1,9.99,9.99,9.99,9.99,1,1
4870,4,3.2097,9.99,0.933,12.8388,1,1
4865,0,0.0,0.0,0.0,0.0,0,0
4866,14,5.495727642857142,12.99,1.69,76.940187,1,1
4867,22,2.335759090909091,11.0,0.57,51.3867,1,1
4864,0,0.0,0.0,0.0,0.0,0,0
4868,2,2.885,3.27,2.5,5.77,1,1
4858,14,1.8869285714285715,3.1,1.3,26.417,1,1
4860,2,7.57,12.24,2.9,15.14,1,1
4863,5,6.4878,10.77,1.8,32.439,1,1
4854,5,8.942,12.9,1.11,44.71,1,1
4856,1,1.13,1.13,1.13,1.13,1,1
4859,1,6.5,6.5,6.5,6.5,1,1
4862,1,7.0,7.0,7.0,7.0,1,1
4857,6,7.396666666666667,14.35,1.14,44.38,1,1
4855,19,2.722341684210526,5.6,1.11,51.724492,1,1
4861,10,3.4409599999999996,7.3,1.01,34.4096,1,1
4849,2,5.95,10.71,1.19,11.9,1,1
4851,4,2.25225,4.0,1.069,9.009,1,1
4852,4,4.5575,10.75,1.3,18.23,1,1
4850,49,2.5095938571428573,9.7,1.01,122.970099,1,1
4853,5,7.0798000000000005,23.25,1.3,35.399,1,1
4844,6,7.583333333333333,18.0,1.3,45.5,1,1
4848,5,4.534000000000001,7.88,0.9,22.67,1,1
4847,35,2.8135065714285714,6.45,0.95,98.47273,1,1
4845,3,1.8833333333333335,2.5,1.15,5.65,1,1
4846,3,6.8,14.25,1.15,20.4,1,1
4840,5,7.8420000000000005,16.75,1.5,39.21,1,1
4841,13,2.016775230769231,3.79,0.691,26.218078,1,1
4839,3,3.6441666666666666,4.85,3.0,10.9325,1,1
4843,1,1.18,1.18,1.18,1.18,1,1
4842,3,4.188477333333333,9.876543,1.2999,12.565432,1,1
4834,2,9.975000000000001,11.4,8.55,19.950000000000003,1,1
4836,31,1.431149935483871,2.199,0.96,44.365648,1,1
4837,3,11.533333333333333,12.5,9.8,34.6,1,1
4838,27,3.897588851851852,9.65,1.15,105.234899,1,1
4835,3,7.294999999999999,13.0,0.685,21.884999999999998,1,1
4829,0,0.0,0.0,0.0,0.0,0,0
4833,0,0.0,0.0,0.0,0.0,0,0
4832,0,0.0,0.0,0.0,0.0,0,0
4830,0,0.0,0.0,0.0,0.0,0,0
4831,0,0.0,0.0,0.0,0.0,0,0
4824,6,2.57715,4.0,0.59,15.4629,1,1
4828,1,8.7,8.7,8.7,8.7,1,1
4825,5,5.07244,12.0,0.8,25.3622,1,1
4826,2,7.025,9.85,4.2,14.05,1,1
4827,43,3.0204300465116276,16.8,1.02,129.878492,1,1
4823,7,5.782114285714286,13.5,1.45,40.4748,1,1
4821,5,6.756,15.75,0.84,33.78,1,1
4822,8,4.1658625,6.55,1.3269,33.3269,1,1
4820,6,7.358333333333333,16.0,1.35,44.15,1,1
4819,11,2.913290909090909,7.4,0.98,32.0462,1,1
4814,59,4.191350830508474,18.5,2.14,247.28969899999998,1,1
4818,18,2.9982332777777776,17.5,0.63,53.968199,1,1
4817,0,0.0,0.0,0.0,0.0,0,0
4816,5,2.2048,4.567,0.94,11.024000000000001,1,1
4815,0,0.0,0.0,0.0,0.0,0,0
4810,0,0.0,0.0,0.0,0.0,0,0
4811,29,5.1143086206896555,14.94,1.2,148.31495,1,1
4813,4,6.475,20.0,1.5,25.9,1,1
4809,0,0.0,0.0,0.0,0.0,0,0
4812,0,0.0,0.0,0.0,0.0,0,0
4808,4,4.5497499999999995,12.01,1.2,18.198999999999998,1,1
4806,31,4.166841548387096,14.95,1.3895,129.172088,1,1
4804,2,2.0975,3.0,1.195,4.195,1,1
4807,3,1.105,1.3,0.815,3.315,1,1
4805,3,10.221666666666666,26.0,0.765,30.665,1,1
4803,15,2.9276066666666667,17.5,0.535,43.9141,1,1
4802,9,2.929422222222222,6.6,1.7998,26.3648,1,1
4799,1,1.33,1.33,1.33,1.33,1,1
4800,1,2.0,2.0,2.0,2.0,1,1
4801,6,2.2673831666666664,4.0,0.9853,13.604299,1,1
4797,12,3.2614063333333334,5.5,1.39,39.136876,1,1
4798,1,6.5,6.5,6.5,6.5,1,1
4796,12,4.6049991666666665,7.43,1.45,55.25999,1,1
4791,3,1.3766666666666667,1.99,1.0,4.13,1,1
4793,14,3.0685642857142854,7.04,1.0,42.9599,1,1
4792,18,4.611383333333333,30.0,1.0,83.0049,1,1
4795,6,3.2295000000000003,11.63,1.0,19.377000000000002,1,1
4794,5,4.2506,11.69,0.733,21.253,1,1
4790,5,4.014,7.55,1.23,20.07,1,1
4788,3,4.51,6.8,1.73,13.53,1,1
4777,21,5.131609523809524,12.99,2.2,107.7638,1,1
4775,29,4.512793103448276,16.5,2.71,130.871,1,1
4778,9,8.732000000000001,32.0,2.8,78.58800000000001,1,1
4783,1,2.99,2.99,2.99,2.99,1,1
4787,2,0.755,0.76,0.75,1.51,1,1
4786,12,1.9346541666666666,2.25,1.659,23.21585,1,1
4779,6,6.0708335,15.3,3.19,36.425001,1,1
4781,4,1.887475,2.98,0.98,7.5499,1,1
4785,1,1.05,1.05,1.05,1.05,1,1
4776,2,8.425,13.6,3.25,16.85,1,1
4780,15,4.016059266666667,16.4,1.15,60.240888999999996,1,1
4789,3,3.722996666666667,4.48899,2.22,11.16899,1,1
4784,17,4.693082294117647,16.942,1.148,79.782399,1,1
4782,2,2.4495,3.399,1.5,4.899,1,1
4773,3,1.9166666666666667,2.9,1.3,5.75,1,1
4772,5,1.4698,1.799,1.26,7.349,1,1
4770,2,2.49,3.68,1.3,4.98,1,1
4771,6,3.8831666666666664,8.8,0.799,23.299,1,1
4774,11,4.037782727272727,9.495,1.19,44.41561,1,1
4768,1,9.99,9.99,9.99,9.99,1,1
4766,0,0.0,0.0,0.0,0.0,0,0
4765,51,3.232482450980392,16.0,0.72,164.856605,1,1
4769,2,5.444999999999999,9.69,1.2,10.889999999999999,1,1
4767,0,0.0,0.0,0.0,0.0,0,0
4762,0,0.0,0.0,0.0,0.0,0,0
4761,23,6.209215217391304,23.0,2.28,142.81195,1,1
4764,1,2.22,2.22,2.22,2.22,1,1
4760,6,7.43185,17.15,4.1911,44.5911,1,1
4763,21,2.6742333333333335,8.6942,1.299,56.1589,1,1
4759,8,1.9737500000000001,2.85,0.93,15.790000000000001,1,1
4756,1,5.49,5.49,5.49,5.49,1,1
4755,9,1.713321111111111,1.81989,1.43,15.41989,1,1
4754,3,3.043366666666667,3.44,2.4201,9.1301,1,1
4758,19,7.057402631578948,20.15,0.61,134.09065,1,1
4757,0,0.0,0.0,0.0,0.0,0,0
4750,7,7.668571428571428,18.2,0.9,53.68,1,1
4752,57,3.226123140350877,6.59,0.36451,183.889019,1,1
4753,2,25.625,45.0,6.25,51.25,1,1
4749,16,1.4309375,3.899,0.474,22.895,1,1
4751,15,3.1398442666666666,15.0,0.471,47.097664,1,1
4745,3,0.8826666666666666,0.95,0.76,2.6479999999999997,1,1
4746,15,0.9527990000000001,1.1,0.761,14.291985,1,1
4747,2,2.575,2.9,2.25,5.15,1,1
4748,50,3.7311771800000004,21.5,0.91967,186.558859,1,1
4744,1,0.93,0.93,0.93,0.93,1,1
4740,21,3.8374710952380955,4.48,1.18,80.586893,1,1
4742,8,2.5245375,3.5,2.05,20.1963,1,1
4739,0,0.0,0.0,0.0,0.0,0,0
4741,0,0.0,0.0,0.0,0.0,0,0
4743,5,5.30619,13.8,1.9851,26.53095,1,1
4737,5,4.42,9.5,1.15,22.1,1,1
4734,39,4.692253846153846,13.2,1.39,182.9979,1,1
4736,8,9.5536875,22.89,1.0,76.4295,1,1
4738,3,4.7,9.0,2.3,14.1,1,1
4735,12,1.9165666666666665,6.26,0.73,22.9988,1,1
4733,4,1.315,2.42,0.93,5.26,1,1
4732,6,5.998333333333334,20.0,1.4,35.99,1,1
4730,46,4.039012086956522,6.59,1.015,185.794556,1,1
4729,11,5.8945454545454545,16.0,2.2,64.84,1,1
4731,2,7.159999999999999,13.37,0.95,14.319999999999999,1,1
4727,0,0.0,0.0,0.0,0.0,0,0
4725,0,0.0,0.0,0.0,0.0,0,0
4724,0,0.0,0.0,0.0,0.0,0,0
4728,0,0.0,0.0,0.0,0.0,0,0
4726,0,0.0,0.0,0.0,0.0,0,0
4723,9,1.6493222222222221,2.75,0.737,14.8439,1,1
4720,2,1.26,1.35,1.17,2.52,1,1
4722,4,1.8675000000000002,2.99,1.42,7.470000000000001,1,1
4721,3,2.17,2.99,1.17,6.51,1,1
4719,4,1.27725,1.799,0.831,5.109,1,1
4717,1,7.7,7.7,7.7,7.7,1,1
4714,47,4.271231382978724,16.0,0.775,200.747875,1,1
4711,58,2.737440672413793,5.73,0.57,158.771559,1,1
4718,41,2.691730268292683,18.99,0.442,110.360941,1,1
4716,2,7.725,14.5,0.95,15.45,1,1
4715,33,5.312542424242424,13.5,0.77,175.3139,1,1
4713,1,1.15,1.15,1.15,1.15,1,1
4712,12,1.35074,4.1,0.947,16.20888,1,1
4709,5,6.1558,21.5,0.8,30.779,1,1
4710,2,1.48,1.5,1.46,2.96,1,1
4704,5,2.0514,2.26,1.769,10.257,1,1
4708,2,16.185,26.88,5.49,32.37,1,1
4703,5,2.115498,2.56,1.5075,10.577490000000001,1,1
4702,4,1.8975,2.49,1.31,7.59,1,1
4701,0,0.0,0.0,0.0,0.0,0,0
4700,0,0.0,0.0,0.0,0.0,0,0
4706,9,3.340222222222222,11.5,0.98,30.062,1,1
4705,1,2.5,2.5,2.5,2.5,1,1
4707,70,2.7961639714285718,15.0,0.877999,195.731478,1,1
4699,0,0.0,0.0,0.0,0.0,0,0
4696,18,6.345555444444445,7.63,1.999998,114.219998,1,1
4697,6,6.526666666666666,13.0,0.91,39.16,1,1
4698,26,2.685773076923077,7.6382,1.0,69.8301,1,1
4694,67,4.202346104477612,7.59,0.51,281.557189,1,1
4692,0,0.0,0.0,0.0,0.0,0,0
4695,0,0.0,0.0,0.0,0.0,0,0
4691,20,3.44935,10.0,1.489,68.987,1,1
4693,6,11.4345,14.0,9.1,68.607,1,1
4687,3,3.0700000000000003,5.0,1.91,9.21,1,1
4688,8,9.036249999999999,27.5,1.0,72.28999999999999,1,1
4690,2,3.8,4.1,3.5,7.6,1,1
4686,24,1.5123708333333334,3.55,0.41,36.2969,1,1
4689,1,3.5,3.5,3.5,3.5,1,1
4669,9,4.445555555555555,7.84,1.16,40.01,1,1
4679,5,1.2508046,3.18,0.637026,6.254023,1,1
4681,3,0.7883333333333334,1.5,0.416,2.365,1,1
4672,14,2.8092142142857144,3.854,1.06,39.328999,1,1
4680,1,0.98,0.98,0.98,0.98,1,1
4670,9,1.735960111111111,10.5,0.393041,15.623641,1,1
4684,13,0.6456740769230769,0.799,0.444,8.393763,1,1
4682,20,2.8405086,4.889903,0.92,56.810172,1,1
4671,0,0.0,0.0,0.0,0.0,0,0
4685,1,3.5,3.5,3.5,3.5,1,1
4675,5,2.1597999999999997,4.2,1.2,10.799,1,1
4677,2,2.025,3.0,1.05,4.05,1,1
4674,10,5.8116105,17.0,1.34,58.116105,1,1
4678,2,1.4945,1.95,1.039,2.989,1,1
4673,11,2.745054545454545,4.8,1.1,30.1956,1,1
4683,4,1.84499725,2.85,1.019989,7.379989,1,1
4676,21,4.118757142857143,14.35,0.989,86.4939,1,1
4668,1,20.0,20.0,20.0,20.0,1,1
4664,3,10.14,27.0,1.5,30.42,1,1
4667,4,14.094999999999999,24.88,4.5,56.379999999999995,1,1
4666,1,16.0,16.0,16.0,16.0,1,1
4665,1,17.01,17.01,17.01,17.01,1,1
4657,1,1.2,1.2,1.2,1.2,1,1
4663,5,4.2598,4.95,2.65,21.299,1,1
4654,12,2.325483333333333,6.4,0.96,27.9058,1,1
4659,1,3.0,3.0,3.0,3.0,1,1
4655,2,36.0345,42.069,30.0,72.069,1,1
4660,1,2.35,2.35,2.35,2.35,1,1
4656,10,3.488899,7.869,2.29,34.88899,1,1
4661,1,1.2,1.2,1.2,1.2,1,1
4662,8,5.216300875,8.2,2.22,41.730407,1,1
4658,22,2.255317727272727,3.12,1.99,49.61699,1,1
4653,0,0.0,0.0,0.0,0.0,0,0
4652,0,0.0,0.0,0.0,0.0,0,0
4650,0,0.0,0.0,0.0,0.0,0,0
4649,0,0.0,0.0,0.0,0.0,0,0
4651,0,0.0,0.0,0.0,0.0,0,0
4643,3,3.9796666666666667,9.35,0.779,11.939,1,1
4638,4,18.1875,31.0,4.75,72.75,1,1
4640,7,4.375569857142858,11.0,0.789,30.628989,1,1
4642,6,6.413033333333334,21.42,0.3692,38.4782,1,1
4634,3,2.6126666666666667,4.5,1.54,7.838,1,1
4647,6,1.8871745000000002,3.49,0.789,11.323047,1,1
4635,5,4.4677999999999995,7.5,0.819,22.339,1,1
4637,3,1.1983333333333333,1.7,0.825,3.5949999999999998,1,1
4641,1,0.95,0.95,0.95,0.95,1,1
4644,4,5.9596,9.4,1.7884,23.8384,1,1
4645,1,0.85,0.85,0.85,0.85,1,1
4639,7,0.8169571428571428,0.945,0.72,5.7187,1,1
4636,3,4.495,9.5,1.035,13.485,1,1
4648,5,1.5318,2.35,0.779,7.659,1,1
4646,5,3.80024,15.25,0.8222,19.0012,1,1
4630,7,2.3717854285714286,3.65,1.3317,16.602498,1,1
4633,0,0.0,0.0,0.0,0.0,0,0
4632,3,8.653,13.33,0.829,25.959000000000003,1,1
4629,1,1.1,1.1,1.1,1.1,1,1
4631,36,4.724627777777778,11.0,0.91,170.0866,1,1
4626,13,6.573653846153846,19.0,1.15,85.4575,1,1
4625,1,5.29,5.29,5.29,5.29,1,1
4624,1,0.98,0.98,0.98,0.98,1,1
4627,6,3.469333333333333,5.4,0.362,20.816,1,1
4621,3,2.1199999999999997,3.98,0.98,6.359999999999999,1,1
4620,3,10.083333333333334,16.5,1.25,30.25,1,1
4623,2,1.25,1.35,1.15,2.5,1,1
4622,27,4.50792962962963,9.21,0.96,121.7141,1,1
4619,13,6.5247569230769225,10.2,1.16,84.82184,1,1
4628,24,2.8104749583333333,11.0,0.949,67.451399,1,1
4617,8,0.7956,0.9349,0.6949,6.3648,1,1
4615,5,0.958958,0.9789,0.92,4.79479,1,1
4618,0,0.0,0.0,0.0,0.0,0,0
4616,5,2.539,3.44,2.175,12.695,1,1
4614,2,2.23635,2.2927,2.18,4.4727,1,1
4609,3,1.74,2.65,1.28,5.22,1,1
4613,14,4.546985714285714,6.11,1.5,63.6578,1,1
4611,2,3.08,4.86,1.3,6.16,1,1
4612,32,2.9940999375,8.25,0.981,95.811198,1,1
4610,2,9.645000000000001,16.69,2.6,19.290000000000003,1,1
4604,4,4.8525,13.8,0.8,19.41,1,1
4606,5,1.024,1.23,0.85,5.12,1,1
4608,3,1.4243333333333332,1.988,0.785,4.273,1,1
4607,9,4.246566666666666,6.41,1.14,38.2191,1,1
4605,9,3.7820665555555553,13.888,1.25,34.038599,1,1
4602,2,2.96,3.65,2.27,5.92,1,1
4598,1,15.0,15.0,15.0,15.0,1,1
4597,9,3.795211111111111,8.49,0.9869,34.1569,1,1
4601,1,4.2069,4.2069,4.2069,4.2069,1,1
4599,14,3.209,5.0,2.1,44.926,1,1
4603,1,2.5,2.5,2.5,2.5,1,1
4600,5,6.843999999999999,13.98,1.06,34.22,1,1
4594,4,2.5575,7.1,0.93,10.23,1,1
4593,10,4.2391901,12.5,1.0,42.391901,1,1
4595,4,5.24475,17.0,1.2,20.979,1,1
4592,32,5.01468434375,16.0,1.2,160.469899,1,1
4596,3,9.216666666666667,13.9,1.2,27.65,1,1
4589,16,2.5931238125,10.85,1.0,41.489981,1,1
4591,13,2.865576923076923,11.0,1.2,37.2525,1,1
4590,5,7.94204,15.48,1.2,39.7102,1,1
4587,12,5.065708333333333,13.5,1.09,60.7885,1,1
4588,2,11.1,12.5,9.7,22.2,1,1
4586,2,7.595,14.0,1.19,15.19,1,1
4584,15,3.5966666666666662,14.2,1.19,53.949999999999996,1,1
4585,3,8.43,13.5,1.19,25.29,1,1
4582,3,5.38005,8.5,3.69015,16.14015,1,1
4579,3,5.079666666666666,12.69,1.049,15.238999999999999,1,1
4580,2,15.495,24.99,6.0,30.99,1,1
4583,0,0.0,0.0,0.0,0.0,0,0
4581,2,1.25,1.5,1.0,2.5,1,1
4571,15,4.1789326,22.0,0.732,62.683989000000004,1,1
4575,0,0.0,0.0,0.0,0.0,0,0
4568,0,0.0,0.0,0.0,0.0,0,0
4573,8,4.4707,16.0,1.948,35.7656,1,1
4576,7,1.920799857142857,2.73,0.9886,13.445599,1,1
4574,26,2.808930692307692,11.5,1.23,73.032198,1,1
4565,0,0.0,0.0,0.0,0.0,0,0
4570,3,2.4833333333333334,3.72,1.2,7.45,1,1
4577,0,0.0,0.0,0.0,0.0,0,0
4564,0,0.0,0.0,0.0,0.0,0,0
4566,0,0.0,0.0,0.0,0.0,0,0
4578,0,0.0,0.0,0.0,0.0,0,0
4569,5,4.64948,5.49,3.3474,23.2474,1,1
4572,2,1.2445,1.4,1.089,2.489,1,1
4567,0,0.0,0.0,0.0,0.0,0,0
4560,11,2.478088090909091,11.9,0.56,27.258969,1,1
4563,3,1.2356333333333334,1.65,0.95,3.7069,1,1
4562,7,1.8607824285714287,2.47,0.81,13.025477,1,1
4561,2,0.9950000000000001,1.1,0.89,1.9900000000000002,1,1
4559,7,3.9937,15.4,0.9,27.9559,1,1
4558,9,4.883555555555556,16.75,1.2,43.952,1,1
4557,9,2.604,10.5,1.09,23.436,1,1
4556,4,2.83705,7.4,1.2,11.3482,1,1
4555,3,2.53,3.5,1.1,7.59,1,1
4554,3,6.31,12.0,3.0,18.93,1,1
4550,2,1.6,1.9,1.3,3.2,1,1
4548,0,0.0,0.0,0.0,0.0,0,0
4545,0,0.0,0.0,0.0,0.0,0,0
4551,7,3.817214285714286,8.8,1.3,26.7205,1,1
4553,35,4.5586400000000005,6.59,2.18,159.5524,1,1
4549,0,0.0,0.0,0.0,0.0,0,0
4546,0,0.0,0.0,0.0,0.0,0,0
4552,4,2.8850000000000002,3.68,1.28,11.540000000000001,1,1
4544,0,0.0,0.0,0.0,0.0,0,0
4547,0,0.0,0.0,0.0,0.0,0,0
4543,53,3.9547099245283017,13.777,0.44,209.599626,1,1
4540,5,6.007,14.69,0.845,30.035,1,1
4542,1,0.8,0.8,0.8,0.8,1,1
4541,42,4.3110792857142854,12.2,0.87,181.06533,1,1
4539,4,1.4825,1.8,1.14,5.93,1,1
4537,7,7.180371428571428,20.2,1.25,50.2626,1,1
4536,7,4.0289,8.91,2.1485,28.2023,1,1
4534,1,25.0,25.0,25.0,25.0,1,1
4535,2,8.645,15.8,1.49,17.29,1,1
4538,50,5.541016,21.74,2.01,277.0508,1,1
4532,0,0.0,0.0,0.0,0.0,0,0
4533,0,0.0,0.0,0.0,0.0,0,0
4529,1,1.1,1.1,1.1,1.1,1,1
4531,0,0.0,0.0,0.0,0.0,0,0
4530,0,0.0,0.0,0.0,0.0,0,0
4527,1,1.15,1.15,1.15,1.15,1,1
4528,4,5.56475,11.99,1.299,22.259,1,1
4526,3,10.833333333333334,19.0,3.5,32.5,1,1
4521,8,2.289747375,3.265,0.8,18.317979,1,1
4524,2,5.8201,8.0402,3.6,11.6402,1,1
4522,3,0.7755996666666666,1.5,0.407,2.326799,1,1
4519,5,2.6531,3.8,2.21,13.2655,1,1
4518,8,6.32375,14.95,1.22,50.59,1,1
4525,1,16.942,16.942,16.942,16.942,1,1
4523,5,1.6132000000000002,2.66,0.81,8.066,1,1
4520,2,1.775,1.99,1.56,3.55,1,1
4516,1,4.99,4.99,4.99,4.99,1,1
4514,7,2.587857142857143,5.69,1.0,18.115000000000002,1,1
4515,4,2.31,4.2,1.39,9.24,1,1
4517,19,3.9423094736842104,16.25,0.9651,74.90388,1,1
4513,3,1.2283333333333333,1.5,0.935,3.685,1,1
4512,2,1.9,3.0,0.8,3.8,1,1
4509,3,3.4299999999999997,4.99,2.5,10.29,1,1
4511,6,4.1866666666666665,13.71,0.769,25.12,1,1
4510,5,1.0816599999999998,1.3563,0.82,5.4083,1,1
4504,17,1.136555294117647,3.0,0.741,19.32144,1,1
4505,5,0.7605999999999999,1.5,0.469,3.803,1,1
4507,2,5.10735,7.3001,2.9146,10.2147,1,1
4503,4,5.4325,15.0,1.31,21.73,1,1
4502,7,5.852864285714285,8.0302,2.0,40.97005,1,1
4506,5,9.8868,22.0,1.234,49.434,1,1
4508,4,11.5625,18.0,1.25,46.25,1,1
4501,3,5.8,8.7,0.9,17.4,1,1
4496,29,1.6864306206896553,17.0,0.44,48.906488,1,1
4497,5,4.9468000000000005,13.85,0.514,24.734,1,1
4500,6,3.257115,8.0,1.99,19.54269,1,1
4498,4,6.1880749999999995,15.0,3.1623,24.752299999999998,1,1
4499,4,14.924999999999999,28.4,1.6,59.699999999999996,1,1
4492,1,16.9,16.9,16.9,16.9,1,1
4491,1,23.0,23.0,23.0,23.0,1,1
4495,6,8.041500000000001,15.489,0.87,48.249,1,1
4493,1,0.94,0.94,0.94,0.94,1,1
4494,1,11.9,11.9,11.9,11.9,1,1
4489,1,41.0,41.0,41.0,41.0,1,1
4487,12,3.6948333333333334,5.16,0.949,44.338,1,1
4486,3,7.8,15.0,1.5,23.4,1,1
4488,0,0.0,0.0,0.0,0.0,0,0
4490,2,9.49,10.1,8.88,18.98,1,1
4484,2,1.88775,2.42,1.3555,3.7755,1,1
4481,3,3.5599000000000003,5.5,1.1897,10.6797,1,1
4483,6,1.2247466666666667,3.05,0.612,7.3484799999999995,1,1
4485,5,15.96926,50.0,1.1075,79.8463,1,1
4482,33,3.267148696969697,15.0,1.04,107.815907,1,1
4478,9,0.5440888888888888,0.62,0.49,4.8968,1,1
4476,29,4.200686172413793,6.12,1.1,121.81989899999999,1,1
4477,1,1.87,1.87,1.87,1.87,1,1
4479,3,2.557166666666667,4.45,1.5725,7.6715,1,1
4480,9,5.223333333333333,11.2,1.2,47.01,1,1
4473,15,3.20912,4.14,0.99,48.1368,1,1
4471,6,0.972165,1.89,0.466,5.83299,1,1
4475,20,1.1101100000000002,2.74,0.47,22.2022,1,1
4474,17,2.1642234117647057,3.19,0.448,36.791798,1,1
4472,4,2.6,4.0,1.25,10.4,1,1
4468,0,0.0,0.0,0.0,0.0,0,0
4470,1,1.5,1.5,1.5,1.5,1,1
4469,41,1.7083045121951221,2.96,0.6,70.040485,1,1
4467,2,1.5845,1.969,1.2,3.169,1,1
4466,18,1.854897277777778,4.0,1.389,33.388151,1,1
4462,22,2.050377272727273,7.11,0.7,45.1083,1,1
4464,9,1.9643333333333333,2.99,0.9,17.679,1,1
4461,3,1.1066666666666667,1.33,0.92,3.3200000000000003,1,1
4463,36,3.987302777777778,17.0,1.16,143.5429,1,1
4465,11,2.7192736363636363,5.6,1.31,29.91201,1,1
4460,20,1.5890644999999999,3.2879,0.55,31.78129,1,1
4456,9,9.26011111111111,20.49,0.89,83.341,1,1
4458,3,5.1433333333333335,13.13,0.9,15.43,1,1
4457,2,1.04,1.28,0.8,2.08,1,1
4459,4,6.3435,9.0,0.974,25.374,1,1
4455,10,2.2877104,8.15,0.48,22.877104,1,1
4451,9,4.474518,18.0,0.838,40.270662,1,1
4452,2,2.5300000000000002,2.65,2.41,5.0600000000000005,1,1
4454,5,1.6642664,4.25,0.429332,8.321332,1,1
4453,2,3.12,3.55,2.69,6.24,1,1
4449,5,3.2199800000000005,11.49,0.9299,16.0999,1,1
4447,2,8.18,11.67,4.69,16.36,1,1
4446,7,9.101285714285714,25.5,1.33,63.709,1,1
4450,30,3.127992633333333,14.0,0.94,93.839779,1,1
4448,2,8.72,16.5,0.94,17.44,1,1
4444,10,1.97796,2.5,1.09,19.7796,1,1
4442,5,3.1399999999999997,4.0,2.31,15.7,1,1
4443,1,2.9,2.9,2.9,2.9,1,1
4445,2,5.2438,9.5,0.9876,10.4876,1,1
4441,1,1.95,1.95,1.95,1.95,1,1
4435,1,1.21,1.21,1.21,1.21,1,1
4438,2,2.395,3.0,1.79,4.79,1,1
4436,1,3.0,3.0,3.0,3.0,1,1
4439,5,6.298,25.69,1.2,31.490000000000002,1,1
4440,1,1.289,1.289,1.289,1.289,1,1
4437,4,2.364999,3.389996,1.1,9.459996,1,1
4432,9,7.414444444444445,16.5,0.9,66.73,1,1
4430,10,9.67979,21.9,1.1,96.7979,1,1
4425,1,1.36,1.36,1.36,1.36,1,1
4429,0,0.0,0.0,0.0,0.0,0,0
4431,3,1.7966666666666666,2.4,0.84,5.39,1,1
4428,0,0.0,0.0,0.0,0.0,0,0
4434,3,3.529666666666667,8.4,0.89,10.589,1,1
4427,64,2.0448348125,6.22,0.37799,130.869428,1,1
4426,0,0.0,0.0,0.0,0.0,0,0
4433,2,2.15,3.1,1.2,4.3,1,1
4423,6,5.594833333333334,9.65,1.25,33.569,1,1
4424,1,1.2,1.2,1.2,1.2,1,1
4422,2,1.5495,1.849,1.25,3.099,1,1
4420,10,4.3059899999999995,10.0,0.95,43.0599,1,1
4419,14,1.416355,6.103,0.8,19.82897,1,1
4417,5,12.58,16.69,3.6,62.9,1,1
4418,4,8.26,12.45,5.5,33.04,1,1
4421,14,3.621635714285714,10.0,1.2,50.7029,1,1
4413,7,11.718907142857145,17.5,6.3,82.03235000000001,1,1
4414,44,4.189133840909091,6.63,0.94,184.321889,1,1
4415,19,1.792025947368421,14.498,0.745,34.048493,1,1
4412,9,5.653011111111111,19.9875,1.0,50.8771,1,1
4416,3,3.9,8.4,0.9,11.7,1,1
4411,1,1.475,1.475,1.475,1.475,1,1
4410,1,6.79,6.79,6.79,6.79,1,1
4405,8,2.2463189999999997,2.9492,1.149922,17.970551999999998,1,1
4409,8,6.19020325,14.4,1.113726,49.521626,1,1
4407,61,2.540211475409836,5.65,1.16,154.9529,1,1
4406,7,7.017857142857143,11.0,4.0,49.125,1,1
4408,4,3.785,6.0,1.6,15.14,1,1
4404,3,5.823333333333333,15.0,1.22,17.47,1,1
4401,6,9.831316666666668,16.21,1.398,58.9879,1,1
4402,3,5.428333333333334,8.0,1.395,16.285,1,1
4400,4,4.3575,9.75,1.31,17.43,1,1
4403,11,2.6126051818181817,6.95,0.969,28.738657,1,1
4399,0,0.0,0.0,0.0,0.0,0,0
4397,0,0.0,0.0,0.0,0.0,0,0
4398,16,8.4943275,23.8,1.01,135.90924,1,1
4396,0,0.0,0.0,0.0,0.0,0,0
4395,0,0.0,0.0,0.0,0.0,0,0
4393,3,8.23,21.5,1.5,24.69,1,1
4392,10,6.39039,15.2,1.22,63.9039,1,1
4394,17,3.231735294117647,17.65,0.362,54.9395,1,1
4391,0,0.0,0.0,0.0,0.0,0,0
4389,0,0.0,0.0,0.0,0.0,0,0
4390,0,0.0,0.0,0.0,0.0,0,0
4385,2,1.605,2.0,1.21,3.21,1,1
4386,6,3.77765,8.0,1.21,22.6659,1,1
4384,40,2.2423824750000003,14.28,0.481,89.695299,1,1
4387,6,7.0049833333333344,18.0,1.2,42.029900000000005,1,1
4388,6,6.019833333333334,23.75,1.069,36.119,1,1
4378,30,3.2374495666666667,14.5,0.74,97.123487,1,1
4379,0,0.0,0.0,0.0,0.0,0,0
4380,1,15.2,15.2,15.2,15.2,1,1
4381,6,6.8261666666666665,17.2,1.61,40.957,1,1
4383,4,3.8825000000000003,6.44,1.19,15.530000000000001,1,1
4377,0,0.0,0.0,0.0,0.0,0,0
4382,12,2.692308333333333,4.0,1.22,32.3077,1,1
4374,3,7.526633333333333,19.88,1.1999,22.5799,1,1
4373,38,3.4252342105263156,15.8,0.974,130.1589,1,1
4375,3,6.176633333333332,14.0,1.1999,18.529899999999998,1,1
4376,3,31.296633333333332,50.69,1.1999,93.8899,1,1
4372,2,2.635,4.169,1.101,5.27,1,1
4364,44,4.342958977272727,17.49,0.981519,191.090195,1,1
4366,18,2.5522444444444443,3.92,0.989,45.9404,1,1
4363,1,2.0,2.0,2.0,2.0,1,1
4365,8,1.25374875,2.95,0.849,10.02999,1,1
4368,6,4.183816666666667,12.8,1.5,25.1029,1,1
4371,7,5.377728571428571,7.54,2.1,37.6441,1,1
4369,9,2.1453353333333336,7.53,1.207998,19.308018,1,1
4367,2,5.275,9.3,1.25,10.55,1,1
4370,9,5.268888888888889,14.0,1.5,47.42,1,1
4362,4,5.1625,12.0,0.1,20.65,1,1
4358,39,4.221512307692308,8.3,1.1268,164.63898,1,1
4357,8,4.9531336249999995,12.69,1.414999,39.625068999999996,1,1
4361,0,0.0,0.0,0.0,0.0,0,0
4360,64,1.92601046875,12.49,1.16,123.26467,1,1
4359,25,3.3334633200000003,11.5,0.73,83.336583,1,1
4356,11,5.406363636363636,7.87,1.0,59.47,1,1
4355,39,4.048409153846154,14.59,1.2,157.887957,1,1
4353,11,5.368881818181818,13.88,1.59,59.057700000000004,1,1
4351,5,1.9164999999999999,3.925,1.23,9.5825,1,1
4354,5,2.8494,8.4,1.31,14.247,1,1
4350,2,10.67,14.44,6.9,21.34,1,1
4352,5,10.143139999999999,22.0,1.45,50.7157,1,1
4347,23,2.4992941739130434,5.19,0.733,57.483766,1,1
4344,11,3.972727272727273,11.0,1.16,43.7,1,1
4348,4,3.15,5.15,1.42,12.6,1,1
4349,4,2.99475,5.22,1.029,11.979,1,1
4346,7,2.8515857142857146,5.9,1.33,19.961100000000002,1,1
4345,2,13.55275,16.3055,10.8,27.1055,1,1
4343,20,4.360113,22.99,1.3,87.20226,1,1
4339,0,0.0,0.0,0.0,0.0,0,0
4341,0,0.0,0.0,0.0,0.0,0,0
4342,37,4.514710243243243,17.49,0.51,167.044279,1,1
4340,6,3.795833333333333,11.0,1.15,22.775,1,1
4337,10,5.3826875,8.45,1.2,53.826875,1,1
4335,8,4.01145,4.5,2.7136,32.0916,1,1
4338,2,3.7523,3.987,3.5176,7.5046,1,1
4336,3,10.333333333333334,12.0,7.0,31.0,1,1
4334,2,15.84,17.99,13.69,31.68,1,1
4327,1,3.79,3.79,3.79,3.79,1,1
4332,14,4.037814285714286,5.63,1.0,56.5294,1,1
4326,15,2.8072066666666666,11.7,0.86,42.1081,1,1
4330,2,5.145,5.29,5.0,10.29,1,1
4328,1,2.69,2.69,2.69,2.69,1,1
4329,7,2.379702571428571,11.0,0.856,16.657918,1,1
4324,14,2.7905214285714286,5.83,0.93,39.0673,1,1
4331,12,2.2350665833333334,11.25,0.89,26.820799,1,1
4333,9,4.157666666666667,16.25,1.48,37.419,1,1
4325,5,4.2926642,15.0,0.85,21.463321,1,1
4323,2,2.165,3.13,1.2,4.33,1,1
4321,1,9.0,9.0,9.0,9.0,1,1
4320,14,5.553623571428572,12.4,1.0,77.75073,1,1
4319,34,2.5316249705882354,3.83,0.78,86.075249,1,1
4322,7,5.734985714285714,16.88,1.5,40.1449,1,1
4318,4,5.4225,9.49,1.2,21.69,1,1
4314,18,1.5591782777777778,13.35,0.4288,28.065209,1,1
4316,9,5.8048222222222225,17.5,1.11,52.2434,1,1
4315,9,1.722761111111111,2.65,0.95,15.50485,1,1
4317,47,4.504209787234043,11.9,1.15,211.69786,1,1
4310,5,4.582,12.5,1.33,22.91,1,1
4312,1,1.69,1.69,1.69,1.69,1,1
4311,7,2.2255714285714285,3.109,1.38,15.579,1,1
4309,14,4.551285714285714,14.0,1.21,63.718,1,1
4313,2,33.0,51.0,15.0,66.0,1,1
4306,2,3.625,6.2,1.05,7.25,1,1
4305,15,1.9083333333333334,2.19,1.32,28.625,1,1
4301,3,4.36,5.0,3.68,13.08,1,1
4303,52,4.412040384615384,7.68,1.269,229.4261,1,1
4307,14,4.627071428571428,14.99,0.93,64.779,1,1
4299,4,3.1224225,5.25,1.42069,12.48969,1,1
4304,5,13.782,24.0,1.22,68.91,1,1
4302,3,4.983333333333333,8.0,1.45,14.95,1,1
4300,5,5.05946,8.88,2.37,25.2973,1,1
4308,8,5.5118625,19.0,0.52,44.0949,1,1
4298,4,1.33975,1.849,1.0,5.359,1,1
4295,3,5.316666666666667,8.8,1.15,15.950000000000001,1,1
4296,15,1.0655866666666667,1.838,0.72,15.9838,1,1
4297,3,9.896666666666667,16.69,3.0,29.69,1,1
4291,17,2.787058823529412,14.0,1.5,47.38,1,1
4292,4,3.96,5.39,1.45,15.84,1,1
4290,1,1.48,1.48,1.48,1.48,1,1
4293,0,0.0,0.0,0.0,0.0,0,0
4294,11,6.735918181818182,14.47,1.39,74.0951,1,1
4287,0,0.0,0.0,0.0,0.0,0,0
4288,1,2.2,2.2,2.2,2.2,1,1
4289,12,1.5392965833333332,3.55,0.711,18.471559,1,1
4285,2,1.2845,1.3,1.269,2.569,1,1
4286,0,0.0,0.0,0.0,0.0,0,0
4284,4,4.5775,14.0,1.18,18.31,1,1
4283,5,1.49,3.15,1.0,7.45,1,1
4282,7,4.718780000000001,14.0,1.04246,33.03146,1,1
4281,9,4.71,10.9,1.3,42.39,1,1
4280,1,1.1,1.1,1.1,1.1,1,1
4276,2,4.949999999999999,6.1,3.8,9.899999999999999,1,1
4275,2,5.8500000000000005,8.3,3.4,11.700000000000001,1,1
4277,8,2.481875,5.7,1.09,19.855,1,1
4279,4,9.26475,13.0,1.599,37.059,1,1
4278,1,2.5,2.5,2.5,2.5,1,1
4272,1,3.9888,3.9888,3.9888,3.9888,1,1
4274,2,8.24,15.09,1.39,16.48,1,1
4270,19,3.6152789473684206,10.0,1.15,68.6903,1,1
4273,3,8.83,15.0,2.25,26.490000000000002,1,1
4271,2,5.75,7.5,4.0,11.5,1,1
4267,1,1.16,1.16,1.16,1.16,1,1
4266,0,0.0,0.0,0.0,0.0,0,0
4265,1,1.2,1.2,1.2,1.2,1,1
4269,0,0.0,0.0,0.0,0.0,0,0
4268,0,0.0,0.0,0.0,0.0,0,0
4259,46,2.4741373043478263,8.0402,0.41277,113.810316,1,1
4255,2,3.025,4.0,2.05,6.05,1,1
4260,2,10.995000000000001,19.0,2.99,21.990000000000002,1,1
4262,0,0.0,0.0,0.0,0.0,0,0
4263,4,0.79095,0.849,0.75,3.1638,1,1
4256,3,9.972299999999999,18.98,1.24,29.9169,1,1
4257,1,0.9495,0.9495,0.9495,0.9495,1,1
4264,12,4.026233333333333,11.65,1.63,48.3148,1,1
4261,4,5.5625,7.3,2.89,22.25,1,1
4258,2,4.470000000000001,4.79,4.15,8.940000000000001,1,1
4252,3,6.48,11.99,3.45,19.44,1,1
4250,1,4.0,4.0,4.0,4.0,1,1
4251,5,4.627280000000001,15.4,1.4664,23.136400000000002,1,1
4254,3,3.709,3.99,3.25,11.127,1,1
4253,10,6.508,7.19,4.0,65.08,1,1
4246,0,0.0,0.0,0.0,0.0,0,0
4248,2,1.6,1.75,1.45,3.2,1,1
4245,30,2.913075,5.61,1.036,87.39225,1,1
4247,19,5.077421052631579,15.9,1.39,96.471,1,1
4249,2,10.6005,11.1,10.101,21.201,1,1
4244,2,1.15,1.3,1.0,2.3,1,1
4242,0,0.0,0.0,0.0,0.0,0,0
4239,0,0.0,0.0,0.0,0.0,0,0
4240,0,0.0,0.0,0.0,0.0,0,0
4238,0,0.0,0.0,0.0,0.0,0,0
4243,5,7.77398,14.0,0.94,38.8699,1,1
4241,0,0.0,0.0,0.0,0.0,0,0
4237,15,3.0290434,7.48,1.2,45.435651,1,1
4232,2,1.8693499999999998,2.0,1.7387,3.7386999999999997,1,1
4233,5,5.68716,9.85,1.1,28.4358,1,1
4235,1,2.98,2.98,2.98,2.98,1,1
4236,2,1.7885,2.077,1.5,3.577,1,1
4234,24,3.6320833333333336,6.3,1.4,87.17,1,1
4230,9,4.199355555555556,9.99,1.2,37.794200000000004,1,1
4231,3,1.5946666666666667,2.15,1.2,4.784,1,1
4227,87,3.3029843218390806,7.2,0.76,287.359636,1,1
4222,2,1.23,1.66,0.8,2.46,1,1
4224,2,17.244999999999997,17.5,16.99,34.489999999999995,1,1
4228,4,8.36,12.9,1.0,33.44,1,1
4221,18,3.116427777777778,6.01,0.46,56.0957,1,1
4226,10,4.0363,19.0,0.615,40.363,1,1
4225,15,3.7177930666666663,17.5,1.4,55.766895999999996,1,1
4229,7,9.26,16.84,1.1,64.82,1,1
4223,52,2.3496255,6.49,0.931,122.180526,1,1
4220,0,0.0,0.0,0.0,0.0,0,0
4219,2,32.0,55.0,9.0,64.0,1,1
4217,2,3.0949999999999998,5.0,1.19,6.1899999999999995,1,1
4218,38,3.978878078947369,6.41,2.14,151.197367,1,1
4216,3,5.763333333333333,12.0,1.29,17.29,1,1
4215,4,0.91025,1.299,0.362,3.641,1,1
4212,8,1.9341373750000002,4.99,0.11,15.473099000000001,1,1
4213,3,1.8133333333333332,2.25,1.5,5.4399999999999995,1,1
4207,1,10.5,10.5,10.5,10.5,1,1
4209,25,3.848116,7.7,0.765,96.2029,1,1
4206,9,5.360344444444444,18.0,1.1532,48.2431,1,1
4210,0,0.0,0.0,0.0,0.0,0,0
4208,1,10.5,10.5,10.5,10.5,1,1
4214,1,3.75,3.75,3.75,3.75,1,1
4205,33,3.8098484848484846,15.9,1.135,125.725,1,1
4211,12,2.54875,3.5,1.5,30.585,1,1
4204,3,4.241333333333333,6.27,1.66,12.724,1,1
4203,0,0.0,0.0,0.0,0.0,0,0
4200,0,0.0,0.0,0.0,0.0,0,0
4201,7,1.5325857142857142,2.0,1.08,10.7281,1,1
4202,0,0.0,0.0,0.0,0.0,0,0
4198,6,1.5700083333333332,6.25,0.458,9.42005,1,1
4197,6,4.9432849999999995,11.95,0.98,29.659709999999997,1,1
4199,11,3.8087727272727276,6.8,1.199,41.8965,1,1
4196,2,2.495,2.8,2.19,4.99,1,1
4195,10,3.0226951,12.0,0.96,30.226951,1,1
4192,4,7.8275,19.5,1.31,31.31,1,1
4191,15,3.779333333333333,7.5,1.395,56.69,1,1
4194,2,33.975,60.0,7.95,67.95,1,1
4193,2,1.0995,1.35,0.849,2.199,1,1
4190,71,5.819305492957747,9.4,2.57,413.17069,1,1
4186,11,4.274499909090909,13.22,1.15,47.019498999999996,1,1
4188,3,7.524633333333334,11.85,1.1339,22.573900000000002,1,1
4185,1,1.18,1.18,1.18,1.18,1,1
4187,7,4.411142857142857,20.0,0.61,30.878,1,1
4189,4,3.8709999999999996,9.0,0.354,15.483999999999998,1,1
4181,1,1.13,1.13,1.13,1.13,1,1
4184,4,9.9,20.0,1.2,39.6,1,1
4182,11,5.8456636363636365,14.9,1.15,64.3023,1,1
4180,4,1.71625,2.84,1.125,6.865,1,1
4183,3,2.0466666666666664,2.9,1.5,6.14,1,1
4178,8,6.388374875,15.7,1.2,51.106999,1,1
4179,8,4.938487375,9.999999,0.63,39.507899,1,1
4177,4,2.0947500000000003,3.369,0.81,8.379000000000001,1,1
4174,26,2.751217653846154,3.82,1.2,71.531659,1,1
4176,11,4.924454545454545,11.48,1.6,54.169,1,1
4173,2,5.65,10.0,1.3,11.3,1,1
4175,3,2.279666666666667,4.59,1.0,6.839,1,1
4168,0,0.0,0.0,0.0,0.0,0,0
4170,4,10.6225,12.5,8.5,42.49,1,1
4166,1,1.49,1.49,1.49,1.49,1,1
4169,3,1.0464316666666666,1.05,1.0395,3.139295,1,1
4171,0,0.0,0.0,0.0,0.0,0,0
4167,3,2.421666666666667,2.995,1.33,7.265000000000001,1,1
4172,19,4.7979,21.742,1.0,91.1601,1,1
4165,1,15.0,15.0,15.0,15.0,1,1
4164,6,25.944999999999997,65.0,8.99,155.67,1,1
4163,0,0.0,0.0,0.0,0.0,0,0
4162,1,1.25,1.25,1.25,1.25,1,1
4161,0,0.0,0.0,0.0,0.0,0,0
4160,31,3.4256060967741933,16.0,0.82,106.193789,1,1
4159,0,0.0,0.0,0.0,0.0,0,0
4158,0,0.0,0.0,0.0,0.0,0,0
4156,1,1.9,1.9,1.9,1.9,1,1
4153,4,7.02,14.99,1.3,28.08,1,1
4154,1,1.1,1.1,1.1,1.1,1,1
4157,5,8.35678,25.4,1.05,41.7839,1,1
4155,9,3.0245333333333333,8.4,1.1,27.2208,1,1
4149,0,0.0,0.0,0.0,0.0,0,0
4152,0,0.0,0.0,0.0,0.0,0,0
4151,0,0.0,0.0,0.0,0.0,0,0
4150,2,3.15,3.3,3.0,6.3,1,1
4148,10,1.396157,3.0,0.94,13.96157,1,1
4142,8,4.32425775,13.0,0.89,34.594062,1,1
4140,4,4.1072500000000005,9.69,0.8,16.429000000000002,1,1
4144,4,7.0475,17.3,0.95,28.19,1,1
4147,51,5.224198039215686,7.45,0.42,266.4341,1,1
4145,1,4.3,4.3,4.3,4.3,1,1
4146,3,8.866666666666667,14.5,4.6,26.6,1,1
4138,3,1.1099666666666665,1.6499,0.8,3.3299,1,1
4143,4,1.1475,1.45,0.9,4.59,1,1
4141,4,4.075,7.25,2.5,16.3,1,1
4139,4,9.05,27.0,0.9,36.2,1,1
4134,46,4.828578260869565,7.55,1.0787,222.1146,1,1
4137,8,2.63875,4.0,1.0,21.11,1,1
4130,5,1.61352,2.45,1.2777,8.0676,1,1
4129,3,10.266666666666667,15.0,2.0,30.8,1,1
4133,6,2.658333333333333,3.59,2.19,15.95,1,1
4136,4,14.162500000000001,18.59,3.71,56.650000000000006,1,1
4135,3,5.846666666666667,14.49,1.3,17.54,1,1
4131,27,2.5913418518518516,12.0,0.755,69.96623,1,1
4132,23,1.4067221739130435,14.0,0.42,32.35461,1,1
4128,9,5.6587555555555555,15.48,1.2688,50.9288,1,1
4123,4,8.463425,11.3652,1.0,33.8537,1,1
4125,2,3.375,3.75,3.0,6.75,1,1
4124,1,14.75,14.75,14.75,14.75,1,1
4127,1,2.45,2.45,2.45,2.45,1,1
4126,31,4.956932258064516,13.0,2.28,153.6649,1,1
4118,5,5.86376,7.7338,4.5,29.3188,1,1
4122,4,6.1335,19.79,1.09,24.534,1,1
4120,5,2.0422599999999997,8.49,0.372,10.2113,1,1
4121,13,3.1281923076923075,7.78,0.472,40.6665,1,1
4119,1,1.49,1.49,1.49,1.49,1,1
4117,5,8.044,16.5,1.17,40.22,1,1
4116,17,4.814470588235294,17.23,0.929,81.846,1,1
4115,2,5.925,10.65,1.2,11.85,1,1
4114,14,4.367428571428571,12.0,1.33,61.144000000000005,1,1
4109,46,4.486735108695652,6.59,0.85,206.389815,1,1
4110,6,3.175166666666667,3.6,2.81,19.051000000000002,1,1
4112,1,4.2,4.2,4.2,4.2,1,1
4113,4,2.017475,4.5,1.18,8.0699,1,1
4111,9,1.5052166666666666,4.1,0.68495,13.546949999999999,1,1
4108,1,3.58,3.58,3.58,3.58,1,1
4105,5,1.46798,3.6,0.377,7.3399,1,1
4107,1,6.45,6.45,6.45,6.45,1,1
4103,9,2.625211111111111,6.578,1.04,23.6269,1,1
4104,6,2.997265,3.88,1.45,17.98359,1,1
4106,1,8.0,8.0,8.0,8.0,1,1
4101,4,12.0475,20.0,4.5,48.19,1,1
4102,24,5.022416625,20.99,1.23,120.537999,1,1
4100,5,1.8397780000000001,5.0,1.04,9.19889,1,1
4099,22,2.7528954545454543,5.95,0.362,60.5637,1,1
4098,9,2.4603330000000003,5.7,1.05,22.142997,1,1
4094,6,2.3433333333333333,4.46,1.29,14.059999999999999,1,1
4097,8,5.3006125,14.2,0.84,42.4049,1,1
4096,2,8.05,15.0,1.1,16.1,1,1
4095,28,2.1825666785714284,4.178,0.9,61.111867,1,1
4093,2,1.41345,1.4269,1.4,2.8269,1,1
4090,3,1.1333333333333333,1.5,0.9,3.4,1,1
4088,3,5.3196666666666665,10.99,1.169,15.959,1,1
4089,2,15.344999999999999,19.0,11.69,30.689999999999998,1,1
4085,2,15.0,17.0,13.0,30.0,1,1
4092,23,1.5178908695652173,7.12,0.493,34.91149,1,1
4086,0,0.0,0.0,0.0,0.0,0,0
4083,5,4.061999999999999,10.99,2.29,20.31,1,1
4091,4,9.6125,12.5,3.96,38.45,1,1
4087,18,4.857916666666666,22.569,2.28,87.4425,1,1
4084,7,5.054285714285714,13.0,1.74,35.38,1,1
4080,2,12.844999999999999,16.0,9.69,25.689999999999998,1,1
4082,4,6.7875,16.9,1.91,27.15,1,1
4081,0,0.0,0.0,0.0,0.0,0,0
4078,1,1.249,1.249,1.249,1.249,1,1
4079,1,20.4,20.4,20.4,20.4,1,1
4075,4,4.67,9.0,1.28,18.68,1,1
4076,13,3.5303,7.35,1.57,45.8939,1,1
4074,7,5.019857142857142,13.75,2.28,35.138999999999996,1,1
4073,3,6.526,14.888,1.09,19.578,1,1
4077,10,5.12299,14.123,0.9869,51.2299,1,1
4072,5,7.254,9.9,1.2,36.269999999999996,1,1
4071,5,9.858,14.99,2.7,49.29,1,1
4070,2,9.915,13.33,6.5,19.83,1,1
4068,3,9.62,11.99,5.12,28.86,1,1
4069,1,6.5,6.5,6.5,6.5,1,1
4063,3,5.5,14.0,1.25,16.5,1,1
4067,21,4.4429428571428575,5.81,1.42,93.3018,1,1
4065,2,2.875,3.35,2.4,5.75,1,1
4066,6,8.821666666666667,13.75,1.09,52.93,1,1
4064,3,12.513333333333334,17.54,8.5,37.54,1,1
4060,0,0.0,0.0,0.0,0.0,0,0
4058,14,2.2249285714285714,6.75,0.8,31.149,1,1
4059,42,5.640224523809524,6.71,4.3614,236.88943,1,1
4055,3,2.4233333333333333,3.16,1.3,7.2700000000000005,1,1
4057,2,6.9,12.5,1.3,13.8,1,1
4061,0,0.0,0.0,0.0,0.0,0,0
4062,11,6.5924308181818185,15.499,1.3,72.516739,1,1
4056,1,3.069,3.069,3.069,3.069,1,1
4052,9,2.143011,3.705,1.0,19.287099,1,1
4049,3,12.396666666666667,14.99,8.0,37.19,1,1
4048,2,2.715,3.13,2.3,5.43,1,1
4045,1,19.0,19.0,19.0,19.0,1,1
4050,1,1.69,1.69,1.69,1.69,1,1
4053,0,0.0,0.0,0.0,0.0,0,0
4046,11,3.158999090909091,12.0,0.479,34.74899,1,1
4054,6,6.981066666666667,15.2,2.069,41.8864,1,1
4047,4,4.61448775,12.1,2.0,18.457951,1,1
4051,3,2.7113329999999998,3.4,1.849999,8.133999,1,1
4044,21,4.785952333333333,14.34,0.709999,100.504999,1,1
4039,2,1.395,1.49,1.3,2.79,1,1
4036,24,2.449064583333333,14.45,0.765,58.77755,1,1
4043,2,1.5445,1.89,1.199,3.089,1,1
4042,22,4.023848454545455,17.25,0.99,88.524666,1,1
4038,2,10.3,17.5,3.1,20.6,1,1
4035,4,7.6850000000000005,15.0,1.3,30.740000000000002,1,1
4037,40,4.4312737,14.8,1.05,177.250948,1,1
4041,0,0.0,0.0,0.0,0.0,0,0
4040,5,1.446,2.28,1.02,7.2299999999999995,1,1
4031,0,0.0,0.0,0.0,0.0,0,0
4032,0,0.0,0.0,0.0,0.0,0,0
4027,0,0.0,0.0,0.0,0.0,0,0
4030,0,0.0,0.0,0.0,0.0,0,0
4025,2,0.564512,0.5797,0.549324,1.129024,1,1
4029,26,2.9079231923076923,12.45,0.401,75.606003,1,1
4026,2,12.5,13.0,12.0,25.0,1,1
4034,0,0.0,0.0,0.0,0.0,0,0
4028,0,0.0,0.0,0.0,0.0,0,0
4033,0,0.0,0.0,0.0,0.0,0,0
4021,6,7.761666666666667,23.8,2.35,46.57,1,1
4020,39,2.1300376666666665,4.3499,0.853,83.071469,1,1
4024,0,0.0,0.0,0.0,0.0,0,0
4022,22,3.7583999545454545,5.07,0.95,82.684799,1,1
4023,0,0.0,0.0,0.0,0.0,0,0
4019,32,4.9849134375,9.22,1.0,159.51723,1,1
4016,21,3.610703285714286,5.59,0.99,75.824769,1,1
4018,21,2.4703738095238097,7.84,0.84,51.87785,1,1
4017,76,3.492904013157895,8.0,0.831,265.460705,1,1
4006,4,2.794975,4.9999,1.39,11.1799,1,1
4009,8,17.24875,50.0,1.4,137.99,1,1
4011,8,2.48124875,3.18,1.6,19.84999,1,1
4014,5,10.239799999999999,20.0,1.75,51.199,1,1
4012,11,5.085,15.55,1.99,55.935,1,1
4015,7,6.591428571428572,20.0,2.79,46.14,1,1
4008,4,5.351575,11.0,1.3,21.4063,1,1
4007,6,1.6074666666666666,2.65,1.139,9.6448,1,1
4013,6,3.3983333333333334,4.75,1.185,20.39,1,1
4010,3,6.673333333333333,11.5,1.3,20.02,1,1
4004,12,6.042916666666667,14.89,0.47,72.515,1,1
4005,3,2.1746666666666665,4.444,0.99,6.524,1,1
4003,2,6.5969999999999995,12.0,1.194,13.193999999999999,1,1
4002,1,3.333,3.333,3.333,3.333,1,1
4001,8,5.825375,10.7,1.15,46.603,1,1
3998,2,1.8525,2.87,0.835,3.705,1,1
3999,4,3.0997500000000002,3.999,1.0,12.399000000000001,1,1
3997,16,1.00101125,1.35,0.817,16.01618,1,1
3996,3,6.023333333333333,14.6,0.97,18.07,1,1
4000,2,1.3399999999999999,1.88,0.8,2.6799999999999997,1,1
3995,2,7.3149999999999995,7.6,7.03,14.629999999999999,1,1
3992,0,0.0,0.0,0.0,0.0,0,0
3991,2,14.6,15.0,14.2,29.2,1,1
3993,0,0.0,0.0,0.0,0.0,0,0
3994,0,0.0,0.0,0.0,0.0,0,0
3989,26,4.0385,14.0,0.89,105.001,1,1
3988,0,0.0,0.0,0.0,0.0,0,0
3986,0,0.0,0.0,0.0,0.0,0,0
3990,0,0.0,0.0,0.0,0.0,0,0
3987,0,0.0,0.0,0.0,0.0,0,0
3983,2,2.35,2.9,1.8,4.7,1,1
3981,3,1.82,2.95,0.75,5.46,1,1
3982,8,0.6012125,1.1,0.4404,4.8097,1,1
3985,1,0.8,0.8,0.8,0.8,1,1
3984,1,1.3,1.3,1.3,1.3,1,1
3972,56,3.766568232142857,6.59,1.59,210.927821,1,1
3974,1,20.0,20.0,20.0,20.0,1,1
3973,0,0.0,0.0,0.0,0.0,0,0
3978,3,5.260000000000001,9.0,3.33,15.780000000000001,1,1
3975,0,0.0,0.0,0.0,0.0,0,0
3980,2,5.915,7.5,4.33,11.83,1,1
3971,4,11.42225,20.9,2.289,45.689,1,1
3979,3,6.7700000000000005,10.0,4.33,20.310000000000002,1,1
3977,4,15.5625,24.0,2.35,62.25,1,1
3976,1,5.33,5.33,5.33,5.33,1,1
3965,0,0.0,0.0,0.0,0.0,0,0
3967,2,1.3,1.5,1.1,2.6,1,1
3962,5,9.25,14.0,1.85,46.25,1,1
3963,0,0.0,0.0,0.0,0.0,0,0
3966,3,2.4633333333333334,4.4,1.0,7.390000000000001,1,1
3961,1,7.2,7.2,7.2,7.2,1,1
3970,13,5.980256923076923,16.6,1.49,77.74334,1,1
3968,10,5.6161900000000005,7.04,1.15,56.1619,1,1
3964,0,0.0,0.0,0.0,0.0,0,0
3969,7,7.364285714285714,18.0,2.1,51.55,1,1
3957,5,10.32,14.4,4.0,51.6,1,1
3956,3,14.566666666666668,15.7,13.0,43.7,1,1
3959,30,0.9504661999999999,3.6,0.4672,28.513986,1,1
3960,2,5.4925,10.0,0.985,10.985,1,1
3958,7,2.9441285714285717,6.99,0.6,20.608900000000002,1,1
3953,3,4.88,7.2,1.94,14.64,1,1
3952,17,2.0013441176470588,3.749,1.299,34.02285,1,1
3951,3,4.749666666666666,10.5,1.349,14.248999999999999,1,1
3955,4,2.8674999999999997,6.5,0.97,11.469999999999999,1,1
3954,4,65.6725,150.0,20.0,262.69,1,1
3949,5,1.9096,2.65,1.09,9.548,1,1
3947,32,3.56887253125,22.75,0.57,114.203921,1,1
3948,1,17.6969,17.6969,17.6969,17.6969,1,1
3945,4,5.82,14.99,1.69,23.28,1,1
3946,1,22.6969,22.6969,22.6969,22.6969,1,1
3950,6,5.1494333333333335,13.49,1.4888,30.8966,1,1
3942,2,4.3475,7.855,0.84,8.695,1,1
3944,3,1.703,2.95,0.99,5.109,1,1
3941,6,4.348615,16.42069,1.02,26.09169,1,1
3943,2,10.995000000000001,18.0,3.99,21.990000000000002,1,1
3940,6,5.351333333333334,15.47,0.84,32.108000000000004,1,1
3936,4,5.6675,12.13,1.55,22.67,1,1
3937,4,4.797175,7.7387,1.15,19.1887,1,1
3939,8,4.3488625,18.99,0.6498,34.7909,1,1
3935,0,0.0,0.0,0.0,0.0,0,0
3938,13,3.1591846153846155,4.8744,0.99,41.0694,1,1
3929,24,3.1614036666666667,5.16,0.699,75.873688,1,1
3934,5,6.4799999999999995,19.0,1.7,32.4,1,1
3933,6,2.7823166666666665,4.789,1.105,16.6939,1,1
3930,16,3.1211686875,15.0,0.72,49.938699,1,1
3931,9,3.380822222222222,4.95,1.85,30.4274,1,1
3932,9,5.982666666666667,13.895,1.24,53.844,1,1
3924,2,2.09,2.99,1.19,4.18,1,1
3920,9,3.1282777777777775,7.15,0.639,28.1545,1,1
3926,9,3.2522963333333332,13.4,1.47,29.270667,1,1
3927,9,1.9284444444444446,3.4,0.96,17.356,1,1
3919,5,12.884199999999998,18.58,8.691,64.42099999999999,1,1
3928,12,11.019741666666667,17.0,3.0,132.2369,1,1
3922,1,7.77,7.77,7.77,7.77,1,1
3923,22,3.7543352272727275,17.0,0.857,82.595375,1,1
3921,1,7.0,7.0,7.0,7.0,1,1
3925,2,1.49,1.98,1.0,2.98,1,1
3918,7,8.828571428571427,15.49,1.0,61.8,1,1
3914,2,3.41,5.0,1.82,6.82,1,1
3917,10,3.28028,7.15,1.1,32.8028,1,1
3915,3,4.170000000000001,5.99,1.82,12.510000000000002,1,1
3916,4,2.6667497499999997,8.0,0.729999,10.666998999999999,1,1
3910,31,5.325054838709677,6.55,1.17,165.0767,1,1
3909,6,8.278516666666667,12.9,1.69,49.6711,1,1
3911,0,0.0,0.0,0.0,0.0,0,0
3912,0,0.0,0.0,0.0,0.0,0,0
3913,0,0.0,0.0,0.0,0.0,0,0
3908,1,10.725,10.725,10.725,10.725,1,1
3905,1,5.25,5.25,5.25,5.25,1,1
3904,7,8.378554142857142,19.0,0.621,58.649879,1,1
3907,12,4.037083333333333,4.47,3.4,48.445,1,1
3906,1,14.0,14.0,14.0,14.0,1,1
3903,1,12.97,12.97,12.97,12.97,1,1
3900,1,2.4947,2.4947,2.4947,2.4947,1,1
3897,6,8.73265,25.0,1.1,52.3959,1,1
3895,3,13.315066666666667,18.9,3.0452,39.9452,1,1
3896,20,0.8927298,3.969999,0.37,17.854596,1,1
3898,1,0.91,0.91,0.91,0.91,1,1
3894,5,7.537999999999999,16.0,0.9,37.69,1,1
3901,2,6.37495,9.5,3.2499,12.7499,1,1
3902,5,6.078,14.5,2.19,30.39,1,1
3899,3,1.3666333333333334,1.45,1.1999,4.0999,1,1
3889,7,1.4438857142857144,3.6,0.85,10.1072,1,1
3887,1,5.0,5.0,5.0,5.0,1,1
3891,20,1.2046195,7.888,0.474,24.092389999999998,1,1
3884,4,4.047499999999999,9.85,1.79,16.189999999999998,1,1
3888,17,3.1091170588235295,3.82,1.45,52.85499,1,1
3893,12,2.5292405,11.0,1.25,30.350886,1,1
3885,9,2.9676666666666667,14.0,1.06,26.709,1,1
3892,3,12.666666666666666,14.5,11.0,38.0,1,1
3886,4,1.6575,3.0,1.14,6.63,1,1
3890,1,10.0,10.0,10.0,10.0,1,1
3880,4,3.345,4.5,2.43,13.38,1,1
3881,8,65.9,155.55,4.55,527.2,1,1
3883,10,3.5134448,13.69,0.912,35.134448,1,1
3879,1,1.96,1.96,1.96,1.96,1,1
3882,42,3.9869749999999997,9.49,1.35,167.45295,1,1
3876,19,3.450152631578947,16.99,1.1998,65.5529,1,1
3875,9,4.765127888888888,9.24,1.05,42.886151,1,1
3878,4,5.28575,10.5,0.899,21.143,1,1
3877,10,1.6642869999999998,3.75,0.987,16.64287,1,1
3874,37,4.275177054054054,7.2,1.17,158.18155099999998,1,1
3873,5,7.36876,16.0,2.7738,36.8438,1,1
3872,34,1.767177,8.59,0.549,60.084018,1,1
3870,4,3.7225,7.9,0.99,14.89,1,1
3867,1,1.99,1.99,1.99,1.99,1,1
3868,5,4.7219999999999995,8.0,1.0,23.61,1,1
3869,0,0.0,0.0,0.0,0.0,0,0
3871,0,0.0,0.0,0.0,0.0,0,0
3863,4,2.3362499999999997,3.3,1.3,9.344999999999999,1,1
3862,8,6.6587499999999995,13.78,0.98,53.269999999999996,1,1
3864,0,0.0,0.0,0.0,0.0,0,0
3866,3,4.827166666666667,6.2814,2.2,14.4815,1,1
3865,3,2.1766666666666663,2.65,1.9,6.529999999999999,1,1
3860,7,3.792414285714286,12.95,0.48,26.5469,1,1
3858,1,9.38,9.38,9.38,9.38,1,1
3857,2,2.4795,2.75,2.209,4.959,1,1
3861,1,9.9,9.9,9.9,9.9,1,1
3859,25,4.761315199999999,15.24,1.43,119.03287999999999,1,1
3853,40,1.3792775000000002,1.72,1.31,55.1711,1,1
3849,0,0.0,0.0,0.0,0.0,0,0
3848,0,0.0,0.0,0.0,0.0,0,0
3852,17,4.845876470588235,16.9,0.9,82.37989999999999,1,1
3850,0,0.0,0.0,0.0,0.0,0,0
3851,0,0.0,0.0,0.0,0.0,0,0
3854,17,1.2592176470588237,2.36,0.584,21.4067,1,1
3847,0,0.0,0.0,0.0,0.0,0,0
3856,21,1.3744438095238096,1.64992,0.982,28.86332,1,1
3855,21,1.4087571428571428,1.96,1.28,29.5839,1,1
3844,14,3.6007000000000002,3.9998,2.93,50.409800000000004,1,1
3843,2,2.785,2.82,2.75,5.57,1,1
3846,10,4.0213589,7.4,1.65,40.213589,1,1
3845,33,2.9607629696969697,7.65,0.829,97.705178,1,1
3842,0,0.0,0.0,0.0,0.0,0,0
3833,15,2.1082666666666667,4.44,0.99,31.624,1,1
3841,59,3.638118983050848,6.41,0.88,214.64902,1,1
3839,6,3.3831329999999995,12.398,1.2555,20.298797999999998,1,1
3837,19,3.1377525263157895,5.86,1.17,59.617298,1,1
3832,20,3.1492294999999997,9.5,1.0,62.98459,1,1
3834,2,6.535,12.0,1.07,13.07,1,1
3835,5,10.542,17.0,1.03,52.71,1,1
3838,0,0.0,0.0,0.0,0.0,0,0
3836,4,4.395,14.0,0.98,17.58,1,1
3840,3,6.256666666666667,16.22,1.1,18.77,1,1
3830,0,0.0,0.0,0.0,0.0,0,0
3825,1,3.5,3.5,3.5,3.5,1,1
3831,6,3.05083,12.0,0.464,18.30498,1,1
3829,1,15.0,15.0,15.0,15.0,1,1
3822,2,2.6399999999999997,3.28,2.0,5.279999999999999,1,1
3828,15,1.5126600000000001,4.0,1.24,22.6899,1,1
3826,24,5.3568375,10.0,1.15,128.5641,1,1
3827,2,3.05,5.0,1.1,6.1,1,1
3823,6,8.95095,16.0,1.25,53.7057,1,1
3824,1,1.2,1.2,1.2,1.2,1,1
3802,5,7.029120000000001,11.5,3.79,35.1456,1,1
3810,7,3.0642714285714283,7.17,1.04,21.4499,1,1
3813,3,1.5633333333333332,1.9,0.99,4.6899999999999995,1,1
3809,0,0.0,0.0,0.0,0.0,0,0
3811,20,4.5543,13.0,0.49,91.086,1,1
3821,20,2.483136,11.5,1.566,49.66272,1,1
3818,10,5.2441,16.0,1.01,52.441,1,1
3817,18,6.464783333333333,18.5,1.2468,116.3661,1,1
3812,9,5.045222222222222,12.7,0.83,45.407,1,1
3814,3,1.2716666666666667,1.425,1.19,3.815,1,1
3816,9,7.592444444444445,17.5,1.599,68.33200000000001,1,1
3805,5,2.11,4.1,1.2,10.549999999999999,1,1
3820,4,7.90555,12.11,1.2222,31.6222,1,1
3815,6,4.765908333333333,11.6174,1.299,28.59545,1,1
3808,3,7.036666666666666,12.75,1.11,21.11,1,1
3819,12,3.0328828333333333,13.0,1.23,36.394594,1,1
3804,20,1.92696755,7.44,0.97,38.539351,1,1
3803,15,5.96686,18.25,1.8,89.5029,1,1
3806,3,8.65,12.5,2.7,25.95,1,1
3807,6,9.323333333333332,17.3,0.85,55.94,1,1
3800,2,8.32,15.5,1.14,16.64,1,1
3798,25,5.193628,6.6,1.25,129.8407,1,1
3801,3,7.3,15.5,3.0,21.9,1,1
3799,25,2.17723928,4.14,0.562,54.430982,1,1
3797,1,1.99,1.99,1.99,1.99,1,1
3792,35,3.90914,6.41,2.06,136.8199,1,1
3794,0,0.0,0.0,0.0,0.0,0,0
3790,0,0.0,0.0,0.0,0.0,0,0
3788,10,6.35819,6.6919,6.14,63.5819,1,1
3795,4,1.865,2.465,1.55,7.46,1,1
3789,20,1.58767645,12.0,0.362,31.753529,1,1
3787,1,10.5,10.5,10.5,10.5,1,1
3796,3,10.833333333333334,13.32,9.3,32.5,1,1
3791,2,39.8366835,75.0,4.673367,79.673367,1,1
3793,1,18.0,18.0,18.0,18.0,1,1
3782,8,6.58,6.77,6.46,52.64,1,1
3779,11,1.4068381818181819,2.46,0.377,15.47522,1,1
3784,0,0.0,0.0,0.0,0.0,0,0
3780,2,5.575,7.0,4.15,11.15,1,1
3783,1,5.5555,5.5555,5.5555,5.5555,1,1
3774,0,0.0,0.0,0.0,0.0,0,0
3778,7,3.8901714285714286,8.0,1.7,27.2312,1,1
3775,3,9.03,15.0,1.09,27.09,1,1
3785,3,4.476666666666667,5.94,3.3,13.43,1,1
3776,3,1.0433333333333332,1.18,0.9,3.13,1,1
3777,49,5.257224489795918,22.0,0.98,257.604,1,1
3781,1,1.1,1.1,1.1,1.1,1,1
3772,2,36.980000000000004,65.0,8.96,73.96000000000001,1,1
3773,0,0.0,0.0,0.0,0.0,0,0
3786,0,0.0,0.0,0.0,0.0,0,0
3770,4,3.440725,7.563,1.2999,13.7629,1,1
3769,3,3.2583333333333333,7.0,0.88,9.775,1,1
3767,18,4.6156,13.99,1.5,83.0808,1,1
3771,4,4.612475,14.0,1.1,18.4499,1,1
3768,7,6.710799714285715,16.0,0.965598,46.975598000000005,1,1
3766,18,6.690855,10.5,1.85,120.43539,1,1
3763,28,2.8100927857142857,6.6734,0.88,78.682598,1,1
3762,6,3.9914833333333335,11.9999,1.2,23.948900000000002,1,1
3765,70,4.500486957142857,15.0,0.772,315.034087,1,1
3764,1,12.69,12.69,12.69,12.69,1,1
3757,42,2.7260744285714287,9.889,1.0001,114.495126,1,1
3760,13,3.298741384615385,9.99,1.0618,42.883638000000005,1,1
3758,1,12.8,12.8,12.8,12.8,1,1
3759,0,0.0,0.0,0.0,0.0,0,0
3761,6,11.201333333333332,46.0,1.36,67.208,1,1
3754,0,0.0,0.0,0.0,0.0,0,0
3756,0,0.0,0.0,0.0,0.0,0,0
3749,2,0.985,1.18,0.79,1.97,1,1
3751,1,4.11,4.11,4.11,4.11,1,1
3747,4,8.67,15.0,5.2,34.68,1,1
3755,2,2.375,2.75,2.0,4.75,1,1
3748,2,2.32,3.25,1.39,4.64,1,1
3750,5,5.638,17.0,1.31,28.189999999999998,1,1
3752,0,0.0,0.0,0.0,0.0,0,0
3753,0,0.0,0.0,0.0,0.0,0,0
3742,5,7.266,17.98,1.65,36.33,1,1
3744,2,7.59725,11.0,4.1945,15.1945,1,1
3743,12,7.8645560833333334,15.25,1.5704,94.374673,1,1
3740,2,0.36199,0.36898,0.355,0.72398,1,1
3741,1,0.83,0.83,0.83,0.83,1,1
3745,2,2.62,2.69,2.55,5.24,1,1
3738,13,1.9736223076923076,4.48,1.02,25.65709,1,1
3746,17,4.123305882352941,7.5477,1.64,70.0962,1,1
3739,8,2.466612375,4.329,1.099,19.732899,1,1
3735,1,1.03,1.03,1.03,1.03,1,1
3736,1,0.99,0.99,0.99,0.99,1,1
3733,4,4.885,9.5,0.84,19.54,1,1
3734,57,3.3380834736842107,18.0,1.04,190.270758,1,1
3731,5,11.258,17.0,3.45,56.29,1,1
3732,9,4.796600000000001,16.699,1.25,43.1694,1,1
3737,40,3.6045106,25.1,0.561,144.180424,1,1
3727,3,6.586200000000001,17.0,1.289,19.7586,1,1
3729,2,9.3,16.0,2.6,18.6,1,1
3728,8,1.0265,3.0,0.615,8.212,1,1
3724,43,5.758881395348837,11.489,1.23,247.6319,1,1
3726,24,2.7637082916666666,10.5,0.424,66.328999,1,1
3721,0,0.0,0.0,0.0,0.0,0,0
3723,1,1.3,1.3,1.3,1.3,1,1
3725,6,3.6781666666666664,13.75,0.9,22.069,1,1
3722,0,0.0,0.0,0.0,0.0,0,0
3730,3,2.06,4.0,0.98,6.18,1,1
3715,2,6.6000000000000005,11.55,1.65,13.200000000000001,1,1
3711,4,3.82424225,10.9,1.2,15.296969,1,1
3714,1,0.42,0.42,0.42,0.42,1,1
3713,26,4.532838461538462,5.64,1.275,117.8538,1,1
3716,6,5.216166666666667,13.43,1.177,31.297,1,1
3718,4,1.78225,2.172,1.177,7.129,1,1
3719,21,1.1671610476190477,7.6899,0.639995,24.510382,1,1
3720,35,2.7682398285714287,13.9,0.754,96.888394,1,1
3717,2,1.2535,1.33,1.177,2.507,1,1
3712,10,3.9600099999999996,9.79,1.79,39.6001,1,1
3709,11,3.098225,14.0,0.7,34.080475,1,1
3706,6,4.7595,10.5,3.18,28.557000000000002,1,1
3707,0,0.0,0.0,0.0,0.0,0,0
3710,6,19.125,50.0,4.25,114.75,1,1
3708,7,7.995571428571429,15.99,2.85,55.969,1,1
3701,2,1.6099999999999999,1.63,1.59,3.2199999999999998,1,1
3705,2,1.3399999999999999,1.5,1.18,2.6799999999999997,1,1
3703,3,2.1333333333333333,3.5,1.2,6.4,1,1
3704,2,7.01995,12.99,1.0499,14.0399,1,1
3702,2,1.355,1.69,1.02,2.71,1,1
3696,9,3.5409407777777777,8.83,0.37,31.868467,1,1
3698,1,10.0,10.0,10.0,10.0,1,1
3697,6,3.2016666666666667,3.75,1.1,19.21,1,1
3700,2,9.344999999999999,9.9,8.79,18.689999999999998,1,1
3699,0,0.0,0.0,0.0,0.0,0,0
3691,3,8.116666666666667,13.6,1.25,24.35,1,1
3692,4,8.6675,13.49,1.2,34.67,1,1
3694,1,4.9,4.9,4.9,4.9,1,1
3693,3,16.166666666666668,19.0,12.5,48.5,1,1
3695,10,5.13928,14.0,3.4,51.3928,1,1
3689,22,4.753120454545455,16.0,0.88948,104.56865,1,1
3686,21,4.773961904761904,8.08,1.29,100.25319999999999,1,1
3690,5,5.4472000000000005,14.0,1.686,27.236,1,1
3687,10,3.8466,9.95,1.03,38.466,1,1
3688,3,6.663333333333334,16.0,1.89,19.990000000000002,1,1
3682,2,15.975,17.0,14.95,31.95,1,1
3684,2,18.95,25.0,12.9,37.9,1,1
3681,0,0.0,0.0,0.0,0.0,0,0
3685,21,4.03802380952381,14.69,1.27,84.7985,1,1
3683,9,2.7088466666666666,7.3496,0.96,24.37962,1,1
3678,1,9.8,9.8,9.8,9.8,1,1
3676,1,10.0,10.0,10.0,10.0,1,1
3679,5,4.7371998,6.1,3.068999,23.685999,1,1
3677,6,8.6171165,14.8,3.355,51.702699,1,1
3680,20,5.0054,6.24,2.12,100.108,1,1
3674,3,2.216666666666667,4.0,1.0,6.65,1,1
3673,3,25.0,50.0,10.5,75.0,1,1
3667,5,11.1981708,15.0,6.25,55.990854,1,1
3670,3,6.640288666666667,15.910866,1.82,19.920866,1,1
3666,4,12.8625,14.7,9.1,51.45,1,1
3675,1,1.75,1.75,1.75,1.75,1,1
3669,7,1.9417877142857143,3.5,0.44,13.592514,1,1
3668,6,6.258833333333333,16.99,0.493,37.553,1,1
3671,5,2.8880000000000003,4.19,1.02,14.440000000000001,1,1
3672,5,10.138,16.7,1.6,50.69,1,1
3664,3,1.2366666666666666,1.3,1.19,3.71,1,1
3661,3,1.3226666666666667,1.58,1.188,3.968,1,1
3662,9,0.9324638888888889,1.785,0.75,8.392175,1,1
3665,6,5.944999999999999,13.7,1.7,35.669999999999995,1,1
3663,18,4.807166666666666,7.539,0.498,86.529,1,1
3657,3,1.3093333333333332,1.588,1.15,3.928,1,1
3660,15,2.1286,2.6,1.39,31.929,1,1
3656,2,11.940000000000001,15.0,8.88,23.880000000000003,1,1
3658,3,4.551666666666667,6.725,3.33,13.655,1,1
3659,14,5.549715,7.77,5.21,77.69601,1,1
3651,2,5.745,6.49,5.0,11.49,1,1
3655,22,2.295709090909091,6.85,0.401,50.5056,1,1
3654,2,13.845,20.0,7.69,27.69,1,1
3653,6,7.047983333333334,14.0,2.0,42.2879,1,1
3652,3,5.516666666666667,11.0,2.65,16.55,1,1
3648,18,5.549181166666667,12.5,2.26,99.885261,1,1
3646,4,6.8149999999999995,13.68,0.8,27.259999999999998,1,1
3649,6,2.2399999999999998,3.386,0.942,13.44,1,1
3650,5,8.904,15.97,0.9,44.52,1,1
3647,7,5.552142857142857,10.25,2.0,38.865,1,1
3641,8,7.188625,13.369,1.32,57.509,1,1
3637,2,14.75,24.0,5.5,29.5,1,1
3638,2,6.135,7.77,4.5,12.27,1,1
3640,1,7.7,7.7,7.7,7.7,1,1
3642,2,10.399999999999999,19.49,1.31,20.799999999999997,1,1
3644,7,4.096412142857143,10.0,0.407,28.674885,1,1
3643,30,4.50915,6.71,1.13,135.2745,1,1
3639,23,3.4628260869565217,6.4,2.0,79.645,1,1
3636,2,5.4,9.9,0.9,10.8,1,1
3645,3,4.333333333333333,6.9,1.1,13.0,1,1
3631,14,2.9924499285714283,3.888,1.78,41.894299,1,1
3635,0,0.0,0.0,0.0,0.0,0,0
3623,0,0.0,0.0,0.0,0.0,0,0
3632,20,3.94518945,5.59,0.435,78.903789,1,1
3627,4,8.2425,15.5,1.28,32.97,1,1
3634,0,0.0,0.0,0.0,0.0,0,0
3628,3,2.0563333333333333,2.75,0.869,6.169,1,1
3633,0,0.0,0.0,0.0,0.0,0,0
3629,9,3.4342222222222225,14.6,1.16,30.908,1,1
3626,2,1.5894,1.6688,1.51,3.1788,1,1
3630,16,2.32215,6.0,0.94,37.1544,1,1
3624,0,0.0,0.0,0.0,0.0,0,0
3622,3,26.333333333333332,49.0,5.0,79.0,1,1
3625,3,10.996666666666668,20.0,5.5,32.99,1,1
3615,3,6.551666666666667,10.5,1.395,19.655,1,1
3611,2,6.84,12.49,1.19,13.68,1,1
3612,6,8.18765,24.2069,1.289,49.1259,1,1
3617,5,1.876,4.5,0.93,9.379999999999999,1,1
3620,23,2.8110739130434785,13.0,1.294,64.6547,1,1
3619,2,1.19,1.3,1.08,2.38,1,1
3618,2,10.692499999999999,19.99,1.395,21.384999999999998,1,1
3613,4,7.4725,16.5,2.89,29.89,1,1
3621,0,0.0,0.0,0.0,0.0,0,0
3616,5,2.2835,2.88,1.389,11.4175,1,1
3614,7,3.938428571428571,5.58,2.57,27.569,1,1
3609,2,6.6375,12.0,1.275,13.275,1,1
3610,21,3.2471333333333336,15.0,0.426,68.1898,1,1
3605,3,15.983333333333334,24.5,8.0,47.95,1,1
3597,1,1.29,1.29,1.29,1.29,1,1
3598,4,3.55225,5.5,2.51,14.209,1,1
3600,2,17.490000000000002,24.0,10.98,34.980000000000004,1,1
3608,4,12.122499999999999,24.88,1.62,48.489999999999995,1,1
3601,1,1.333,1.333,1.333,1.333,1,1
3602,3,6.06,9.5,1.19,18.18,1,1
3599,0,0.0,0.0,0.0,0.0,0,0
3607,1,9.0,9.0,9.0,9.0,1,1
3606,5,1.949757,2.95,1.2,9.748785,1,1
3604,8,2.550325,3.78,1.5447,20.4026,1,1
3603,6,6.109999999999999,23.0,1.11,36.66,1,1
3596,27,1.805163037037037,10.0,0.8088,48.739402,1,1
3591,13,2.105714615384615,9.95,1.2,27.37429,1,1
3595,3,9.456666666666665,17.97,1.0,28.369999999999997,1,1
3594,3,10.37,13.3,7.2,31.11,1,1
3593,4,7.304225,20.0,1.1,29.2169,1,1
3592,44,3.1916884090909092,6.41,1.46,140.43429,1,1
3582,7,2.0365714285714285,2.1,1.98,14.256,1,1
3583,13,1.8848,2.75,1.1836,24.5024,1,1
3584,27,4.265259259259259,6.41,2.785,115.16199999999999,1,1
3589,8,5.69875,14.6,3.13,45.59,1,1
3588,37,2.352246216216216,14.49,0.424,87.03311,1,1
3581,4,7.225,13.15,1.05,28.9,1,1
3580,1,1.3,1.3,1.3,1.3,1,1
3586,61,2.717797983606557,9.68,1.2,165.785677,1,1
3587,3,5.826666666666667,10.1,3.49,17.48,1,1
3590,12,2.6321831666666666,7.4,0.44,31.586198,1,1
3585,4,1.89249975,4.2,0.79,7.569999,1,1
3577,4,2.257972,3.85,1.098,9.031888,1,1
3579,17,6.118411764705883,12.44,0.85,104.013,1,1
3576,1,1.295,1.295,1.295,1.295,1,1
3578,15,3.1030332666666665,13.0,0.426,46.545499,1,1
3575,2,1.0739999999999998,1.16,0.988,2.1479999999999997,1,1
3573,15,3.6357253333333333,4.645,1.55,54.53588,1,1
3572,13,1.5850922307692308,3.5,0.914,20.606199,1,1
3570,3,3.3634,3.5,3.2902,10.0902,1,1
3571,2,4.13,4.26,4.0,8.26,1,1
3574,2,10.975,11.45,10.5,21.95,1,1
3569,1,1.15,1.15,1.15,1.15,1,1
3568,25,2.530142,14.0,0.8,63.253550000000004,1,1
3566,6,0.954599,3.0,0.434,5.727594,1,1
3567,1,41.5,41.5,41.5,41.5,1,1
3561,8,1.747374875,3.4,0.865,13.978999,1,1
3564,116,4.394740318965517,7.64,0.36999,509.789877,1,1
3563,15,2.856666666666667,7.3,1.67,42.85,1,1
3565,50,4.89135656,7.8,1.294999,244.567828,1,1
3562,14,4.819822857142857,5.95,3.8149,67.47752,1,1
3560,25,4.162498,8.97,1.279,104.06245,1,1
3554,1,3.3,3.3,3.3,3.3,1,1
3559,18,3.713849722222222,11.9,1.67,66.849295,1,1
3558,3,4.133333333333334,10.0,1.1,12.4,1,1
3556,2,13.844999999999999,19.0,8.69,27.689999999999998,1,1
3557,7,2.0063714285714287,2.9045,1.2551,14.0446,1,1
3551,7,3.2117814285714283,5.45,0.54,22.48247,1,1
3553,5,1.8727998,4.0,0.98,9.363999,1,1
3550,2,1.2445,1.299,1.19,2.489,1,1
3555,7,8.794285714285715,14.0,0.96,61.56,1,1
3552,6,5.8995500000000005,17.2973,1.7,35.3973,1,1
3547,16,3.7443125,4.949,1.3,59.909,1,1
3549,1,3.0,3.0,3.0,3.0,1,1
3543,5,2.2139800000000003,2.9,1.13,11.0699,1,1
3541,5,14.419999999999998,41.0,2.5,72.1,1,1
3542,30,3.7984,6.8,1.85,113.952,1,1
3544,4,6.03799975,13.88,0.428,24.151999,1,1
3548,1,2.0,2.0,2.0,2.0,1,1
3540,5,7.871,14.5,0.98,39.355000000000004,1,1
3545,3,3.328333333333333,7.01,1.25,9.985,1,1
3546,2,9.3065,15.5,3.113,18.613,1,1
3537,3,3.810333333333334,9.4,0.831,11.431000000000001,1,1
3536,23,2.4142608695652172,4.492,0.7,55.528,1,1
3539,27,3.9281495555555557,7.35,1.04,106.060038,1,1
3535,5,8.05,14.0,1.5,40.25,1,1
3538,5,4.2298,12.0,1.72,21.149,1,1
3531,0,0.0,0.0,0.0,0.0,0,0
3533,0,0.0,0.0,0.0,0.0,0,0
3532,0,0.0,0.0,0.0,0.0,0,0
3530,0,0.0,0.0,0.0,0.0,0,0
3534,0,0.0,0.0,0.0,0.0,0,0
3527,3,6.55,9.9,2.85,19.65,1,1
3526,0,0.0,0.0,0.0,0.0,0,0
3529,12,1.8736999166666666,3.75,1.0284,22.484399,1,1
3525,2,27.5,42.0,13.0,55.0,1,1
3528,2,1.935,2.5,1.37,3.87,1,1
3518,5,5.945,13.69,1.0,29.725,1,1
3508,0,0.0,0.0,0.0,0.0,0,0
3510,3,6.013333333333333,12.0,1.29,18.04,1,1
3515,3,3.77,6.9,1.01,11.31,1,1
3523,33,3.6719362727272724,11.5,0.55,121.173897,1,1
3521,2,1.55995,1.6699,1.45,3.1199,1,1
3520,2,1.175,1.25,1.1,2.35,1,1
3522,8,3.0717375,8.77,0.95,24.5739,1,1
3512,35,5.055464571428572,8.25,1.7985,176.94126,1,1
3506,49,3.359563265306122,5.64,2.0,164.6186,1,1
3509,19,2.522071789473684,6.38,0.98,47.919364,1,1
3514,21,1.9493965238095237,5.49,0.764,40.937326999999996,1,1
3513,12,5.609254166666666,16.68,0.441,67.31105,1,1
3517,1,1.3,1.3,1.3,1.3,1,1
3516,9,3.5075555555555558,9.9,0.415,31.568,1,1
3519,6,2.928316666666667,3.5,1.2999,17.5699,1,1
3511,14,2.9855071428571427,18.98,0.98,41.7971,1,1
3524,5,3.248202,13.55,1e-05,16.24101,1,1
3507,29,2.6805172413793104,4.45,0.625,77.735,1,1
3505,16,1.7961555,2.75,0.89,28.738488,1,1
3504,3,1.3726666666666667,1.44,1.29,4.118,1,1
3500,15,3.543999933333333,9.2,0.94,53.159999,1,1
3502,13,7.600692307692308,21.75,1.74,98.809,1,1
3503,0,0.0,0.0,0.0,0.0,0,0
3501,1,1.33,1.33,1.33,1.33,1,1
3492,2,6.550000000000001,11.8,1.3,13.100000000000001,1,1
3498,2,11.995000000000001,12.99,11.0,23.990000000000002,1,1
3491,9,2.3855555555555554,2.82,2.13,21.47,1,1
3496,0,0.0,0.0,0.0,0.0,0,0
3499,4,2.1409975,2.25499,2.0,8.56399,1,1
3495,40,3.0204250000000004,3.84,1.248,120.81700000000001,1,1
3493,1,14.49,14.49,14.49,14.49,1,1
3497,0,0.0,0.0,0.0,0.0,0,0
3494,11,2.4667181818181816,5.499,1.21,27.133899999999997,1,1
3490,4,2.9924975,5.55,1.99,11.96999,1,1
3486,9,1.3575555555555556,3.0,0.499,12.218,1,1
3488,29,2.5466275172413795,6.5,1.18,73.852198,1,1
3489,3,6.06,15.0,1.49,18.18,1,1
3487,40,5.314425,15.5,2.17,212.577,1,1
3481,16,2.0489875,4.489,0.57,32.7838,1,1
3484,3,12.356666666666667,21.89,1.08,37.07,1,1
3483,1,2.0,2.0,2.0,2.0,1,1
3485,7,5.555,10.89,1.05,38.885,1,1
3482,1,14.0,14.0,14.0,14.0,1,1
3475,1,11.0,11.0,11.0,11.0,1,1
3477,1,1.4,1.4,1.4,1.4,1,1
3476,30,2.1818233,4.05,0.0021,65.454699,1,1
3478,8,2.206125,2.8,1.5,17.649,1,1
3480,9,4.550655555555555,14.0,0.86,40.9559,1,1
3472,7,4.904285714285714,10.1,1.53,34.33,1,1
3471,4,9.12975,18.0,2.25,36.519,1,1
3474,3,6.3662,9.7297,1.2999,19.0986,1,1
3479,5,9.313379999999999,22.99,2.9,46.5669,1,1
3473,1,17.0,17.0,17.0,17.0,1,1
3470,46,2.7444647608695654,7.97,1.07,126.245379,1,1
3467,2,1.105,1.21,1.0,2.21,1,1
3468,2,0.835,0.98,0.69,1.67,1,1
3469,9,3.3373166666666667,7.499,0.995,30.03585,1,1
3466,2,1.5150000000000001,2.0,1.03,3.0300000000000002,1,1
3459,9,3.2911111111111113,12.5,0.44,29.62,1,1
3456,1,10.0,10.0,10.0,10.0,1,1
3464,5,5.86,19.5,1.5,29.3,1,1
3458,14,3.6622607142857144,8.066,0.985499,51.27165,1,1
3462,15,1.1784466666666666,2.6,0.46,17.6767,1,1
3463,22,4.787859090909091,17.2,1.22,105.3329,1,1
3457,6,3.610666666666667,17.0,0.415,21.664,1,1
3465,7,10.365571428571428,16.65,0.95,72.559,1,1
3460,3,3.4818666666666664,6.5,1.3456,10.445599999999999,1,1
3461,3,5.406666666666666,13.99,1.08,16.22,1,1
3451,4,1.85025,2.084,1.6,7.401,1,1
3452,9,1.7999997777777779,3.8,1.05,16.199998,1,1
3454,4,4.167449749999999,4.319799,4.02,16.669798999999998,1,1
3453,6,3.3315,6.52,1.15,19.989,1,1
3455,2,1.025,1.05,1.0,2.05,1,1
3450,6,4.4563,9.2,1.25,26.7378,1,1
3445,1,2.4888,2.4888,2.4888,2.4888,1,1
3446,3,9.13,22.99,1.3,27.39,1,1
3447,6,1.6761666666666668,2.95,1.1,10.057,1,1
3449,13,5.155203076923077,7.35,2.1888,67.01764,1,1
3448,3,8.133333333333333,16.0,3.5,24.4,1,1
3444,35,2.2796024857142854,18.0,0.444,79.786087,1,1
3441,16,3.704825,12.0,0.7299,59.2772,1,1
3443,0,0.0,0.0,0.0,0.0,0,0
3442,0,0.0,0.0,0.0,0.0,0,0
3440,5,9.5945,17.0,0.95,47.9725,1,1
3437,73,3.6852375342465753,6.22,1.44,269.02234,1,1
3436,7,3.4971428571428573,7.35,1.45,24.48,1,1
3438,6,1.4333333333333333,1.65,1.29,8.6,1,1
3439,3,3.153,6.96,0.95,9.459,1,1
3432,1,5.5,5.5,5.5,5.5,1,1
3431,2,9.45,12.5,6.4,18.9,1,1
3434,3,9.349266666666667,24.5,1.5578,28.0478,1,1
3435,3,1.2466666666666668,1.4,1.0,3.74,1,1
3433,3,6.656666666666666,16.5,1.53,19.97,1,1
3429,1,2.3,2.3,2.3,2.3,1,1
3423,3,3.5690333333333335,4.3,2.99,10.7071,1,1
3421,13,1.769245076923077,2.88,0.75,23.000186,1,1
3425,2,35.0,60.0,10.0,70.0,1,1
3427,8,3.0953,5.68,1.22,24.7624,1,1
3424,19,4.436778421052631,10.0,0.7858,84.29879,1,1
3430,9,0.8584951111111111,2.85,0.538,7.726456,1,1
3426,19,2.7571447368421054,19.0,0.8,52.38575,1,1
3422,10,7.153700000000001,15.0,1.4,71.537,1,1
3428,4,2.9575,6.5,0.99,11.83,1,1
3416,19,1.735565052631579,3.8,1.19,32.975736,1,1
3417,1,1.2444,1.2444,1.2444,1.2444,1,1
3420,2,8.9894,16.69,1.2888,17.9788,1,1
3418,36,5.5040000000000004,11.88,2.28,198.144,1,1
3419,5,8.00826,15.0,1.3333,40.0413,1,1
3410,13,4.421138461538462,12.8,1.15,57.4748,1,1
3414,2,4.56,7.84,1.28,9.12,1,1
3415,14,2.532427857142857,4.389,1.18,35.45399,1,1
3412,1,1.3,1.3,1.3,1.3,1,1
3408,6,4.364146666666667,15.0,1.11,26.18488,1,1
3411,83,5.286862662650602,16.66,0.76,438.809601,1,1
3406,1,1.3,1.3,1.3,1.3,1,1
3413,2,6.3500000000000005,10.9,1.8,12.700000000000001,1,1
3409,10,4.653989999999999,21.3,1.1,46.539899999999996,1,1
3407,29,3.734769068965517,14.8,0.8444,108.308303,1,1
3404,21,4.324256142857142,7.0,0.602,90.80937899999999,1,1
3403,4,2.38,2.99,1.35,9.52,1,1
3402,12,6.10425,23.08,1.35,73.251,1,1
3405,19,4.6667894210526315,13.0,1.3,88.668999,1,1
3401,3,8.513333333333334,13.75,1.89,25.54,1,1
3398,1,2.222222,2.222222,2.222222,2.222222,1,1
3400,2,15.995000000000001,17.0,14.99,31.990000000000002,1,1
3399,4,7.8,13.5,1.2,31.2,1,1
3397,2,1.3,1.6,1.0,2.6,1,1
3396,10,4.869999999999999,14.5,1.94,48.699999999999996,1,1
3395,5,4.0592598,16.78,0.7478,20.296299,1,1
3389,47,3.910791489361702,11.0,0.9499,183.8072,1,1
3386,25,3.826352,4.14,2.92,95.6588,1,1
3388,2,1.3745,1.8,0.949,2.749,1,1
3394,3,5.147966666666666,7.6,1.1999,15.4439,1,1
3391,3,9.933266666666666,22.0,1.2998,29.7998,1,1
3390,1,16.49,16.49,16.49,16.49,1,1
3387,1,1.09,1.09,1.09,1.09,1,1
3392,7,2.7172857142857145,10.0,1.34,19.021,1,1
3393,1,12.0,12.0,12.0,12.0,1,1
3383,1,2.22,2.22,2.22,2.22,1,1
3380,17,3.076958823529412,15.18,1.52,52.3083,1,1
3381,2,7.33,13.0,1.66,14.66,1,1
3384,4,19.9175,69.42,1.5,79.67,1,1
3385,1,6.5,6.5,6.5,6.5,1,1
3382,9,4.315322222222222,11.815,0.78,38.8379,1,1
3366,6,1.8576,4.6,0.9,11.1456,1,1
3365,1,1.111,1.111,1.111,1.111,1,1
3376,22,5.781789681818181,21.99,0.032373,127.199373,1,1
3369,3,1.2963333333333333,1.44,1.2,3.8890000000000002,1,1
3375,0,0.0,0.0,0.0,0.0,0,0
3377,1,2.88,2.88,2.88,2.88,1,1
3378,4,3.235,5.65,2.15,12.94,1,1
3373,0,0.0,0.0,0.0,0.0,0,0
3367,6,7.463166666666666,13.99,1.199,44.778999999999996,1,1
3374,4,2.12975,2.95,1.4,8.519,1,1
3371,11,1.9543272727272727,5.15,0.48,21.4976,1,1
3370,1,10.0,10.0,10.0,10.0,1,1
3379,24,1.98267525,4.495,1.0,47.584206,1,1
3372,0,0.0,0.0,0.0,0.0,0,0
3368,5,1.6897600000000002,2.4,1.2488,8.4488,1,1
3361,18,2.986136055555556,7.0,1.55,53.750449,1,1
3350,0,0.0,0.0,0.0,0.0,0,0
3352,1,9.98,9.98,9.98,9.98,1,1
3353,10,6.25925,16.0,1.207,62.5925,1,1
3364,0,0.0,0.0,0.0,0.0,0,0
3359,7,9.700000000000001,16.0,1.8,67.9,1,1
3357,0,0.0,0.0,0.0,0.0,0,0
3360,3,0.6699999999999999,0.95,0.48,2.01,1,1
3363,0,0.0,0.0,0.0,0.0,0,0
3351,1,12.98,12.98,12.98,12.98,1,1
3356,0,0.0,0.0,0.0,0.0,0,0
3358,3,1.2059266666666666,1.4,1.1001,3.6177799999999998,1,1
3354,26,2.739803846153846,9.38,1.05,71.2349,1,1
3355,10,3.2538899999999997,15.5,1.222,32.5389,1,1
3362,2,3.95,4.3,3.6,7.9,1,1
3344,1,99.69,99.69,99.69,99.69,1,1
3348,15,2.495626,4.88,0.943,37.43439,1,1
3342,6,3.6347500000000004,6.49,1.2795,21.808500000000002,1,1
3345,0,0.0,0.0,0.0,0.0,0,0
3338,22,1.9959756818181817,6.469,0.6,43.911465,1,1
3341,11,2.681563636363636,12.9,0.88,29.4972,1,1
3346,0,0.0,0.0,0.0,0.0,0,0
3339,52,2.263103173076923,4.125,0.577,117.681365,1,1
3349,16,2.809293125,7.0,1.169,44.94869,1,1
3343,1,1.45,1.45,1.45,1.45,1,1
3347,0,0.0,0.0,0.0,0.0,0,0
3340,48,4.7807529375,24.99,0.46,229.476141,1,1
3337,0,0.0,0.0,0.0,0.0,0,0
3332,28,2.6964425,6.5,0.437,75.50039,1,1
3334,19,3.524588368421053,13.99,0.35,66.967179,1,1
3336,0,0.0,0.0,0.0,0.0,0,0
3333,0,0.0,0.0,0.0,0.0,0,0
3335,0,0.0,0.0,0.0,0.0,0,0
3327,12,0.5442851666666667,0.66,0.42,6.531422,1,1
3326,0,0.0,0.0,0.0,0.0,0,0
3331,4,1.635,1.84,1.5,6.54,1,1
3323,0,0.0,0.0,0.0,0.0,0,0
3322,0,0.0,0.0,0.0,0.0,0,0
3330,3,0.6326666666666667,0.66,0.609,1.8980000000000001,1,1
3324,0,0.0,0.0,0.0,0.0,0,0
3329,4,0.8574999999999999,1.15,0.696,3.4299999999999997,1,1
3325,6,6.71,14.5,0.99,40.26,1,1
3328,1,2.0,2.0,2.0,2.0,1,1
3314,0,0.0,0.0,0.0,0.0,0,0
3321,0,0.0,0.0,0.0,0.0,0,0
3319,4,6.369999999999999,14.79,2.69,25.479999999999997,1,1
3312,0,0.0,0.0,0.0,0.0,0,0
3316,40,2.463957225,13.7,1.41,98.558289,1,1
3317,56,3.839967142857143,6.41,1.44,215.03816,1,1
3320,3,10.999966666666666,14.0999,9.0,32.9999,1,1
3313,16,1.3825375,2.919,0.425,22.1206,1,1
3315,0,0.0,0.0,0.0,0.0,0,0
3318,2,18.244999999999997,18.99,17.5,36.489999999999995,1,1
3304,0,0.0,0.0,0.0,0.0,0,0
3311,12,1.0922913333333333,1.295,0.55,13.107496,1,1
3308,2,1.3449499999999999,1.39,1.2999,2.6898999999999997,1,1
3305,3,21.599999999999998,50.0,1.3,64.8,1,1
3306,0,0.0,0.0,0.0,0.0,0,0
3303,0,0.0,0.0,0.0,0.0,0,0
3310,5,10.1111,14.0,5.5555,50.5555,1,1
3302,0,0.0,0.0,0.0,0.0,0,0
3301,1,1.32,1.32,1.32,1.32,1,1
3307,4,0.69476525,1.38,0.455,2.779061,1,1
3309,0,0.0,0.0,0.0,0.0,0,0
3286,1,16.75,16.75,16.75,16.75,1,1
3291,1,10.4,10.4,10.4,10.4,1,1
3292,6,7.221666666666667,15.5,1.5,43.33,1,1
3300,5,4.8376,16.288,1.5,24.188000000000002,1,1
3299,46,3.7186510652173914,15.0,1.14,171.057949,1,1
3287,1,12.88,12.88,12.88,12.88,1,1
3295,4,3.35725,6.339,1.14,13.429,1,1
3288,4,4.31615,15.88,0.43,17.2646,1,1
3297,6,4.941666666666666,7.15,1.3,29.65,1,1
3289,8,4.1823125,8.85,1.31,33.4585,1,1
3296,8,6.8386249999999995,15.79,1.3,54.708999999999996,1,1
3290,13,4.155598769230769,19.88,0.468,54.022783999999994,1,1
3293,10,3.974398,8.2,0.725,39.74398,1,1
3298,4,8.785,15.89,1.3,35.14,1,1
3294,8,2.2094735,7.069,0.369,17.675788,1,1
3282,2,2.45,3.7,1.2,4.9,1,1
3281,3,1.3682996666666665,1.7499,1.16,4.104899,1,1
3283,5,1.68786,2.1799,1.25,8.4393,1,1
3284,21,2.339732380952381,7.6,0.92,49.13438,1,1
3285,7,1.1048571428571428,1.5,0.77,7.734,1,1
3279,7,3.461912857142857,6.7,1.3,24.23339,1,1
3280,34,3.0330510294117645,7.7,0.85,103.123735,1,1
3273,4,7.331725,22.0,1.1969,29.3269,1,1
3276,15,4.363266666666666,14.0,1.0,65.449,1,1
3272,9,1.3831666666666667,1.63,1.2999,12.4485,1,1
3275,3,10.746666666666668,16.75,1.49,32.24,1,1
3274,43,4.672518139534884,7.44,0.9,200.91828,1,1
3271,23,3.5788564782608696,13.5,0.94,82.313699,1,1
3278,11,4.533413636363637,13.5,0.909,49.86755,1,1
3277,11,2.626908181818182,3.59,1.25,28.89599,1,1
3269,9,2.187333333333333,4.9,0.158,19.686,1,1
3266,19,4.259953157894737,11.111111,1.09,80.93911,1,1
3267,5,4.0734,13.69,0.838,20.367,1,1
3268,3,3.78,5.49,1.4,11.34,1,1
3270,8,8.08625,15.39,0.85,64.69,1,1
3263,2,1.32,1.35,1.29,2.64,1,1
3264,1,9.18,9.18,9.18,9.18,1,1
3262,3,1.4666666666666668,1.95,1.05,4.4,1,1
3261,17,4.935882352941176,6.41,3.59,83.91,1,1
3265,0,0.0,0.0,0.0,0.0,0,0
3258,3,5.059333333333333,5.39,4.688,15.177999999999999,1,1
3259,16,3.6067368125,8.49,1.35,57.707789,1,1
3257,8,1.6423585,4.89,0.44,13.138868,1,1
3256,5,0.7485999999999999,1.22,0.595,3.743,1,1
3260,12,5.494091666666667,6.63,1.249,65.9291,1,1
3255,0,0.0,0.0,0.0,0.0,0,0
3253,0,0.0,0.0,0.0,0.0,0,0
3254,34,1.9492793529411765,5.7,0.69,66.275498,1,1
3249,7,3.1415714285714285,10.0,1.3,21.991,1,1
3251,0,0.0,0.0,0.0,0.0,0,0
3250,1,1.84,1.84,1.84,1.84,1,1
3252,4,9.0475,16.69,1.15,36.19,1,1
3247,7,3.8072285714285714,9.85,1.99,26.6506,1,1
3244,11,5.7927136363636365,13.25,1.31,63.71985,1,1
3248,2,11.225,13.95,8.5,22.45,1,1
3245,1,9.69,9.69,9.69,9.69,1,1
3246,3,10.516666666666667,17.5,1.05,31.55,1,1
3242,14,3.912184142857143,16.3,0.47,54.770578,1,1
3238,2,11.275,21.5,1.05,22.55,1,1
3240,3,10.0,16.9,6.36,30.0,1,1
3243,9,3.239998888888889,16.69,1.0,29.15999,1,1
3241,17,3.7637941176470586,9.9,1.06,63.9845,1,1
3239,3,7.916666666666667,16.8,1.95,23.75,1,1
3235,12,4.053496083333333,12.0,0.577,48.641953,1,1
3236,13,2.5108461538461535,3.577,1.45,32.641,1,1
3237,1,5.0,5.0,5.0,5.0,1,1
3234,19,3.627127315789474,14.92,1.16,68.915419,1,1
3233,3,1.6340666666666668,1.98,1.1,4.902200000000001,1,1
3232,1,21.0,21.0,21.0,21.0,1,1
3229,15,2.0865233333333335,3.24,1.22,31.29785,1,1
3227,1,4.0,4.0,4.0,4.0,1,1
3231,14,0.8353099285714285,1.2,0.48,11.694339,1,1
3228,3,3.063333333333333,4.79,1.4,9.19,1,1
3230,32,2.873491375,6.78,0.984799,91.951724,1,1
3224,3,3.0933333333333333,7.1,1.0,9.28,1,1
3226,8,1.673625,2.73,0.479,13.389,1,1
3223,4,6.743449999999999,13.69,1.095,26.973799999999997,1,1
3225,10,2.080639,4.9,1.2,20.80639,1,1
3222,5,3.9739999999999993,8.69,0.25,19.869999999999997,1,1
3218,0,0.0,0.0,0.0,0.0,0,0
3217,0,0.0,0.0,0.0,0.0,0,0
3212,2,7.1850000000000005,13.0,1.37,14.370000000000001,1,1
3214,10,8.35699,15.0,3.0,83.5699,1,1
3211,1,1.3,1.3,1.3,1.3,1,1
3206,57,4.5497385964912285,6.71,0.92,259.3351,1,1
3219,8,3.8056375,6.58,1.385,30.4451,1,1
3221,1,48.0,48.0,48.0,48.0,1,1
3209,7,14.441428571428572,22.0,6.2,101.09,1,1
3216,15,2.5277766666666666,4.829,0.938,37.91665,1,1
3210,3,1.1083333333333334,1.35,0.775,3.325,1,1
3213,8,0.9619375,1.1399,0.787,7.6955,1,1
3205,5,7.537998,23.75,0.81,37.68999,1,1
3220,16,2.29050975,4.88,0.606,36.648156,1,1
3207,38,3.4262510789473684,15.39,0.364,130.197541,1,1
3208,4,2.25725,2.85,1.0,9.029,1,1
3215,5,1.3251240000000002,1.4734,1.18222,6.6256200000000005,1,1
3195,0,0.0,0.0,0.0,0.0,0,0
3196,28,3.07606775,4.63,1.1,86.129897,1,1
3200,22,6.191818181818181,15.0,0.8,136.22,1,1
3198,1,4.999,4.999,4.999,4.999,1,1
3199,10,5.6717399,20.0,1.8,56.717399,1,1
3201,5,2.724,5.0,0.8,13.620000000000001,1,1
3204,26,4.853975,7.49,1.0,126.20335,1,1
3203,159,3.551823811320755,6.22,1.011,564.739986,1,1
3202,2,3.75,5.0,2.5,7.5,1,1
3197,3,7.629666666666666,12.0,1.389,22.889,1,1
3190,1,5.45,5.45,5.45,5.45,1,1
3194,30,4.344046333333334,8.25,1.07,130.32139,1,1
3192,2,4.779999999999999,5.3,4.26,9.559999999999999,1,1
3193,29,3.7455808965517243,15.7,0.99,108.621846,1,1
3191,15,2.1517525333333336,3.4103,1.38,32.276288,1,1
3187,6,6.443362833333334,20.0,1.6,38.660177000000004,1,1
3185,15,3.7117933333333335,9.09,1.12,55.6769,1,1
3186,1,1.66,1.66,1.66,1.66,1,1
3188,4,5.7219999999999995,9.99,1.2,22.887999999999998,1,1
3189,2,1.42,1.74,1.1,2.84,1,1
3182,3,5.941851666666667,11.555555,2.77,17.825555,1,1
3183,8,3.27673625,8.9999,0.74099,26.21389,1,1
3184,2,10.165000000000001,12.88,7.45,20.330000000000002,1,1
3180,1,2.72,2.72,2.72,2.72,1,1
3181,4,12.9907,22.288,1.299,51.9628,1,1
3177,5,6.81,9.4,2.8,34.05,1,1
3179,3,18.833333333333332,35.0,8.0,56.5,1,1
3175,8,2.7985,4.9,1.16,22.388,1,1
3178,42,4.250272380952381,12.5,0.95,178.51144,1,1
3176,16,2.219525875,3.0,1.85,35.512414,1,1
3173,34,3.2993669411764706,13.5,0.99,112.178476,1,1
3171,1,0.99,0.99,0.99,0.99,1,1
3172,9,1.0907911111111113,4.48,0.01,9.817120000000001,1,1
3170,17,2.8205822352941174,16.9,0.747,47.949898,1,1
3174,0,0.0,0.0,0.0,0.0,0,0
3167,4,6.6875,11.55,2.3,26.75,1,1
3169,8,4.1024,11.69,1.488,32.8192,1,1
3168,6,1.8953133333333334,5.7,0.97,11.37188,1,1
3166,4,11.69,40.0,1.21,46.76,1,1
3164,0,0.0,0.0,0.0,0.0,0,0
3165,5,4.754099999999999,15.8,0.98,23.7705,1,1
3161,2,17.7,21.9,13.5,35.4,1,1
3162,7,6.135768571428572,17.6942,0.543,42.95038,1,1
3163,2,2.035,3.1,0.97,4.07,1,1
3160,14,3.7545285714285717,4.44,1.5,52.5634,1,1
3158,8,2.9032662499999997,6.75,1.02,23.226129999999998,1,1
3159,49,4.941869367346939,9.99,2.1,242.151599,1,1
3155,23,4.852565217391304,6.41,0.969,111.609,1,1
3156,2,6.4838499999999994,9.69,3.2777,12.967699999999999,1,1
3153,10,2.7626,14.5,0.96,27.626,1,1
3157,2,19.19345,27.69,10.6969,38.3869,1,1
3154,15,6.304666666666666,13.0,1.0,94.57,1,1
3144,13,4.419391846153847,12.9,0.37,57.452094,1,1
3151,0,0.0,0.0,0.0,0.0,0,0
3145,2,1.645,1.99,1.3,3.29,1,1
3143,52,3.202187692307692,12.1,1.18,166.51376,1,1
3146,1,1.3,1.3,1.3,1.3,1,1
3147,1,3.1,3.1,3.1,3.1,1,1
3152,0,0.0,0.0,0.0,0.0,0,0
3149,8,4.23725,7.5,1.13,33.898,1,1
3150,0,0.0,0.0,0.0,0.0,0,0
3148,0,0.0,0.0,0.0,0.0,0,0
3117,1,1.3,1.3,1.3,1.3,1,1
3133,4,5.215,12.0,0.86,20.86,1,1
3136,2,1.125,1.4,0.85,2.25,1,1
3120,1,2.49,2.49,2.49,2.49,1,1
3132,1,7.0,7.0,7.0,7.0,1,1
3137,3,6.063,10.0,1.189,18.189,1,1
3128,3,6.668966666666667,16.0,0.0069,20.0069,1,1
3124,8,11.0599875,23.0,0.9,88.4799,1,1
3135,9,3.758844444444444,12.2,0.81,33.8296,1,1
3134,2,1.2,1.45,0.95,2.4,1,1
3118,9,3.322477777777778,7.6,0.69,29.9023,1,1
3142,0,0.0,0.0,0.0,0.0,0,0
3131,0,0.0,0.0,0.0,0.0,0,0
3119,15,2.1647667333333334,2.8,1.27,32.471501,1,1
3129,2,8.375,12.75,4.0,16.75,1,1
3115,4,12.46,16.25,4.1,49.84,1,1
3126,3,5.16,13.4,0.89,15.48,1,1
3139,3,17.55,21.5,15.25,52.65,1,1
3141,4,4.7313695,14.0,0.44,18.925478,1,1
3127,16,2.4527048125,4.57,1.05,39.243277,1,1
3123,2,7.495,12.0,2.99,14.99,1,1
3130,3,5.7743,12.5,2.1106,17.3229,1,1
3138,4,2.31149,6.969,0.362,9.24596,1,1
3122,36,2.457224722222222,3.4,0.58,88.46009,1,1
3125,2,1.2494999999999998,1.299,1.2,2.4989999999999997,1,1
3121,2,1.4145,1.499,1.33,2.829,1,1
3116,2,18.595,22.69,14.5,37.19,1,1
3140,0,0.0,0.0,0.0,0.0,0,0
3103,8,3.7089499999999997,6.2,1.1,29.671599999999998,1,1
3113,3,0.9371666666666666,0.964,0.8975,2.8114999999999997,1,1
3102,4,3.0725,6.2,1.17,12.29,1,1
3112,34,2.3033086176470587,20.2,0.38495,78.312493,1,1
3105,9,1.5621666666666667,1.71,1.35,14.0595,1,1
3110,103,3.901814563106796,23.0,0.4188,401.8869,1,1
3111,49,3.362240755102041,12.6,1.359,164.749797,1,1
3104,69,4.342239130434783,6.22,0.96,299.6145,1,1
3107,14,5.139328571428571,15.0,1.32,71.9506,1,1
3100,5,1.456,2.161,1.149,7.279999999999999,1,1
3101,2,10.0,15.0,5.0,20.0,1,1
3106,4,1.44462525,1.881,1.0,5.778501,1,1
3108,6,6.103000000000001,24.5,0.76,36.618,1,1
3114,4,13.167475,20.0,3.8999,52.6699,1,1
3109,1,36.69,36.69,36.69,36.69,1,1
3095,6,7.976666666666667,15.8,1.11,47.86,1,1
3097,1,29.5,29.5,29.5,29.5,1,1
3098,14,5.5373,8.0,0.88,77.5222,1,1
3099,6,1.8535000000000001,3.5,0.93,11.121,1,1
3096,10,3.6123800000000004,10.9,1.09,36.1238,1,1
3091,32,2.9342153125,4.18,1.259,93.89489,1,1
3092,0,0.0,0.0,0.0,0.0,0,0
3094,9,5.7298888888888895,7.35,1.95,51.569,1,1
3093,14,2.6932125,17.0,0.429075,37.704975,1,1
3090,16,5.0462495,15.0,1.0,80.739992,1,1
3089,31,3.306579322580645,14.95,0.581,102.503959,1,1
3086,14,4.752629428571429,6.73,1.879,66.536812,1,1
3085,3,3.985666666666667,4.677,2.88,11.957,1,1
3087,2,6.995,13.0,0.99,13.99,1,1
3088,24,3.4189120833333333,15.2,1.4981,82.05389,1,1
3075,0,0.0,0.0,0.0,0.0,0,0
3082,18,2.657738277777778,19.4,0.593699,47.839289,1,1
3073,4,0.6812475,1.0,0.355,2.72499,1,1
3080,2,1.15,1.35,0.95,2.3,1,1
3083,45,2.1354495333333334,13.0,0.435,96.095229,1,1
3077,5,6.572,17.5,1.2,32.86,1,1
3081,17,2.228647647058824,9.99,0.474,37.887010000000004,1,1
3070,1,12.5,12.5,12.5,12.5,1,1
3071,10,6.07042,17.45,1.0,60.7042,1,1
3076,11,5.419899999999999,22.88,0.701,59.6189,1,1
3084,4,8.46875,20.0,1.375,33.875,1,1
3072,6,13.751666666666665,69.69,1.37,82.50999999999999,1,1
3078,0,0.0,0.0,0.0,0.0,0,0
3074,16,3.9087625,16.0,0.82,62.5402,1,1
3079,0,0.0,0.0,0.0,0.0,0,0
3058,4,1.9949999999999999,3.8,0.95,7.9799999999999995,1,1
3057,3,7.406666666666666,10.78,0.94,22.22,1,1
3065,1,16.5,16.5,16.5,16.5,1,1
3059,58,4.057981034482759,10.68,1.19,235.3629,1,1
3060,7,2.737142857142857,4.0,1.13,19.16,1,1
3055,14,4.3454205,16.35,0.78,60.835887,1,1
3067,4,4.23,5.8,2.99,16.92,1,1
3066,21,0.9040942380952381,4.19,0.474,18.985979,1,1
3063,5,5.406000000000001,12.5,1.13,27.03,1,1
3068,10,6.8315,7.99,6.13,68.315,1,1
3056,3,8.163333333333334,15.99,4.0,24.490000000000002,1,1
3062,5,5.872,13.69,1.17,29.36,1,1
3069,12,1.3661575,2.42069,0.7229,16.39389,1,1
3061,53,2.9407566037735853,8.108,0.938,155.86010000000002,1,1
3064,10,5.495369999999999,17.0,1.13,54.9537,1,1
3048,8,1.6298498750000001,2.06,0.95,13.038799000000001,1,1
3052,4,2.81475,4.25,2.0,11.259,1,1
3045,0,0.0,0.0,0.0,0.0,0,0
3053,6,9.1165,20.5,1.4,54.699,1,1
3051,26,4.745688461538462,6.28,3.34,123.3879,1,1
3054,6,1.7799833333333333,2.9,0.95,10.6799,1,1
3046,1,2.1,2.1,2.1,2.1,1,1
3047,25,5.3270836,7.87,1.19999,133.17709,1,1
3049,1,2.1,2.1,2.1,2.1,1,1
3050,0,0.0,0.0,0.0,0.0,0,0
3040,5,2.01876,4.2069,1.15,10.0938,1,1
3042,5,6.24602,14.5,1.49,31.2301,1,1
3036,6,2.7988166666666667,3.9,1.3399,16.7929,1,1
3038,3,5.800633333333334,10.0,1.2789,17.4019,1,1
3041,3,3.4666333333333337,3.9,3.2,10.3999,1,1
3044,9,7.0521753333333335,19.0,1.292778,63.469578,1,1
3043,1,1.28,1.28,1.28,1.28,1,1
3037,7,9.78857142857143,15.9,1.32,68.52000000000001,1,1
3035,6,8.094983333333333,13.2,1.3799,48.5699,1,1
3039,4,2.627275,3.8,1.4899,10.5091,1,1
3028,25,4.200347079999999,20.0,1.14,105.00867699999999,1,1
3033,27,6.572738925925926,23.99,0.432,177.463951,1,1
3025,6,5.707333333333334,10.9,1.434,34.244,1,1
3031,21,3.615523761904762,6.3333,0.48,75.925999,1,1
3034,0,0.0,0.0,0.0,0.0,0,0
3030,2,8.895,9.0,8.79,17.79,1,1
3029,4,5.9525,15.0,1.0,23.81,1,1
3026,22,2.462606272727273,14.99,0.39964,54.177338,1,1
3032,39,3.036976358974359,5.38,0.932,118.442078,1,1
3027,3,9.011666666666667,18.0,1.175,27.035,1,1
3012,8,5.8912375,19.89,0.66,47.1299,1,1
3014,2,1.256165,1.369,1.14333,2.51233,1,1
3018,15,1.9846,3.59,0.627,29.769,1,1
3008,2,13.95,14.9,13.0,27.9,1,1
3021,77,3.587018207792208,13.71,0.8918,276.200402,1,1
3017,1,2.1,2.1,2.1,2.1,1,1
3016,38,4.200404131578947,6.41,0.54,159.615357,1,1
3013,3,1.8123663333333333,2.026899,1.5,5.437099,1,1
3019,23,1.424020782608696,6.269993,0.419,32.752478,1,1
3011,8,4.70666125,14.99,1.3,37.65329,1,1
3009,11,1.813999,3.5,1.09,19.953989,1,1
3020,4,5.05235,9.75,2.35,20.2094,1,1
3010,3,4.1829,9.7488,1.3,12.5487,1,1
3015,12,1.9688331666666665,2.48,1.59,23.625998,1,1
3022,32,5.7441721875,7.64,0.9259,183.81351,1,1
3023,8,4.5002125,14.2,0.9899,36.0017,1,1
3024,1,1.149,1.149,1.149,1.149,1,1
3004,3,14.793333333333335,16.0,13.58,44.38,1,1
3005,4,8.927249999999999,19.5,1.4,35.708999999999996,1,1
3006,1,1.3269,1.3269,1.3269,1.3269,1,1
3007,0,0.0,0.0,0.0,0.0,0,0
3003,1,11.45,11.45,11.45,11.45,1,1
2997,22,2.3143454545454545,3.0,0.82,50.9156,1,1
2999,0,0.0,0.0,0.0,0.0,0,0
2996,6,8.355833333333333,29.0,1.28,50.135,1,1
3002,21,2.336677,15.15,0.867,49.070217,1,1
2993,5,5.4558506,10.8,1.129253,27.279253,1,1
3001,3,3.401666666666667,4.5,2.8,10.205,1,1
2994,8,1.4775,1.9,1.33,11.82,1,1
2995,0,0.0,0.0,0.0,0.0,0,0
2998,3,5.11,8.85,3.08,15.33,1,1
3000,0,0.0,0.0,0.0,0.0,0,0
2990,0,0.0,0.0,0.0,0.0,0,0
2991,1,13.69,13.69,13.69,13.69,1,1
2988,18,1.9571472222222224,2.6,0.98,35.22865,1,1
2992,2,12.87,14.95,10.79,25.74,1,1
2989,3,10.566666666666666,25.7,3.0,31.7,1,1
2986,4,11.0375,17.5,1.75,44.15,1,1
2985,1,1.95,1.95,1.95,1.95,1,1
2983,37,3.2419727027027028,13.2,0.76,119.95299,1,1
2984,7,7.180285714285715,22.8651,1.4,50.262,1,1
2987,4,8.7725,14.0,3.15,35.09,1,1
2982,9,4.054355444444444,7.7,0.95,36.489199,1,1
2977,15,4.575811333333333,24.5,1.1527,68.63717,1,1
2981,63,3.8704883333333333,7.0,1.0,243.840765,1,1
2978,2,3.1500000000000004,4.15,2.15,6.300000000000001,1,1
2980,11,5.052724545454545,12.488,0.9799,55.579969999999996,1,1
2979,2,4.0,7.1,0.9,8.0,1,1
2971,5,8.864,18.0,0.95,44.32,1,1
2976,3,2.710333,3.351999,1.499,8.130999,1,1
2969,18,2.053479888888889,6.828,0.453949,36.962638,1,1
2974,0,0.0,0.0,0.0,0.0,0,0
2970,4,5.144975,6.67,1.06,20.5799,1,1
2973,21,4.117980952380952,10.99,0.76,86.4776,1,1
2968,11,5.319554545454546,14.39,1.1801,58.515100000000004,1,1
2972,20,1.82256295,3.488,0.46336,36.451259,1,1
2975,0,0.0,0.0,0.0,0.0,0,0
2967,1,11.5,11.5,11.5,11.5,1,1
2946,3,6.686333333333333,9.99,5.0,20.058999999999997,1,1
2947,2,3.7656,6.2312,1.3,7.5312,1,1
2940,2,7.745,11.0,4.49,15.49,1,1
2960,7,3.964228571428571,18.97,0.568,27.749599999999997,1,1
2957,1,1.2969,1.2969,1.2969,1.2969,1,1
2945,3,2.906633333333333,6.5,0.85,8.719899999999999,1,1
2963,3,5.463,8.0,1.189,16.389,1,1
2944,26,3.7540217692307696,16.99,0.99,97.604566,1,1
2948,3,1.6059999999999999,1.799,1.361,4.818,1,1
2965,37,3.7813481081081077,5.6,1.2139,139.90988,1,1
2938,12,1.0164016666666666,1.88,0.814,12.19682,1,1
2964,51,3.2265725098039213,7.64,1.03,164.555198,1,1
2939,1,14.99,14.99,14.99,14.99,1,1
2959,6,4.320316666666667,12.0,0.362,25.9219,1,1
2952,2,2.48075,2.648,2.3135,4.9615,1,1
2951,25,5.93256,7.044,1.0,148.314,1,1
2942,9,3.4849555555555556,15.0,1.2957,31.3646,1,1
2966,2,1.493225,1.58995,1.3965,2.98645,1,1
2962,10,2.0288146,2.88,1.19,20.288146,1,1
2958,3,1.2530000000000001,1.49,1.1,3.7590000000000003,1,1
2943,4,2.102745,2.801,1.41,8.41098,1,1
2949,3,2.2769,2.99,1.8507,6.8307,1,1
2954,0,0.0,0.0,0.0,0.0,0,0
2941,11,5.557618181818182,15.9,2.18,61.1338,1,1
2955,0,0.0,0.0,0.0,0.0,0,0
2961,3,4.676633333333334,6.5799,1.3,14.029900000000001,1,1
2956,7,4.109814285714286,7.3,1.169,28.768700000000003,1,1
2950,4,16.0375,41.25,0.9,64.15,1,1
2953,1,2.0,2.0,2.0,2.0,1,1
2936,4,8.95,22.0,1.55,35.8,1,1
2933,3,1.4946666666666666,1.985,1.24,4.484,1,1
2935,0,0.0,0.0,0.0,0.0,0,0
2937,2,8.35,14.95,1.75,16.7,1,1
2934,19,2.3893105263157897,3.85,0.97,45.3969,1,1
2928,7,9.536442714285714,22.0,1.4,66.755099,1,1
2932,3,6.4799999999999995,9.29,3.33,19.439999999999998,1,1
2931,18,3.3155055555555553,4.81,1.45,59.6791,1,1
2929,6,6.713683333333333,15.99,1.3999,40.2821,1,1
2930,3,2.4433333333333334,3.18,1.85,7.33,1,1
2917,0,0.0,0.0,0.0,0.0,0,0
2926,0,0.0,0.0,0.0,0.0,0,0
2925,0,0.0,0.0,0.0,0.0,0,0
2919,0,0.0,0.0,0.0,0.0,0,0
2920,0,0.0,0.0,0.0,0.0,0,0
2918,23,1.5844141739130435,11.5,0.485,36.441526,1,1
2922,5,5.439760000000001,11.0,2.06,27.198800000000002,1,1
2921,0,0.0,0.0,0.0,0.0,0,0
2927,0,0.0,0.0,0.0,0.0,0,0
2923,0,0.0,0.0,0.0,0.0,0,0
2924,0,0.0,0.0,0.0,0.0,0,0
2912,1,50.0,50.0,50.0,50.0,1,1
2904,2,5.705,10.11,1.3,11.41,1,1
2914,1,19.0,19.0,19.0,19.0,1,1
2903,7,9.114285714285716,16.9,1.35,63.800000000000004,1,1
2905,2,7.52,13.69,1.35,15.04,1,1
2915,40,3.143484425,12.9,0.751,125.739377,1,1
2911,22,1.9101954545454545,3.21,1.398,42.0243,1,1
2907,18,3.216837777777778,15.69,0.924,57.90308,1,1
2909,2,1.5699999999999998,2.0,1.14,3.1399999999999997,1,1
2910,26,3.924944038461539,11.99,1.0,102.048545,1,1
2916,4,12.254999999999999,17.77,6.5,49.019999999999996,1,1
2913,8,12.44375,20.9,2.15,99.55,1,1
2908,2,2.0345,2.77,1.299,4.069,1,1
2906,1,0.99,0.99,0.99,0.99,1,1
2900,0,0.0,0.0,0.0,0.0,0,0
2902,0,0.0,0.0,0.0,0.0,0,0
2901,0,0.0,0.0,0.0,0.0,0,0
2896,13,1.8800123076923076,2.68,0.75,24.44016,1,1
2899,3,8.083333333333334,17.0,3.45,24.25,1,1
2898,2,1.563385,2.1,1.02677,3.12677,1,1
2897,17,3.685992882352941,14.8,1.44,62.661879,1,1
2895,2,9.575000000000001,17.89,1.26,19.150000000000002,1,1
2890,12,2.5132499999999998,10.25,1.299,30.159,1,1
2888,3,5.488333333333333,12.25,1.335,16.465,1,1
2887,5,12.700980000000001,22.0,1.2749,63.504900000000006,1,1
2885,6,2.9351333333333334,4.3009,1.3899,17.6108,1,1
2889,3,4.108,7.99,1.324,12.324,1,1
2891,1,11.25,11.25,11.25,11.25,1,1
2893,11,4.739,21.7,1.0,52.129,1,1
2894,1,3.75,3.75,3.75,3.75,1,1
2892,12,3.8633333333333333,5.641,1.3,46.36,1,1
2886,5,5.445,16.5,0.9,27.225,1,1
2883,21,3.1444133333333335,3.82,1.135,66.03268,1,1
2884,17,3.2434235294117646,13.4,1.36,55.1382,1,1
2880,3,1.4349999999999998,1.865,1.19,4.305,1,1
2881,3,5.541666666666667,7.89,1.865,16.625,1,1
2882,77,4.525524337662338,12.798,0.36,348.465374,1,1
2879,2,6.3995,11.5,1.299,12.799,1,1
2866,10,3.860434,6.99,0.94,38.60434,1,1
2861,0,0.0,0.0,0.0,0.0,0,0
2862,0,0.0,0.0,0.0,0.0,0,0
2864,19,4.202504947368421,17.5,0.589,79.847594,1,1
2874,3,4.78,9.96,1.28,14.34,1,1
2869,14,3.3007142857142857,12.69,1.17,46.21,1,1
2877,1,1.349,1.349,1.349,1.349,1,1
2868,23,1.9464826086956522,2.82,0.92,44.7691,1,1
2871,1,3.1,3.1,3.1,3.1,1,1
2865,4,6.195,15.0,3.1,24.78,1,1
2872,1,4.0,4.0,4.0,4.0,1,1
2863,0,0.0,0.0,0.0,0.0,0,0
2860,21,4.014966666666667,9.969,1.55,84.3143,1,1
2875,2,6.57,12.0,1.14,13.14,1,1
2876,32,3.145420125,5.59,0.66,100.653444,1,1
2878,11,7.445363636363637,16.9,0.85,81.899,1,1
2873,2,10.745000000000001,18.0,3.49,21.490000000000002,1,1
2867,3,1.6633333333333333,2.89,1.0,4.99,1,1
2870,20,1.6420644500000001,4.6997,0.624,32.841289,1,1
2857,3,6.778966666666666,14.2069,1.14,20.3369,1,1
2856,0,0.0,0.0,0.0,0.0,0,0
2859,0,0.0,0.0,0.0,0.0,0,0
2858,9,3.8005210000000003,11.95,1.12,34.204689,1,1
2855,5,8.453999999999999,15.0,3.8,42.269999999999996,1,1
2851,2,5.415,9.5,1.33,10.83,1,1
2847,48,4.3260604166666665,14.0,1.2999,207.6509,1,1
2853,19,6.2540894736842105,7.7387,1.33,118.82770000000001,1,1
2848,1,9.9999,9.9999,9.9999,9.9999,1,1
2852,8,3.8587499999999997,13.0,0.7,30.869999999999997,1,1
2845,51,3.8982142352941174,19.4,1.35,198.80892599999999,1,1
2846,2,5.4,9.5,1.3,10.8,1,1
2850,9,1.582228888888889,2.88,1.329,14.24006,1,1
2854,10,3.016477,8.7568,1.269,30.16477,1,1
2849,2,1.35,1.4,1.3,2.7,1,1
2836,7,3.3415571428571433,13.0,1.15,23.390900000000002,1,1
2841,4,12.98975,14.969,9.69,51.959,1,1
2834,3,4.435633333333333,7.8,1.3,13.306899999999999,1,1
2839,27,5.354662962962963,6.22,1.4,144.5759,1,1
2844,1,3.68,3.68,3.68,3.68,1,1
2843,4,5.6625,10.5,2.4,22.65,1,1
2835,1,2.0,2.0,2.0,2.0,1,1
2840,1,9.5,9.5,9.5,9.5,1,1
2833,4,2.6775,3.42,1.3,10.71,1,1
2830,4,3.735,10.0,0.9,14.94,1,1
2831,9,4.383333333333334,16.0,0.84,39.45,1,1
2832,4,3.87875,9.5,1.3,15.515,1,1
2837,2,2.25,2.5,2.0,4.5,1,1
2842,0,0.0,0.0,0.0,0.0,0,0
2838,1,1.05,1.05,1.05,1.05,1,1
2829,1,5.01,5.01,5.01,5.01,1,1
2826,5,6.894,10.3,1.5,34.47,1,1
2828,1,1.5,1.5,1.5,1.5,1,1
2825,1,1.1,1.1,1.1,1.1,1,1
2827,6,9.9,17.4,2.0,59.4,1,1
2823,3,9.76,25.0,1.28,29.28,1,1
2820,8,1.9708875000000001,7.73,0.869,15.767100000000001,1,1
2822,7,2.4985714285714287,4.2,1.19,17.490000000000002,1,1
2821,54,2.7762843333333334,7.5,1.16,149.919354,1,1
2824,4,2.5725,3.4,1.24,10.29,1,1
2819,7,9.484285714285715,28.0,1.3,66.39,1,1
2817,7,5.132857142857143,6.5,1.3,35.93,1,1
2818,33,2.922684818181818,9.9999,1.16,96.448599,1,1
2816,7,4.6799985714285715,11.0,1.9,32.75999,1,1
2815,1,1.9999,1.9999,1.9999,1.9999,1,1
2810,6,3.895766666666667,5.0606,1.1,23.3746,1,1
2813,3,3.4883333333333333,4.745,2.22,10.465,1,1
2812,1,1.35,1.35,1.35,1.35,1,1
2811,17,3.5702529411764705,6.61,0.9,60.6943,1,1
2814,9,4.835555555555556,13.75,0.97,43.52,1,1
2805,22,4.587722681818182,11.0,0.94,100.929899,1,1
2800,15,2.290166,6.625,0.366,34.35249,1,1
2807,4,2.97975,8.69,0.979,11.919,1,1
2808,4,8.155750000000001,16.0,1.333,32.623000000000005,1,1
2803,0,0.0,0.0,0.0,0.0,0,0
2802,0,0.0,0.0,0.0,0.0,0,0
2806,6,2.429,8.0,1.05,14.574,1,1
2809,8,1.273125,5.0,0.471,10.185,1,1
2801,1,4.9969,4.9969,4.9969,4.9969,1,1
2804,4,5.172499999999999,15.5,1.25,20.689999999999998,1,1
2791,14,2.3851183571428574,13.5,1.17,33.391657,1,1
2785,0,0.0,0.0,0.0,0.0,0,0
2795,6,5.333333333333333,11.49,1.35,32.0,1,1
2797,14,4.991118571428571,19.9,0.439,69.87566,1,1
2786,0,0.0,0.0,0.0,0.0,0,0
2792,0,0.0,0.0,0.0,0.0,0,0
2794,3,9.549999999999999,15.75,5.9,28.65,1,1
2796,10,9.6658,18.9,1.49,96.658,1,1
2788,1,1.05,1.05,1.05,1.05,1,1
2787,2,6.94,10.88,3.0,13.88,1,1
2789,17,2.614523470588235,4.46,1.52,44.446899,1,1
2799,6,3.906333333333333,9.1,0.72,23.438,1,1
2790,3,6.599999999999999,14.1,2.8,19.799999999999997,1,1
2798,2,0.967,0.984,0.95,1.934,1,1
2793,25,5.703684000000001,19.8,1.9,142.59210000000002,1,1
2782,1,50.0,50.0,50.0,50.0,1,1
2783,21,3.484962238095238,25.0,0.93,73.184207,1,1
2780,21,3.400077619047619,20.0,0.8,71.40163,1,1
2781,2,10.674999999999999,16.4,4.95,21.349999999999998,1,1
2784,3,1.1793333333333333,1.588,0.85,3.5380000000000003,1,1
2779,7,3.4826571428571427,10.0,0.95,24.3786,1,1
2776,3,2.196266666666667,3.8888,1.35,6.5888,1,1
2777,5,1.884,3.4,0.84,9.42,1,1
2778,9,2.5720698888888887,14.75,0.952,23.148629,1,1
2775,6,1.1318333333333335,1.44,0.762,6.791,1,1
2773,2,6.745,11.0,2.49,13.49,1,1
2771,3,3.8466666666666662,9.2,0.95,11.54,1,1
2772,0,0.0,0.0,0.0,0.0,0,0
2770,6,2.20115,3.7,1.1689,13.206900000000001,1,1
2774,0,0.0,0.0,0.0,0.0,0,0
2769,30,3.1970879666666665,13.9,0.722,95.912639,1,1
2766,3,3.4,5.1,2.54,10.2,1,1
2765,5,2.47458,3.48,1.87,12.3729,1,1
2762,14,2.0427569285714284,3.323,0.501,28.598596999999998,1,1
2768,3,6.1000000000000005,16.0,1.0,18.3,1,1
2764,4,6.53975,11.5,2.099,26.159,1,1
2763,2,1.3375,1.375,1.3,2.675,1,1
2767,1,13.1,13.1,13.1,13.1,1,1
2747,7,4.351897571428571,6.078783,3.78,30.463282999999997,1,1
2761,2,55.5,91.0,20.0,111.0,1,1
2759,4,8.44975,15.5,1.449,33.799,1,1
2760,4,4.4567499999999995,5.5,3.25,17.826999999999998,1,1
2751,2,4.2245,7.16,1.289,8.449,1,1
2756,41,4.112090219512195,13.99,0.956,168.595699,1,1
2753,5,1.2508000000000001,3.5,0.35,6.2540000000000004,1,1
2752,1,0.955,0.955,0.955,0.955,1,1
2749,3,1.4126666666666665,1.548,1.25,4.2379999999999995,1,1
2750,6,10.33,17.0,3.33,61.980000000000004,1,1
2754,2,5.894500000000001,10.8,0.989,11.789000000000001,1,1
2758,3,9.116666666666665,16.9,3.95,27.349999999999998,1,1
2757,5,8.49066,20.2133,2.2,42.4533,1,1
2748,2,5.995,6.09,5.9,11.99,1,1
2755,55,2.3022308545454546,7.7,0.74,126.622697,1,1
2740,2,1.09,1.28,0.9,2.18,1,1
2722,5,5.06454,15.0,2.31,25.3227,1,1
2723,11,2.0127272727272727,4.5,0.8,22.14,1,1
2746,1,0.8,0.8,0.8,0.8,1,1
2737,3,7.496666666666667,10.5,4.0,22.490000000000002,1,1
2743,1,4.45,4.45,4.45,4.45,1,1
2745,4,1.70769975,3.0,1.05,6.830799,1,1
2742,0,0.0,0.0,0.0,0.0,0,0
2726,24,5.897826666666667,14.0,4.76,141.54784,1,1
2738,21,3.0979544761904765,6.91,0.93,65.057044,1,1
2733,8,5.55125,14.69,1.25,44.41,1,1
2735,1,5.0,5.0,5.0,5.0,1,1
2730,5,2.7696,3.728,0.8,13.848,1,1
2744,0,0.0,0.0,0.0,0.0,0,0
2727,1,4.8,4.8,4.8,4.8,1,1
2736,6,1.8799085,2.1291,1.124,11.279451,1,1
2734,0,0.0,0.0,0.0,0.0,0,0
2739,20,1.6861350000000002,3.5,1.1871,33.7227,1,1
2732,4,6.9475,9.79,2.0,27.79,1,1
2731,1,1.8,1.8,1.8,1.8,1,1
2725,1,6.0,6.0,6.0,6.0,1,1
2741,4,6.1,12.88,1.38,24.4,1,1
2724,0,0.0,0.0,0.0,0.0,0,0
2728,2,4.4365000000000006,7.033,1.84,8.873000000000001,1,1
2729,3,12.066666666666668,17.0,4.0,36.2,1,1
2718,3,5.2932999999999995,13.4,1.1,15.8799,1,1
2717,3,1.1663333333333334,1.3,1.03,3.499,1,1
2719,1,1.33,1.33,1.33,1.33,1,1
2716,1,1.3,1.3,1.3,1.3,1,1
2721,4,2.292125,3.5,1.2885,9.1685,1,1
2720,6,4.7,11.0,1.35,28.2,1,1
2715,0,0.0,0.0,0.0,0.0,0,0
2714,3,1.3366666666666667,1.38,1.3,4.01,1,1
2712,17,3.105482941176471,3.83,1.2,52.79321,1,1
2711,1,1.55,1.55,1.55,1.55,1,1
2713,3,3.0833333333333335,3.74,2.51,9.25,1,1
2686,0,0.0,0.0,0.0,0.0,0,0
2705,2,0.94,1.01,0.87,1.88,1,1
2692,27,3.6938755555555556,14.4,1.09,99.73464,1,1
2689,0,0.0,0.0,0.0,0.0,0,0
2688,0,0.0,0.0,0.0,0.0,0,0
2708,0,0.0,0.0,0.0,0.0,0,0
2700,26,3.669492307692308,6.63,2.28,95.4068,1,1
2698,0,0.0,0.0,0.0,0.0,0,0
2691,1,1.89,1.89,1.89,1.89,1,1
2687,0,0.0,0.0,0.0,0.0,0,0
2707,0,0.0,0.0,0.0,0.0,0,0
2701,41,4.498148756097561,6.41,0.9,184.424099,1,1
2694,6,13.955,21.0,1.49,83.73,1,1
2704,7,1.6514041428571427,3.675,0.75,11.559828999999999,1,1
2696,4,1.6575,1.798,1.402,6.63,1,1
2702,10,3.0376789,6.53,0.86,30.376789,1,1
2695,2,2.25,3.0,1.5,4.5,1,1
2706,0,0.0,0.0,0.0,0.0,0,0
2690,0,0.0,0.0,0.0,0.0,0,0
2693,2,1.35,1.56,1.14,2.7,1,1
2697,0,0.0,0.0,0.0,0.0,0,0
2703,3,0.8833000000000001,0.9899,0.79,2.6499,1,1
2709,38,3.564416,15.95,0.96,135.447808,1,1
2699,23,2.754195,3.549999,1.312,63.346485,1,1
2710,0,0.0,0.0,0.0,0.0,0,0
2684,1,20.0,20.0,20.0,20.0,1,1
2683,8,0.5088495,0.57,0.47,4.070796,1,1
2682,0,0.0,0.0,0.0,0.0,0,0
2685,7,4.261428571428572,8.5,1.2,29.83,1,1
2681,1,7.5,7.5,7.5,7.5,1,1
2677,3,9.675633333333332,16.9269,1.1,29.026899999999998,1,1
2675,4,6.21,11.35,1.1,24.84,1,1
2680,5,11.68,26.0,2.5,58.4,1,1
2678,5,9.229980000000001,16.9,1.1,46.1499,1,1
2676,11,6.102375454545455,16.69,0.543,67.12613,1,1
2679,4,4.9625,12.5,1.1,19.85,1,1
2674,8,1.6979374999999999,2.65,0.75,13.583499999999999,1,1
2673,0,0.0,0.0,0.0,0.0,0,0
2672,10,1.9378,2.11,1.5,19.378,1,1
2670,43,2.1116903953488375,8.5,1.03,90.802687,1,1
2669,2,3.54995,5.6999,1.4,7.0999,1,1
2671,7,4.17842,12.8256,0.846,29.248939999999997,1,1
2664,32,4.177490625,12.34,1.29,133.6797,1,1
2666,8,8.32321125,13.69,1.369,66.58569,1,1
2657,2,2.4035,3.987,0.82,4.807,1,1
2668,4,6.4125,7.9,3.76,25.65,1,1
2667,18,1.850162388888889,7.77,0.52,33.302923,1,1
2658,3,7.5,14.8,3.2,22.5,1,1
2655,31,2.953408741935484,6.1199,1.0,91.555671,1,1
2665,1,1.35,1.35,1.35,1.35,1,1
2656,31,1.6090489032258064,5.5984,0.303757,49.880516,1,1
2659,6,4.757281666666667,12.58,1.2537,28.54369,1,1
2660,36,1.7572347222222222,3.774,0.74469,63.26045,1,1
2662,2,1.2325,1.49,0.975,2.465,1,1
2663,2,2.4075,3.845,0.97,4.815,1,1
2654,4,2.9975,3.86,0.83,11.99,1,1
2661,31,2.1891709032258064,4.18,0.85,67.864298,1,1
2647,25,5.16446004,14.54,0.999,129.111501,1,1
2639,3,1.4833333333333334,1.89,1.26,4.45,1,1
2650,0,0.0,0.0,0.0,0.0,0,0
2651,2,2.475,2.95,2.0,4.95,1,1
2644,7,1.9182857142857144,2.49,0.999,13.428,1,1
2636,6,0.5775316666666667,0.84,0.433,3.46519,1,1
2637,32,4.38209371875,11.88,1.005,140.226999,1,1
2638,2,10.0,17.0,3.0,20.0,1,1
2640,6,1.9519266666666668,5.19,0.465,11.71156,1,1
2642,14,4.586907857142857,6.8,1.5,64.21671,1,1
2646,7,3.3305544285714284,7.45,1.25,23.313881,1,1
2652,0,0.0,0.0,0.0,0.0,0,0
2653,0,0.0,0.0,0.0,0.0,0,0
2649,8,3.9124999999999996,10.87,1.1,31.299999999999997,1,1
2643,1,7.95,7.95,7.95,7.95,1,1
2648,30,1.5899344,6.379,0.8899,47.698032,1,1
2645,5,3.5135999999999994,13.0,0.9,17.567999999999998,1,1
2641,2,1.27,1.6,0.94,2.54,1,1
2622,5,5.218002,12.7,1.0229,26.09001,1,1
2631,0,0.0,0.0,0.0,0.0,0,0
2621,50,1.29523542,5.87,0.43,64.761771,1,1
2630,23,4.3848652173913045,15.2,0.861,100.8519,1,1
2633,3,9.057491666666666,26.0,0.579,27.172475,1,1
2628,1,33.0,33.0,33.0,33.0,1,1
2634,0,0.0,0.0,0.0,0.0,0,0
2632,1,12.69,12.69,12.69,12.69,1,1
2626,5,2.59556,3.46,1.25,12.9778,1,1
2635,4,6.0,17.95,1.2,24.0,1,1
2627,29,4.904937931034483,13.29,1.55,142.2432,1,1
2623,2,1.175,1.35,1.0,2.35,1,1
2625,5,6.969800000000001,16.299,1.2,34.849000000000004,1,1
2629,4,4.74725,10.0,1.05,18.989,1,1
2624,2,3.85,6.4,1.3,7.7,1,1
2617,0,0.0,0.0,0.0,0.0,0,0
2620,5,3.4415999999999998,6.18,1.14,17.208,1,1
2614,15,4.149053333333333,22.0,0.49,62.2358,1,1
2618,14,3.061898428571429,5.49,0.95,42.866578000000004,1,1
2619,11,1.8171090909090908,2.4,1.0,19.9882,1,1
2615,0,0.0,0.0,0.0,0.0,0,0
2616,0,0.0,0.0,0.0,0.0,0,0
2612,1,5.0,5.0,5.0,5.0,1,1
2609,2,4.675,5.0,4.35,9.35,1,1
2613,1,10.5,10.5,10.5,10.5,1,1
2611,1,2.7,2.7,2.7,2.7,1,1
2610,16,6.10085675,20.0,0.822,97.613708,1,1
2607,3,2.94,4.0,1.35,8.82,1,1
2603,1,2.6969,2.6969,2.6969,2.6969,1,1
2593,2,12.495000000000001,15.0,9.99,24.990000000000002,1,1
2595,1,0.93,0.93,0.93,0.93,1,1
2604,6,3.4861665,5.259,1.2,20.916999,1,1
2596,14,3.454299285714286,12.99,0.808,48.36019,1,1
2598,4,11.097999999999999,24.5,3.0,44.391999999999996,1,1
2606,5,12.879,16.45,6.55,64.395,1,1
2608,11,8.28509,23.0,1.645,91.13599,1,1
2594,4,7.2125,12.88,1.99,28.85,1,1
2605,26,4.092690038461539,14.0,0.97,106.409941,1,1
2597,15,4.584576,17.0,2.54,68.76864,1,1
2602,37,4.803924324324325,13.5,1.05,177.7452,1,1
2601,3,2.3066666666666666,2.39,2.21,6.92,1,1
2600,13,5.826153846153845,6.71,1.66,75.74,1,1
2599,2,10.3571115,17.5,3.214223,20.714223,1,1
2591,0,0.0,0.0,0.0,0.0,0,0
2584,0,0.0,0.0,0.0,0.0,0,0
2590,4,4.4875,7.9,1.5,17.95,1,1
2585,15,4.612993333333334,13.47,0.96,69.1949,1,1
2589,31,3.877516032258064,6.71,0.734998,120.202997,1,1
2583,0,0.0,0.0,0.0,0.0,0,0
2588,11,3.608632,7.75,0.942,39.694952,1,1
2592,5,1.8257999999999999,3.29,1.069,9.129,1,1
2586,0,0.0,0.0,0.0,0.0,0,0
2587,4,5.693575,14.75,0.85,22.7743,1,1
2581,0,0.0,0.0,0.0,0.0,0,0
2579,2,1.5699999999999998,1.99,1.15,3.1399999999999997,1,1
2582,35,4.533228542857143,14.0,1.2,158.66299899999999,1,1
2580,0,0.0,0.0,0.0,0.0,0,0
2576,4,1.915,2.7,1.3,7.66,1,1
2570,12,5.117333333333334,14.85,0.825,61.408,1,1
2566,39,5.275552564102564,11.79,0.9,205.74654999999998,1,1
2569,2,17.45,20.0,14.9,34.9,1,1
2572,0,0.0,0.0,0.0,0.0,0,0
2565,2,2.83,3.1,2.56,5.66,1,1
2573,2,17.21,22.0,12.42,34.42,1,1
2568,1,1.1,1.1,1.1,1.1,1,1
2564,6,5.3335,7.85,0.001,32.001,1,1
2567,4,3.3897500000000003,9.5,0.83,13.559000000000001,1,1
2571,0,0.0,0.0,0.0,0.0,0,0
2578,81,3.977057283950617,13.5,0.758,322.14164,1,1
2575,2,4.59,7.88,1.3,9.18,1,1
2577,2,1.55,1.75,1.35,3.1,1,1
2574,51,4.303547039215686,7.45,1.23,219.480899,1,1
2562,13,3.8517615384615382,12.78,1.28,50.0729,1,1
2555,3,9.093333333333334,18.8,3.5,27.28,1,1
2557,10,1.415619,3.0,0.9888,14.15619,1,1
2563,7,7.384285714285714,14.99,1.28,51.69,1,1
2559,3,2.15,3.6,1.15,6.45,1,1
2554,3,6.716333333333334,17.5,0.919,20.149,1,1
2556,3,8.666666666666666,12.9,3.7,26.0,1,1
2560,2,13.075,25.0,1.15,26.15,1,1
2558,19,3.974413947368421,17.0,0.88,75.513865,1,1
2561,4,5.1825,12.1,1.38,20.73,1,1
2548,14,5.831264285714285,14.0,2.25,81.6377,1,1
2549,14,5.0059499999999995,9.88,0.989,70.0833,1,1
2538,7,2.2908428571428567,6.5,1.3,16.035899999999998,1,1
2544,8,6.4644825,14.0,1.95,51.71586,1,1
2535,0,0.0,0.0,0.0,0.0,0,0
2534,0,0.0,0.0,0.0,0.0,0,0
2541,8,1.63225,3.3,0.758,13.058,1,1
2540,4,2.75975,3.47,1.329,11.039,1,1
2536,0,0.0,0.0,0.0,0.0,0,0
2539,3,3.15,5.0,1.45,9.45,1,1
2547,2,31.5,38.0,25.0,63.0,1,1
2542,4,2.3674749999999998,3.95,1.3,9.469899999999999,1,1
2545,1,14.0,14.0,14.0,14.0,1,1
2553,10,1.9798898999999999,4.0,1.1945,19.798899,1,1
2537,4,13.38975,14.86,12.0,53.559,1,1
2546,2,7.925,14.0,1.85,15.85,1,1
2550,2,13.75,14.0,13.5,27.5,1,1
2543,4,1.41975,2.3,1.0,5.679,1,1
2551,7,9.894285714285715,21.98,2.28,69.26,1,1
2552,9,3.7193666666666667,8.69,1.49,33.4743,1,1
2531,35,5.680617142857143,15.0,1.2,198.8216,1,1
2528,9,2.6590000000000003,7.8,0.72,23.931,1,1
2530,3,4.5925926666666665,7.5,2.277778,13.777778,1,1
2529,11,5.131818181818182,14.69,1.0,56.449999999999996,1,1
2533,24,2.4846457916666664,3.9999,1.15,59.631499,1,1
2527,1,1.3,1.3,1.3,1.3,1,1
2526,10,2.3314,8.5,1.04,23.314,1,1
2532,8,7.2795,23.0,1.333,58.236,1,1
2525,50,4.46406428,7.76,0.97,223.203214,1,1
2522,3,15.266666666666666,24.0,1.7,45.8,1,1
2523,4,1.8325,2.6,1.2,7.33,1,1
2524,2,8.105,14.0,2.21,16.21,1,1
2519,2,1.525,1.8,1.25,3.05,1,1
2510,0,0.0,0.0,0.0,0.0,0,0
2518,5,6.083,11.0,1.07,30.415000000000003,1,1
2509,8,5.3035,14.9,0.99,42.428,1,1
2516,27,4.3932925925925925,6.63,1.26,118.6189,1,1
2513,3,4.949966666666667,10.5,1.66,14.8499,1,1
2520,50,2.22218124,4.8,0.642,111.109062,1,1
2521,1,1.69,1.69,1.69,1.69,1,1
2514,2,1.345,1.54,1.15,2.69,1,1
2517,0,0.0,0.0,0.0,0.0,0,0
2511,6,5.510000000000001,12.98,1.39,33.06,1,1
2515,1,7.77,7.77,7.77,7.77,1,1
2512,39,5.784797435897436,18.56,1.46,225.6071,1,1
2484,8,2.690936625,8.5,1.03,21.527493,1,1
2502,17,5.727404117647059,10.0,0.98,97.36587,1,1
2485,28,4.877953571428571,9.4,2.53,136.5827,1,1
2497,2,7.995,15.0,0.99,15.99,1,1
2498,1,1.0,1.0,1.0,1.0,1,1
2501,5,5.808,20.2,1.0,29.04,1,1
2499,6,6.916666666666667,14.2,0.8,41.5,1,1
2488,5,1.5897999999999999,2.65,0.959,7.949,1,1
2503,1,35.0,35.0,35.0,35.0,1,1
2506,1,1.19,1.19,1.19,1.19,1,1
2504,0,0.0,0.0,0.0,0.0,0,0
2496,5,2.3674,3.6,1.7,11.837,1,1
2505,1,13.5,13.5,13.5,13.5,1,1
2487,0,0.0,0.0,0.0,0.0,0,0
2489,11,4.2577181818181815,15.0,0.83,46.8349,1,1
2494,2,1.665,2.15,1.18,3.33,1,1
2486,27,2.1846514814814815,6.76,0.61,58.98559,1,1
2493,32,4.47755903125,11.5,0.37,143.281889,1,1
2491,0,0.0,0.0,0.0,0.0,0,0
2507,7,2.9070284285714285,10.75,0.576,20.349199,1,1
2495,1,13.5,13.5,13.5,13.5,1,1
2500,1,1.3,1.3,1.3,1.3,1,1
2490,0,0.0,0.0,0.0,0.0,0,0
2508,3,2.559466666666667,3.4,1.2,7.6784,1,1
2492,3,1.5066666666666666,1.55,1.47,4.52,1,1
2483,4,1.2575,1.35,1.04,5.03,1,1
2482,15,1.9299333333333335,4.25,1.29,28.949,1,1
2481,7,6.3668571428571425,16.0,0.99,44.568,1,1
2476,2,6.747,12.2,1.294,13.494,1,1
2477,0,0.0,0.0,0.0,0.0,0,0
2479,6,6.1499999999999995,13.99,0.77,36.9,1,1
2480,2,5.337052,7.2,3.474104,10.674104,1,1
2478,2,18.875,20.0,17.75,37.75,1,1
2468,13,4.8776153846153845,14.0,1.3,63.409,1,1
2466,10,5.1296,14.49,0.426,51.296,1,1
2470,13,5.8893,16.7,0.734,76.5609,1,1
2474,5,4.0280000000000005,11.99,0.85,20.14,1,1
2472,3,2.7496666666666667,3.4,1.749,8.249,1,1
2469,1,1.4,1.4,1.4,1.4,1,1
2473,3,7.833333333333333,20.0,1.0,23.5,1,1
2467,37,3.3865505405405405,13.6,0.58778,125.30237,1,1
2471,25,3.17738004,16.0,0.906,79.434501,1,1
2475,8,3.8235,11.95,0.8,30.588,1,1
2456,9,3.949998888888889,13.0,1.14,35.54999,1,1
2436,2,1.595,2.0,1.19,3.19,1,1
2441,2,4.2745,7.45,1.099,8.549,1,1
2439,6,5.555583333333334,16.69,1.835,33.3335,1,1
2462,25,2.89837436,12.0,1.05,72.459359,1,1
2451,0,0.0,0.0,0.0,0.0,0,0
2455,2,1.5,1.6,1.4,3.0,1,1
2446,18,5.0274222222222225,9.7,1.3156,90.4936,1,1
2443,5,5.045540000000001,9.5477,2.99,25.227700000000002,1,1
2464,16,4.5116968125,16.0,0.661,72.187149,1,1
2453,10,5.828899999999999,22.5,1.6,58.288999999999994,1,1
2454,3,1.133,1.199,1.1,3.399,1,1
2442,4,4.085425,6.3417,1.6,16.3417,1,1
2463,0,0.0,0.0,0.0,0.0,0,0
2447,7,5.315557142857143,10.8,1.05,37.2089,1,1
2450,24,5.776062499999999,15.11,2.284,138.6255,1,1
2438,14,2.6037285714285714,15.69,0.8,36.4522,1,1
2448,4,3.0314,6.4,1.3156,12.1256,1,1
2460,10,3.5992748,12.8899,0.99,35.992748,1,1
2459,8,6.3296125000000005,19.0,0.79,50.636900000000004,1,1
2465,3,14.138333333333334,15.0,12.44,42.415,1,1
2457,7,3.5929714285714285,6.9,0.643,25.1508,1,1
2440,9,2.858822,3.7899,1.476,25.729398,1,1
2458,4,21.9725,42.0,2.9,87.89,1,1
2452,6,9.111666666666666,16.99,1.3,54.67,1,1
2437,1,13.5,13.5,13.5,13.5,1,1
2444,7,0.7458857142857143,1.15,0.389,5.2212,1,1
2449,13,6.335653846153846,21.89,1.05,82.3635,1,1
2445,11,3.049881818181818,14.0,1.2,33.5487,1,1
2461,4,8.9875,13.1,3.45,35.95,1,1
2427,2,13.444999999999999,24.9,1.99,26.889999999999997,1,1
2434,3,1.1633333333333333,1.28,0.98,3.49,1,1
2426,0,0.0,0.0,0.0,0.0,0,0
2432,64,4.4471359375,9.9,0.474,284.6167,1,1
2431,8,1.0920925,1.699,0.85,8.73674,1,1
2429,5,5.439539999999999,7.7777,1.1,27.197699999999998,1,1
2430,3,9.533333333333333,14.9,1.04,28.6,1,1
2428,0,0.0,0.0,0.0,0.0,0,0
2435,1,1.0,1.0,1.0,1.0,1,1
2433,4,7.957475,14.2,1.33,31.8299,1,1
2425,8,3.419625,12.75,1.21,27.357,1,1
2421,4,1.849245,2.0,1.76,7.39698,1,1
2423,2,5.359999999999999,5.47,5.25,10.719999999999999,1,1
2420,33,4.708626636363636,16.96,1.3,155.384679,1,1
2422,3,1.42,1.76,1.23,4.26,1,1
2424,13,1.7882923076923076,3.12,1.2,23.247799999999998,1,1
2410,2,5.812364499999999,5.94999,5.674739,11.624728999999999,1,1
2417,2,3.35,5.5,1.2,6.7,1,1
2409,22,3.4635536363636366,7.18,0.7479,76.19818000000001,1,1
2406,5,6.6168000000000005,20.0,2.45,33.084,1,1
2411,2,1.055,1.2,0.91,2.11,1,1
2419,24,2.314411875,7.1799,0.887,55.545885,1,1
2416,21,6.12079761904762,15.2,0.81,128.53675,1,1
2413,4,1.522275,1.93,1.1111,6.0891,1,1
2408,2,2.9349999999999996,3.07,2.8,5.869999999999999,1,1
2418,1,0.9,0.9,0.9,0.9,1,1
2414,5,7.598000000000001,15.0,1.4,37.99,1,1
2412,4,14.25,20.0,6.0,57.0,1,1
2415,13,3.821922230769231,6.32,0.909,49.684989,1,1
2407,3,7.169999999999999,12.85,3.27,21.509999999999998,1,1
2405,7,2.935257142857143,6.9,1.5,20.5468,1,1
2401,4,35.177825,45.7113,15.0,140.7113,1,1
2400,14,2.4627942857142857,3.82,1.15,34.47912,1,1
2403,3,1.5333333333333332,1.85,1.25,4.6,1,1
2402,17,4.390201235294118,11.5,0.910531,74.633421,1,1
2404,1,1.9,1.9,1.9,1.9,1,1
2386,6,4.6015500000000005,5.8788,3.29,27.6093,1,1
2388,19,4.693094736842106,6.12,1.38,89.1688,1,1
2398,94,4.633047329787233,7.086,1.1,435.506449,1,1
2391,1,2.94,2.94,2.94,2.94,1,1
2395,7,2.0877,4.1,1.414,14.6139,1,1
2392,1,25.0,25.0,25.0,25.0,1,1
2387,3,6.56,6.63,6.52,19.68,1,1
2399,0,0.0,0.0,0.0,0.0,0,0
2389,0,0.0,0.0,0.0,0.0,0,0
2390,6,1.4328333333333332,1.48,1.26,8.597,1,1
2394,0,0.0,0.0,0.0,0.0,0,0
2393,46,3.639004304347826,13.0,1.299,167.394198,1,1
2396,0,0.0,0.0,0.0,0.0,0,0
2397,18,3.186977166666667,6.575,0.95,57.365589,1,1
2385,0,0.0,0.0,0.0,0.0,0,0
2377,11,4.267554545454545,15.0,1.4,46.9431,1,1
2381,9,8.301338888888889,23.0,0.0015,74.71205,1,1
2383,7,2.432128571428571,2.995,1.2,17.0249,1,1
2378,7,8.665071285714285,21.5,0.85,60.655499,1,1
2367,1,87.6543,87.6543,87.6543,87.6543,1,1
2371,24,3.173396458333333,14.0,0.385,76.161515,1,1
2380,0,0.0,0.0,0.0,0.0,0,0
2372,6,6.208333333333333,25.0,1.29,37.25,1,1
2373,15,4.103046666666667,16.0,1.8999,61.545700000000004,1,1
2370,26,1.922118730769231,5.6238,0.38,49.975087,1,1
2369,1,20.767926,20.767926,20.767926,20.767926,1,1
2374,1,1.25,1.25,1.25,1.25,1,1
2366,28,3.4192571428571426,14.0,1.7,95.7392,1,1
2368,11,2.9066994545454548,10.0,0.85,31.973694000000002,1,1
2365,10,1.61782,3.65,0.599,16.1782,1,1
2382,6,2.056318166666667,5.55,0.641,12.337909,1,1
2375,2,6.15,11.25,1.05,12.3,1,1
2384,8,2.033375,4.99,1.15,16.267,1,1
2376,33,2.5917787878787877,4.26,0.84,85.5287,1,1
2379,4,20.1725,53.0,1.19,80.69,1,1
2363,0,0.0,0.0,0.0,0.0,0,0
2360,12,5.607616666666666,17.7,1.68,67.2914,1,1
2361,2,5.975,6.45,5.5,11.95,1,1
2362,2,15.701,19.512,11.89,31.402,1,1
2364,2,1.635,1.77,1.5,3.27,1,1
2358,23,5.033565217391304,17.0,1.1785,115.772,1,1
2353,8,7.9048750000000005,16.6,1.23,63.239000000000004,1,1
2354,2,8.245000000000001,14.9,1.59,16.490000000000002,1,1
2356,2,14.695,22.0,7.39,29.39,1,1
2350,1,1.65,1.65,1.65,1.65,1,1
2357,1,2.1,2.1,2.1,2.1,1,1
2351,32,5.4961359375,17.2,0.99,175.87635,1,1
2352,20,4.5140699,22.0,0.897,90.281398,1,1
2355,0,0.0,0.0,0.0,0.0,0,0
2359,20,5.47654,20.8,0.4048,109.5308,1,1
2344,4,5.0325,12.2,0.93,20.13,1,1
2346,4,6.01975,11.0,1.34,24.079,1,1
2340,6,1.4351333333333331,1.889,0.95,8.6108,1,1
2348,4,3.6550000000000002,8.0,1.25,14.620000000000001,1,1
2349,5,2.906,6.58,1.3,14.530000000000001,1,1
2341,2,4.225,7.5,0.95,8.45,1,1
2343,2,4.1665,5.0,3.333,8.333,1,1
2347,3,2.19,4.0,1.19,6.57,1,1
2345,10,3.1823699999999997,3.83,1.15,31.8237,1,1
2325,4,3.9349999999999996,9.69,1.0,15.739999999999998,1,1
2336,24,1.06564575,1.85,0.71,25.575498,1,1
2322,3,6.81,7.23,6.2,20.43,1,1
2317,0,0.0,0.0,0.0,0.0,0,0
2337,3,10.005333333333333,15.499,1.017,30.016,1,1
2313,2,1.2,1.2,1.2,2.4,1,1
2330,38,1.8259078947368421,9.25,1.12,69.3845,1,1
2320,3,4.14,7.25,1.42,12.42,1,1
2318,0,0.0,0.0,0.0,0.0,0,0
2327,5,4.85804,9.0,3.0,24.2902,1,1
2323,3,4.737333333333333,13.0,0.563,14.212,1,1
2335,1,1.2,1.2,1.2,1.2,1,1
2331,34,5.491027941176471,9.35,1.069,186.69495,1,1
2312,6,1.6341666666666665,1.856,1.2,9.805,1,1
2326,4,8.25,15.5,1.45,33.0,1,1
2338,0,0.0,0.0,0.0,0.0,0,0
2332,9,2.6552222222222226,5.99,0.75,23.897000000000002,1,1
2329,2,4.3285,7.36,1.297,8.657,1,1
2310,13,4.516107692307693,16.69,1.03,58.7094,1,1
2333,5,3.2616,10.7,1.1,16.308,1,1
2328,11,6.779209090909091,14.5,0.0013,74.5713,1,1
2339,9,4.371098777777778,16.5,0.743989,39.339889,1,1
2319,21,2.524490238095238,3.83,1.18,53.014295,1,1
2316,0,0.0,0.0,0.0,0.0,0,0
2315,1,2.24,2.24,2.24,2.24,1,1
2324,5,3.774,11.5,1.51,18.87,1,1
2321,13,2.545015307692308,7.0,0.792999,33.085199,1,1
2334,6,5.0904,11.0,1.15,30.5424,1,1
2311,4,7.2124999999999995,21.9,1.2,28.849999999999998,1,1
2314,2,3.1,5.0,1.2,6.2,1,1
2287,13,4.185307692307692,11.0,1.29,54.409,1,1
2294,0,0.0,0.0,0.0,0.0,0,0
2295,1,12.0,12.0,12.0,12.0,1,1
2305,13,2.823909153846154,6.898,0.445,36.710819,1,1
2289,8,4.728625,13.69,1.03,37.829,1,1
2297,2,8.25,8.5,8.0,16.5,1,1
2290,7,1.292,1.7,0.94,9.044,1,1
2301,59,3.36156893220339,19.0,0.415,198.332567,1,1
2307,10,6.8891800000000005,15.0,2.95,68.8918,1,1
2292,38,3.868187131578947,7.0,0.95,146.991111,1,1
2291,0,0.0,0.0,0.0,0.0,0,0
2298,5,1.032,1.5,0.83,5.16,1,1
2288,3,1.4516666666666664,2.35,0.535,4.3549999999999995,1,1
2302,9,7.085444444444445,20.69,1.25,63.769000000000005,1,1
2304,5,4.2749901999999995,7.869951,1.5,21.374951,1,1
2293,0,0.0,0.0,0.0,0.0,0,0
2309,2,1.8649999999999998,2.53,1.2,3.7299999999999995,1,1
2296,29,4.632217241379311,7.5,0.9,134.3343,1,1
2300,1,2.0,2.0,2.0,2.0,1,1
2303,9,4.537777777777778,13.94,1.3,40.84,1,1
2306,3,7.333333333333333,14.0,3.7,22.0,1,1
2299,1,1.1,1.1,1.1,1.1,1,1
2286,3,2.9233333333333333,3.8,1.37,8.77,1,1
2308,1,1.2,1.2,1.2,1.2,1,1
2283,2,6.885,8.0,5.77,13.77,1,1
2285,3,10.266666666666667,25.0,1.3,30.8,1,1
2280,38,1.9720478684210527,5.93,0.427,74.937819,1,1
2284,49,4.9202877551020405,24.8,0.88,241.0941,1,1
2281,55,3.0703181818181817,14.88,0.89,168.8675,1,1
2282,19,3.9967263157894735,8.75,1.49,75.9378,1,1
2262,7,5.551585714285714,19.0,1.09,38.8611,1,1
2268,0,0.0,0.0,0.0,0.0,0,0
2269,0,0.0,0.0,0.0,0.0,0,0
2279,12,5.533803666666667,12.65,0.99,66.405644,1,1
2274,4,2.7802499999999997,9.69,0.43,11.120999999999999,1,1
2278,6,9.810616666666666,23.0,1.6,58.8637,1,1
2266,1,2.9,2.9,2.9,2.9,1,1
2272,4,8.56475,14.19,1.469,34.259,1,1
2264,5,2.598,5.25,1.3,12.99,1,1
2276,5,2.2092,3.4,1.15,11.046,1,1
2273,0,0.0,0.0,0.0,0.0,0,0
2261,3,2.595,3.695,1.09,7.785,1,1
2260,19,3.274473157894737,11.0,0.859,62.21499,1,1
2263,7,4.522714285714286,15.999,0.901,31.659,1,1
2267,1,32.0,32.0,32.0,32.0,1,1
2275,1,5.25,5.25,5.25,5.25,1,1
2270,3,3.696633333333333,4.79,2.9999,11.0899,1,1
2277,1,1.06,1.06,1.06,1.06,1,1
2271,15,1.96006,4.389,0.98,29.4009,1,1
2265,0,0.0,0.0,0.0,0.0,0,0
2253,1,7.25,7.25,7.25,7.25,1,1
2245,6,6.94895,7.7,6.24,41.6937,1,1
2246,4,2.972825,6.2613,1.64,11.8913,1,1
2256,0,0.0,0.0,0.0,0.0,0,0
2251,5,6.909999999999999,11.5,1.35,34.55,1,1
2252,6,6.614166666666667,13.99,0.94,39.685,1,1
2254,9,0.8515633333333333,1.18,0.37007,7.66407,1,1
2257,5,47.967819999999996,142.069,6.25,239.83909999999997,1,1
2255,5,5.5238,15.489,2.0,27.619,1,1
2258,2,2.5,3.75,1.25,5.0,1,1
2249,14,3.317007142857143,6.2021,0.97,46.4381,1,1
2248,1,6.973,6.973,6.973,6.973,1,1
2247,1,6.567,6.567,6.567,6.567,1,1
2259,1,3.25,3.25,3.25,3.25,1,1
2250,4,4.445,8.5,1.28,17.78,1,1
2215,17,2.947858,13.75,0.42,50.113586,1,1
2181,8,5.4931125000000005,16.0,1.3789,43.944900000000004,1,1
2207,1,1.05,1.05,1.05,1.05,1,1
2185,3,2.8299999999999996,6.1,1.0,8.489999999999998,1,1
2188,12,7.07815,23.22,0.551,84.9378,1,1
2184,8,1.8878336249999998,8.098,0.8389,15.102668999999999,1,1
2243,4,4.150025,9.3,1.0001,16.6001,1,1
2197,2,20.59995,40.0,1.1999,41.1999,1,1
2194,0,0.0,0.0,0.0,0.0,0,0
2203,2,1.133,1.166,1.1,2.266,1,1
2205,8,3.500027375,13.5,0.449,28.000219,1,1
2231,1,1.37,1.37,1.37,1.37,1,1
2200,1,7.0,7.0,7.0,7.0,1,1
2182,3,10.89333,19.0,3.68999,32.679990000000004,1,1
2221,2,5.528499999999999,5.717,5.34,11.056999999999999,1,1
2191,18,1.7821943888888887,12.89,0.72,32.079499,1,1
2233,12,2.4721741666666666,5.039,1.03,29.66609,1,1
2192,29,3.6190341379310342,15.0,0.988,104.95199,1,1
2190,27,4.804582222222222,9.8,1.28,129.72372,1,1
2239,7,3.003569857142857,12.29,0.405,21.024988999999998,1,1
2206,17,4.090614117647059,7.95,1.05,69.54044,1,1
2210,22,3.8797222727272724,15.75,0.416,85.35388999999999,1,1
2196,14,1.4459635,2.819,0.471,20.243489,1,1
2189,0,0.0,0.0,0.0,0.0,0,0
2201,6,0.8412998333333334,1.0,0.6,5.047799,1,1
2204,5,4.16,5.98,0.84,20.8,1,1
2229,1,7.88,7.88,7.88,7.88,1,1
2234,42,1.7916287857142856,2.7,0.474,75.248409,1,1
2208,5,2.066,2.95,0.85,10.33,1,1
2180,19,1.4187263157894736,3.3333,1.2028,26.9558,1,1
2199,8,6.8836125,16.99,1.1999,55.0689,1,1
2216,19,2.573376315789474,4.94,0.97,48.89415,1,1
2209,3,2.21133,3.88,1.3333,6.63399,1,1
2240,13,7.761384615384615,18.0,0.9,100.898,1,1
2242,13,3.4808076923076925,8.0,0.62,45.2505,1,1
2225,3,7.710000000000001,15.0,1.23,23.130000000000003,1,1
2232,11,3.646818181818182,9.38,1.1,40.115,1,1
2220,11,5.132190909090909,5.59,3.74,56.4541,1,1
2175,3,8.686666666666667,17.69,1.29,26.060000000000002,1,1
2178,2,2.91,3.65,2.17,5.82,1,1
2219,23,1.754710652173913,4.95,0.56,40.358345,1,1
2183,0,0.0,0.0,0.0,0.0,0,0
2186,3,3.982666666666667,6.87,1.988,11.948,1,1
2212,11,5.645618181818182,16.8,0.745,62.1018,1,1
2193,17,2.437964,6.62,0.614889,41.445388,1,1
2237,3,6.541666666666667,8.5,3.0,19.625,1,1
2179,18,3.1328449444444444,5.8,1.01,56.391208999999996,1,1
2195,6,3.149983333333333,7.8,0.8,18.8999,1,1
2177,1,1.2,1.2,1.2,1.2,1,1
2228,24,3.3331870416666667,13.2,0.975,79.996489,1,1
2176,6,5.021333333333334,15.45,1.85,30.128,1,1
2202,4,2.4513332500000002,2.594,2.33,9.805333000000001,1,1
2235,0,0.0,0.0,0.0,0.0,0,0
2218,3,7.033333333333334,16.0,2.5,21.1,1,1
2244,1,16.0,16.0,16.0,16.0,1,1
2236,65,5.316753769230769,6.47,1.01,345.588995,1,1
2214,9,5.35411,14.88,0.77999,48.18699,1,1
2223,13,5.532675076923076,11.25,0.47,71.924776,1,1
2241,56,4.797565160714286,8.5,1.0,268.663649,1,1
2227,3,10.006666666666666,13.05,7.22,30.02,1,1
2224,10,5.54926,14.0,0.813,55.4926,1,1
2213,2,4.625,6.0,3.25,9.25,1,1
2198,12,4.013325,7.22,1.1999,48.1599,1,1
2211,1,2.0,2.0,2.0,2.0,1,1
2238,2,156.56,269.69,43.43,313.12,1,1
2187,0,0.0,0.0,0.0,0.0,0,0
2230,9,1.8255555555555556,2.4,1.25,16.43,1,1
2226,19,2.5944538421052634,6.85,0.99,49.294623,1,1
2217,3,6.579999999999999,17.5,0.99,19.74,1,1
2222,0,0.0,0.0,0.0,0.0,0,0
2171,2,9.74995,18.0,1.4999,19.4999,1,1
2174,5,6.40022,11.7,1.1111,32.0011,1,1
2169,4,4.8625,11.11,0.89,19.45,1,1
2168,7,8.501428571428571,17.0,1.62,59.51,1,1
2170,2,1.63,1.9,1.36,3.26,1,1
2173,25,4.939412,17.25,0.7999,123.4853,1,1
2172,5,8.08436,14.41,1.8118,40.4218,1,1
2165,0,0.0,0.0,0.0,0.0,0,0
2163,9,1.7617553333333333,1.949998,1.54,15.855798,1,1
2167,0,0.0,0.0,0.0,0.0,0,0
2160,4,6.54,15.6,2.88,26.16,1,1
2159,2,5.8065,9.49,2.123,11.613,1,1
2158,3,6.663333333333334,13.5,2.99,19.990000000000002,1,1
2164,10,9.88968,23.9888,1.7,98.8968,1,1
2161,6,5.256716666666667,6.99,4.0,31.540300000000002,1,1
2166,0,0.0,0.0,0.0,0.0,0,0
2162,7,7.062285714285714,19.29,3.978,49.436,1,1
2156,6,1.6183333333333334,2.99,1.06,9.71,1,1
2157,0,0.0,0.0,0.0,0.0,0,0
2148,2,1.445,1.79,1.1,2.89,1,1
2150,2,2.185,3.4,0.97,4.37,1,1
2152,18,4.212674166666667,8.0,0.927,75.828135,1,1
2155,9,2.7394333333333334,7.69,1.72,24.6549,1,1
2149,8,5.61375,10.1,0.99,44.91,1,1
2154,0,0.0,0.0,0.0,0.0,0,0
2153,0,0.0,0.0,0.0,0.0,0,0
2151,23,3.501821347826087,21.0,0.75,80.541891,1,1
2145,0,0.0,0.0,0.0,0.0,0,0
2144,2,13.34,19.69,6.99,26.68,1,1
2143,0,0.0,0.0,0.0,0.0,0,0
2147,27,3.060769111111111,10.38,0.89,82.640766,1,1
2146,2,10.845,16.69,5.0,21.69,1,1
2142,12,4.827515166666667,13.0,0.477,57.930182,1,1
2137,11,5.779727272727272,10.0,1.2,63.577,1,1
2138,20,2.65558,6.8188,2.03,53.1116,1,1
2140,4,3.83225,4.2,3.6,15.329,1,1
2139,1,4.5,4.5,4.5,4.5,1,1
2141,5,2.12088,2.22,2.06,10.6044,1,1
2130,4,1.4175,3.25,0.76,5.67,1,1
2127,6,3.4015,9.2,1.5,20.409,1,1
2124,18,4.842772222222222,7.83,1.45,87.1699,1,1
2132,2,11.5,12.0,11.0,23.0,1,1
2125,2,7.275,14.5,0.05,14.55,1,1
2133,18,3.959143888888889,13.6,1.4,71.26459,1,1
2134,1,13.0,13.0,13.0,13.0,1,1
2126,3,2.6999999999999997,7.5,0.05,8.1,1,1
2135,2,1.3944999999999999,1.4,1.389,2.7889999999999997,1,1
2123,2,7.55,11.1,4.0,15.1,1,1
2129,3,2.81,4.0,1.98,8.43,1,1
2122,3,5.183333333333334,13.0,0.05,15.55,1,1
2136,2,12.4,14.8,10.0,24.8,1,1
2131,23,3.6889298695652175,16.0,0.75,84.845387,1,1
2128,0,0.0,0.0,0.0,0.0,0,0
2118,35,3.7660485714285716,14.99,1.7,131.8117,1,1
2121,30,0.9600699333333333,1.37,0.42,28.802098,1,1
2117,4,2.4699999999999998,3.15,1.96,9.879999999999999,1,1
2120,1,5.89,5.89,5.89,5.89,1,1
2119,1,13.5,13.5,13.5,13.5,1,1
2093,1,3.0,3.0,3.0,3.0,1,1
2107,3,4.666666666666667,11.65,1.1,14.0,1,1
2112,22,6.747681818181818,7.63,6.37,148.449,1,1
2113,1,0.9,0.9,0.9,0.9,1,1
2102,42,4.631029761904762,8.999,1.89,194.50325,1,1
2089,1,1.3,1.3,1.3,1.3,1,1
2088,3,8.770833333333334,14.9,0.9125,26.3125,1,1
2103,4,5.5425,14.8,1.2,22.17,1,1
2092,1,9.0,9.0,9.0,9.0,1,1
2095,2,3.075,3.15,3.0,6.15,1,1
2101,1,3.4,3.4,3.4,3.4,1,1
2108,8,2.8919875,5.06,0.91,23.1359,1,1
2091,1,12.0,12.0,12.0,12.0,1,1
2087,1,0.91,0.91,0.91,0.91,1,1
2100,2,10.175,17.8,2.55,20.35,1,1
2090,1,6.6378,6.6378,6.6378,6.6378,1,1
2105,11,1.5119545454545453,3.23,0.99,16.6315,1,1
2114,4,3.48725,3.63,3.219,13.949,1,1
2109,8,4.2725,16.0,0.9,34.18,1,1
2096,5,3.20334,4.0,2.59,16.0167,1,1
2098,1,3.2,3.2,3.2,3.2,1,1
2106,11,6.805454545454546,15.7,1.03,74.86,1,1
2110,9,4.9611,10.0,0.9,44.6499,1,1
2104,22,2.1665817272727272,4.9,0.95,47.664798,1,1
2111,3,3.949333333333333,9.488,0.9,11.847999999999999,1,1
2116,6,2.2333333333333334,2.95,1.0,13.4,1,1
2099,1,17.2,17.2,17.2,17.2,1,1
2097,5,7.172,15.25,1.31,35.86,1,1
2094,3,10.66,14.99,3.0,31.98,1,1
2115,31,2.435383870967742,3.83,1.33,75.4969,1,1
2077,3,2.1148333333333333,4.069,0.92,6.3445,1,1
2080,4,0.9435,1.1,0.72,3.774,1,1
2061,14,2.101427857142857,2.8,1.17,29.41999,1,1
2083,0,0.0,0.0,0.0,0.0,0,0
2086,3,1.5833333333333333,1.9,1.1,4.75,1,1
2062,98,1.7499438775510203,8.9,1.17,171.4945,1,1
2064,2,1.295,1.39,1.2,2.59,1,1
2069,3,5.566333333333333,8.0,3.699,16.698999999999998,1,1
2067,9,13.276666666666666,48.0,1.04,119.49,1,1
2079,3,6.4999666666666664,14.8,1.1999,19.4999,1,1
2073,0,0.0,0.0,0.0,0.0,0,0
2074,6,4.348005,9.69,1.06903,26.08803,1,1
2063,2,3.685,6.0,1.37,7.37,1,1
2065,3,1.8333333333333333,2.2,1.1,5.5,1,1
2068,7,1.2671428571428573,1.56,1.1,8.870000000000001,1,1
2060,2,10.15,19.0,1.3,20.3,1,1
2078,14,2.2020642857142856,10.45,1.0,30.8289,1,1
2084,9,2.2775255555555556,7.99,0.97,20.49773,1,1
2070,0,0.0,0.0,0.0,0.0,0,0
2076,2,2.1515500000000003,2.99,1.3131,4.303100000000001,1,1
2075,6,6.9689499999999995,12.54,1.299,41.8137,1,1
2072,0,0.0,0.0,0.0,0.0,0,0
2082,0,0.0,0.0,0.0,0.0,0,0
2071,2,1.464,1.748,1.18,2.928,1,1
2085,1,1.0,1.0,1.0,1.0,1,1
2066,3,36.333333333333336,69.0,15.0,109.0,1,1
2081,0,0.0,0.0,0.0,0.0,0,0
2034,19,3.094294736842105,3.56,1.1,58.7916,1,1
2025,31,3.9477945161290324,22.0,1.62,122.38163,1,1
2029,0,0.0,0.0,0.0,0.0,0,0
2059,2,2.90495,3.3769,2.433,5.8099,1,1
2043,3,1.3896853333333332,1.689056,1.23,4.169055999999999,1,1
2031,1,11.2,11.2,11.2,11.2,1,1
2048,40,5.1991475000000005,6.5,1.345,207.9659,1,1
2052,0,0.0,0.0,0.0,0.0,0,0
2026,0,0.0,0.0,0.0,0.0,0,0
2042,2,1.025,1.1,0.95,2.05,1,1
2049,13,1.031326923076923,1.45,0.893152,13.407250000000001,1,1
2054,0,0.0,0.0,0.0,0.0,0,0
2058,32,4.2000685625,7.243,2.137705,134.402194,1,1
2040,7,4.802142857142857,19.99,1.2,33.615,1,1
2030,15,4.414606666666667,13.5791,1.16,66.2191,1,1
2035,7,4.79,15.0,1.49,33.53,1,1
2056,11,1.9732095454545453,3.9,0.421,21.705305,1,1
2055,1,26.25,26.25,26.25,26.25,1,1
2053,0,0.0,0.0,0.0,0.0,0,0
2044,0,0.0,0.0,0.0,0.0,0,0
2032,1,1.33,1.33,1.33,1.33,1,1
2051,0,0.0,0.0,0.0,0.0,0,0
2050,0,0.0,0.0,0.0,0.0,0,0
2046,29,3.3970482758620686,12.5,1.16,98.5144,1,1
2041,0,0.0,0.0,0.0,0.0,0,0
2045,3,1.3133333333333332,1.38,1.26,3.94,1,1
2037,20,2.69867,18.0,0.623,53.9734,1,1
2033,4,1.65499975,3.18,0.899999,6.619999,1,1
2038,0,0.0,0.0,0.0,0.0,0,0
2047,11,2.3504545454545456,5.99,1.07,25.855,1,1
2036,2,11.48555,16.8,6.1711,22.9711,1,1
2027,0,0.0,0.0,0.0,0.0,0,0
2039,13,4.283297769230769,13.99,1.25,55.682871,1,1
2028,0,0.0,0.0,0.0,0.0,0,0
2057,31,3.809638709677419,7.0,1.25,118.0988,1,1
2024,8,4.94175,13.45,0.3,39.534,1,1
2001,11,3.21135,4.98,0.8,35.32485,1,1
1992,5,8.61,18.5,1.8,43.05,1,1
2022,8,4.5024999999999995,20.0,1.15,36.019999999999996,1,1
2008,4,9.0325,14.8,1.89,36.13,1,1
2003,1,1.14,1.14,1.14,1.14,1,1
2010,1,23.69,23.69,23.69,23.69,1,1
2017,1,0.87,0.87,0.87,0.87,1,1
2002,7,4.603142857142857,11.88,1.63,32.222,1,1
1996,1,1.162,1.162,1.162,1.162,1,1
1997,36,1.9755300277777776,6.39,0.431,71.119081,1,1
2004,17,5.413089411764706,21.0,1.0,92.02252,1,1
2007,2,5.9445,8.59,3.299,11.889,1,1
2009,0,0.0,0.0,0.0,0.0,0,0
2006,1,1.19,1.19,1.19,1.19,1,1
2015,1,10.0,10.0,10.0,10.0,1,1
1994,65,3.924692907692308,9.2,1.24,255.105039,1,1
2012,28,3.0484053928571426,5.969,1.65,85.355351,1,1
2013,15,2.089926466666667,5.969,0.886,31.348897,1,1
2011,22,2.9109545454545454,23.69,1.045,64.041,1,1
1989,2,1.125,1.5,0.75,2.25,1,1
2023,7,6.338128571428571,18.68,1.72,44.3669,1,1
1990,3,6.628333333333333,10.11,3.65,19.884999999999998,1,1
2016,34,4.199104264705882,7.425,0.81,142.769545,1,1
2005,1,1.179,1.179,1.179,1.179,1,1
1993,29,4.43638724137931,16.25,1.34,128.65523,1,1
2019,5,2.23,5.5,1.1,11.15,1,1
1998,23,3.8247260869565216,22.2,0.7969,87.9687,1,1
1995,38,4.022881578947368,9.87,0.7,152.8695,1,1
1991,9,1.501622,2.7,0.85,13.514598,1,1
2021,36,3.8153138888888893,19.12,0.71,137.3513,1,1
2014,9,2.878,4.3,1.328,25.902,1,1
1999,3,17.2967,39.89,0.0001,51.890100000000004,1,1
2018,61,3.8425885737704917,9.4,1.57,234.39790299999999,1,1
2020,6,3.1390833333333332,4.899,1.45,18.8345,1,1
1973,37,2.608406675675676,8.0,0.375,96.511047,1,1
1983,6,2.23582,5.88,1.15,13.41492,1,1
1976,8,3.26275,3.95,1.6,26.102,1,1
1988,2,6.125,12.0,0.25,12.25,1,1
1970,3,1.3796,1.9998,0.939,4.1388,1,1
1984,24,3.4173762500000002,5.5,1.55,82.01703,1,1
1985,1,4.49,4.49,4.49,4.49,1,1
1969,34,2.299163264705882,5.335,0.925,78.171551,1,1
1980,40,2.3735169,10.5,1.16,94.940676,1,1
1987,6,5.559833333333334,8.59,3.999,33.359,1,1
1971,2,1.3,1.8,0.8,2.6,1,1
1982,12,7.600101666666667,23.0,1.05,91.20122,1,1
1978,2,2.6695,3.999,1.34,5.339,1,1
1979,1,45.0,45.0,45.0,45.0,1,1
1972,1,1.7,1.7,1.7,1.7,1,1
1986,30,3.6470459,19.75,1.2804,109.411377,1,1
1981,21,5.510533333333333,7.7777,1.09,115.7212,1,1
1977,7,3.828542857142857,7.5,1.0798,26.799799999999998,1,1
1975,6,2.2336165,3.45,0.91,13.401699,1,1
1974,4,5.59975,10.0,3.21,22.399,1,1
1946,2,4.09495,6.99,1.1999,8.1899,1,1
1952,3,3.4096666666666664,4.8,2.06,10.229,1,1
1944,12,6.190041666666667,24.0,1.5555,74.2805,1,1
1955,3,10.226666666666667,14.98,1.2,30.68,1,1
1958,1,8.0,8.0,8.0,8.0,1,1
1957,8,9.381250000000001,33.99,1.31,75.05000000000001,1,1
1936,19,1.088242,2.01,0.733,20.676598,1,1
1927,12,2.4828333333333332,2.96,1.0,29.794,1,1
1967,3,1.7329999999999999,2.98,0.95,5.199,1,1
1934,1,0.84,0.84,0.84,0.84,1,1
1941,2,1.424995,1.74999,1.1,2.84999,1,1
1935,2,1.2650000000000001,1.3,1.23,2.5300000000000002,1,1
1951,5,5.0473799999999995,15.0,1.55,25.2369,1,1
1965,0,0.0,0.0,0.0,0.0,0,0
1925,42,2.767294380952381,23.69,0.433,116.226364,1,1
1948,1,1.1999,1.1999,1.1999,1.1999,1,1
1943,2,2.225,2.95,1.5,4.45,1,1
1942,2,6.845,12.5,1.19,13.69,1,1
1928,1,1.1,1.1,1.1,1.1,1,1
1931,0,0.0,0.0,0.0,0.0,0,0
1959,5,10.04478,21.4,1.2,50.2239,1,1
1954,21,3.2152634285714288,11.75,0.809994,67.520532,1,1
1962,11,1.9894545454545456,2.99,0.99,21.884,1,1
1949,1,1.6969,1.6969,1.6969,1.6969,1,1
1956,7,2.4082714285714286,7.4,1.099,16.8579,1,1
1932,0,0.0,0.0,0.0,0.0,0,0
1947,15,4.0603207333333335,17.0,1.111111,60.904811,1,1
1933,0,0.0,0.0,0.0,0.0,0,0
1924,4,5.992625,12.39,2.2005,23.9705,1,1
1963,20,2.40262495,7.8,0.606,48.052499,1,1
1961,16,1.786186875,3.49999,0.379,28.57899,1,1
1937,7,1.739957142857143,2.0799,1.24,12.1797,1,1
1968,6,2.58115,3.49,1.2769,15.4869,1,1
1938,40,1.725887325,17.5,0.362,69.035493,1,1
1929,0,0.0,0.0,0.0,0.0,0,0
1966,8,3.603625,5.2,1.75,28.829,1,1
1939,1,0.99,0.99,0.99,0.99,1,1
1953,4,6.187250000000001,11.98,0.799,24.749000000000002,1,1
1950,1,1.16942,1.16942,1.16942,1.16942,1,1
1926,3,1.1325666666666667,1.2465,0.9512,3.3977,1,1
1964,1,1.969,1.969,1.969,1.969,1,1
1945,5,2.77998,6.15,0.9,13.8999,1,1
1960,18,1.9281065555555554,6.52993,1.1554,34.705918,1,1
1940,10,4.17228,20.0,0.5,41.7228,1,1
1930,0,0.0,0.0,0.0,0.0,0,0
1922,5,7.463798,15.25,0.99999,37.31899,1,1
1874,2,10.83,11.11,10.55,21.66,1,1
1867,14,1.9111642142857141,4.5,0.69,26.756299,1,1
1921,69,6.174130434782609,14.5,0.99,426.015,1,1
1905,9,5.1623777777777775,13.8,1.74,46.4614,1,1
1920,12,2.88775,7.49,0.99,34.653,1,1
1914,0,0.0,0.0,0.0,0.0,0,0
1870,3,4.23,4.69,4.0,12.690000000000001,1,1
1908,2,1.295,1.34,1.25,2.59,1,1
1916,0,0.0,0.0,0.0,0.0,0,0
1866,1,8.9,8.9,8.9,8.9,1,1
1917,0,0.0,0.0,0.0,0.0,0,0
1876,12,3.665507416666667,7.0,1.849999,43.986089,1,1
1904,1,18.0,18.0,18.0,18.0,1,1
1898,2,4.96345,7.4269,2.5,9.9269,1,1
1872,60,3.9427114333333337,13.69,0.949,236.562686,1,1
1892,4,5.625,13.75,1.2,22.5,1,1
1885,11,6.119999999999999,11.49,5.03,67.32,1,1
1889,0,0.0,0.0,0.0,0.0,0,0
1907,7,6.975714285714285,11.4,2.88,48.83,1,1
1895,2,8.35,14.7,2.0,16.7,1,1
1879,13,2.077530769230769,6.89,0.824,27.0079,1,1
1873,0,0.0,0.0,0.0,0.0,0,0
1896,16,1.718405,4.65,0.86,27.49448,1,1
1903,4,2.86355975,3.5,1.9,11.454239,1,1
1918,30,2.3327462333333333,11.75,0.389,69.982387,1,1
1894,8,6.50005,15.5,2.0,52.0004,1,1
1901,2,7.402,13.33,1.474,14.804,1,1
1912,3,2.4595000000000002,2.63,2.2,7.378500000000001,1,1
1887,11,3.092054545454545,4.599,1.269,34.0126,1,1
1913,2,15.85,17.5,14.2,31.7,1,1
1910,3,1.3856666666666666,1.669,0.988,4.157,1,1
1900,4,6.6325,20.69,1.15,26.53,1,1
1919,2,1.4935,1.987,1.0,2.987,1,1
1886,2,14.695,14.79,14.6,29.39,1,1
1868,10,2.5641089999999997,4.6,0.825,25.64109,1,1
1865,4,2.25875,2.75,1.1,9.035,1,1
1875,3,1.8,2.0,1.7,5.4,1,1
1878,0,0.0,0.0,0.0,0.0,0,0
1906,25,4.56883996,6.41,2.12,114.220999,1,1
1915,0,0.0,0.0,0.0,0.0,0,0
1877,0,0.0,0.0,0.0,0.0,0,0
1891,0,0.0,0.0,0.0,0.0,0,0
1869,8,4.19096125,14.3,1.35,33.52769,1,1
1884,3,6.411875666666667,13.65,2.638627,19.235627,1,1
1883,3,4.499,7.77,1.077,13.497,1,1
1881,4,2.765,4.45,1.08,11.06,1,1
1864,6,4.323133333333333,16.5,1.41,25.938799999999997,1,1
1897,2,1.995,2.49,1.5,3.99,1,1
1902,9,3.0672111111111113,3.61,1.379,27.6049,1,1
1909,0,0.0,0.0,0.0,0.0,0,0
1899,3,1.5263333333333333,1.95,1.25,4.579,1,1
1888,4,14.01375,18.375,6.99,56.055,1,1
1893,17,3.937458529411765,10.35,0.749,66.936795,1,1
1880,7,4.791285714285714,14.2,0.799,33.539,1,1
1890,15,3.5419993333333335,15.0,0.95,53.12999,1,1
1911,10,2.0628,4.63,0.91,20.628,1,1
1871,10,4.314,16.5,0.9,43.14,1,1
1882,13,8.519076923076923,26.45,1.078,110.748,1,1
1923,1,1.99,1.99,1.99,1.99,1,1
1838,1,69.42,69.42,69.42,69.42,1,1
1841,4,3.055,3.69,2.0,12.22,1,1
1836,4,10.6225,21.75,3.44,42.49,1,1
1847,20,4.13356745,5.59,3.35,82.671349,1,1
1851,2,2.944,5.0,0.888,5.888,1,1
1854,8,3.54061625,20.0,0.499,28.32493,1,1
1833,1,1.19,1.19,1.19,1.19,1,1
1834,4,4.0725,7.82,1.14,16.29,1,1
1830,5,9.538,15.38,3.32,47.69,1,1
1837,1,1.19,1.19,1.19,1.19,1,1
1844,2,5.828950000000001,6.28,5.3779,11.657900000000001,1,1
1852,3,6.399333333333334,8.4,3.798,19.198,1,1
1829,16,4.48763125,8.0,2.1829,71.8021,1,1
1832,6,4.747816666666666,19.0,0.8569,28.4869,1,1
1857,6,8.109116666666667,13.6917,1.05,48.654700000000005,1,1
1848,4,0.9564975,1.85,0.381,3.82599,1,1
1855,13,3.101246153846154,6.71,1.0,40.3162,1,1
1850,4,2.085,2.66,0.75,8.34,1,1
1853,3,1.0596666666666665,1.19,0.799,3.179,1,1
1856,9,8.196255555555556,22.47,0.949,73.7663,1,1
1835,19,3.3061,5.65,1.67,62.8159,1,1
1859,47,4.618901702127659,6.63,1.0,217.08838,1,1
1861,15,5.3822,7.61,1.199,80.733,1,1
1846,0,0.0,0.0,0.0,0.0,0,0
1849,4,8.1325,13.1,3.84,32.53,1,1
1840,3,1.7933000000000001,2.58,1.2999,5.3799,1,1
1831,22,3.721290636363636,12.5,0.87,81.868394,1,1
1828,5,2.5232959999999998,3.0,1.9589,12.61648,1,1
1839,3,15.666666666666666,18.0,14.0,47.0,1,1
1843,6,2.3934833333333336,7.36,0.8868,14.3609,1,1
1842,13,2.5037384615384615,3.95,1.365,32.5486,1,1
1845,1,12.0,12.0,12.0,12.0,1,1
1860,2,3.8825000000000003,6.44,1.325,7.765000000000001,1,1
1862,21,5.009614285714285,7.2,1.46,105.2019,1,1
1863,21,1.3526294761904762,2.939999,0.47,28.405219,1,1
1858,8,2.1409,10.0,0.01,17.1272,1,1
1824,51,1.7802936078431373,6.6,0.65,90.794974,1,1
1821,3,4.2515,8.5,1.35,12.7545,1,1
1826,5,2.32138,3.8,1.28,11.6069,1,1
1822,20,1.6789003,6.55,0.39,33.578006,1,1
1825,14,1.7378743571428572,3.78,1.04,24.330241,1,1
1823,1,14.25,14.25,14.25,14.25,1,1
1819,25,3.21322156,14.0,0.02,80.330539,1,1
1827,1,1.2,1.2,1.2,1.2,1,1
1820,5,13.114,19.78,7.99,65.57000000000001,1,1
1811,1,1.3,1.3,1.3,1.3,1,1
1818,2,12.745,24.25,1.24,25.49,1,1
1812,3,2.0132999999999996,3.15,1.2,6.039899999999999,1,1
1813,2,9.474499999999999,13.949,5.0,18.948999999999998,1,1
1815,5,5.4076,9.999,1.0,27.038,1,1
1816,1,10.5,10.5,10.5,10.5,1,1
1817,6,8.494833333333334,18.89,1.1,50.969,1,1
1814,5,1.5475400000000001,2.15,1.09,7.7377,1,1
1807,3,12.762666666666666,24.0,1.288,38.288,1,1
1801,0,0.0,0.0,0.0,0.0,0,0
1797,0,0.0,0.0,0.0,0.0,0,0
1808,11,2.813808909090909,6.85,1.0,30.951898,1,1
1796,0,0.0,0.0,0.0,0.0,0,0
1800,0,0.0,0.0,0.0,0.0,0,0
1806,14,2.6536178571428573,4.6,0.96865,37.15065,1,1
1804,40,3.2143985,13.7,0.43,128.57594,1,1
1802,0,0.0,0.0,0.0,0.0,0,0
1809,6,1.5746666666666667,2.2,1.25,9.448,1,1
1799,0,0.0,0.0,0.0,0.0,0,0
1810,3,6.475033333333333,15.2,1.179,19.4251,1,1
1805,0,0.0,0.0,0.0,0.0,0,0
1803,0,0.0,0.0,0.0,0.0,0,0
1798,27,5.339277777777778,7.3658,1.0,144.1605,1,1
1792,84,2.940913738095238,13.96,0.46,247.036754,1,1
1793,12,3.63645375,6.6326,1.88,43.637445,1,1
1791,7,2.699306,15.69,0.484,18.895142,1,1
1795,5,6.063000000000001,14.0,2.965,30.315,1,1
1794,1,13.75,13.75,13.75,13.75,1,1
1781,4,2.69955,4.176,1.15,10.7982,1,1
1783,1,17.5,17.5,17.5,17.5,1,1
1790,21,5.039928333333333,7.38,0.97,105.838495,1,1
1787,17,5.564864705882353,14.49,0.9,94.6027,1,1
1789,5,3.3116,6.24,1.1,16.558,1,1
1784,26,4.359705,5.74,1.1,113.35233,1,1
1785,10,1.87197,2.99,1.48,18.7197,1,1
1782,2,8.903,16.666,1.14,17.806,1,1
1788,1,15.63,15.63,15.63,15.63,1,1
1786,6,7.510555166666666,12.8,2.9,45.063331,1,1
1777,1,1.599,1.599,1.599,1.599,1,1
1779,2,1.29495,1.45,1.1399,2.5899,1,1
1780,11,2.909090909090909,5.07,0.96,32.0,1,1
1776,3,12.1,24.0,2.3,36.3,1,1
1778,2,9.645,14.89,4.4,19.29,1,1
1767,3,2.9406666666666665,6.035,1.19,8.822,1,1
1764,2,10.69,20.0,1.38,21.38,1,1
1763,1,1.38,1.38,1.38,1.38,1,1
1769,27,4.2706946666666665,22.5,0.634,115.308756,1,1
1770,10,1.847599,7.27,0.5,18.47599,1,1
1766,1,1.44,1.44,1.44,1.44,1,1
1768,6,9.556666666666667,29.69,1.02,57.34,1,1
1761,3,1.1929999999999998,1.38,1.069,3.5789999999999997,1,1
1775,2,1.1789999999999998,1.18,1.178,2.3579999999999997,1,1
1774,4,2.1275,3.19,1.33,8.51,1,1
1772,4,5.76875,10.95,1.05,23.075,1,1
1762,2,2.13,2.88,1.38,4.26,1,1
1765,31,0.6493195161290323,0.94,0.443,20.128905,1,1
1773,3,6.9433333333333325,16.0,1.15,20.83,1,1
1771,9,2.3106513333333334,5.02,0.8,20.795862,1,1
1754,3,8.173666666666668,15.0,4.321,24.521,1,1
1751,4,4.71,10.0,1.65,18.84,1,1
1759,1,2.0,2.0,2.0,2.0,1,1
1760,7,11.785714285714286,24.45,3.0,82.5,1,1
1753,6,10.611666666666666,18.88,4.2,63.67,1,1
1755,8,4.858625,10.0,1.95,38.869,1,1
1756,20,2.4154,2.85,0.9,48.308,1,1
1752,1,3.64,3.64,3.64,3.64,1,1
1758,3,6.48,7.5,5.69,19.44,1,1
1757,2,21.5,25.0,18.0,43.0,1,1
1749,23,2.9912218260869565,8.0,1.634988,68.798102,1,1
1750,24,2.957495375,15.0,0.56,70.979889,1,1
1747,29,3.494366551724138,12.8,0.72,101.33663,1,1
1746,1,0.94,0.94,0.94,0.94,1,1
1748,3,6.333333333333333,8.5,2.5,19.0,1,1
1730,21,2.9515828571428573,15.5,0.494,61.98324,1,1
1744,49,3.280240775510204,4.2411,1.44,160.731798,1,1
1734,17,3.196907117647059,3.74,0.945,54.347421000000004,1,1
1724,2,1.32,1.35,1.29,2.64,1,1
1710,0,0.0,0.0,0.0,0.0,0,0
1733,5,3.1098,10.0,1.25,15.549,1,1
1743,13,2.7141384615384614,4.35,1.67,35.2838,1,1
1719,0,0.0,0.0,0.0,0.0,0,0
1738,0,0.0,0.0,0.0,0.0,0,0
1712,4,11.525,14.9,5.8,46.1,1,1
1741,1,7.3,7.3,7.3,7.3,1,1
1726,3,6.066333333333333,12.0,1.199,18.198999999999998,1,1
1714,0,0.0,0.0,0.0,0.0,0,0
1742,38,3.9909384210526317,15.5,1.4,151.65566,1,1
1739,0,0.0,0.0,0.0,0.0,0,0
1711,10,2.7446,5.7,1.47,27.446,1,1
1721,2,7.825,14.75,0.9,15.65,1,1
1722,6,1.5296666666666667,2.71,0.899,9.178,1,1
1737,0,0.0,0.0,0.0,0.0,0,0
1731,2,8.4,15.75,1.05,16.8,1,1
1728,1,3.1,3.1,3.1,3.1,1,1
1729,3,2.752966666666667,4.69,1.1,8.2589,1,1
1717,6,10.125833333333333,19.5,1.73,60.754999999999995,1,1
1740,2,1.96,1.96,1.96,3.92,1,1
1736,0,0.0,0.0,0.0,0.0,0,0
1735,15,5.032173866666667,24.2,0.717899,75.482608,1,1
1715,10,1.0214399,2.2889,0.425,10.214399,1,1
1723,14,2.670428428571429,4.05,1.0,37.385998,1,1
1713,7,7.366185571428572,19.5,1.4,51.563299,1,1
1725,4,1.764725,2.7,1.18,7.0589,1,1
1745,6,4.096666666666667,8.4,1.0,24.580000000000002,1,1
1727,0,0.0,0.0,0.0,0.0,0,0
1732,9,3.9279222222222225,10.0,0.73,35.3513,1,1
1720,1,50.0,50.0,50.0,50.0,1,1
1716,5,9.65,15.45,2.0,48.25,1,1
1718,9,3.0076666666666667,7.6,1.33,27.069,1,1
1684,4,5.4225,15.0,0.7,21.69,1,1
1681,20,3.7010172500000005,10.0,1.19,74.020345,1,1
1702,4,8.4525,15.8,1.21,33.81,1,1
1689,64,2.714950171875,9.25,0.474,173.756811,1,1
1700,2,4.05,6.0,2.1,8.1,1,1
1693,39,2.3918767435897434,18.98,0.10501,93.283193,1,1
1680,2,1.9949500000000002,2.22,1.7699,3.9899000000000004,1,1
1703,2,7.88,15.0,0.76,15.76,1,1
1687,4,4.3225,12.8,1.2,17.29,1,1
1688,21,3.0810251428571425,6.3,0.612,64.701528,1,1
1695,16,2.2320325000000003,12.069,0.88,35.712520000000005,1,1
1698,18,4.352666666666667,14.3,1.19,78.348,1,1
1704,8,7.22375,16.0,1.0,57.79,1,1
1692,1,1.0,1.0,1.0,1.0,1,1
1697,1,1.34,1.34,1.34,1.34,1,1
1685,1,27.0,27.0,27.0,27.0,1,1
1694,1,3.0,3.0,3.0,3.0,1,1
1690,46,5.313535826086957,8.5,0.436,244.422648,1,1
1678,3,18.49663333333333,35.0,1.4999,55.48989999999999,1,1
1709,0,0.0,0.0,0.0,0.0,0,0
1683,2,3.845,5.49,2.2,7.69,1,1
1701,1,3.8191,3.8191,3.8191,3.8191,1,1
1696,5,11.84,22.0,2.0,59.2,1,1
1708,1,1.969,1.969,1.969,1.969,1,1
1682,1,0.9899,0.9899,0.9899,0.9899,1,1
1679,1,2.969,2.969,2.969,2.969,1,1
1691,7,6.919428571428571,15.0,1.095,48.436,1,1
1686,8,4.2523625,7.87,0.9,34.0189,1,1
1706,2,1.58,1.6,1.56,3.16,1,1
1705,0,0.0,0.0,0.0,0.0,0,0
1699,4,9.24975,13.49,2.01,36.999,1,1
1707,7,3.1678414285714287,5.2389,1.29,22.17489,1,1
1671,15,3.4922665999999998,7.1,1.25,52.383998999999996,1,1
1669,3,8.081666666666667,18.0,1.245,24.245,1,1
1667,4,5.7425,18.0,1.3,22.97,1,1
1674,7,3.0942857142857143,6.88,0.75,21.66,1,1
1668,18,4.033994444444445,24.5,1.4,72.6119,1,1
1672,2,8.92,16.5,1.34,17.84,1,1
1665,6,7.123333333333334,17.0,1.57,42.74,1,1
1663,2,14.975000000000001,16.8,13.15,29.950000000000003,1,1
1675,1,5.0,5.0,5.0,5.0,1,1
1676,0,0.0,0.0,0.0,0.0,0,0
1666,10,2.648561,20.5,0.432,26.48561,1,1
1670,3,5.53,14.0,1.2,16.59,1,1
1673,6,3.6966666666666668,6.44,1.72,22.18,1,1
1664,1,24.5,24.5,24.5,24.5,1,1
1677,27,2.0414366666666663,6.945,1.15,55.11879,1,1
1650,18,2.8332938333333333,6.38,0.99,50.999289,1,1
1642,7,2.65,7.6,0.45,18.55,1,1
1626,1,1.6,1.6,1.6,1.6,1,1
1660,36,4.012136083333334,8.88,1.6,144.436899,1,1
1621,3,1.9146666666666665,3.99,0.859,5.744,1,1
1620,0,0.0,0.0,0.0,0.0,0,0
1622,4,8.5,25.0,2.1,34.0,1,1
1661,8,11.89,25.5,0.98,95.12,1,1
1632,8,6.023237375,15.49,2.6169,48.185899,1,1
1658,5,3.24716,11.195,1.01,16.2358,1,1
1656,0,0.0,0.0,0.0,0.0,0,0
1653,3,2.1933333333333334,3.5,1.5,6.58,1,1
1640,0,0.0,0.0,0.0,0.0,0,0
1648,13,5.109999923076923,16.0,0.7,66.429999,1,1
1655,15,2.716596733333333,6.2,1.5,40.748951,1,1
1616,4,0.989725,1.49,0.7299,3.9589,1,1
1657,0,0.0,0.0,0.0,0.0,0,0
1641,7,3.1128571428571425,7.0,1.01,21.79,1,1
1617,8,1.431862375,1.69,0.7799,11.454899,1,1
1662,6,2.840749833333333,3.274499,1.01,17.044499,1,1
1627,5,4.5542,16.0,0.442,22.771,1,1
1615,22,2.7886313636363638,12.22,0.476,61.34989,1,1
1645,4,1.1962325,1.47,0.945,4.78493,1,1
1629,2,5.5,9.5,1.5,11.0,1,1
1624,4,8.8,15.0,4.5,35.2,1,1
1635,1,1.2,1.2,1.2,1.2,1,1
1646,5,1.1333980000000001,1.45,0.96,5.66699,1,1
1644,5,1.2376,1.499,1.03,6.188,1,1
1634,1,0.999,0.999,0.999,0.999,1,1
1649,5,1.5437999999999998,3.0,0.825,7.718999999999999,1,1
1618,5,6.01798,14.99,0.7299,30.0899,1,1
1628,9,15.483522222222222,35.99,2.95,139.3517,1,1
1631,3,2.4996666666666667,3.0,1.499,7.4990000000000006,1,1
1633,3,7.3933333333333335,10.2,3.88,22.18,1,1
1651,6,5.358333333333333,14.39,0.99,32.15,1,1
1659,4,1.0037500000000001,1.24,0.755,4.015000000000001,1,1
1623,3,5.16,7.5,0.63,15.48,1,1
1652,5,3.35,6.7,1.25,16.75,1,1
1630,1,16.69,16.69,16.69,16.69,1,1
1619,16,3.64405,14.95,0.7799,58.3048,1,1
1647,3,1.329,1.428,1.2,3.987,1,1
1638,2,2.725,3.5,1.95,5.45,1,1
1625,3,5.990306666666666,12.0,1.07102,17.97092,1,1
1654,0,0.0,0.0,0.0,0.0,0,0
1637,20,3.2890245,11.3,0.98,65.78049,1,1
1643,3,1.2233333333333334,1.35,0.97,3.67,1,1
1636,58,2.452724551724138,6.3,1.2,142.258024,1,1
1639,0,0.0,0.0,0.0,0.0,0,0
1595,20,2.6430244000000003,6.969,0.739,52.860488000000004,1,1
1596,2,4.35,6.3,2.4,8.7,1,1
1598,8,2.9834312499999998,7.67,0.742,23.867449999999998,1,1
1594,32,4.4765290625,13.69,0.357,143.24893,1,1
1612,42,7.1713071428571435,17.5,2.3,301.1949,1,1
1592,2,1.2890000000000001,1.488,1.09,2.5780000000000003,1,1
1588,5,3.9934,15.0,1.12,19.967,1,1
1600,2,12.945,18.99,6.9,25.89,1,1
1613,2,18.75,23.5,14.0,37.5,1,1
1610,4,5.096725,10.24,0.7769,20.3869,1,1
1614,2,13.094999999999999,15.5,10.69,26.189999999999998,1,1
1606,48,3.7370946041666664,10.5,1.16,179.380541,1,1
1604,33,4.110454515151516,7.0,1.01,135.644999,1,1
1599,56,4.940042839285715,15.99,0.9,276.642399,1,1
1609,4,1.899725,2.98,1.419,7.5989,1,1
1603,2,6.87,12.4,1.34,13.74,1,1
1605,7,1.4749714285714286,3.38,0.88,10.3248,1,1
1608,3,5.276666666666666,8.88,0.95,15.83,1,1
1587,1,2.75,2.75,2.75,2.75,1,1
1593,6,8.431666666666667,21.5,1.4,50.59,1,1
1590,10,5.3768991999999995,15.88,0.975,53.768992,1,1
1601,2,9.745000000000001,12.99,6.5,19.490000000000002,1,1
1597,2,5.779,7.77,3.788,11.558,1,1
1591,4,9.632249999999999,13.69,1.799,38.528999999999996,1,1
1607,3,5.6000000000000005,13.9,1.3,16.8,1,1
1611,5,3.62712,3.98,3.4356,18.1356,1,1
1589,22,5.078217363636363,23.988,1.0957,111.720782,1,1
1602,6,8.495316666666666,20.5,1.385,50.9719,1,1
1577,0,0.0,0.0,0.0,0.0,0,0
1585,3,4.886333333333334,9.9,1.89,14.659,1,1
1583,16,0.8682140625,1.05,0.575,13.891425,1,1
1582,9,6.7154444444444445,16.49,1.7,60.439,1,1
1581,27,2.5343102962962964,5.99,0.96,68.426378,1,1
1584,3,8.663,13.0,1.49,25.989,1,1
1586,35,3.1555910857142857,16.0,0.851,110.445688,1,1
1579,0,0.0,0.0,0.0,0.0,0,0
1580,1,5.99,5.99,5.99,5.99,1,1
1578,0,0.0,0.0,0.0,0.0,0,0
1575,1,1.951237,1.951237,1.951237,1.951237,1,1
1568,2,1.4175,1.69,1.145,2.835,1,1
1567,3,2.1866666666666665,2.9,1.26,6.56,1,1
1570,3,1.14479,2.4945,0.455,3.43437,1,1
1572,4,1.96532675,3.35,1.041307,7.861307,1,1
1569,9,3.426111111111111,16.0,1.15,30.835,1,1
1576,9,5.503733333333333,7.385,3.71,49.5336,1,1
1574,7,3.524142857142857,10.0,0.42,24.669,1,1
1571,0,0.0,0.0,0.0,0.0,0,0
1573,37,2.9814007027027025,4.37,0.851,110.311826,1,1
1536,8,4.7125,13.0,0.9,37.7,1,1
1556,2,40.345,42.69,38.0,80.69,1,1
1550,2,8.145,13.99,2.3,16.29,1,1
1541,0,0.0,0.0,0.0,0.0,0,0
1560,1,1.2,1.2,1.2,1.2,1,1
1540,0,0.0,0.0,0.0,0.0,0,0
1522,19,1.890939894736842,2.88,1.0,35.927858,1,1
1545,10,7.939269899999999,23.5,1.25,79.392699,1,1
1527,61,2.869321295081967,9.1,0.8704,175.02859899999999,1,1
1537,9,1.7093332222222222,3.35,1.37,15.383999,1,1
1542,0,0.0,0.0,0.0,0.0,0,0
1551,1,9.99,9.99,9.99,9.99,1,1
1547,12,3.7378750000000003,10.9,0.9784,44.8545,1,1
1564,55,2.8533963636363637,7.22,1.19,156.9368,1,1
1534,4,14.8225,17.39,13.0,59.29,1,1
1558,1,1.1,1.1,1.1,1.1,1,1
1523,3,4.673333333333333,7.5,2.15,14.02,1,1
1539,3,2.8733333333333335,4.98,1.39,8.620000000000001,1,1
1543,5,2.822,7.0,1.0,14.11,1,1
1532,4,6.38,19.0,1.32,25.52,1,1
1535,1,0.99,0.99,0.99,0.99,1,1
1553,6,7.679566666666666,17.0,4.5,46.0774,1,1
1526,3,14.660000000000002,24.98,7.0,43.980000000000004,1,1
1533,0,0.0,0.0,0.0,0.0,0,0
1528,1,4.2069,4.2069,4.2069,4.2069,1,1
1546,3,0.9958333333333332,1.2,0.8,2.9875,1,1
1548,1,1.56,1.56,1.56,1.56,1,1
1561,2,1.045,1.2,0.89,2.09,1,1
1531,4,1.62,2.6,1.15,6.48,1,1
1544,0,0.0,0.0,0.0,0.0,0,0
1538,10,6.47278,9.0,4.19,64.7278,1,1
1563,1,9.4,9.4,9.4,9.4,1,1
1566,1,3.3,3.3,3.3,3.3,1,1
1525,4,7.1225000000000005,9.15,6.0,28.490000000000002,1,1
1549,4,8.055,18.5,1.3,32.22,1,1
1557,6,5.866666666666667,14.99,1.0,35.2,1,1
1552,0,0.0,0.0,0.0,0.0,0,0
1562,3,1.873333333333333,2.59,1.13,5.619999999999999,1,1
1559,2,2.6,4.2,1.0,5.2,1,1
1529,2,9.57,17.5,1.64,19.14,1,1
1524,3,1.4483333333333333,1.95,1.15,4.345,1,1
1565,14,6.023871357142857,14.54,0.991,84.334199,1,1
1555,1,20.0,20.0,20.0,20.0,1,1
1530,6,1.9081666666666666,3.33,0.9,11.449,1,1
1554,0,0.0,0.0,0.0,0.0,0,0
1521,0,0.0,0.0,0.0,0.0,0,0
1518,0,0.0,0.0,0.0,0.0,0,0
1517,6,5.011666666666667,15.51,1.02,30.07,1,1
1520,0,0.0,0.0,0.0,0.0,0,0
1519,0,0.0,0.0,0.0,0.0,0,0
1496,2,9.0,16.0,2.0,18.0,1,1
1511,5,4.396,8.0,1.39,21.98,1,1
1501,8,1.22733925,2.05,0.476714,9.818714,1,1
1515,4,8.032499999999999,16.98,1.15,32.129999999999995,1,1
1507,2,10.01,15.69,4.33,20.02,1,1
1510,17,3.597529411764706,7.949,1.389,61.158,1,1
1500,15,1.2232999333333332,2.07,0.48,18.349498999999998,1,1
1494,1,1.2,1.2,1.2,1.2,1,1
1495,4,17.7125,23.95,14.2,70.85,1,1
1516,21,4.475238095238096,17.5,1.25,93.98,1,1
1509,3,3.410083333333333,3.5303,3.3,10.23025,1,1
1497,4,8.4125,15.5,1.5,33.65,1,1
1502,4,9.8025,19.0,0.86,39.21,1,1
1514,6,3.9386666666666663,11.0,1.033,23.631999999999998,1,1
1499,4,9.8275,12.91,3.4,39.31,1,1
1512,1,1.299,1.299,1.299,1.299,1,1
1506,7,5.055770571428572,13.199999,1.499,35.390394,1,1
1503,2,13.094999999999999,13.75,12.44,26.189999999999998,1,1
1508,12,3.8890666666666664,8.2211,0.756,46.6688,1,1
1505,18,1.9076743333333335,9.75,0.443,34.338138,1,1
1498,51,4.854654098039216,6.41,1.699,247.587359,1,1
1504,16,1.7961737500000001,2.6,1.3,28.738780000000002,1,1
1513,4,0.99595,1.88,0.45,3.9838,1,1
1459,14,6.359014285714286,7.88,1.0325,89.0262,1,1
1464,6,6.086666666666666,14.93,1.05,36.519999999999996,1,1
1477,2,0.8275,0.9,0.755,1.655,1,1
1448,2,1.595,1.99,1.2,3.19,1,1
1466,2,4.595000000000001,7.69,1.5,9.190000000000001,1,1
1483,4,2.553397,5.0,0.93,10.213588,1,1
1485,7,9.884285714285713,12.0,7.1,69.19,1,1
1449,5,8.408,15.0,0.9,42.04,1,1
1456,1,1.19,1.19,1.19,1.19,1,1
1480,5,6.4239998,14.0,0.769999,32.119999,1,1
1461,16,3.0127361875,13.0,0.431,48.203779,1,1
1458,2,5.575,9.8,1.35,11.15,1,1
1451,3,5.45,6.9,4.45,16.35,1,1
1472,14,2.0264205,3.84,0.55,28.369887,1,1
1484,0,0.0,0.0,0.0,0.0,0,0
1463,3,2.85,6.0,1.2,8.55,1,1
1457,13,2.2504514615384617,5.4,1.09,29.255869,1,1
1490,2,7.9,14.8,1.0,15.8,1,1
1475,1,1.6,1.6,1.6,1.6,1,1
1474,15,2.542486666666667,4.79,1.3,38.1373,1,1
1465,2,6.699999999999999,8.2,5.2,13.399999999999999,1,1
1469,3,2.8666666666666667,3.8,1.3,8.6,1,1
1453,12,3.6803166666666667,8.8,1.4,44.1638,1,1
1454,12,2.8943705833333335,16.0,0.929,34.732447,1,1
1489,11,4.7606363636363636,6.71,1.63,52.367,1,1
1482,8,4.6096622499999995,6.643,2.76,36.877297999999996,1,1
1493,4,4.652,13.69,0.968,18.608,1,1
1471,3,1.4400000000000002,1.7,1.25,4.32,1,1
1473,6,5.655833333333334,16.0,0.7,33.935,1,1
1455,22,2.230721909090909,4.83,0.85,49.075882,1,1
1450,2,3.165,5.0,1.33,6.33,1,1
1492,5,10.014,15.99,2.0,50.07,1,1
1486,9,5.379777777777778,13.1,2.2,48.418,1,1
1481,21,2.840521428571429,14.29,0.40985,59.65095,1,1
1468,6,4.303299999999999,12.7,1.2,25.819799999999997,1,1
1488,4,2.7225,4.01,1.19,10.89,1,1
1491,6,3.541166666666667,3.98,2.77,21.247,1,1
1478,1,1.95,1.95,1.95,1.95,1,1
1462,1,1.1,1.1,1.1,1.1,1,1
1476,1,1.3,1.3,1.3,1.3,1,1
1470,1,2.0,2.0,2.0,2.0,1,1
1487,91,3.809312725274725,8.85,1.08,346.647458,1,1
1479,4,8.532325,19.8505,1.39,34.1293,1,1
1452,2,0.8045,0.95,0.659,1.609,1,1
1467,3,6.396666666666666,13.2,1.0,19.189999999999998,1,1
1460,15,3.5032967333333334,9.7,1.411951,52.549451,1,1
1433,0,0.0,0.0,0.0,0.0,0,0
1436,0,0.0,0.0,0.0,0.0,0,0
1440,5,4.7177999999999995,9.0,3.169,23.589,1,1
1430,12,3.012816666666667,16.69,0.694,36.153800000000004,1,1
1424,23,4.755676304347826,11.15,1.0,109.380555,1,1
1439,20,4.580715,16.48,3.15,91.6143,1,1
1445,31,3.5631451612903224,11.8,1.2,110.4575,1,1
1446,4,8.64725,25.0,1.139,34.589,1,1
1447,4,2.73365,6.9696,0.825,10.9346,1,1
1441,14,3.0282714285714287,4.36,1.09,42.3958,1,1
1432,0,0.0,0.0,0.0,0.0,0,0
1443,9,6.473333333333333,15.9,1.19,58.26,1,1
1428,9,3.2810777777777775,13.0,1.19,29.5297,1,1
1444,6,7.121283333333333,12.69,1.03,42.7277,1,1
1423,92,3.588973902173913,13.99,1.02,330.185599,1,1
1421,19,3.4126105263157895,14.3,0.79,64.8396,1,1
1438,1,1.11,1.11,1.11,1.11,1,1
1437,2,15.0,20.0,10.0,30.0,1,1
1442,13,1.4633206923076922,3.11,0.85,19.023169,1,1
1426,10,3.2799498999999996,4.37,0.93,32.799499,1,1
1422,15,6.753,26.9,1.29,101.295,1,1
1425,6,7.460833333333333,22.0,1.235,44.765,1,1
1435,0,0.0,0.0,0.0,0.0,0,0
1427,3,6.4430000000000005,10.0,3.069,19.329,1,1
1431,13,3.496708461538461,11.0,0.404,45.457209999999996,1,1
1429,5,5.518,13.7,2.85,27.59,1,1
1434,3,2.185499333333333,2.809998,1.05,6.5564979999999995,1,1
1416,4,1.9239875,3.0,1.35,7.69595,1,1
1418,2,1.22,1.39,1.05,2.44,1,1
1413,10,4.0328,10.5,1.13,40.328,1,1
1414,27,4.2084166666666665,14.0,1.0,113.62725,1,1
1420,63,3.5430722222222224,6.41,1.01,223.21355,1,1
1419,8,1.9522487499999999,2.549,0.84,15.617989999999999,1,1
1415,1,6.99,6.99,6.99,6.99,1,1
1411,4,2.725475,3.222,1.3899,10.9019,1,1
1417,6,4.42,18.88,0.143,26.52,1,1
1412,9,4.1087,5.5,1.54,36.9783,1,1
1407,3,11.910000000000002,17.61,2.12,35.730000000000004,1,1
1400,3,6.413333333333334,15.97,1.3,19.240000000000002,1,1
1397,4,8.27,18.69,2.4,33.08,1,1
1406,2,4.845,8.1,1.59,9.69,1,1
1410,54,6.048287037037038,15.8,0.98,326.6075,1,1
1408,5,2.2486,4.0,1.0,11.243,1,1
1396,5,1.17,1.44,0.845,5.85,1,1
1401,1,23.0,23.0,23.0,23.0,1,1
1409,1,1.0,1.0,1.0,1.0,1,1
1398,2,1.7245,1.749,1.7,3.449,1,1
1404,2,12.82,16.4,9.24,25.64,1,1
1405,4,1.6318000000000001,1.83,1.5402,6.527200000000001,1,1
1399,2,3.45,3.9,3.0,6.9,1,1
1403,12,4.858,16.0,1.2,58.296,1,1
1402,58,4.831151689655172,9.5,1.55,280.206798,1,1
1291,54,4.319507388888889,5.85,1.06,233.253399,1,1
1344,7,7.0599,16.24,1.1,49.4193,1,1
1354,13,2.3805923076923077,3.959,1.4,30.9477,1,1
1275,5,10.36,25.0,0.88,51.8,1,1
1314,0,0.0,0.0,0.0,0.0,0,0
1364,4,6.41,13.3,1.15,25.64,1,1
1365,24,2.4625583333333334,5.61,0.46,59.1014,1,1
1356,1,1.339,1.339,1.339,1.339,1,1
1334,6,4.846116666666667,9.75,0.85,29.076700000000002,1,1
1369,12,1.7030713333333332,4.35,0.845,20.436856,1,1
1317,7,6.037285714285714,8.5,2.884,42.260999999999996,1,1
1341,13,1.689549923076923,3.56,0.424,21.964149,1,1
1327,3,8.323,16.5,1.5,24.969,1,1
1383,19,2.671673684210526,5.05,0.78,50.7618,1,1
1394,0,0.0,0.0,0.0,0.0,0,0
1343,5,5.1617999999999995,16.0,0.95,25.808999999999997,1,1
1391,0,0.0,0.0,0.0,0.0,0,0
1362,1,1.34,1.34,1.34,1.34,1,1
1374,55,2.665574290909091,4.348,1.0,146.606586,1,1
1298,4,3.6392480000000003,5.0,2.056992,14.556992000000001,1,1
1337,3,3.5133333333333336,4.9,1.79,10.540000000000001,1,1
1333,14,2.361450714285714,6.9,0.5799,33.06031,1,1
1368,2,10.395,20.0,0.79,20.79,1,1
1307,2,5.0291999999999994,5.8584,4.2,10.058399999999999,1,1
1340,29,3.9995810344827585,6.12,0.622,115.98785,1,1
1294,0,0.0,0.0,0.0,0.0,0,0
1278,2,1.7750000000000001,2.2,1.35,3.5500000000000003,1,1
1311,0,0.0,0.0,0.0,0.0,0,0
1378,12,4.5255833333333335,9.5,1.23,54.307,1,1
1297,0,0.0,0.0,0.0,0.0,0,0
1286,0,0.0,0.0,0.0,0.0,0,0
1309,3,5.88,14.95,1.19,17.64,1,1
1370,7,1.6324857142857143,3.0,1.22,11.4274,1,1
1379,6,4.303333333333334,6.07,1.0,25.82,1,1
1280,1,1.4169,1.4169,1.4169,1.4169,1,1
1303,38,2.214605210526316,8.0,0.61,84.154998,1,1
1377,1,1.02,1.02,1.02,1.02,1,1
1313,29,1.707425172413793,3.96,0.8038,49.51533,1,1
1277,61,2.7481291147540983,10.0,0.392,167.635876,1,1
1295,4,9.1225,27.0,1.45,36.49,1,1
1282,18,4.949944444444444,13.333,0.789,89.099,1,1
1305,6,4.417516666666667,13.79,0.94,26.5051,1,1
1301,0,0.0,0.0,0.0,0.0,0,0
1390,9,5.812266666666667,15.0,0.408,52.3104,1,1
1345,17,3.463640529411765,12.0,2.0999,58.881889,1,1
1393,1,3.05,3.05,3.05,3.05,1,1
1381,3,6.063333333333333,11.95,1.24,18.189999999999998,1,1
1351,1,0.85,0.85,0.85,0.85,1,1
1349,7,5.9915714285714285,16.0,1.8,41.941,1,1
1335,8,1.624625,3.05,1.04,12.997,1,1
1350,19,2.6963168421052632,4.75,1.0,51.23002,1,1
1388,51,2.235094117647059,4.61,0.409,113.9898,1,1
1329,1,1.45,1.45,1.45,1.45,1,1
1367,53,3.5463125094339625,13.5,0.944,187.954563,1,1
1392,35,3.8978257142857142,7.361,1.21,136.4239,1,1
1308,6,7.408333333333334,23.0,2.82,44.45,1,1
1348,4,9.6445,24.0,3.5,38.578,1,1
1328,0,0.0,0.0,0.0,0.0,0,0
1319,5,10.42138,21.0,3.3,52.106899999999996,1,1
1339,2,11.943999999999999,15.0,8.888,23.887999999999998,1,1
1347,12,3.9012491666666667,12.0,1.25,46.81499,1,1
1287,0,0.0,0.0,0.0,0.0,0,0
1366,3,5.8933,10.9,2.88,17.6799,1,1
1299,0,0.0,0.0,0.0,0.0,0,0
1310,10,0.8570589,1.4,0.4199,8.570589,1,1
1387,4,7.125,19.0,1.0,28.5,1,1
1290,31,2.256377064516129,3.28,1.199,69.947689,1,1
1357,1,9.99,9.99,9.99,9.99,1,1
1338,2,6.545,12.0,1.09,13.09,1,1
1325,1,5.0,5.0,5.0,5.0,1,1
1296,35,2.6326685714285714,8.0,1.3,92.1434,1,1
1321,0,0.0,0.0,0.0,0.0,0,0
1380,3,1.175,1.98,0.495,3.525,1,1
1360,13,3.4745769230769232,7.73,0.787,45.1695,1,1
1395,7,2.0654614285714286,6.18,0.40213,14.45823,1,1
1293,71,4.1376332957746484,7.929,0.989,293.771964,1,1
1358,2,12.443999999999999,13.0,11.888,24.887999999999998,1,1
1386,0,0.0,0.0,0.0,0.0,0,0
1312,0,0.0,0.0,0.0,0.0,0,0
1285,10,6.09721,15.99,1.0,60.9721,1,1
1292,7,1.5811414285714285,2.98799,0.605,11.06799,1,1
1346,1,3.069,3.069,3.069,3.069,1,1
1389,1,1.3,1.3,1.3,1.3,1,1
1279,1,1.369,1.369,1.369,1.369,1,1
1326,0,0.0,0.0,0.0,0.0,0,0
1289,8,2.09037375,3.24,1.73,16.72299,1,1
1318,2,1.84,2.33,1.35,3.68,1,1
1300,23,5.428765217391304,6.95,2.28,124.8616,1,1
1276,24,3.4695916666666666,3.899,3.111,83.2702,1,1
1359,8,4.5320875,5.2301,3.49,36.2567,1,1
1324,3,8.9,14.5,3.7,26.7,1,1
1352,6,3.8085,10.4,1.155,22.851,1,1
1375,30,2.7241966666666664,6.2,0.96,81.7259,1,1
1332,24,2.1410295416666667,9.1,0.617,51.384709,1,1
1306,27,2.93136737037037,12.0,0.96,79.146919,1,1
1336,16,2.8850375,3.61,2.1794,46.1606,1,1
1353,12,7.656141666666667,18.8,6.15,91.8737,1,1
1371,9,4.266666666666667,9.25,1.99,38.4,1,1
1316,6,2.6542,3.8352,1.35,15.9252,1,1
1323,47,7.011068085106383,24.88,3.75,329.5202,1,1
1284,13,3.4861792307692308,6.69,0.44,45.32033,1,1
1384,22,1.2426095454545454,2.99,0.492,27.33741,1,1
1355,16,4.80254375,18.0,1.0,76.8407,1,1
1373,1,2.5,2.5,2.5,2.5,1,1
1274,13,3.865736153846154,14.8888,1.03,50.25457,1,1
1342,8,2.90675,6.0,1.7,23.254,1,1
1302,9,3.241051111111111,7.0,0.7777,29.16946,1,1
1331,1,1.3,1.3,1.3,1.3,1,1
1304,20,5.6323585000000005,14.0,1.055,112.64717,1,1
1385,12,2.49125,4.51,1.0,29.895,1,1
1281,6,3.5056833333333337,8.15,1.2773,21.034100000000002,1,1
1372,4,5.1005,6.64,0.642,20.402,1,1
1283,22,1.9315406363636363,15.5,0.7,42.493894,1,1
1322,8,0.85619875,1.09,0.466,6.84959,1,1
1288,0,0.0,0.0,0.0,0.0,0,0
1315,33,2.055572181818182,9.25,1.06,67.833882,1,1
1382,8,9.031125,24.9,1.33,72.249,1,1
1330,21,3.72609,7.0,1.0,78.24789,1,1
1376,18,2.495064777777778,16.1,0.91,44.911166,1,1
1320,16,1.9589861875,9.8,0.84,31.343779,1,1
1363,15,2.0560087333333334,11.48,1.23,30.840131,1,1
1361,1,1.289,1.289,1.289,1.289,1,1
1269,2,1.75,2.25,1.25,3.5,1,1
1261,1,9.2,9.2,9.2,9.2,1,1
1264,8,8.751125,21.0,0.93,70.009,1,1
1267,6,3.843166666666667,6.96,0.8,23.059,1,1
1259,26,4.559546115384615,16.0,1.25,118.548199,1,1
1258,15,4.695866666666666,11.49,1.39,70.438,1,1
1272,10,3.3735799999999996,9.43,1.075,33.7358,1,1
1273,3,7.933333333333334,16.1,1.5,23.8,1,1
1262,1,9.5,9.5,9.5,9.5,1,1
1256,2,1.5,2.0,1.0,3.0,1,1
1270,17,5.178652882352941,15.0,0.75,88.037099,1,1
1260,10,3.49189,10.95,1.01,34.9189,1,1
1271,4,2.76,6.34,1.3,11.04,1,1
1268,0,0.0,0.0,0.0,0.0,0,0
1257,11,4.126570545454546,10.5,1.24,45.392276,1,1
1255,15,3.2787927999999997,8.1407,0.445,49.181892,1,1
1266,6,6.863333333333333,21.0,0.53,41.18,1,1
1263,11,3.100427272727273,9.75,1.02,34.1047,1,1
1265,6,5.377366500000001,17.69,2.16,32.264199000000005,1,1
1178,9,4.081088666666667,13.8,1.0,36.729798,1,1
1188,12,8.663723333333333,22.9,5.65,103.96468,1,1
1243,1,1.19,1.19,1.19,1.19,1,1
1173,9,2.969433333333333,5.07,0.7799,26.724899999999998,1,1
1195,33,3.4295721212121215,16.0,1.1,113.17588,1,1
1194,12,12.71783325,80.0,1.123,152.613999,1,1
1155,16,5.3013061875,15.0,1.0,84.820899,1,1
1213,20,4.400835,11.88,1.19,88.0167,1,1
1141,7,2.5644714285714287,5.279,0.825,17.9513,1,1
1135,5,4.872,12.48,1.2,24.36,1,1
1186,0,0.0,0.0,0.0,0.0,0,0
1172,18,3.307513888888889,3.81,3.15,59.53525,1,1
1210,12,1.7084474166666668,3.23,0.93,20.501369,1,1
1228,4,4.73,11.0,1.12,18.92,1,1
1180,5,2.1,2.9,1.15,10.5,1,1
1185,57,3.7032278771929823,14.0,0.376,211.083989,1,1
1182,0,0.0,0.0,0.0,0.0,0,0
1249,17,1.562009294117647,3.33,0.416,26.554158,1,1
1165,33,4.245975757575757,15.9,1.1,140.1172,1,1
1177,3,2.005333333333333,3.05,1.3,6.016,1,1
1157,0,0.0,0.0,0.0,0.0,0,0
1149,1,1.29,1.29,1.29,1.29,1,1
1167,39,3.1624512820512822,15.69,0.775,123.3356,1,1
1200,2,13.75,15.0,12.5,27.5,1,1
1187,3,1.9971666666666668,2.49,1.2215,5.9915,1,1
1184,4,10.6175,25.0,1.38,42.47,1,1
1139,2,2.534,3.968,1.1,5.068,1,1
1162,1,39.0,39.0,39.0,39.0,1,1
1151,2,7.995000000000001,9.3,6.69,15.990000000000002,1,1
1232,15,3.6359333333333335,7.7,1.4,54.539,1,1
1238,0,0.0,0.0,0.0,0.0,0,0
1169,2,1.11845,1.3,0.9369,2.2369,1,1
1241,2,1.27,1.4,1.14,2.54,1,1
1137,9,6.945555555555555,15.5,2.13,62.51,1,1
1247,37,2.6515340810810812,16.0,0.685,98.106761,1,1
1163,3,1.6133333333333333,1.9,1.25,4.84,1,1
1205,1,5.0,5.0,5.0,5.0,1,1
1208,0,0.0,0.0,0.0,0.0,0,0
1192,1,0.89,0.89,0.89,0.89,1,1
1142,0,0.0,0.0,0.0,0.0,0,0
1209,4,2.02665,5.0,0.988,8.1066,1,1
1168,4,8.000025,18.0,0.0001,32.0001,1,1
1199,0,0.0,0.0,0.0,0.0,0,0
1235,36,2.5582758611111114,10.5,0.869999,92.097931,1,1
1225,14,2.257141285714286,7.3,0.756979,31.599978,1,1
1217,37,1.8753834594594596,8.0,0.377,69.389188,1,1
1158,0,0.0,0.0,0.0,0.0,0,0
1171,11,3.638336363636364,6.5599,1.959,40.0217,1,1
1176,1,1.0,1.0,1.0,1.0,1,1
1201,1,4.0,4.0,4.0,4.0,1,1
1226,11,3.5928272727272725,12.75,1.0,39.5211,1,1
1212,7,2.194346142857143,4.37,1.05,15.360423,1,1
1240,13,2.0223853076923075,2.73,1.2,26.291009,1,1
1144,7,4.090242857142857,12.5,0.942,28.6317,1,1
1244,15,5.163583333333333,17.1,0.40385,77.45375,1,1
1204,1,11.0,11.0,11.0,11.0,1,1
1136,6,2.724066666666667,7.1125,1.13,16.3444,1,1
1252,50,4.02497992,16.0,0.805001,201.248996,1,1
1214,5,4.468666,11.75,0.48,22.343329999999998,1,1
1242,1,3.45,3.45,3.45,3.45,1,1
1231,17,1.2925988235294117,2.92,0.849,21.97418,1,1
1233,43,3.8718451627906973,14.0,0.581,166.489342,1,1
1203,1,15.0,15.0,15.0,15.0,1,1
1166,6,7.7306816666666665,12.99,5.5,46.38409,1,1
1181,2,1.1600000000000001,1.33,0.99,2.3200000000000003,1,1
1164,2,7.0,10.0,4.0,14.0,1,1
1183,2,1.155,1.37,0.94,2.31,1,1
1190,0,0.0,0.0,0.0,0.0,0,0
1223,3,6.5333000000000006,12.3,3.0,19.5999,1,1
1175,5,6.953999999999999,15.0,1.0,34.769999999999996,1,1
1222,8,7.0949374999999995,22.38,1.39,56.759499999999996,1,1
1145,1,1.1,1.1,1.1,1.1,1,1
1148,0,0.0,0.0,0.0,0.0,0,0
1237,0,0.0,0.0,0.0,0.0,0,0
1150,0,0.0,0.0,0.0,0.0,0,0
1160,4,7.9825,13.4,0.84,31.93,1,1
1198,26,3.2994346153846155,16.25,1.5,85.7853,1,1
1174,1,2.2,2.2,2.2,2.2,1,1
1218,3,2.5166666666666666,4.0,1.5,7.55,1,1
1229,1,3.69,3.69,3.69,3.69,1,1
1220,3,2.3499999999999996,4.1,1.1,7.049999999999999,1,1
1170,66,3.4570781969696966,6.23,0.806061,228.167161,1,1
1245,3,5.783333333333334,15.0,1.05,17.35,1,1
1159,0,0.0,0.0,0.0,0.0,0,0
1138,20,2.36229945,3.398,1.1,47.245989,1,1
1211,33,2.103508696969697,4.31,0.999,69.415787,1,1
1253,27,5.8555459259259255,16.9,0.758,158.09974,1,1
1152,2,10.45,11.0,9.9,20.9,1,1
1197,2,9.995,18.0,1.99,19.99,1,1
1154,13,3.9764615384615385,22.0,0.867,51.694,1,1
1140,2,9.675,11.35,8.0,19.35,1,1
1216,3,11.916666666666666,30.0,1.75,35.75,1,1
1207,0,0.0,0.0,0.0,0.0,0,0
1254,1,4.336792,4.336792,4.336792,4.336792,1,1
1215,3,5.983333333333333,16.0,0.95,17.95,1,1
1146,0,0.0,0.0,0.0,0.0,0,0
1250,4,1.7072,3.2,0.9913,6.8288,1,1
1221,12,2.89707325,5.359,0.8469,34.764879,1,1
1206,8,2.1874875,2.36,1.76,17.4999,1,1
1251,3,7.580000000000001,11.7,1.05,22.740000000000002,1,1
1191,2,5.7,9.8,1.6,11.4,1,1
1239,3,9.35,21.0,2.55,28.05,1,1
1143,11,4.34990909090909,7.2,1.35,47.849,1,1
1236,0,0.0,0.0,0.0,0.0,0,0
1248,41,2.4830192682926833,14.75,1.02,101.80379,1,1
1189,0,0.0,0.0,0.0,0.0,0,0
1147,11,6.2430545454545445,14.369,1.8,68.6736,1,1
1193,1,1.35,1.35,1.35,1.35,1,1
1234,1,10.0,10.0,10.0,10.0,1,1
1230,5,6.797999999999999,16.0,1.2,33.989999999999995,1,1
1156,2,3.7538964999999997,3.9,3.607793,7.5077929999999995,1,1
1196,0,0.0,0.0,0.0,0.0,0,0
1227,17,2.796470588235294,3.8,2.04,47.54,1,1
1219,1,1.5,1.5,1.5,1.5,1,1
1179,16,3.42874375,13.5,1.0,54.8599,1,1
1161,6,1.4985920000000001,2.44,0.952652,8.991552,1,1
1153,39,4.553266666666667,13.9,2.5787,177.5774,1,1
1224,9,7.970444444444445,18.5,1.0,71.73400000000001,1,1
1202,5,3.336,6.95,0.9,16.68,1,1
1246,7,5.661414285714286,15.9,0.855,39.6299,1,1
1113,5,5.371519999999999,10.1,2.6,26.857599999999998,1,1
1111,7,3.8109285714285717,8.0,1.111,26.6765,1,1
1127,5,5.3698,11.5,1.14,26.849,1,1
1115,2,3.05,4.0,2.1,6.1,1,1
1123,23,4.871732608695653,7.18,0.95,112.04985,1,1
1110,18,1.8632649444444445,2.8,1.15,33.538769,1,1
1125,26,2.2537615384615384,11.0,0.35,58.5978,1,1
1121,19,2.5147526315789475,4.9,0.72,47.780300000000004,1,1
1132,25,3.0472679599999997,7.7,1.2,76.181699,1,1
1130,9,4.067665555555555,8.99,0.7179,36.60899,1,1
1120,3,34.663333333333334,55.0,3.99,103.99000000000001,1,1
1112,8,9.387375,21.35,2.64,75.099,1,1
1108,1,0.879,0.879,0.879,0.879,1,1
1118,2,1.55,1.6,1.5,3.1,1,1
1117,10,5.7141898,13.6,0.9469,57.141898,1,1
1126,1,4.42,4.42,4.42,4.42,1,1
1116,17,4.236699411764706,16.0,1.03899,72.02389,1,1
1119,3,1.1833333333333333,1.5,0.95,3.55,1,1
1134,6,1.7926623333333334,3.58,0.899,10.755974,1,1
1131,4,5.9185,8.69,1.28,23.674,1,1
1122,16,5.5506125,6.18,1.19,88.8098,1,1
1133,23,4.002643304347826,14.98,0.86,92.060796,1,1
1129,6,2.364996666666667,2.91998,1.59,14.18998,1,1
1109,20,5.3314,21.0,1.4,106.628,1,1
1128,4,1.90425,2.5,1.337,7.617,1,1
1114,4,2.661125,6.5,1.37,10.6445,1,1
1124,2,22.0,24.0,20.0,44.0,1,1
1029,1,2.3,2.3,2.3,2.3,1,1
1032,1,1.369,1.369,1.369,1.369,1,1
1079,20,3.8264579499999996,15.25,1.69,76.52915899999999,1,1
1084,1,2.49,2.49,2.49,2.49,1,1
1087,3,7.896666666666667,22.0,0.79,23.69,1,1
1019,5,2.9058,4.5,1.69,14.529,1,1
1064,67,4.237777597014926,6.85,1.249,283.931099,1,1
1055,43,2.4572376046511626,5.07,0.99,105.661217,1,1
1034,3,10.662666666666667,17.0,0.988,31.988,1,1
1045,17,1.5155470588235294,4.3518,1.0,25.7643,1,1
1095,0,0.0,0.0,0.0,0.0,0,0
1077,8,3.2432499999999997,16.9,0.768,25.945999999999998,1,1
1086,14,2.509492785714286,4.03,1.18,35.132899,1,1
1088,48,5.360298291666666,7.45,0.81,257.294318,1,1
1058,41,4.831118024390244,6.33,1.027999,198.075839,1,1
1076,3,3.56,4.78,1.9,10.68,1,1
1014,26,2.695517307692308,17.0,1.1,70.08345,1,1
1091,15,4.5698,15.9,1.15,68.547,1,1
1104,2,2.245,2.99,1.5,4.49,1,1
1093,0,0.0,0.0,0.0,0.0,0,0
1097,33,6.134448484848485,6.8,1.25,202.4368,1,1
1007,4,6.5625,7.2,6.07,26.25,1,1
1065,5,7.871799999999999,16.81,1.5,39.358999999999995,1,1
1037,46,3.4153108695652175,14.7,1.27,157.1043,1,1
1056,4,11.43,15.88,3.84,45.72,1,1
1027,2,11.0,16.0,6.0,22.0,1,1
1021,3,3.639,3.8,3.507,10.917,1,1
1074,1,1.2999,1.2999,1.2999,1.2999,1,1
1080,4,2.984,3.9,2.5,11.936,1,1
1106,5,2.3294562,3.3928,1.345,11.647281,1,1
1023,1,3.85,3.85,3.85,3.85,1,1
1035,3,18.12666666666667,45.0,4.69,54.38,1,1
1090,1,6.67,6.67,6.67,6.67,1,1
1069,46,2.285419456521739,4.2,0.57,105.129295,1,1
1022,2,2.21,2.97,1.45,4.42,1,1
1028,3,7.016666666666666,10.9,1.45,21.049999999999997,1,1
1078,1,69.69,69.69,69.69,69.69,1,1
1053,36,2.7773594444444445,6.55,1.171,99.98494,1,1
1089,12,3.3396631666666665,6.25,1.06,40.075958,1,1
1012,18,4.004132666666667,15.3,1.09,72.074388,1,1
1054,10,3.37986,6.0,1.36,33.7986,1,1
1100,6,12.705,24.0,1.2,76.23,1,1
1094,24,3.74948375,9.28101,1.77,89.98761,1,1
1008,7,6.184285714285714,20.0,1.75,43.29,1,1
1057,4,2.1975000000000002,2.97,1.4,8.790000000000001,1,1
1038,2,18.5,27.0,10.0,37.0,1,1
1098,19,1.7480105263157897,3.82,1.43,33.2122,1,1
1048,24,3.427599583333333,16.0,1.02999,82.26239,1,1
1046,7,2.8355428571428574,7.549,1.0,19.8488,1,1
1044,18,3.2315728333333333,7.59999,1.17,58.168311,1,1
1020,26,5.049038461538462,6.39,3.54,131.275,1,1
1024,44,1.5085761136363636,6.65,0.423,66.377349,1,1
1101,1,2.89,2.89,2.89,2.89,1,1
1082,19,2.8042263157894736,6.65,1.16,53.2803,1,1
1061,12,5.3086,7.15,0.82,63.7032,1,1
1103,10,6.9445,15.2,1.55,69.445,1,1
1031,1,1.35,1.35,1.35,1.35,1,1
1075,0,0.0,0.0,0.0,0.0,0,0
1011,5,3.6339400000000004,4.54,1.2,18.169700000000002,1,1
1096,2,1.77,2.44,1.1,3.54,1,1
1018,45,3.372773555555556,13.5,0.98152,151.77481,1,1
1107,1,3.5,3.5,3.5,3.5,1,1
1016,36,5.179325166666667,6.39,1.34,186.455706,1,1
1052,1,7.25,7.25,7.25,7.25,1,1
1017,1,4.95,4.95,4.95,4.95,1,1
1049,8,2.81976375,6.09,1.0,22.55811,1,1
1026,11,2.4045271818181817,6.3,1.149,26.449799,1,1
1092,5,5.9998,13.6,1.849,29.999,1,1
1067,2,1.35,1.41,1.29,2.7,1,1
1073,20,4.2374695000000004,7.2,3.0,84.74939,1,1
1068,5,1.6960000000000002,3.2,1.0,8.48,1,1
1043,0,0.0,0.0,0.0,0.0,0,0
1070,2,1.275,1.3,1.25,2.55,1,1
1060,6,7.498333333333334,14.48,1.0,44.99,1,1
1083,37,5.398605405405405,12.95,1.92,199.7484,1,1
1013,43,5.198370953488372,12.69,1.3,223.529951,1,1
1063,3,8.73,15.5,2.69,26.19,1,1
1030,3,2.8424666666666667,4.0,2.2474,8.5274,1,1
1071,6,3.1530166666666672,10.0,0.842,18.918100000000003,1,1
1059,10,4.68085,10.9,0.65,46.8085,1,1
1062,11,4.136989727272727,6.56,1.89,45.506887,1,1
1025,1,58.0,58.0,58.0,58.0,1,1
1066,3,13.743333333333334,22.88,6.75,41.230000000000004,1,1
1051,3,6.415,9.875,1.5,19.245,1,1
1050,4,3.8025,4.95,1.42,15.21,1,1
1036,4,13.56475,24.24,1.469,54.259,1,1
1033,32,2.45435153125,6.4425,0.89,78.539249,1,1
1009,4,5.69,9.4,1.35,22.76,1,1
1085,3,114.47333333333334,155.0,69.42,343.42,1,1
1102,2,7.45,13.0,1.9,14.9,1,1
1047,3,3.7729966666666663,5.169,2.85,11.31899,1,1
1081,18,5.478265944444445,13.45,0.679987,98.608787,1,1
1040,12,4.178366666666666,23.0,0.581,50.1404,1,1
1039,6,5.0984165,8.96,1.19,30.590498999999998,1,1
1072,0,0.0,0.0,0.0,0.0,0,0
1041,0,0.0,0.0,0.0,0.0,0,0
1010,3,8.53,13.9,2.69,25.59,1,1
1099,2,28.875,40.0,17.75,57.75,1,1
1042,8,3.1947125,4.58,1.969,25.5577,1,1
1105,2,8.14,9.98,6.3,16.28,1,1
1015,18,2.3554381666666666,5.65,0.58,42.397887,1,1
992,2,4.95,9.0,0.9,9.9,1,1
978,6,8.148333333333333,15.5,1.2,48.89,1,1
1002,3,2.11,3.79,1.1,6.33,1,1
1006,3,4.180000000000001,10.4,1.04,12.540000000000001,1,1
1005,0,0.0,0.0,0.0,0.0,0,0
990,3,0.3985,0.4115,0.39,1.1955,1,1
997,10,3.672298,14.75,1.16,36.72298,1,1
988,2,0.40312000000000003,0.41124,0.395,0.8062400000000001,1,1
976,2,1.1749999999999998,1.18,1.17,2.3499999999999996,1,1
994,2,2.645,3.9,1.39,5.29,1,1
985,2,11.225,13.0,9.45,22.45,1,1
1004,3,19.2,28.8,10.0,57.6,1,1
1001,29,3.9358068965517243,21.5,1.12,114.1384,1,1
999,1,15.5,15.5,15.5,15.5,1,1
989,0,0.0,0.0,0.0,0.0,0,0
995,0,0.0,0.0,0.0,0.0,0,0
991,55,4.797201818181818,6.63,1.0,263.8461,1,1
980,4,5.97375,13.5,1.1,23.895,1,1
993,18,1.4494058333333333,2.96,0.79,26.089305,1,1
986,1,1.6,1.6,1.6,1.6,1,1
979,6,3.8293666666666666,13.69,1.09,22.9762,1,1
977,7,1.6414142857142857,4.2069,0.48,11.4899,1,1
987,4,0.4336225,0.4625,0.403,1.73449,1,1
996,7,2.1852857142857145,2.85,0.567,15.297,1,1
983,14,2.25015,16.5,0.806,31.5021,1,1
998,2,10.4,15.0,5.8,20.8,1,1
1003,2,4.75,6.25,3.25,9.5,1,1
981,5,8.325999999999999,22.22,3.07,41.629999999999995,1,1
984,1,14.45,14.45,14.45,14.45,1,1
1000,0,0.0,0.0,0.0,0.0,0,0
982,4,3.37975,5.95,1.8,13.519,1,1
922,1,7.9,7.9,7.9,7.9,1,1
963,7,7.545571428571429,23.0,2.5,52.819,1,1
971,0,0.0,0.0,0.0,0.0,0,0
966,2,4.045,4.4,3.69,8.09,1,1
970,1,21.0,21.0,21.0,21.0,1,1
962,1,0.85,0.85,0.85,0.85,1,1
905,21,4.972857142857143,11.84,1.0,104.43,1,1
943,14,3.1633570714285715,13.0,1.008999,44.286999,1,1
909,2,0.9895,1.099,0.88,1.979,1,1
940,1,15.4269,15.4269,15.4269,15.4269,1,1
957,8,2.2090625,6.6,1.1,17.6725,1,1
903,2,1.225,1.45,1.0,2.45,1,1
931,4,0.804125,1.25,0.431,3.2165,1,1
920,13,3.2410923076923077,8.24,1.1,42.1342,1,1
934,0,0.0,0.0,0.0,0.0,0,0
974,9,3.849777777777778,10.4,0.5,34.648,1,1
916,7,3.4514285714285715,13.4,1.22,24.16,1,1
954,16,1.770040375,3.18,1.1,28.320646,1,1
941,5,4.71634,6.25,1.122,23.581699999999998,1,1
902,12,5.78,19.0,1.0,69.36,1,1
948,3,1.7066666666666668,3.28,0.84,5.12,1,1
953,3,9.233333333333333,16.95,5.0,27.7,1,1
972,21,3.27326580952381,22.68,0.929,68.73858200000001,1,1
946,44,5.560133409090909,24.9,1.1,244.64587,1,1
945,6,7.293333333333333,19.0,1.1,43.76,1,1
910,5,9.204799999999999,18.97,1.285,46.023999999999994,1,1
904,3,4.583333333333333,11.0,1.3,13.75,1,1
908,15,4.4704504,10.49,0.98,67.056756,1,1
918,11,3.856077727272727,14.0,1.04,42.416855,1,1
906,1,2.5,2.5,2.5,2.5,1,1
912,6,2.15065,3.05,1.2,12.9039,1,1
956,2,7.970000000000001,14.4,1.54,15.940000000000001,1,1
952,10,5.07986,20.0,1.407,50.7986,1,1
949,4,4.62,15.0,1.09,18.48,1,1
935,39,5.369582051282052,14.99,1.22,209.4137,1,1
942,5,2.73874,3.98,0.6,13.6937,1,1
901,2,0.925,1.0,0.85,1.85,1,1
959,1,15.0,15.0,15.0,15.0,1,1
928,2,1.1345,1.48,0.789,2.269,1,1
950,8,4.0209625,7.5377,2.3,32.1677,1,1
964,17,2.949647,7.7,0.825,50.143999,1,1
932,21,4.13104280952381,6.649,1.05,86.751899,1,1
926,10,1.0061939,1.088,0.947,10.061939,1,1
969,7,2.4526514285714285,4.3,2.02,17.16856,1,1
924,12,6.117416666666667,14.69,2.5,73.409,1,1
927,10,8.272036,24.69,1.285,82.72036,1,1
939,3,1.4355989999999998,1.639897,1.0969,4.3067969999999995,1,1
914,9,1.8599,3.65,0.48,16.7391,1,1
923,1,2.99,2.99,2.99,2.99,1,1
973,0,0.0,0.0,0.0,0.0,0,0
975,0,0.0,0.0,0.0,0.0,0,0
921,3,2.9979999999999998,4.5,1.994,8.994,1,1
955,5,2.7848300000000004,7.0,1.16,13.924150000000001,1,1
965,1,1.36,1.36,1.36,1.36,1,1
961,2,6.445,11.0,1.89,12.89,1,1
930,2,1.395,1.49,1.3,2.79,1,1
944,18,3.9220611111111108,9.74,1.0599,70.5971,1,1
958,31,2.624729,9.25,0.582,81.366599,1,1
937,9,4.610196111111112,15.0,2.89,41.491765,1,1
913,3,9.426666666666666,22.74,1.74,28.279999999999998,1,1
951,5,2.4189999999999996,3.88,1.5,12.094999999999999,1,1
967,4,11.9475,15.89,4.2,47.79,1,1
907,1,0.789,0.789,0.789,0.789,1,1
915,19,2.868684210526316,9.0,0.9,54.505,1,1
936,1,9.99,9.99,9.99,9.99,1,1
929,6,5.6465,11.6,1.099,33.879,1,1
947,25,5.9277999999999995,13.13,1.0,148.195,1,1
960,19,2.378999894736842,5.3,0.8,45.200998,1,1
933,13,2.414311076923077,6.0,0.84,31.386044000000002,1,1
938,19,5.276584210526316,15.0,2.58,100.2551,1,1
917,2,15.00005,30.0,0.0001,30.0001,1,1
911,9,5.852999888888889,15.55,1.09,52.676999,1,1
925,7,1.8009000000000002,2.88,0.789,12.606300000000001,1,1
968,3,6.1114,10.85,0.449,18.3342,1,1
919,3,2.3829333333333333,4.69,1.1688,7.1488000000000005,1,1
897,1,2.89,2.89,2.89,2.89,1,1
898,18,2.865,3.24,2.28,51.57,1,1
899,0,0.0,0.0,0.0,0.0,0,0
894,8,8.61375,17.2,3.1,68.91,1,1
893,15,7.6879333333333335,17.0,1.47,115.319,1,1
900,6,3.5470333333333333,7.3222,0.88,21.2822,1,1
896,1,1.299,1.299,1.299,1.299,1,1
895,5,1.7246,2.1,1.21,8.623,1,1
891,1,3.0,3.0,3.0,3.0,1,1
885,2,20.145,24.99,15.3,40.29,1,1
879,18,2.8085626111111113,12.7,0.461999,50.554127,1,1
870,7,6.548571428571428,15.42,2.49,45.839999999999996,1,1
883,11,7.084772727272727,15.0,1.4975,77.9325,1,1
872,4,1.02725,1.32,0.75,4.109,1,1
869,4,9.07,25.0,1.15,36.28,1,1
868,5,2.374,2.71,1.99,11.870000000000001,1,1
890,3,3.3833333333333333,5.07,2.28,10.15,1,1
884,22,3.3085527272727275,15.0,0.94,72.78816,1,1
874,0,0.0,0.0,0.0,0.0,0,0
888,1,3.0,3.0,3.0,3.0,1,1
886,55,6.275208345454545,15.3,0.974,345.136459,1,1
880,10,9.068200000000001,23.98,2.4,90.682,1,1
892,5,3.8259999999999996,8.95,1.69,19.13,1,1
887,1,16.0,16.0,16.0,16.0,1,1
878,0,0.0,0.0,0.0,0.0,0,0
875,15,5.127145333333333,14.99,1.39,76.90718,1,1
882,0,0.0,0.0,0.0,0.0,0,0
877,2,1.295,1.39,1.2,2.59,1,1
889,4,8.9875,12.0,3.75,35.95,1,1
881,2,19.34,23.88,14.8,38.68,1,1
873,0,0.0,0.0,0.0,0.0,0,0
876,6,5.313316666666666,12.8,1.1,31.8799,1,1
871,2,1.0845,1.17,0.999,2.169,1,1
860,1,1.0,1.0,1.0,1.0,1,1
861,13,1.4599692307692307,2.469,0.61,18.979599999999998,1,1
858,7,2.3988,4.06,1.2526,16.7916,1,1
857,2,5.65,10.0,1.3,11.3,1,1
867,0,0.0,0.0,0.0,0.0,0,0
866,3,3.1833333333333336,7.15,1.2,9.55,1,1
862,4,2.51825,7.3,0.913,10.073,1,1
863,0,0.0,0.0,0.0,0.0,0,0
856,11,2.652054545454545,7.89,1.24,29.1726,1,1
853,5,8.304433,18.0,3.078865,41.522165,1,1
855,2,2.7755,2.99,2.561,5.551,1,1
864,2,1.05,1.1,1.0,2.1,1,1
865,1,5.0,5.0,5.0,5.0,1,1
854,17,4.069858764705883,8.1407,1.0,69.187599,1,1
859,16,6.6334961875,23.0,0.391,106.135939,1,1
851,2,2.675,3.95,1.4,5.35,1,1
817,12,3.4665816666666665,6.67,1.53998,41.59898,1,1
768,25,4.142576,15.25,0.94,103.5644,1,1
842,3,17.33,26.99,11.0,51.989999999999995,1,1
852,16,4.39885,14.0,1.4969,70.3816,1,1
804,7,2.223557142857143,5.5,1.2,15.5649,1,1
838,52,4.945385923076923,11.5,0.63,257.160068,1,1
785,6,9.723333333333334,14.79,1.4,58.34,1,1
816,1,15.0,15.0,15.0,15.0,1,1
849,0,0.0,0.0,0.0,0.0,0,0
828,4,9.622,18.98,0.828,38.488,1,1
844,11,3.186076363636364,10.5,0.84,35.04684,1,1
812,0,0.0,0.0,0.0,0.0,0,0
767,15,1.6764259333333333,2.22,1.17,25.146389,1,1
847,18,4.310373222222221,16.66,0.75,77.58671799999999,1,1
826,22,1.4953062727272728,3.39,0.355,32.896738,1,1
788,37,4.180872621621622,11.5,0.959889,154.692287,1,1
822,65,3.961038461538461,9.75,0.88,257.4675,1,1
778,2,4.40095,4.43,4.3719,8.8019,1,1
850,14,2.4556892142857145,3.71,0.99,34.379649,1,1
798,1,3.444,3.444,3.444,3.444,1,1
818,3,11.183333333333332,18.0,3.55,33.55,1,1
791,4,2.172225,2.95,1.8689,8.6889,1,1
799,1,12.8,12.8,12.8,12.8,1,1
801,12,2.979908333333334,6.78,1.16,35.758900000000004,1,1
825,1,1.2,1.2,1.2,1.2,1,1
830,0,0.0,0.0,0.0,0.0,0,0
770,11,2.817727272727273,7.0,0.41,30.995,1,1
780,1,9.5,9.5,9.5,9.5,1,1
837,10,3.7307,5.99,1.4,37.307,1,1
848,13,4.0611,5.69,1.06,52.7943,1,1
808,28,3.270084642857143,10.3,2.0,91.56237,1,1
835,2,4.05,6.8,1.3,8.1,1,1
840,5,5.104,7.35,3.5,25.52,1,1
827,4,1.504225,1.95,1.29,6.0169,1,1
795,6,5.296083333333333,18.0,0.0015,31.7765,1,1
805,5,15.044,23.88,8.99,75.22,1,1
783,6,3.4658333333333338,11.9,0.47,20.795,1,1
820,0,0.0,0.0,0.0,0.0,0,0
839,1,13.0,13.0,13.0,13.0,1,1
787,3,1.7296666666666667,3.0,0.949,5.189,1,1
832,2,1.395,1.4,1.39,2.79,1,1
789,1,10.0,10.0,10.0,10.0,1,1
831,19,4.142105210526316,17.5,0.57,78.699999,1,1
772,4,11.099225,21.69,2.5,44.3969,1,1
794,27,2.1474554814814817,13.2,0.357,57.981298,1,1
814,42,5.657069047619048,6.71,1.95,237.5969,1,1
793,6,3.4616666666666664,5.99,2.29,20.77,1,1
843,0,0.0,0.0,0.0,0.0,0,0
829,5,3.2032,4.28,1.616,16.016,1,1
776,1,77.7,77.7,77.7,77.7,1,1
841,3,2.3333333333333335,3.0,1.1,7.0,1,1
846,2,4.835,8.75,0.92,9.67,1,1
815,15,4.146995333333334,7.28,2.0,62.204930000000004,1,1
782,16,5.7235186875,22.0,0.925,91.576299,1,1
845,3,5.162999999999999,9.45,1.17,15.488999999999999,1,1
774,1,10.5,10.5,10.5,10.5,1,1
784,4,6.717975,14.6,0.835,26.8719,1,1
796,10,2.1177399,7.79,1.08,21.177399,1,1
786,2,10.575000000000001,19.1,2.05,21.150000000000002,1,1
824,7,4.405571428571428,12.0,1.51,30.839,1,1
781,6,4.028333333333333,9.99,1.2,24.17,1,1
821,3,1.42,1.78,0.93,4.26,1,1
819,1,4.3,4.3,4.3,4.3,1,1
790,2,15.0,17.0,13.0,30.0,1,1
792,2,1.96,2.77,1.15,3.92,1,1
779,18,5.919852222222222,13.5,0.629,106.55734,1,1
836,15,2.4669186666666665,6.0,1.54,37.00378,1,1
803,25,7.212720000000001,24.0,0.969,180.318,1,1
800,5,2.298,3.35,1.62,11.49,1,1
813,4,1.403725,1.89,0.725,5.6149,1,1
834,23,5.14,7.9,1.1,118.22,1,1
809,1,1.4,1.4,1.4,1.4,1,1
802,4,2.06075,4.2,0.55,8.243,1,1
807,24,3.3950560833333334,6.95,0.93,81.481346,1,1
833,8,1.9116499999999998,4.2069,0.925,15.293199999999999,1,1
771,3,2.9333333333333336,6.75,0.85,8.8,1,1
810,0,0.0,0.0,0.0,0.0,0,0
777,21,3.9872380952380952,5.48,3.46,83.732,1,1
811,0,0.0,0.0,0.0,0.0,0,0
823,2,22.1,24.2,20.0,44.2,1,1
775,12,1.763439,4.14,0.365,21.161268,1,1
773,2,1.395,1.69,1.1,2.79,1,1
806,0,0.0,0.0,0.0,0.0,0,0
769,2,2.1,2.85,1.35,4.2,1,1
797,7,2.6949714285714284,9.0,1.09,18.8648,1,1
694,2,0.995,1.0,0.99,1.99,1,1
644,4,3.5443999999999996,5.5276,1.4,14.177599999999998,1,1
698,2,14.100000000000001,14.3,13.9,28.200000000000003,1,1
679,4,8.0875,13.95,3.1,32.35,1,1
723,19,4.013192105263158,13.99,2.06,76.25065000000001,1,1
623,5,7.258,13.0,1.2,36.29,1,1
722,13,3.6700615384615385,5.369,1.15,47.7108,1,1
705,37,2.5562315945945944,16.88,0.77,94.580569,1,1
647,5,4.732019800000001,9.79,1.9501,23.660099000000002,1,1
728,1,20.0,20.0,20.0,20.0,1,1
622,4,9.9725,15.69,1.2,39.89,1,1
675,13,5.873276923076923,15.99,0.99,76.3526,1,1
682,11,5.551854545454545,6.0804,4.51,61.0704,1,1
652,0,0.0,0.0,0.0,0.0,0,0
692,14,2.7557927857142857,8.0402,0.99,38.581099,1,1
749,0,0.0,0.0,0.0,0.0,0,0
619,8,7.4746250000000005,16.777,1.23,59.797000000000004,1,1
654,0,0.0,0.0,0.0,0.0,0,0
766,1,0.99,0.99,0.99,0.99,1,1
701,13,3.633,19.0,1.0,47.229,1,1
650,8,4.40625,9.9,1.04,35.25,1,1
740,1,18.0,18.0,18.0,18.0,1,1
640,12,4.183833333333333,15.0,1.42,50.205999999999996,1,1
755,6,11.11,13.5,5.9,66.66,1,1
706,1,1.4,1.4,1.4,1.4,1,1
731,2,1.2675,1.4,1.135,2.535,1,1
617,3,2.6630000000000003,3.99,1.349,7.989000000000001,1,1
674,11,2.667090909090909,5.075,0.449,29.338,1,1
618,1,2.1,2.1,2.1,2.1,1,1
666,15,2.228633266666667,6.698,1.22,33.429499,1,1
751,0,0.0,0.0,0.0,0.0,0,0
681,3,2.733,4.0,2.0,8.199,1,1
649,7,3.1113855714285714,9.0,1.309699,21.779699,1,1
624,9,7.959921777777778,21.7,0.05,71.639296,1,1
626,3,1.8499999999999999,2.3,1.25,5.55,1,1
762,2,2.275,2.96,1.59,4.55,1,1
633,31,1.9027123548387097,3.68,0.73,58.984083,1,1
720,7,2.761428571428571,3.655,0.8,19.33,1,1
696,4,2.21115,2.6899,1.7447,8.8446,1,1
665,6,4.383166666666667,9.0,1.0,26.299,1,1
733,9,4.381833333333334,16.0,0.95,39.4365,1,1
662,3,6.56,8.49,4.5,19.68,1,1
673,7,1.0011427142857143,2.0,0.689999,7.007999,1,1
719,5,11.068,19.99,3.75,55.339999999999996,1,1
754,8,8.055,23.0,1.26,64.44,1,1
745,32,2.41120625,9.5,0.96,77.1586,1,1
721,3,1.3756333333333333,2.0,1.0369,4.1269,1,1
651,4,1.7225000000000001,1.98,1.3,6.890000000000001,1,1
627,2,1.17,1.5,0.84,2.34,1,1
743,9,1.65335,3.525,0.92,14.88015,1,1
758,6,1.8748333333333334,6.0,0.909,11.249,1,1
717,2,1.031,1.037,1.025,2.062,1,1
726,1,10.5,10.5,10.5,10.5,1,1
676,3,7.666333333333334,12.999,1.0,22.999000000000002,1,1
638,14,2.6060995714285715,4.52,1.01,36.485394,1,1
710,3,6.933333333333334,8.55,5.3,20.8,1,1
748,0,0.0,0.0,0.0,0.0,0,0
663,2,30.0,51.0,9.0,60.0,1,1
757,5,8.190000000000001,19.0,5.3,40.95,1,1
632,2,11.04,13.5,8.58,22.08,1,1
653,0,0.0,0.0,0.0,0.0,0,0
637,7,2.8149714285714285,4.0,1.25,19.7048,1,1
641,1,5.85,5.85,5.85,5.85,1,1
643,10,3.5694000000000004,19.0,0.54,35.694,1,1
699,6,7.47,22.4,1.3,44.82,1,1
738,0,0.0,0.0,0.0,0.0,0,0
741,26,5.5565,6.38,0.81,144.469,1,1
747,6,8.052,18.5,1.99,48.312,1,1
687,26,3.6354576923076922,5.386,2.1,94.5219,1,1
704,1,1.19,1.19,1.19,1.19,1,1
695,24,2.64637075,5.388,0.71,63.512898,1,1
684,8,6.7585,13.9,4.52,54.068,1,1
683,8,8.5190375,16.5,2.9,68.1523,1,1
697,3,3.2293333333333334,5.888,1.6,9.688,1,1
656,0,0.0,0.0,0.0,0.0,0,0
739,0,0.0,0.0,0.0,0.0,0,0
664,2,2.225,2.95,1.5,4.45,1,1
628,6,7.9590000000000005,20.75,1.91,47.754000000000005,1,1
730,2,4.75,6.0,3.5,9.5,1,1
700,2,4.095,7.0,1.19,8.19,1,1
750,5,7.0578,12.989,5.0,35.289,1,1
634,14,4.243914285714285,20.79,1.3,59.4148,1,1
660,1,1.5,1.5,1.5,1.5,1,1
708,3,1.2166666666666666,1.5,1.0,3.65,1,1
764,3,1.0433333333333332,1.08,1.0,3.13,1,1
709,3,4.36,10.5,1.19,13.08,1,1
667,3,3.7466666666666666,9.0,0.95,11.24,1,1
658,3,2.2129999999999996,3.9,1.339,6.638999999999999,1,1
742,1,0.99,0.99,0.99,0.99,1,1
636,15,4.328866666666667,6.41,0.935,64.933,1,1
657,2,2.25,2.3,2.2,4.5,1,1
702,6,2.0904831666666666,3.0399,1.02,12.542898999999998,1,1
752,2,14.41,15.82,13.0,28.82,1,1
703,3,26.726666666666663,69.69,3.5,80.17999999999999,1,1
621,16,2.2572375,3.6,1.2,36.1158,1,1
689,3,2.53,3.0,2.25,7.59,1,1
629,3,21.89633333333333,35.0,1.801,65.689,1,1
712,1,1.089,1.089,1.089,1.089,1,1
759,10,4.2018912,6.63,0.401912,42.018912,1,1
620,35,4.019068799999999,23.0,0.96,140.667408,1,1
659,1,1.2,1.2,1.2,1.2,1,1
671,3,7.846666666666667,13.75,0.99,23.54,1,1
763,6,6.614833333333333,16.0,3.89,39.689,1,1
711,32,2.06548321875,4.369,0.57,66.095463,1,1
642,1,1.597,1.597,1.597,1.597,1,1
668,2,5.75,10.55,0.95,11.5,1,1
761,59,5.300169322033899,6.63,2.02,312.70999,1,1
686,11,6.729018181818182,14.2,4.8744,74.0192,1,1
707,17,2.5441770588235295,19.5,0.472,43.25101,1,1
735,0,0.0,0.0,0.0,0.0,0,0
713,31,3.159614741935484,23.0,0.8989,97.948057,1,1
685,4,8.26755,11.375,7.2,33.0702,1,1
670,5,2.868,3.5,2.1,14.34,1,1
753,7,6.481428571428571,12.99,3.0,45.37,1,1
688,0,0.0,0.0,0.0,0.0,0,0
669,28,3.2033925,14.3,1.69,89.69499,1,1
736,4,5.775,12.0,0.9,23.1,1,1
655,6,3.956583333333333,8.0,1.5,23.7395,1,1
680,2,1.6635,1.777,1.55,3.327,1,1
732,5,6.814,14.3,1.1,34.07,1,1
724,16,2.645218125,3.19,2.21,42.32349,1,1
635,33,3.679381818181818,6.2,1.335,121.4196,1,1
625,18,3.346332611111111,6.55,1.2,60.233987,1,1
734,22,2.1234272272727273,3.17,1.16,46.715399,1,1
765,2,5.75,10.5,1.0,11.5,1,1
693,22,2.306508181818182,5.14,0.63,50.74318,1,1
630,19,2.2905321578947366,7.5,0.727001,43.520111,1,1
648,4,7.157,18.29,1.2,28.628,1,1
716,19,2.405216842105263,22.8,0.72,45.69912,1,1
715,1,20.0,20.0,20.0,20.0,1,1
639,3,5.673333333333333,12.0,1.25,17.02,1,1
631,40,3.8614039750000004,8.49,1.37,154.456159,1,1
727,11,3.561186363636364,7.8811,0.923,39.17305,1,1
725,9,5.278333333333333,13.8,0.925,47.505,1,1
678,13,5.319538461538461,13.98,1.15,69.154,1,1
661,2,1.395,1.5,1.29,2.79,1,1
672,8,2.089502375,2.9899,1.4251,16.716019,1,1
646,1,0.93,0.93,0.93,0.93,1,1
737,0,0.0,0.0,0.0,0.0,0,0
690,16,4.6393125,5.64,2.11,74.229,1,1
714,3,2.1513333333333335,2.94,0.974,6.454000000000001,1,1
718,7,3.3237,14.97,0.66,23.265900000000002,1,1
645,20,6.43145,19.8,0.89,128.629,1,1
729,33,2.5499630303030303,10.5,0.82,84.14878,1,1
677,10,1.7704330000000001,8.88,0.511,17.704330000000002,1,1
691,21,2.8652366190476193,5.45,0.982,60.169969,1,1
746,6,4.288333333333333,7.25,2.49,25.73,1,1
744,2,2.34,3.25,1.43,4.68,1,1
756,2,4.6450000000000005,6.9,2.39,9.290000000000001,1,1
760,5,6.9619979999999995,14.5,2.6,34.80999,1,1
552,56,6.530875892857142,15.5,1.2,365.72905,1,1
603,36,2.2016433055555553,6.05,0.68,79.259159,1,1
570,15,6.20212,17.0,0.39,93.0318,1,1
559,1,170.0,170.0,170.0,170.0,1,1
554,14,3.5119285000000002,15.0,0.477,49.166999000000004,1,1
609,2,2.9903500000000003,2.9988,2.9819,5.980700000000001,1,1
606,2,4.1975,6.3,2.095,8.395,1,1
614,4,8.5085,20.0,1.234,34.034,1,1
561,0,0.0,0.0,0.0,0.0,0,0
581,10,4.3978978,7.75,0.85,43.978978,1,1
555,22,1.9274636363636366,4.777,0.98121,42.4042,1,1
557,0,0.0,0.0,0.0,0.0,0,0
604,3,2.5499333333333336,6.9,0.373,7.649800000000001,1,1
566,12,3.7533166666666666,15.9,0.001,45.0398,1,1
613,20,4.3250101,18.65,1.234,86.500202,1,1
550,4,6.025,14.69,2.25,24.1,1,1
560,4,2.7974,4.4,1.92,11.1896,1,1
584,27,4.205733296296296,5.668,1.19,113.554799,1,1
599,1,11.11,11.11,11.11,11.11,1,1
549,4,6.82875,12.75,0.875,27.315,1,1
580,0,0.0,0.0,0.0,0.0,0,0
579,0,0.0,0.0,0.0,0.0,0,0
615,6,1.1340000000000001,1.49,0.74,6.804,1,1
578,0,0.0,0.0,0.0,0.0,0,0
602,20,2.5218925,5.6,0.4312,50.43785,1,1
544,0,0.0,0.0,0.0,0.0,0,0
589,14,1.977142857142857,13.0,0.42,27.68,1,1
546,0,0.0,0.0,0.0,0.0,0,0
616,1,1.34589,1.34589,1.34589,1.34589,1,1
585,13,4.476461538461539,7.3,0.976,58.194,1,1
562,17,2.6062687647058826,10.45,0.612,44.306569,1,1
607,2,2.9922,3.0,2.9844,5.9844,1,1
577,0,0.0,0.0,0.0,0.0,0,0
543,1,2.0,2.0,2.0,2.0,1,1
592,8,8.927724999999999,18.4,1.4369,71.42179999999999,1,1
591,17,2.1050348235294116,13.0,0.413,35.785592,1,1
593,3,6.099996666666667,10.0,1.29999,18.29999,1,1
573,22,3.8461544545454545,12.8,0.69,84.615398,1,1
597,2,2.815,3.38,2.25,5.63,1,1
547,18,3.7630105,7.65,1.25,67.734189,1,1
571,2,3.295,5.5,1.09,6.59,1,1
594,2,6.2245,11.48,0.969,12.449,1,1
605,3,2.8933,3.1199,2.49,8.6799,1,1
563,1,1.25,1.25,1.25,1.25,1,1
576,20,1.9275292499999999,9.5,0.442,38.550585,1,1
608,13,4.015,6.87,1.888,52.195,1,1
569,2,1.3,1.35,1.25,2.6,1,1
574,56,4.6988875,12.0,0.85,263.1377,1,1
612,4,6.7997,21.9,1.11,27.1988,1,1
564,21,2.343875666666667,3.5,0.8123,49.221389,1,1
572,65,3.8970778153846153,7.65,1.05,253.310058,1,1
567,2,4.5245,7.98,1.069,9.049,1,1
558,0,0.0,0.0,0.0,0.0,0,0
610,6,8.18,15.4,1.9,49.08,1,1
582,23,3.8640669565217394,19.99,1.2,88.87354,1,1
586,5,1.9739999999999998,2.75,1.59,9.87,1,1
551,24,2.0253909583333334,3.799,1.2,48.609383,1,1
553,3,3.9466666666666668,7.12,1.39,11.84,1,1
575,2,1.275,1.4,1.15,2.55,1,1
601,2,17.0,20.0,14.0,34.0,1,1
598,3,4.763333333333333,12.0,1.09,14.29,1,1
568,4,3.2338999999999998,4.0,1.3,12.935599999999999,1,1
587,2,18.55285,23.49,13.6157,37.1057,1,1
588,7,8.120014285714285,13.0,6.29,56.8401,1,1
600,2,7.995,13.0,2.99,15.99,1,1
542,0,0.0,0.0,0.0,0.0,0,0
545,0,0.0,0.0,0.0,0.0,0,0
595,1,4.0,4.0,4.0,4.0,1,1
596,15,3.2312286666666665,9.99,1.25,48.46843,1,1
583,3,2.173666666666667,4.9,0.722,6.521000000000001,1,1
556,5,3.5975880000000005,6.5,1.2,17.987940000000002,1,1
611,2,2.9914,2.9988,2.984,5.9828,1,1
565,4,4.759975,13.0,1.2499,19.0399,1,1
548,3,4.333333333333334,8.88,1.48,13.000000000000002,1,1
590,8,5.1323625,15.0,2.299,41.0589,1,1
485,2,6.6905,11.99,1.391,13.381,1,1
518,8,3.2318035000000003,15.65,0.5,25.854428000000002,1,1
513,10,3.61893,8.8,1.395,36.1893,1,1
541,1,1.6999,1.6999,1.6999,1.6999,1,1
524,22,1.4890527272727274,7.52,0.42,32.75916,1,1
529,6,5.248333333333334,15.5,1.05,31.490000000000002,1,1
489,7,7.381428571428572,37.0,1.63,51.67,1,1
498,38,2.594372842105263,15.75,0.81,98.586168,1,1
493,44,4.295546727272727,6.59,0.42,189.004056,1,1
496,5,1.3628184,1.697192,1.1469,6.8140920000000005,1,1
536,13,3.931453846153846,13.5,1.01,51.1089,1,1
528,2,2.8,3.75,1.85,5.6,1,1
526,5,7.55,14.0,1.31,37.75,1,1
522,25,2.29267304,10.1,0.61,57.316826,1,1
510,19,1.9100433684210527,13.39,0.61,36.290824,1,1
509,6,9.295166666666667,24.0,1.5,55.771,1,1
494,4,11.383675,13.6917,9.8,45.5347,1,1
514,7,6.223999999999999,16.0,0.97,43.568,1,1
534,21,2.8554285714285714,17.0,0.76,59.964,1,1
497,6,9.258333333333333,13.97,0.92,55.55,1,1
537,41,2.6306878048780487,4.57,0.899,107.8582,1,1
490,16,3.362,15.0,0.998,53.792,1,1
501,3,6.8500000000000005,13.0,1.2,20.55,1,1
525,3,4.006466666666667,4.97,2.769,12.019400000000001,1,1
523,6,4.64095,7.0,2.75,27.8457,1,1
516,9,5.072332444444445,14.0,0.490992,45.650992,1,1
503,3,7.376,19.98,1.05,22.128,1,1
502,25,2.3578156000000003,5.24,0.566,58.94539,1,1
538,37,3.818374243243243,5.92999,0.422,141.279847,1,1
531,5,9.89,20.0,0.95,49.45,1,1
540,38,4.009068657894737,14.9,0.999,152.344609,1,1
535,2,4.25,7.5,1.0,8.5,1,1
487,5,4.64,15.0,0.01,23.2,1,1
507,0,0.0,0.0,0.0,0.0,0,0
486,6,4.633,12.0,0.898,27.798000000000002,1,1
504,11,4.4354545454545455,7.77,0.96,48.79,1,1
488,7,1.5003714285714285,2.299,1.2627,10.5026,1,1
533,12,4.745628333333333,7.4,0.92496,56.947540000000004,1,1
539,1,0.8259,0.8259,0.8259,0.8259,1,1
512,0,0.0,0.0,0.0,0.0,0,0
508,2,3.3825000000000003,3.555,3.21,6.765000000000001,1,1
515,15,2.96358,3.7075,0.93,44.4537,1,1
499,1,3.2,3.2,3.2,3.2,1,1
491,4,6.470000000000001,10.75,1.69,25.880000000000003,1,1
500,1,9.88,9.88,9.88,9.88,1,1
521,37,2.380006945945946,3.82,1.158,88.060257,1,1
495,10,8.613389999999999,22.99,3.6,86.1339,1,1
519,4,1.74725,2.04,1.64,6.989,1,1
511,8,2.41875,3.5,1.11,19.35,1,1
517,35,2.3093296285714286,3.21,1.04,80.826537,1,1
527,53,4.01088679245283,5.67,1.298,212.577,1,1
492,1,3.4,3.4,3.4,3.4,1,1
520,16,2.823161125,7.54,0.896989,45.170578,1,1
532,2,1.05,1.1,1.0,2.1,1,1
505,0,0.0,0.0,0.0,0.0,0,0
506,7,2.9755714285714285,5.8,0.979,20.829,1,1
530,1,1.35,1.35,1.35,1.35,1,1
477,2,1.2000000000000002,1.3,1.1,2.4000000000000004,1,1
453,3,11.5,25.0,3.0,34.5,1,1
462,4,6.8675,14.44,1.2,27.47,1,1
464,1,1.19,1.19,1.19,1.19,1,1
442,4,1.16825,1.375,0.929,4.673,1,1
455,0,0.0,0.0,0.0,0.0,0,0
433,7,5.440642857142857,12.99,1.444,38.0845,1,1
432,2,10.995000000000001,12.49,9.5,21.990000000000002,1,1
474,10,1.669692,3.85,0.971,16.69692,1,1
431,6,2.7882,6.5,1.299,16.7292,1,1
465,0,0.0,0.0,0.0,0.0,0,0
475,21,3.6354596666666663,16.3,0.42,76.344653,1,1
451,5,5.808,9.0,2.55,29.04,1,1
471,3,1.0566666666666666,1.4,0.85,3.17,1,1
449,2,2.875,3.5,2.25,5.75,1,1
447,14,2.51434,22.4,0.76,35.200759999999995,1,1
470,4,1.8444925,2.2,1.67,7.37797,1,1
478,4,14.5725,24.99,4.2,58.29,1,1
461,6,8.976666666666667,21.69,1.69,53.86,1,1
454,2,1.3399999999999999,1.68,1.0,2.6799999999999997,1,1
472,20,1.7281529500000001,15.69,0.462,34.563059,1,1
435,2,1.1835,1.222,1.145,2.367,1,1
448,3,135.41666666666666,250.0,26.25,406.25,1,1
459,0,0.0,0.0,0.0,0.0,0,0
440,7,4.745971428571429,11.4,2.9,33.2218,1,1
456,2,9.95,14.9,5.0,19.9,1,1
444,3,16.41,38.1,2.25,49.230000000000004,1,1
439,9,2.280666666666667,3.92,0.35,20.526,1,1
463,3,2.033333333333333,2.9,1.3,6.1,1,1
458,4,6.869999999999999,14.2,1.4,27.479999999999997,1,1
466,6,12.844999999999999,18.6,1.4,77.07,1,1
452,8,1.82271125,7.23,0.68,14.58169,1,1
480,11,2.749536181818182,15.99,1.17,30.244898,1,1
446,10,6.989459999999999,16.0,1.0,69.8946,1,1
457,14,2.479956214285714,16.0,0.72,34.719387,1,1
482,24,2.36078675,14.5,0.474,56.658882,1,1
481,4,4.83725,12.0,1.05,19.349,1,1
441,6,9.746666666666668,24.0,1.39,58.480000000000004,1,1
443,19,2.4408157894736844,9.99,0.72,46.3755,1,1
467,23,4.7809043478260875,14.989,1.64,109.9608,1,1
483,1,1.3,1.3,1.3,1.3,1,1
434,14,2.607907142857143,4.269,1.149,36.5107,1,1
479,4,3.5425,4.44,2.99,14.17,1,1
445,2,1.3045,1.369,1.24,2.609,1,1
460,3,3.6966666666666668,7.39,1.3,11.09,1,1
429,2,11.34,13.18,9.5,22.68,1,1
469,1,1.19,1.19,1.19,1.19,1,1
430,13,2.014623,2.8,1.3,26.190099,1,1
476,23,5.480173913043478,7.35,1.275,126.044,1,1
436,2,1.3895,1.48,1.299,2.779,1,1
428,8,2.8319875,3.5179,1.48,22.6559,1,1
484,4,2.29885,3.1,1.05,9.1954,1,1
438,1,1.395,1.395,1.395,1.395,1,1
468,6,1.559645,3.23989,0.362,9.35787,1,1
437,3,6.433,16.5,1.299,19.299,1,1
473,1,2.5,2.5,2.5,2.5,1,1
450,7,2.6552284285714287,4.18,2.0,18.586599,1,1
425,5,4.1339999999999995,7.1,3.0,20.669999999999998,1,1
427,2,6.84,12.0,1.68,13.68,1,1
423,8,3.086125,15.0,0.475,24.689,1,1
426,5,6.94,9.9,1.4,34.7,1,1
424,9,2.893333333333333,3.81,0.94,26.04,1,1
414,20,3.114305,4.52,0.99,62.2861,1,1
262,1,1.2,1.2,1.2,1.2,1,1
369,11,5.8122727272727275,16.99,0.93,63.935,1,1
312,19,3.2879894736842106,12.85,0.95,62.4718,1,1
271,9,3.2596666666666665,4.39,1.969,29.337,1,1
354,6,2.424166666666667,2.84,1.82,14.545,1,1
392,2,3.855,3.91,3.8,7.71,1,1
277,27,4.141840740740741,10.23,0.482,111.8297,1,1
358,0,0.0,0.0,0.0,0.0,0,0
405,0,0.0,0.0,0.0,0.0,0,0
272,0,0.0,0.0,0.0,0.0,0,0
264,3,2.063,3.69,1.1,6.189,1,1
341,0,0.0,0.0,0.0,0.0,0,0
393,3,16.3,21.75,10.75,48.9,1,1
386,10,5.9864496,15.2,2.1495,59.864496,1,1
412,0,0.0,0.0,0.0,0.0,0,0
301,27,2.0333574074074074,3.58,0.949,54.90065,1,1
407,6,2.1591666666666667,2.375,1.875,12.955,1,1
349,52,4.2536767115384615,6.22,1.12,221.191189,1,1
409,0,0.0,0.0,0.0,0.0,0,0
362,34,3.6465454999999998,6.89,0.515,123.982547,1,1
300,8,2.460586125,7.9,0.641,19.684689,1,1
411,0,0.0,0.0,0.0,0.0,0,0
328,0,0.0,0.0,0.0,0.0,0,0
410,2,3.7,3.9,3.5,7.4,1,1
415,2,18.875,19.25,18.5,37.75,1,1
286,9,1.4424443333333334,3.68,0.764,12.981999,1,1
363,1,7.5977,7.5977,7.5977,7.5977,1,1
319,30,2.497847533333333,4.99,0.88427,74.93542599999999,1,1
361,0,0.0,0.0,0.0,0.0,0,0
323,3,8.496666666666668,17.0,3.69,25.490000000000002,1,1
398,7,4.954785714285714,13.98,1.2385,34.6835,1,1
413,5,9.376,15.45,0.93,46.879999999999995,1,1
372,1,0.8,0.8,0.8,0.8,1,1
357,1,8.88,8.88,8.88,8.88,1,1
270,0,0.0,0.0,0.0,0.0,0,0
308,42,2.8852761904761905,7.5,0.94,121.1816,1,1
275,5,2.01842,2.6131,1.2,10.0921,1,1
400,0,0.0,0.0,0.0,0.0,0,0
356,40,3.3089874999999997,9.45,0.77,132.3595,1,1
296,1,0.95,0.95,0.95,0.95,1,1
402,18,0.95025,3.4,0.42,17.1045,1,1
298,35,3.524294,6.22,1.25,123.35029,1,1
394,13,6.061553076923077,14.0,0.85,78.80019,1,1
278,2,10.5,19.0,2.0,21.0,1,1
360,9,2.9305555555555554,6.88,1.085,26.375,1,1
422,4,2.3325,4.4,1.05,9.33,1,1
368,35,4.357584771428572,6.41,1.1,152.515467,1,1
322,20,5.1408164,12.99,1.0,102.816328,1,1
317,1,1.34,1.34,1.34,1.34,1,1
334,18,2.485443888888889,8.0,1.89,44.737989999999996,1,1
269,13,4.563599230769231,8.69,2.495,59.32679,1,1
403,0,0.0,0.0,0.0,0.0,0,0
333,5,4.27686,10.69,0.745,21.3843,1,1
311,2,3.8975,6.5,1.295,7.795,1,1
385,21,5.783442857142857,21.1,1.53,121.45230000000001,1,1
395,5,3.1399999999999997,7.5,0.75,15.7,1,1
343,8,5.08749975,14.2,1.0,40.699998,1,1
380,3,3.314366666666667,4.79,2.2141,9.943100000000001,1,1
367,2,14.425,14.95,13.9,28.85,1,1
268,0,0.0,0.0,0.0,0.0,0,0
345,0,0.0,0.0,0.0,0.0,0,0
378,0,0.0,0.0,0.0,0.0,0,0
329,3,3.504966666666667,7.5,1.465,10.5149,1,1
307,2,13.4,14.3,12.5,26.8,1,1
387,2,1.52,1.94,1.1,3.04,1,1
273,10,6.30957,14.95,1.54,63.0957,1,1
401,4,2.3725,3.6,1.2,9.49,1,1
408,0,0.0,0.0,0.0,0.0,0,0
266,9,3.7622111111111116,11.0,0.76,33.8599,1,1
280,4,8.7475,15.99,5.0,34.99,1,1
379,2,8.915,14.5,3.33,17.83,1,1
418,7,2.6003028571428572,6.954321,0.96,18.20212,1,1
290,5,11.379999999999999,15.0,5.4,56.9,1,1
321,5,5.3031999999999995,11.75,1.378,26.516,1,1
348,6,6.378333333333334,13.0,2.52,38.27,1,1
267,1,8.25,8.25,8.25,8.25,1,1
310,2,0.9650000000000001,1.1,0.83,1.9300000000000002,1,1
332,0,0.0,0.0,0.0,0.0,0,0
276,18,2.572893111111111,6.9,0.494,46.312076,1,1
320,25,3.4841422399999997,7.76,0.77999,87.103556,1,1
293,0,0.0,0.0,0.0,0.0,0,0
351,9,6.281187777777777,24.99,0.94,56.53069,1,1
346,0,0.0,0.0,0.0,0.0,0,0
371,2,13.465,14.0,12.93,26.93,1,1
365,1,10.0,10.0,10.0,10.0,1,1
384,1,5.2,5.2,5.2,5.2,1,1
337,4,5.546025,7.6899,4.81,22.1841,1,1
284,0,0.0,0.0,0.0,0.0,0,0
335,23,2.587735652173913,8.175,1.27,59.517920000000004,1,1
340,5,3.976,5.86,1.53,19.88,1,1
303,12,5.2518855,14.3,1.91,63.022626,1,1
259,6,7.2148,10.7,2.8,43.2888,1,1
350,1,1.9,1.9,1.9,1.9,1,1
331,4,3.56075,7.0,1.077,14.243,1,1
370,8,2.09,9.5,0.73,16.72,1,1
347,0,0.0,0.0,0.0,0.0,0,0
404,0,0.0,0.0,0.0,0.0,0,0
355,20,5.00545,6.22,1.17,100.109,1,1
366,19,1.3232124736842106,2.24,0.86,25.141037,1,1
313,13,5.123692230769231,15.75,1.3,66.607999,1,1
316,2,50.73845,100.0,1.4769,101.4769,1,1
336,35,3.17768,7.55,1.925,111.2188,1,1
406,0,0.0,0.0,0.0,0.0,0,0
383,5,2.612748,6.1,0.45284,13.06374,1,1
304,0,0.0,0.0,0.0,0.0,0,0
306,16,2.2664860625,5.19,0.9185,36.263777,1,1
314,2,1.654,1.888,1.42,3.308,1,1
288,19,3.9188826315789473,15.0,0.001,74.45877,1,1
299,1,1.35,1.35,1.35,1.35,1,1
318,3,1.4933333333333334,1.99,1.05,4.48,1,1
265,30,1.4173179666666667,4.43,0.754,42.519539,1,1
374,3,4.63,7.0,1.39,13.89,1,1
302,26,1.8770418461538463,13.75,0.749,48.803088,1,1
338,34,4.6023,13.975,2.1,156.4782,1,1
281,1,1.319,1.319,1.319,1.319,1,1
292,11,2.1868404545454543,4.968,1.62,24.055245,1,1
390,6,2.046065,2.59999,1.2,12.27639,1,1
279,2,1.095,1.2,0.99,2.19,1,1
260,6,0.7160833333333333,1.4,0.33,4.2965,1,1
324,0,0.0,0.0,0.0,0.0,0,0
327,3,1.7266666666666666,2.2,1.29,5.18,1,1
375,2,11.845,19.0,4.69,23.69,1,1
344,0,0.0,0.0,0.0,0.0,0,0
297,2,1.04,1.14,0.94,2.08,1,1
352,3,7.700333333333333,17.0,1.78,23.101,1,1
353,11,1.5124446363636361,2.85,0.972,16.636891,1,1
305,7,4.027128571428571,12.0,1.2769,28.1899,1,1
396,7,2.8168514285714283,5.29,0.8,19.717959999999998,1,1
295,7,3.9442857142857144,9.4,0.9,27.61,1,1
309,2,2.0145,3.0,1.029,4.029,1,1
326,22,4.630082590909091,17.15,1.369,101.861817,1,1
420,2,24.7845,42.069,7.5,49.569,1,1
315,4,3.64635,5.87,1.395,14.5854,1,1
364,44,4.761420477272727,7.5,1.2578,209.502501,1,1
377,13,2.0352492307692307,3.4,1.03,26.45824,1,1
359,6,4.63,15.4,1.25,27.78,1,1
376,3,2.6633333333333336,4.0,1.49,7.99,1,1
421,3,1.6466666666666665,2.98,0.96,4.9399999999999995,1,1
339,0,0.0,0.0,0.0,0.0,0,0
283,3,38.89,100.0,7.98,116.67,1,1
382,3,2.6332999999999998,2.6999,2.57,7.8999,1,1
258,7,9.118571428571428,15.35,3.3,63.83,1,1
417,27,4.584465111111111,14.09,1.23,123.780558,1,1
373,8,2.966125,4.2,1.389,23.729,1,1
388,4,14.0025,22.0,7.56,56.01,1,1
416,1,22.0,22.0,22.0,22.0,1,1
342,0,0.0,0.0,0.0,0.0,0,0
399,6,3.7783166666666665,7.77,1.5,22.6699,1,1
291,1,32.0,32.0,32.0,32.0,1,1
419,1,1.06,1.06,1.06,1.06,1,1
274,22,3.4536318181818184,7.7838,1.05,75.9799,1,1
397,8,1.441612375,2.139999,0.836,11.532899,1,1
282,1,1.28,1.28,1.28,1.28,1,1
325,46,6.693021739130435,18.89,1.25,307.879,1,1
263,1,1.6,1.6,1.6,1.6,1,1
381,11,2.471709090909091,12.29,0.73,27.1888,1,1
285,17,3.9248818235294114,5.59,2.21,66.722991,1,1
294,21,4.0910190476190476,6.41,0.9,85.9114,1,1
391,0,0.0,0.0,0.0,0.0,0,0
261,2,2.515,2.66,2.37,5.03,1,1
289,3,3.34,7.77,1.0,10.02,1,1
389,7,6.2341428571428565,12.45,2.15,43.638999999999996,1,1
287,3,8.641246333333333,22.75,1.5538,25.923739,1,1
330,0,0.0,0.0,0.0,0.0,0,0
154,0,0.0,0.0,0.0,0.0,0,0
252,7,1.6214142857142857,1.82,1.3999,11.3499,1,1
156,6,5.373333333333334,18.0,1.25,32.24,1,1
200,24,2.4052583750000003,9.8,0.85,57.726201,1,1
235,0,0.0,0.0,0.0,0.0,0,0
167,3,2.453,2.9,1.69,7.359,1,1
178,5,10.836,23.0,1.2,54.18,1,1
228,18,2.0610833333333334,6.5,0.368,37.0995,1,1
190,1,1.65,1.65,1.65,1.65,1,1
244,57,1.3787470350877193,3.7898,0.39,78.588581,1,1
223,4,6.197325,20.0,1.54,24.7893,1,1
159,43,1.7700630232558139,6.25,0.42,76.11270999999999,1,1
243,2,46.495000000000005,49.99,43.0,92.99000000000001,1,1
194,8,5.494,14.5,0.88,43.952,1,1
187,0,0.0,0.0,0.0,0.0,0,0
168,17,5.27635294117647,15.48,0.969,89.698,1,1
217,0,0.0,0.0,0.0,0.0,0,0
215,0,0.0,0.0,0.0,0.0,0,0
257,2,9.1,16.0,2.2,18.2,1,1
185,0,0.0,0.0,0.0,0.0,0,0
253,5,2.6754,8.0,0.767,13.376999999999999,1,1
216,0,0.0,0.0,0.0,0.0,0,0
184,19,3.6130141578947366,7.49,2.03,68.647269,1,1
224,4,1.7875,2.58,1.33,7.15,1,1
192,2,13.35,19.2,7.5,26.7,1,1
247,3,10.996666666666668,16.5,2.99,32.99,1,1
174,7,6.784387142857143,7.62,6.22,47.49071,1,1
198,6,1.9031666666666667,2.17,1.11,11.419,1,1
175,44,2.4765824999999997,14.1,1.187,108.96963,1,1
166,2,5.825,7.5,4.15,11.65,1,1
199,16,3.78990625,12.49,1.1,60.6385,1,1
189,1,33.0,33.0,33.0,33.0,1,1
205,3,2.4066666666666667,2.55,2.33,7.22,1,1
203,8,6.5825,6.64,6.5,52.66,1,1
212,2,2.125,2.35,1.9,4.25,1,1
219,4,6.89975,11.8,1.499,27.599,1,1
196,10,3.83217,9.9,1.1,38.3217,1,1
176,5,9.354000000000001,15.9,1.0,46.77,1,1
202,2,3.9,6.25,1.55,7.8,1,1
173,1,13.5,13.5,13.5,13.5,1,1
197,1,1.5,1.5,1.5,1.5,1,1
220,30,4.8531922,14.5,0.98,145.595766,1,1
226,22,4.060122727272727,5.59,2.5,89.3227,1,1
162,2,4.195,7.29,1.1,8.39,1,1
241,2,5.2244,9.5,0.9488,10.4488,1,1
232,2,5.1899999999999995,9.0,1.38,10.379999999999999,1,1
248,5,2.368,5.25,1.19,11.84,1,1
170,38,2.739331552631579,4.6,1.0699,104.094599,1,1
249,11,4.140909090909091,17.24,0.88,45.55,1,1
240,6,4.858333333333333,11.3,1.48,29.150000000000002,1,1
222,2,4.140000000000001,6.9,1.38,8.280000000000001,1,1
183,13,2.8336462307692307,14.7,1.5,36.837401,1,1
204,0,0.0,0.0,0.0,0.0,0,0
221,7,2.5282857142857145,3.8,1.34,17.698,1,1
250,10,8.158,25.0,0.8,81.58,1,1
172,1,3.998,3.998,3.998,3.998,1,1
211,4,3.0225,7.5,1.21,12.09,1,1
188,13,2.3752306923076922,3.84,0.723,30.877999,1,1
246,2,1.32,1.34,1.3,2.64,1,1
237,6,4.94,17.2,0.6,29.64,1,1
254,9,11.628544444444445,21.0,1.55,104.65690000000001,1,1
231,3,6.816666666666666,11.5,1.4,20.45,1,1
255,19,3.4785836842105264,12.6,0.934,66.09309,1,1
160,5,2.29582,7.0,0.96,11.479099999999999,1,1
206,8,4.79173625,16.99,1.04,38.33389,1,1
234,2,1.4425,1.865,1.02,2.885,1,1
163,1,4.2124,4.2124,4.2124,4.2124,1,1
164,16,1.73918125,2.29,1.37,27.8269,1,1
239,2,25.5,40.0,11.0,51.0,1,1
242,1,3.3,3.3,3.3,3.3,1,1
193,2,3.4630655,5.676131,1.25,6.926131,1,1
238,3,3.9126666666666665,7.0,1.5,11.738,1,1
214,13,5.4564242307692306,20.0,0.779899,70.933515,1,1
213,27,5.81562962962963,7.69,3.0,157.022,1,1
209,2,16.35,23.0,9.7,32.7,1,1
201,4,14.753,23.0,1.022,59.012,1,1
191,3,9.393333333333333,14.5,0.85,28.18,1,1
158,0,0.0,0.0,0.0,0.0,0,0
186,0,0.0,0.0,0.0,0.0,0,0
153,0,0.0,0.0,0.0,0.0,0,0
210,1,0.9,0.9,0.9,0.9,1,1
169,8,6.1679281249999995,12.551525,0.9199,49.343424999999996,1,1
177,5,3.3288,10.3,1.0,16.644000000000002,1,1
208,8,2.589724875,3.14,1.0,20.717799,1,1
180,3,4.023,7.0,1.569,12.068999999999999,1,1
181,7,4.914587142857143,13.2,0.81,34.40211,1,1
171,2,4.289,6.88,1.698,8.578,1,1
218,1,14.34,14.34,14.34,14.34,1,1
233,1,7.777,7.777,7.777,7.777,1,1
195,5,4.308,11.0,1.5,21.54,1,1
251,0,0.0,0.0,0.0,0.0,0,0
207,6,2.8674163333333333,6.2,1.2195,17.204498,1,1
256,10,3.83686,5.36,0.853,38.3686,1,1
155,1,3.600214,3.600214,3.600214,3.600214,1,1
179,26,1.7693999999999999,7.6263,0.869,46.0044,1,1
182,6,1.4475833333333332,3.75,0.937,8.6855,1,1
227,0,0.0,0.0,0.0,0.0,0,0
165,1,4.49,4.49,4.49,4.49,1,1
236,1,1.35,1.35,1.35,1.35,1,1
161,2,2.335,3.49,1.18,4.67,1,1
230,16,3.0389875,6.5888,1.0,48.6238,1,1
157,9,1.589381,2.76,0.95,14.304428999999999,1,1
229,35,5.137745714285714,7.2,0.99,179.8211,1,1
245,47,3.7126031276595746,10.79,1.5151,174.492347,1,1
225,3,4.9223333333333334,9.69,1.3,14.767,1,1
144,3,4.305533333333334,9.4,1.6356,12.9166,1,1
140,3,19.596666666666668,44.0,4.8,58.79,1,1
66,0,0.0,0.0,0.0,0.0,0,0
74,61,3.4503992786885247,9.98,0.825,210.474356,1,1
76,2,0.89995,0.9499,0.85,1.7999,1,1
65,3,10.146666666666667,12.69,6.75,30.439999999999998,1,1
117,3,13.823333333333332,16.8,11.77,41.47,1,1
52,7,1.9678714285714285,3.93,1.19,13.7751,1,1
47,6,16.487933333333334,65.0,2.75,98.9276,1,1
147,2,14.595,17.69,11.5,29.19,1,1
139,4,6.1225000000000005,11.65,1.12,24.490000000000002,1,1
82,2,15.344999999999999,15.69,15.0,30.689999999999998,1,1
85,5,6.0686872,15.42,2.24,30.343436,1,1
44,3,2.4899999999999998,3.0,1.57,7.47,1,1
118,44,3.7087917727272726,8.22,1.13,163.186838,1,1
101,2,2.6,4.0,1.2,5.2,1,1
88,19,2.0412326315789473,7.249,1.52,38.78342,1,1
96,1,3.25,3.25,3.25,3.25,1,1
57,21,4.93867619047619,6.53,1.48,103.7122,1,1
148,12,2.319224333333333,7.689,1.02,27.830692,1,1
137,2,7.6495,14.0,1.299,15.299,1,1
112,3,3.6166666666666667,5.6,1.4,10.85,1,1
93,17,3.6253911764705884,13.99,0.88,61.63165,1,1
121,0,0.0,0.0,0.0,0.0,0,0
75,2,59.5,79.0,40.0,119.0,1,1
123,10,3.5230699999999997,6.1,1.44,35.2307,1,1
61,8,3.02275,10.0,0.43,24.182,1,1
134,4,2.05225,3.0,1.109,8.209,1,1
87,3,1.4829999999999999,1.75,1.3,4.449,1,1
99,38,5.8479215,11.65,1.1,222.221017,1,1
115,1,16.5,16.5,16.5,16.5,1,1
150,5,7.502799999999999,23.2,1.0,37.513999999999996,1,1
46,3,14.926733333333333,22.39,2.523,44.7802,1,1
130,0,0.0,0.0,0.0,0.0,0,0
152,2,8.90995,14.97,2.8499,17.8199,1,1
105,6,5.963316666666667,10.75,1.15,35.7799,1,1
49,21,4.414375238095238,17.23,1.23,92.70188,1,1
63,26,4.294707653846154,5.7,0.8,111.66239900000001,1,1
45,63,5.003684126984127,14.5,1.4,315.2321,1,1
127,0,0.0,0.0,0.0,0.0,0,0
98,1,4.0,4.0,4.0,4.0,1,1
51,9,4.779666666666667,13.9,1.25,43.017,1,1
136,7,3.924842857142857,19.0,1.0,27.4739,1,1
128,0,0.0,0.0,0.0,0.0,0,0
73,7,0.8005125714285715,1.1097,0.728899,5.603588,1,1
53,7,5.598571428571428,7.56,2.4,39.19,1,1
113,5,3.981619,9.4,1.06,19.908095,1,1
151,7,3.187757142857143,8.39,0.431,22.3143,1,1
68,1,6.69,6.69,6.69,6.69,1,1
149,3,3.0720000000000005,6.4,1.376,9.216000000000001,1,1
146,2,1.9,2.0,1.8,3.8,1,1
119,5,3.6190400000000005,3.74,3.5552,18.095200000000002,1,1
106,2,1.375,1.65,1.1,2.75,1,1
100,31,2.218680129032258,6.45,0.715,68.779084,1,1
69,3,4.5253000000000005,4.869,4.2069,13.5759,1,1
126,1,6.5,6.5,6.5,6.5,1,1
129,2,13.0,16.0,10.0,26.0,1,1
72,11,0.8817727272727273,1.0998,0.76,9.6995,1,1
145,11,3.817818,16.0,0.62,41.995998,1,1
89,4,0.7195,1.3,0.488,2.878,1,1
80,1,2.9,2.9,2.9,2.9,1,1
83,8,5.3709999999999996,9.9,1.1,42.967999999999996,1,1
138,1,1.25,1.25,1.25,1.25,1,1
122,63,4.0532438412698415,12.0,0.7438,255.354362,1,1
56,10,3.71488,8.8,1.0,37.1488,1,1
141,4,3.8725,9.0,1.49,15.49,1,1
84,5,2.2957397999999998,3.3,1.25,11.478698999999999,1,1
58,4,2.3575,3.78,1.2,9.43,1,1
70,7,0.7843414285714285,0.94,0.732,5.49039,1,1
54,15,3.4305733333333333,7.249,1.0,51.4586,1,1
142,1,2.6,2.6,2.6,2.6,1,1
77,4,7.02,11.0,2.99,28.08,1,1
92,22,1.8190449545454543,2.6,0.86,40.018989,1,1
50,6,3.231833333333334,5.5,0.619,19.391000000000002,1,1
143,30,4.6048637,10.8,0.599311,138.145911,1,1
81,6,3.560833333333333,7.25,1.29,21.365,1,1
59,9,3.138239,7.4969,1.25,28.244151,1,1
67,3,10.918999999999999,29.0,1.337,32.757,1,1
120,0,0.0,0.0,0.0,0.0,0,0
125,11,5.314136363636364,15.0,1.45,58.4555,1,1
132,0,0.0,0.0,0.0,0.0,0,0
86,2,15.1125,15.75,14.475,30.225,1,1
107,3,8.871666666666666,14.6,0.905,26.615,1,1
78,8,3.156607,15.0,0.455,25.252856,1,1
102,2,2.9,4.8,1.0,5.8,1,1
133,1,1.0,1.0,1.0,1.0,1,1
94,11,6.325927181818182,23.25,0.8,69.585199,1,1
64,3,9.530000000000001,14.89,0.9,28.590000000000003,1,1
71,11,0.8506618181818181,0.98888,0.747,9.35728,1,1
62,19,2.821394684210526,5.2,0.82,53.606499,1,1
95,3,4.9366666666666665,7.19,3.8,14.81,1,1
55,11,2.0507272727272725,7.85,1.17,22.558,1,1
103,1,1.25,1.25,1.25,1.25,1,1
60,3,1.0136666666666667,1.35,0.8,3.0410000000000004,1,1
116,3,2.128492,2.59,1.845476,6.385476,1,1
109,2,0.975,1.0,0.95,1.95,1,1
104,1,8.6,8.6,8.6,8.6,1,1
111,13,5.56571523076923,17.48,0.94,72.354298,1,1
114,42,7.226342380952381,13.4,1.55,303.50638,1,1
135,2,1.5695615,1.760123,1.379,3.139123,1,1
91,2,1.225,1.6,0.85,2.45,1,1
108,1,1.35,1.35,1.35,1.35,1,1
48,4,4.58325,11.11,1.5,18.333,1,1
124,9,2.8062222222222224,11.5,1.696,25.256,1,1
79,1,9.5,9.5,9.5,9.5,1,1
97,11,2.0103751818181816,2.8,0.8869,22.114127,1,1
90,2,1.035,1.19,0.88,2.07,1,1
110,2,1.267,1.434,1.1,2.534,1,1
131,5,12.0818,25.0,0.969,60.409,1,1
6,1,16.8,16.8,16.8,16.8,1,1
33,16,3.2581868750000003,6.88,1.0,52.130990000000004,1,1
25,0,0.0,0.0,0.0,0.0,0,0
9,5,9.539327,29.69,0.463335,47.696635,1,1
42,3,7.996666666666667,11.0,4.99,23.990000000000002,1,1
11,7,2.7127142857142856,7.25,1.05,18.989,1,1
43,15,3.0750973333333333,16.1,1.35,46.12646,1,1
39,0,0.0,0.0,0.0,0.0,0,0
5,4,7.5989775,13.09,2.28101,30.39591,1,1
34,2,3.505,3.99,3.02,7.01,1,1
37,40,3.9771484999999998,6.41,0.899,159.08594,1,1
29,0,0.0,0.0,0.0,0.0,0,0
26,12,2.0378,4.3,1.27,24.453599999999998,1,1
1,2,5.995,10.0,1.99,11.99,1,1
3,1,18.88,18.88,18.88,18.88,1,1
8,1,2.5,2.5,2.5,2.5,1,1
32,7,1.388542857142857,3.5,0.55,9.7198,1,1
10,6,5.5249999999999995,11.75,1.3,33.15,1,1
31,32,4.77685,6.5,0.75,152.8592,1,1
27,0,0.0,0.0,0.0,0.0,0,0
14,3,1.1726666666666665,1.3,1.03,3.518,1,1
2,4,11.64,22.22,2.0,46.56,1,1
35,2,5.775,6.25,5.3,11.55,1,1
41,7,4.03,6.87,1.99,28.21,1,1
13,13,4.8971307692307695,13.5,0.42,63.6627,1,1
20,1,0.9,0.9,0.9,0.9,1,1
21,2,81.69,120.69,42.69,163.38,1,1
38,11,0.9657444545454545,1.2399,0.511,10.623189,1,1
4,1,1.2,1.2,1.2,1.2,1,1
17,3,10.096666666666666,16.0,1.29,30.29,1,1
36,47,2.8254182340425533,8.39,0.375,132.794657,1,1
28,0,0.0,0.0,0.0,0.0,0,0
15,1,19.987,19.987,19.987,19.987,1,1
16,1,2.5,2.5,2.5,2.5,1,1
30,2,4.01,6.9,1.12,8.02,1,1
19,1,9.962,9.962,9.962,9.962,1,1
18,2,12.5,14.0,11.0,25.0,1,1
12,5,10.86976,18.0888,1.15,54.3488,1,1
23,4,7.85975,16.0,2.25,31.439,1,1
7,19,3.3365193684210523,12.5,0.43,63.393868,1,1
22,3,5.876666666666666,15.86,0.77,17.63,1,1
0,2,7.5,10.0,5.0,15.0,1,1
40,4,7.395,13.45,1.2,29.58,1,1
24,8,2.619176125,7.79,1.1399,20.953409,1,1
