identifier,event_type,price_eth,from,to,timestamp,tx_hash
9923,transfer,0.0,0x33822df32268e7befb00775cb808278e53eb4341,0x42599f1faeb18bcc0c6a88066b439ce90373b0e4,1750361375,
9923,sale,0.99,,,1750361375,
9923,sale,3.66,,,1739869883,
9923,transfer,0.0,0xe5c3a3bad46475dd53100cdbecb0a7541aba0391,0x33822df32268e7befb00775cb808278e53eb4341,1739869883,
9923,transfer,0.0,0xae805b9eaa5a04f307b439484ed881e75d36ac73,0xe5c3a3bad46475dd53100cdbecb0a7541aba0391,1739830391,
9923,sale,3.7,,,1739830391,
9923,sale,3.75,,,1739827439,
9923,transfer,0.0,0x0166f6b0ac0900d0b7499755bf7038c4cc819b04,0xae805b9eaa5a04f307b439484ed881e75d36ac73,1739827439,
9923,sale,3.75,,,1739826803,
9923,transfer,0.0,0x6082e5fb863478571427928adc8c2aea7a20d566,0x0166f6b0ac0900d0b7499755bf7038c4cc819b04,1739826803,
9923,transfer,0.0,0x3e46e3e326bc13cc1ebaaf97ed57d07e4bce355c,0x6082e5fb863478571427928adc8c2aea7a20d566,1739826479,
9923,transfer,0.0,0x6082e5fb863478571427928adc8c2aea7a20d566,0x3e46e3e326bc13cc1ebaaf97ed57d07e4bce355c,1734285647,
9923,transfer,0.0,0x9ffe1f0981e6a599aa1880496db2f6da5e0e0354,0x6082e5fb863478571427928adc8c2aea7a20d566,1734285335,
9923,sale,4.9999,,,1734285335,
9984,sale,0.7386,,,1756208411,
9984,transfer,0.0,0x8d43bd496274d84fe4fa99de6973440aafe2c39c,0xa5d9af40f920465febb9d86ba6b2ac92f44d52e3,1756208411,
9984,transfer,0.0,0x29469395eaf6f95920e59f858042f0e28d98a20b,0x8d43bd496274d84fe4fa99de6973440aafe2c39c,1756191971,
9984,transfer,0.0,0xfc5ce134b32366bb58d920b700513b3cdd756576,0x29469395eaf6f95920e59f858042f0e28d98a20b,1746944531,
9984,sale,1.39,,,1746918911,
9984,transfer,0.0,0x6799eb21fd024c3546c8a2e17650df4f3bfc327c,0xfc5ce134b32366bb58d920b700513b3cdd756576,1746918911,
9984,transfer,0.0,0x620b70123fb810f6c653da7644b5dd0b6312e4d8,0x6799eb21fd024c3546c8a2e17650df4f3bfc327c,1746917987,
9984,transfer,0.0,0x6799eb21fd024c3546c8a2e17650df4f3bfc327c,0x620b70123fb810f6c653da7644b5dd0b6312e4d8,1746832043,
9984,transfer,0.0,0x620b70123fb810f6c653da7644b5dd0b6312e4d8,0x6799eb21fd024c3546c8a2e17650df4f3bfc327c,1746676919,
9984,transfer,0.0,0x6799eb21fd024c3546c8a2e17650df4f3bfc327c,0x620b70123fb810f6c653da7644b5dd0b6312e4d8,1746597023,
9984,transfer,0.0,0xc7f32b05cfb5e06f2db7758e9852c443fb8b7231,0x6799eb21fd024c3546c8a2e17650df4f3bfc327c,1736042423,
9984,transfer,0.0,0x15022e7cd2be44043ce5560c4a6a0c8c3e2fd9d3,0xc7f32b05cfb5e06f2db7758e9852c443fb8b7231,1736041847,
9984,sale,5.0,,,1736041847,
9984,transfer,0.0,0x23f358a0b3c945b775ea83fa61af72b17482cd6f,0x15022e7cd2be44043ce5560c4a6a0c8c3e2fd9d3,1733068019,
9984,sale,3.0,,,1733068019,
9928,transfer,0.0,0xb8b6910ed0cf70f92c9a6327838dad479302e7ad,0x325d2a12696b05900443e435cf2d1e9ecd0a8e38,1701121835,
9928,sale,0.9399,,,1634821090,
9928,transfer,0.0,0x81cd1b1e4b5fd9e18fcb4f16b1e56c939ee2a5d4,0xb8b6910ed0cf70f92c9a6327838dad479302e7ad,1634821090,
9928,mint,0.0,0x0000000000000000000000000000000000000000,0x81cd1b1e4b5fd9e18fcb4f16b1e56c939ee2a5d4,1634523243,
9998,transfer,0.0,0x904778b44bd12a1f7c3f1b95ff3381a952296cd1,0x620b70123fb810f6c653da7644b5dd0b6312e4d8,1713235403,
9998,sale,13.7,,,1644179548,
9998,transfer,0.0,0x9b92142bc7080e88adeabaf093608f1701210486,0x904778b44bd12a1f7c3f1b95ff3381a952296cd1,1644179548,
9998,transfer,0.0,0x0ecbba0ccb440e0d396456bacdb3ce2a716b96e5,0x9b92142bc7080e88adeabaf093608f1701210486,1638547415,
9998,sale,2.59,,,1638547415,
9998,transfer,0.0,0x678644e1cd87626d4dc84e7940a7bb558f35d497,0x0ecbba0ccb440e0d396456bacdb3ce2a716b96e5,1638516825,
9998,sale,1.9321,,,1638516825,
9998,sale,3.19,,,1637188171,
9998,transfer,0.0,0xb6f904c71d25c484e7f70f17ff9b9b2b2465d59e,0x678644e1cd87626d4dc84e7940a7bb558f35d497,1637188171,
9998,mint,0.0,0x0000000000000000000000000000000000000000,0xb6f904c71d25c484e7f70f17ff9b9b2b2465d59e,1634523243,
9958,transfer,0.0,0x1f7cc5f5db829494b974698963654df26dbbf4d2,0x620b70123fb810f6c653da7644b5dd0b6312e4d8,1646109006,
9958,transfer,0.0,0xf19b975ab5b1ab459ee989f1875c80fd24359b4e,0x1f7cc5f5db829494b974698963654df26dbbf4d2,1637306901,
9958,transfer,0.0,0x36772f3a584735d41c12892ebe2a5a2abe74efa6,0xf19b975ab5b1ab459ee989f1875c80fd24359b4e,1634523982,
9958,sale,1.35,,,1634523982,
9958,mint,0.0,0x0000000000000000000000000000000000000000,0x36772f3a584735d41c12892ebe2a5a2abe74efa6,1634523243,
9981,transfer,0.0,0x620b70123fb810f6c653da7644b5dd0b6312e4d8,0xa4d9dbfc058a6a7fe0c5b36bc0a25eab4261f4c2,1646512613,
9981,transfer,0.0,0xa4d9dbfc058a6a7fe0c5b36bc0a25eab4261f4c2,0x620b70123fb810f6c653da7644b5dd0b6312e4d8,1646465210,
9981,transfer,0.0,0x620b70123fb810f6c653da7644b5dd0b6312e4d8,0xa4d9dbfc058a6a7fe0c5b36bc0a25eab4261f4c2,1646307548,
9981,transfer,0.0,0xa4d9dbfc058a6a7fe0c5b36bc0a25eab4261f4c2,0x620b70123fb810f6c653da7644b5dd0b6312e4d8,1646108346,
9981,transfer,0.0,0x8d6fc57487ade3738c2baf3437b63d35420db74d,0xa4d9dbfc058a6a7fe0c5b36bc0a25eab4261f4c2,1646089313,
9981,sale,12.89,,,1646089313,
9981,sale,2.94,,,1637550494,
9981,transfer,0.0,0xaeff8f5eee811039bd087bcf84742ba9c4ecced9,0x8d6fc57487ade3738c2baf3437b63d35420db74d,1637550494,
9981,sale,1.29,,,1635198602,
9981,transfer,0.0,0xaf4bc88bdcce928b2f771aaa6cfa0f6038157a7a,0xaeff8f5eee811039bd087bcf84742ba9c4ecced9,1635198602,
9981,transfer,0.0,0x086cecbedae19d24266c8a3efdc01e41a572cb76,0xaf4bc88bdcce928b2f771aaa6cfa0f6038157a7a,1634658352,
9981,sale,0.85,,,1634658352,
9981,transfer,0.0,0xd415d2f890bff9b238aa4fc893f6a254f06cb4d9,0x086cecbedae19d24266c8a3efdc01e41a572cb76,1634524695,
9981,sale,1.2,,,1634524695,
9981,mint,0.0,0x0000000000000000000000000000000000000000,0xd415d2f890bff9b238aa4fc893f6a254f06cb4d9,1634523243,
9933,transfer,0.0,0xc46815bd4f96583b2c8578417a8f98023a3e1303,0x83df264c9242382d2af27a52395a2f44e1fee8ec,1634707352,
9933,sale,1.2,,,1634526979,
9933,transfer,0.0,0xc2978441f46a76c60e0cd59e986498b75a40572d,0xc46815bd4f96583b2c8578417a8f98023a3e1303,1634526979,
9933,transfer,0.0,0xc84db6cd735a8edfc6adca338e8f370cf8809fd9,0xc2978441f46a76c60e0cd59e986498b75a40572d,1634523613,
9933,mint,0.0,0x0000000000000000000000000000000000000000,0xc84db6cd735a8edfc6adca338e8f370cf8809fd9,1634523243,
9935,transfer,0.0,0x562279768d820681e968127da91e6f98298d6d8a,0x2cc60a6a795f4e54f7f3e99eecc2758c0e7dca74,1671586835,
9935,transfer,0.0,0xb0112dfeecbc590de58264780a02d98efdfe6f59,0x562279768d820681e968127da91e6f98298d6d8a,1671586571,
9935,transfer,0.0,0x0fd2f6fd26a78c85dfff3bfdb6bdbfb4545cf20b,0xb0112dfeecbc590de58264780a02d98efdfe6f59,1671586415,
9935,sale,6.9,,,1667501735,
9935,transfer,0.0,0x7858576756a0a4d2863d081f6ec85f1f72a69206,0x0fd2f6fd26a78c85dfff3bfdb6bdbfb4545cf20b,1667501735,
9935,transfer,0.0,0xd514e7b910dade848ac204196db89a77f756002b,0x7858576756a0a4d2863d081f6ec85f1f72a69206,1640218816,
9935,sale,3.77,,,1640218816,
9935,transfer,0.0,0x5f4934fc98eae6061a01868a4700c53c1ffb7d2e,0xd514e7b910dade848ac204196db89a77f756002b,1639616581,
9935,sale,3.5,,,1639616581,
9935,transfer,0.0,0x0df8dd869628751fdb68ac99b6cebbbf9a9b949b,0x5f4934fc98eae6061a01868a4700c53c1ffb7d2e,1638568275,
9935,transfer,0.0,0x1ee4aec751ab97a6f1f60b87c48e52387eee91de,0x0df8dd869628751fdb68ac99b6cebbbf9a9b949b,1638513938,
9935,sale,2.2,,,1637017449,
9935,transfer,0.0,0x06864d3a55083a9125c7add58d27210bcf2081c4,0x1ee4aec751ab97a6f1f60b87c48e52387eee91de,1637017449,
9935,sale,0.754,,,1634610539,
9935,transfer,0.0,0x3db18201c925746a0376af8f7b42cb944c8f6cae,0x06864d3a55083a9125c7add58d27210bcf2081c4,1634610539,
9935,mint,0.0,0x0000000000000000000000000000000000000000,0x3db18201c925746a0376af8f7b42cb944c8f6cae,1634523243,
9925,transfer,0.0,0x5802e0c5e3a0d87f9de0be710add41c54b4f1eb4,0x1611b96ad7fad538c146545f42673b1061f971a4,1731224483,
9925,sale,1.59,,,1731224483,
9925,transfer,0.0,0xbc17cda39115195eecf700ee263ff4f3a73099e7,0x5802e0c5e3a0d87f9de0be710add41c54b4f1eb4,1731137579,
9925,sale,1.2389,,,1731137579,
9925,transfer,0.0,0xe6ead5e5b570c5d52a2ed49317da1002c7ec6b61,0xbc17cda39115195eecf700ee263ff4f3a73099e7,1638153005,
9925,sale,4.5,,,1638153005,
9925,transfer,0.0,0x371161819e8f0a6a7740ecdc327b1c86cdcbea5a,0xe6ead5e5b570c5d52a2ed49317da1002c7ec6b61,1637202278,
9925,sale,4.0,,,1637202278,
9925,sale,1.289,,,1634525141,
9925,transfer,0.0,0x81cd1b1e4b5fd9e18fcb4f16b1e56c939ee2a5d4,0x371161819e8f0a6a7740ecdc327b1c86cdcbea5a,1634525141,
9925,mint,0.0,0x0000000000000000000000000000000000000000,0x81cd1b1e4b5fd9e18fcb4f16b1e56c939ee2a5d4,1634523243,
9946,transfer,0.0,0x16afeffd3c9e3239eace6cce56a83942aab78d1d,0x620b70123fb810f6c653da7644b5dd0b6312e4d8,1746579179,
9946,transfer,0.0,0xa221ad86933918d36b537b437409d4ac95c63cbb,0x16afeffd3c9e3239eace6cce56a83942aab78d1d,1651090164,
9946,transfer,0.0,0xa36d7e3ddf99e9579595e94845047650e65d0473,0xa221ad86933918d36b537b437409d4ac95c63cbb,1645488980,
9946,transfer,0.0,0xa221ad86933918d36b537b437409d4ac95c63cbb,0xa36d7e3ddf99e9579595e94845047650e65d0473,1645395787,
9946,sale,3.3,,,1639515822,
9946,transfer,0.0,0xa863f6de9db83c582b133c96279e2c664840ce76,0xa221ad86933918d36b537b437409d4ac95c63cbb,1639515822,
9946,sale,3.95,,,1637361878,
9946,transfer,0.0,0xb18027a9068f79514f3430bd7189feefd524f4c5,0xa863f6de9db83c582b133c96279e2c664840ce76,1637361878,
9946,sale,1.5,,,1634523420,
9946,transfer,0.0,0x9581f459897a5b490332173b90cfde37229a4dd1,0xb18027a9068f79514f3430bd7189feefd524f4c5,1634523420,
9946,mint,0.0,0x0000000000000000000000000000000000000000,0x9581f459897a5b490332173b90cfde37229a4dd1,1634523243,
9942,transfer,0.0,0x0fc2d178481d9d46a688bdc8c04971c207aba682,0x620b70123fb810f6c653da7644b5dd0b6312e4d8,1712611319,
9942,transfer,0.0,0xde7b77433c755476ee3572b1df688315a2f3fed0,0x0fc2d178481d9d46a688bdc8c04971c207aba682,1711282847,
9942,sale,1.839999,,,1711282211,
9942,transfer,0.0,0x8161fa4243335db21734ed9e33180fa19a3bb688,0xde7b77433c755476ee3572b1df688315a2f3fed0,1711282211,
9942,sale,1.8,,,1711225115,
9942,transfer,0.0,0x92f4d4b2d9b85394c9e30006e9d0cbc0604b5fcd,0x8161fa4243335db21734ed9e33180fa19a3bb688,1711225115,
9942,transfer,0.0,0x36bdab48135ec388e4213b6a42ddbf6d17037325,0x92f4d4b2d9b85394c9e30006e9d0cbc0604b5fcd,1711221935,
9942,transfer,0.0,0x689b395222a5e3eef17f2d1be82a7472b9bfde9e,0x36bdab48135ec388e4213b6a42ddbf6d17037325,1678729559,
9942,transfer,0.0,0x1e7a7f10c5761a405af231fc094842a5a87a6c71,0x689b395222a5e3eef17f2d1be82a7472b9bfde9e,1653387460,
9942,transfer,0.0,0x620b70123fb810f6c653da7644b5dd0b6312e4d8,0x1e7a7f10c5761a405af231fc094842a5a87a6c71,1650796433,
9942,transfer,0.0,0x1e7a7f10c5761a405af231fc094842a5a87a6c71,0x620b70123fb810f6c653da7644b5dd0b6312e4d8,1646479434,
9942,transfer,0.0,0x92f4d4b2d9b85394c9e30006e9d0cbc0604b5fcd,0x1e7a7f10c5761a405af231fc094842a5a87a6c71,1644319668,
9942,sale,1.4,,,1635359507,
9942,transfer,0.0,0x82312ff861748b95011a7908aa4a89861a736f2c,0x92f4d4b2d9b85394c9e30006e9d0cbc0604b5fcd,1635359507,
9942,sale,1.3,,,1634524311,
9942,transfer,0.0,0x226b36867933a4ec424717c13871f07254a730a6,0x82312ff861748b95011a7908aa4a89861a736f2c,1634524311,
9942,mint,0.0,0x0000000000000000000000000000000000000000,0x226b36867933a4ec424717c13871f07254a730a6,1634523243,
9927,transfer,0.0,0x07a26c3b040b8455f6f34ddd1554916eb8762f65,0x620b70123fb810f6c653da7644b5dd0b6312e4d8,1713404243,
9927,transfer,0.0,0xe855f2fb565ed70dd14dc278a0834fa7814a62f0,0x07a26c3b040b8455f6f34ddd1554916eb8762f65,1692375887,
9927,sale,1.89,,,1691438039,
9927,transfer,0.0,0x7bda21f2f3a9c9604e6c8fd80b7a4f529e5ff805,0xe855f2fb565ed70dd14dc278a0834fa7814a62f0,1691438039,
9927,transfer,0.0,0xfaea523cdf00e9be0a82fa201fbb111330cc7c0c,0x7bda21f2f3a9c9604e6c8fd80b7a4f529e5ff805,1685340335,
9927,sale,2.02,,,1685339987,
9927,transfer,0.0,0x2ca212af7e65631d46a1cf406427f257d2976a71,0xfaea523cdf00e9be0a82fa201fbb111330cc7c0c,1685339987,
9927,transfer,0.0,0x127a673ab6be863dbcae0495753f55aed2cf6a36,0x2ca212af7e65631d46a1cf406427f257d2976a71,1685325719,
9927,sale,2.0,,,1685325719,
9927,transfer,0.0,0x620b70123fb810f6c653da7644b5dd0b6312e4d8,0x127a673ab6be863dbcae0495753f55aed2cf6a36,1670885915,
9927,transfer,0.0,0x127a673ab6be863dbcae0495753f55aed2cf6a36,0x620b70123fb810f6c653da7644b5dd0b6312e4d8,1670560751,
9927,sale,8.4,,,1670553275,
9927,transfer,0.0,0x5fb998b8024e38867558fd5e2b87b6d13da730f8,0x127a673ab6be863dbcae0495753f55aed2cf6a36,1670553275,
9927,transfer,0.0,0x26f6b241f495c68d9b45c336b2f2bf51d1b6ab56,0x5fb998b8024e38867558fd5e2b87b6d13da730f8,1650596614,
9927,transfer,0.0,0x0c2db20330af8281d5f01343d1cf1e4b7157bf93,0x26f6b241f495c68d9b45c336b2f2bf51d1b6ab56,1648974986,
9927,transfer,0.0,0x620b70123fb810f6c653da7644b5dd0b6312e4d8,0x0c2db20330af8281d5f01343d1cf1e4b7157bf93,1648856198,
9927,transfer,0.0,0x0c2db20330af8281d5f01343d1cf1e4b7157bf93,0x620b70123fb810f6c653da7644b5dd0b6312e4d8,1647756059,
9927,transfer,0.0,0xb1ed78ef147eb83b026a92d6acde4fd44e24f5bd,0x0c2db20330af8281d5f01343d1cf1e4b7157bf93,1634538302,
9927,transfer,0.0,0x81cd1b1e4b5fd9e18fcb4f16b1e56c939ee2a5d4,0xb1ed78ef147eb83b026a92d6acde4fd44e24f5bd,1634538133,
9927,sale,1.49,,,1634538133,
9927,mint,0.0,0x0000000000000000000000000000000000000000,0x81cd1b1e4b5fd9e18fcb4f16b1e56c939ee2a5d4,1634523243,
9966,transfer,0.0,0x8e4d7f305f5227d3ff9ab6df9be295c8092249aa,0x620b70123fb810f6c653da7644b5dd0b6312e4d8,1746580847,
9966,transfer,0.0,0x620b70123fb810f6c653da7644b5dd0b6312e4d8,0x8e4d7f305f5227d3ff9ab6df9be295c8092249aa,1650717397,
9966,transfer,0.0,0x8e4d7f305f5227d3ff9ab6df9be295c8092249aa,0x620b70123fb810f6c653da7644b5dd0b6312e4d8,1650717291,
9966,transfer,0.0,0x565857724dbb155dc9e03ee500082146cc074b65,0x8e4d7f305f5227d3ff9ab6df9be295c8092249aa,1648886811,
9966,transfer,0.0,0x98ec10ad6d59ad1bad41f976358b7b5e82e400a1,0x565857724dbb155dc9e03ee500082146cc074b65,1641377029,
9966,transfer,0.0,0xddc39ad101e5ae897714febaa3a78f444aa37ab2,0x98ec10ad6d59ad1bad41f976358b7b5e82e400a1,1635575198,
9966,sale,1.13,,,1635575198,
9966,transfer,0.0,0xa35a48a2a309f7bc519d40305c9d290cf4db37f2,0xddc39ad101e5ae897714febaa3a78f444aa37ab2,1634536555,
9966,sale,1.12,,,1634536555,
9966,mint,0.0,0x0000000000000000000000000000000000000000,0xa35a48a2a309f7bc519d40305c9d290cf4db37f2,1634523243,
9970,transfer,0.0,0x620b70123fb810f6c653da7644b5dd0b6312e4d8,0x6799eb21fd024c3546c8a2e17650df4f3bfc327c,1759376063,
9970,transfer,0.0,0x6799eb21fd024c3546c8a2e17650df4f3bfc327c,0x620b70123fb810f6c653da7644b5dd0b6312e4d8,1746832043,
9970,transfer,0.0,0x620b70123fb810f6c653da7644b5dd0b6312e4d8,0x6799eb21fd024c3546c8a2e17650df4f3bfc327c,1746676919,
9970,transfer,0.0,0x6799eb21fd024c3546c8a2e17650df4f3bfc327c,0x620b70123fb810f6c653da7644b5dd0b6312e4d8,1746597023,
9970,sale,2.8,,,1743898931,
9970,transfer,0.0,0xe4855ea1e26865247d412c0891184b535e2fb849,0x6799eb21fd024c3546c8a2e17650df4f3bfc327c,1743898931,
9970,transfer,0.0,0xd387a6e4e84a6c86bd90c158c6028a58cc8ac459,0xe4855ea1e26865247d412c0891184b535e2fb849,1641659038,
9970,sale,2.22,,,1637082121,
9970,transfer,0.0,0x80912cac61261902247728872e87c7a89ca8fa49,0xd387a6e4e84a6c86bd90c158c6028a58cc8ac459,1637082121,
9970,mint,0.0,0x0000000000000000000000000000000000000000,0x80912cac61261902247728872e87c7a89ca8fa49,1634523243,
9965,transfer,0.0,0xa0553e045fda77dbbe741ffd5b58ae7cefdab380,0x83c8f28c26bf6aaca652df1dbbe0e1b56f8baba2,1653269943,
9965,transfer,0.0,0x83c8f28c26bf6aaca652df1dbbe0e1b56f8baba2,0x1b90c95cde4c33d6b30721fd4b0cdde3176f9391,1653269943,
9965,transfer,0.0,0x28d8809de7150b359310040615cc1de27e0d155e,0xa0553e045fda77dbbe741ffd5b58ae7cefdab380,1652402969,
9965,sale,12.1,,,1652402969,
9965,transfer,0.0,0xdc351b1db0605352071c8c6e2a663261f1cf0998,0x28d8809de7150b359310040615cc1de27e0d155e,1648167757,
9965,transfer,0.0,0x28d8809de7150b359310040615cc1de27e0d155e,0xdc351b1db0605352071c8c6e2a663261f1cf0998,1644131648,
9965,transfer,0.0,0x689717c0b1ab0f188235cfa487ced32feebf9698,0x28d8809de7150b359310040615cc1de27e0d155e,1640543368,
9965,transfer,0.0,0xa35a48a2a309f7bc519d40305c9d290cf4db37f2,0x689717c0b1ab0f188235cfa487ced32feebf9698,1634536607,
9965,sale,1.123,,,1634536607,
9965,mint,0.0,0x0000000000000000000000000000000000000000,0xa35a48a2a309f7bc519d40305c9d290cf4db37f2,1634523243,
9929,transfer,0.0,0x620b70123fb810f6c653da7644b5dd0b6312e4d8,0x695589d2bc5a63db1e830b1da7a07de73e58c6a8,1763599775,
9929,transfer,0.0,0x695589d2bc5a63db1e830b1da7a07de73e58c6a8,0x620b70123fb810f6c653da7644b5dd0b6312e4d8,1712718083,
9929,transfer,0.0,0x16c583748faed1c5a5bcd744b4892ee6b6290094,0x695589d2bc5a63db1e830b1da7a07de73e58c6a8,1699424903,
9929,transfer,0.0,0x695589d2bc5a63db1e830b1da7a07de73e58c6a8,0x16c583748faed1c5a5bcd744b4892ee6b6290094,1677887555,
9929,transfer,0.0,0x8252df1d8b29057d1afe3062bf5a64d503152bc8,0x695589d2bc5a63db1e830b1da7a07de73e58c6a8,1669757363,
9929,transfer,0.0,0x695589d2bc5a63db1e830b1da7a07de73e58c6a8,0x8252df1d8b29057d1afe3062bf5a64d503152bc8,1667246291,
9929,sale,11.95,,,1641944047,
9929,transfer,0.0,0x072ba644c4f0a1d19f7cbcb8344d6184ba030795,0x695589d2bc5a63db1e830b1da7a07de73e58c6a8,1641944047,
9929,sale,1.311,,,1636134997,
9929,transfer,0.0,0x28b2dc8faecb9fec76c00c311638d7fa83800695,0x072ba644c4f0a1d19f7cbcb8344d6184ba030795,1636134997,
9929,sale,1.25,,,1635619763,
9929,transfer,0.0,0x8122f9bcd4f39a84c5de0810389e4f2187dc9e77,0x28b2dc8faecb9fec76c00c311638d7fa83800695,1635619763,
9929,mint,0.0,0x0000000000000000000000000000000000000000,0x8122f9bcd4f39a84c5de0810389e4f2187dc9e77,1634523243,
9989,transfer,0.0,0xad8137e47e2ab153dabdd40fa2d4cd18caa8f53a,0x6e4af51626c819f53e8683226d7a59dba7f32acd,1641894979,
9989,transfer,0.0,0x2d3dbcb2929afe8e9aa700ef41d14fff85bb91f5,0xad8137e47e2ab153dabdd40fa2d4cd18caa8f53a,1639530324,
9989,sale,3.88,,,1639530324,
9989,mint,0.0,0x0000000000000000000000000000000000000000,0x2d3dbcb2929afe8e9aa700ef41d14fff85bb91f5,1634523243,
9947,transfer,0.0,0x8781356aabbc4be198f29d9ea08242a81fff8c67,0x620b70123fb810f6c653da7644b5dd0b6312e4d8,1712732339,
9947,transfer,0.0,0x849ec139ff4a91adf59d2e8c1b620df35775f3eb,0x8781356aabbc4be198f29d9ea08242a81fff8c67,1659012651,
9947,sale,10.4,,,1659001120,
9947,transfer,0.0,0xc094a0915037577bdec2fd6b8a615f98e4585087,0x849ec139ff4a91adf59d2e8c1b620df35775f3eb,1659001120,
9947,transfer,0.0,0x2f131c4dad4be81683abb966b4de05a549144443,0xc094a0915037577bdec2fd6b8a615f98e4585087,1658704721,
9947,transfer,0.0,0x54f35e5464222ddece6e7230ac26fd51fa82f0f2,0x2f131c4dad4be81683abb966b4de05a549144443,1658411546,
9947,transfer,0.0,0x83c8f28c26bf6aaca652df1dbbe0e1b56f8baba2,0x54f35e5464222ddece6e7230ac26fd51fa82f0f2,1647885183,
9947,transfer,0.0,0x06dc24e3759e7dc086f04573d270c3290cce2ea9,0x83c8f28c26bf6aaca652df1dbbe0e1b56f8baba2,1647885183,
9947,transfer,0.0,0x620b70123fb810f6c653da7644b5dd0b6312e4d8,0x06dc24e3759e7dc086f04573d270c3290cce2ea9,1647658996,
9947,transfer,0.0,0x06dc24e3759e7dc086f04573d270c3290cce2ea9,0x620b70123fb810f6c653da7644b5dd0b6312e4d8,1646149350,
9947,transfer,0.0,0xac00a5a6d98686886788c1475884f4c0e04b8636,0x06dc24e3759e7dc086f04573d270c3290cce2ea9,1642470666,
9947,transfer,0.0,0xd00d3c364256d778ec0f148298a18c4877e852b1,0xac00a5a6d98686886788c1475884f4c0e04b8636,1642228651,
9947,sale,11.6,,,1642228430,
9947,transfer,0.0,0x3b0630a286102276e05181a25ffd1d0e23a39062,0xd00d3c364256d778ec0f148298a18c4877e852b1,1642228430,
9947,sale,4.2,,,1639744633,
9947,transfer,0.0,0x3da9fc2534582d522b2acf6bb1a88f34ef9adef5,0x3b0630a286102276e05181a25ffd1d0e23a39062,1639744633,
9947,transfer,0.0,0x9581f459897a5b490332173b90cfde37229a4dd1,0x3da9fc2534582d522b2acf6bb1a88f34ef9adef5,1634523582,
9947,sale,1.4675,,,1634523582,
9947,mint,0.0,0x0000000000000000000000000000000000000000,0x9581f459897a5b490332173b90cfde37229a4dd1,1634523243,
9960,sale,11.99,,,1654835616,
9960,transfer,0.0,0x262a712c5b30ab2b04fc0dd6c71ea646d2baab0d,0xe8a9d0f4345d36a450f7aed95ed5b9787a8210c3,1654835616,
9960,transfer,0.0,0x620b70123fb810f6c653da7644b5dd0b6312e4d8,0x262a712c5b30ab2b04fc0dd6c71ea646d2baab0d,1654521784,
9960,transfer,0.0,0x262a712c5b30ab2b04fc0dd6c71ea646d2baab0d,0x620b70123fb810f6c653da7644b5dd0b6312e4d8,1646110996,
9960,sale,1.3,,,1636213824,
9960,transfer,0.0,0xfca45e9eaf5498d948fceacf5649399ec2e51701,0x262a712c5b30ab2b04fc0dd6c71ea646d2baab0d,1636213824,
9960,transfer,0.0,0x8c06943606bcceea7dec85cdd0e0accc93567896,0xfca45e9eaf5498d948fceacf5649399ec2e51701,1634602452,
9960,sale,0.75,,,1634602452,
9960,mint,0.0,0x0000000000000000000000000000000000000000,0x8c06943606bcceea7dec85cdd0e0accc93567896,1634523243,
9959,transfer,0.0,0x527e2b882f82ae893ba80114aced6ab9d6a17199,0x527e2b882f82ae893ba80114aced6ab9d6a17199,1641404816,
9959,transfer,0.0,0x527e2b882f82ae893ba80114aced6ab9d6a17199,0x527e2b882f82ae893ba80114aced6ab9d6a17199,1641402592,
9959,sale,10.0,,,1641402399,
9959,transfer,0.0,0xfda5be532e71d6d8d182d0714b3c23c2de6809c2,0x527e2b882f82ae893ba80114aced6ab9d6a17199,1641402399,
9959,sale,1.05,,,1634528809,
9959,transfer,0.0,0x36772f3a584735d41c12892ebe2a5a2abe74efa6,0xfda5be532e71d6d8d182d0714b3c23c2de6809c2,1634528809,
9959,mint,0.0,0x0000000000000000000000000000000000000000,0x36772f3a584735d41c12892ebe2a5a2abe74efa6,1634523243,
9931,transfer,0.0,0xbd6b34a1d5db3ff53386307c6d505bb4afdc9cf4,0x045d7379caf80b1fe960df4d9b69b5e356d4a200,1661372088,
9931,sale,6.69,,,1661175333,
9931,transfer,0.0,0x34ccc716fa3f6c667dae0e6d9b1e0a9418873b8a,0xbd6b34a1d5db3ff53386307c6d505bb4afdc9cf4,1661175333,
9931,transfer,0.0,0x74be0af0bf7254328ddffc09425ff71d64a1a836,0x34ccc716fa3f6c667dae0e6d9b1e0a9418873b8a,1650606385,
9931,transfer,0.0,0x2f131c4dad4be81683abb966b4de05a549144443,0x74be0af0bf7254328ddffc09425ff71d64a1a836,1650478974,
9931,transfer,0.0,0x9a20cfcdc25eab32b8d21fbf8dab66f2658b791e,0x2f131c4dad4be81683abb966b4de05a549144443,1648230228,
9931,transfer,0.0,0xb912d8ca754b6632129b3d6650a4cf632fd29398,0x9a20cfcdc25eab32b8d21fbf8dab66f2658b791e,1648229861,
9931,sale,14.49,,,1648229861,
9931,transfer,0.0,0x620b70123fb810f6c653da7644b5dd0b6312e4d8,0xb912d8ca754b6632129b3d6650a4cf632fd29398,1648010903,
9931,transfer,0.0,0xb912d8ca754b6632129b3d6650a4cf632fd29398,0x620b70123fb810f6c653da7644b5dd0b6312e4d8,1647930455,
9931,transfer,0.0,0x4e80b08f4d27e2cb5bd433753ca5a2ca68250890,0xb912d8ca754b6632129b3d6650a4cf632fd29398,1647929264,
9931,sale,13.0,,,1647929264,
9931,transfer,0.0,0x565e44a735138fa0621cdb47bb5b85d6e450e050,0x4e80b08f4d27e2cb5bd433753ca5a2ca68250890,1647927899,
9931,transfer,0.0,0x620b70123fb810f6c653da7644b5dd0b6312e4d8,0x565e44a735138fa0621cdb47bb5b85d6e450e050,1646123280,
9931,transfer,0.0,0x565e44a735138fa0621cdb47bb5b85d6e450e050,0x620b70123fb810f6c653da7644b5dd0b6312e4d8,1646122664,
9931,transfer,0.0,0x620b70123fb810f6c653da7644b5dd0b6312e4d8,0x565e44a735138fa0621cdb47bb5b85d6e450e050,1646122539,
9931,transfer,0.0,0x565e44a735138fa0621cdb47bb5b85d6e450e050,0x620b70123fb810f6c653da7644b5dd0b6312e4d8,1646122447,
9931,sale,11.7,,,1646119026,
9931,transfer,0.0,0xc1e42f862d202b4a0ed552c1145735ee088f6ccf,0x565e44a735138fa0621cdb47bb5b85d6e450e050,1646119026,
9931,transfer,0.0,0xd0afdb750dd8c5c6a82a17e90333944d1ecdfcea,0xc1e42f862d202b4a0ed552c1145735ee088f6ccf,1637358698,
9931,sale,3.75,,,1637358698,
9931,transfer,0.0,0xc2978441f46a76c60e0cd59e986498b75a40572d,0xd0afdb750dd8c5c6a82a17e90333944d1ecdfcea,1634529270,
9931,sale,1.1,,,1634529270,
9931,transfer,0.0,0xc84db6cd735a8edfc6adca338e8f370cf8809fd9,0xc2978441f46a76c60e0cd59e986498b75a40572d,1634523613,
9931,mint,0.0,0x0000000000000000000000000000000000000000,0xc84db6cd735a8edfc6adca338e8f370cf8809fd9,1634523243,
9988,sale,3.2,,,1681174583,
9988,transfer,0.0,0x047ceb8a87a1851d82623c45c3f6cf35c33fa116,0x1d067f595b412f8cb6cf73f7a44072b31f9b9f6b,1681174583,
9988,transfer,0.0,0x9a5c75cdca6fa7800bd2dee66aff6d061690ee7b,0x047ceb8a87a1851d82623c45c3f6cf35c33fa116,1677497927,
9988,transfer,0.0,0x047ceb8a87a1851d82623c45c3f6cf35c33fa116,0x9a5c75cdca6fa7800bd2dee66aff6d061690ee7b,1658269279,
9988,transfer,0.0,0x30fbc724b32989d9852074a6b8ce0c35fd5ff51e,0x047ceb8a87a1851d82623c45c3f6cf35c33fa116,1649008179,
9988,sale,16.49,,,1649008179,
9988,transfer,0.0,0xe7fff33d78fd81fa0bfdca008695e125c3710ef8,0x30fbc724b32989d9852074a6b8ce0c35fd5ff51e,1637307745,
9988,sale,4.0,,,1637307745,
9988,sale,1.377,,,1634933915,
9988,transfer,0.0,0x2d3dbcb2929afe8e9aa700ef41d14fff85bb91f5,0xe7fff33d78fd81fa0bfdca008695e125c3710ef8,1634933915,
9988,mint,0.0,0x0000000000000000000000000000000000000000,0x2d3dbcb2929afe8e9aa700ef41d14fff85bb91f5,1634523243,
9983,transfer,0.0,0xd6f6f7632f1363ca74a90be3517b01a4a687e653,0xb8f5e8c6503a1b9a863799884f314c64770cf694,1643005257,
9983,transfer,0.0,0xb8f5e8c6503a1b9a863799884f314c64770cf694,0xd6f6f7632f1363ca74a90be3517b01a4a687e653,1640469726,
9983,transfer,0.0,0xcf0a75f73824f4d949b361a716ccb5844f279c98,0xb8f5e8c6503a1b9a863799884f314c64770cf694,1637208475,
9983,sale,3.94,,,1637208475,
9983,sale,1.19,,,1634530804,
9983,transfer,0.0,0xb53ad5af0d1a67b2f528d6724ff2c5594c8db3ad,0xcf0a75f73824f4d949b361a716ccb5844f279c98,1634530804,
9983,sale,1.26,,,1634523512,
9983,transfer,0.0,0xd415d2f890bff9b238aa4fc893f6a254f06cb4d9,0xb53ad5af0d1a67b2f528d6724ff2c5594c8db3ad,1634523512,
9983,mint,0.0,0x0000000000000000000000000000000000000000,0xd415d2f890bff9b238aa4fc893f6a254f06cb4d9,1634523243,
9949,transfer,0.0,0x5f6ac80cdb9e87f3cfa6a90e5140b9a16a361d5c,0xacd6ab55f6fba36293a9a920ffcb2f0f3d34967a,1712574995,
9949,transfer,0.0,0x3b968d2d299b895a5fcf3bba7a64ad0f566e6f88,0x70b97a0da65c15dfb0ffa02aee6fa36e507c2762,1712574995,
9949,transfer,0.0,0x064980edd7d43abee781f49a4e31c06df05ecccb,0x3b968d2d299b895a5fcf3bba7a64ad0f566e6f88,1712574995,
9949,transfer,0.0,0x70b97a0da65c15dfb0ffa02aee6fa36e507c2762,0x5f6ac80cdb9e87f3cfa6a90e5140b9a16a361d5c,1712574995,
9949,transfer,0.0,0x3eb879cc9a0ef4c6f1d870a40ae187768c278da2,0x064980edd7d43abee781f49a4e31c06df05ecccb,1711713599,
9949,transfer,0.0,0xba00b1e67f4b0be1dea541e8c16f487adf940b45,0x3eb879cc9a0ef4c6f1d870a40ae187768c278da2,1710130607,
9949,transfer,0.0,0xa69833b9fda816f1bfc79517e7932e64708df0dd,0xba00b1e67f4b0be1dea541e8c16f487adf940b45,1710093863,
9949,sale,1.769,,,1710093863,
9949,sale,1.74,,,1709990795,
9949,transfer,0.0,0x391afec2f07da375f249148d76e66f230875227c,0xa69833b9fda816f1bfc79517e7932e64708df0dd,1709990795,
9949,sale,1.7,,,1709769179,
9949,transfer,0.0,0x1df4022fde534fbb982be77badb081a3f1eac590,0x391afec2f07da375f249148d76e66f230875227c,1709769179,
9949,transfer,0.0,0x620b70123fb810f6c653da7644b5dd0b6312e4d8,0x1df4022fde534fbb982be77badb081a3f1eac590,1706918075,
9949,transfer,0.0,0x1df4022fde534fbb982be77badb081a3f1eac590,0x620b70123fb810f6c653da7644b5dd0b6312e4d8,1706917991,
9949,transfer,0.0,0xaf184b4cbc73a9ca2f51c4a4d80ed67a2578e9f4,0x1df4022fde534fbb982be77badb081a3f1eac590,1706816303,
9949,sale,2.1,,,1706732555,
9949,transfer,0.0,0x95ff3f04eccfa15a2bd12d6daf3ccfc5ad354510,0xaf184b4cbc73a9ca2f51c4a4d80ed67a2578e9f4,1706732555,
9949,transfer,0.0,0x87b335ff8f18be5f048cf6197ea48ccd1aec4377,0x95ff3f04eccfa15a2bd12d6daf3ccfc5ad354510,1706726207,
9949,sale,2.13,,,1706726207,
9949,transfer,0.0,0x385ce35599ae5e6f0eaf0f69841fffa9f41acdd5,0x87b335ff8f18be5f048cf6197ea48ccd1aec4377,1705370567,
9949,sale,1.85,,,1705370567,
9949,transfer,0.0,0x303f8b8e629ed5b40bf4bf799a0ba063504ed793,0x385ce35599ae5e6f0eaf0f69841fffa9f41acdd5,1705363619,
9949,sale,1.8,,,1705363619,
9949,transfer,0.0,0x3eb879cc9a0ef4c6f1d870a40ae187768c278da2,0x303f8b8e629ed5b40bf4bf799a0ba063504ed793,1705360487,
9949,transfer,0.0,0xdac7503901ed81445b7e24ddaba3bb15372c808c,0x3eb879cc9a0ef4c6f1d870a40ae187768c278da2,1701321623,
9949,transfer,0.0,0x31d5248020ff8e35f5cce912e3d8ec446db51b5c,0xdac7503901ed81445b7e24ddaba3bb15372c808c,1701317939,
9949,sale,1.978,,,1701317939,
9949,transfer,0.0,0x3fbdf3e4ad2c661c8ec6067a69e339b1a730eb52,0x31d5248020ff8e35f5cce912e3d8ec446db51b5c,1701281423,
9949,sale,1.97,,,1701281423,
9949,transfer,0.0,0x0fdb58ff31ae6d6a77701818b4e31c8392fbbcea,0x3fbdf3e4ad2c661c8ec6067a69e339b1a730eb52,1701273839,
9949,sale,2.01,,,1701273839,
9949,transfer,0.0,0xb30469c14ead5bc748bd4de21a3bed1514f65ebd,0x0fdb58ff31ae6d6a77701818b4e31c8392fbbcea,1701261863,
9949,transfer,0.0,0xe8c4170f68518c3b6bc3c6c9b33a071bea44e569,0xb30469c14ead5bc748bd4de21a3bed1514f65ebd,1681365323,
9949,transfer,0.0,0xb30469c14ead5bc748bd4de21a3bed1514f65ebd,0xe8c4170f68518c3b6bc3c6c9b33a071bea44e569,1681211231,
9949,sale,15.5,,,1650713591,
9949,transfer,0.0,0xa422bfff5daba6eeefaff84debf609edf0868c5f,0xb30469c14ead5bc748bd4de21a3bed1514f65ebd,1650713591,
9949,transfer,0.0,0x884befa765a966508cb0bd8ca36e300a4529f380,0xa422bfff5daba6eeefaff84debf609edf0868c5f,1650648877,
9949,transfer,0.0,0xa422bfff5daba6eeefaff84debf609edf0868c5f,0x884befa765a966508cb0bd8ca36e300a4529f380,1648557694,
9949,sale,13.6,,,1647641105,
9949,transfer,0.0,0xa8d04cd4e1951291740ef977d56336fdc7f394c5,0xa422bfff5daba6eeefaff84debf609edf0868c5f,1647641105,
9949,transfer,0.0,0xa6b7c4870875162070d2ef0598577a2be2ddd217,0xa8d04cd4e1951291740ef977d56336fdc7f394c5,1642539511,
9949,sale,0.95,,,1634585251,
9949,transfer,0.0,0xc5f36c576e0a9628cce55f3d99d1d3b10512ed86,0xa6b7c4870875162070d2ef0598577a2be2ddd217,1634585251,
9949,sale,1.32,,,1634523964,
9949,transfer,0.0,0x9581f459897a5b490332173b90cfde37229a4dd1,0xc5f36c576e0a9628cce55f3d99d1d3b10512ed86,1634523964,
9949,mint,0.0,0x0000000000000000000000000000000000000000,0x9581f459897a5b490332173b90cfde37229a4dd1,1634523243,
9951,sale,15.4444,,,1652341373,
9951,transfer,0.0,0x05605981f40e5bcda09ac41364256a14f035df02,0xaf6c4334c0314b3da3cc9148bf841aa8ec172459,1652341373,
9951,transfer,0.0,0x8a53f6f86d3f86732a0a876cc5e964b493b99bbb,0x05605981f40e5bcda09ac41364256a14f035df02,1652100937,
9951,transfer,0.0,0x05605981f40e5bcda09ac41364256a14f035df02,0x8a53f6f86d3f86732a0a876cc5e964b493b99bbb,1649153462,
9951,transfer,0.0,0x620b70123fb810f6c653da7644b5dd0b6312e4d8,0x05605981f40e5bcda09ac41364256a14f035df02,1646818673,
9951,transfer,0.0,0x05605981f40e5bcda09ac41364256a14f035df02,0x620b70123fb810f6c653da7644b5dd0b6312e4d8,1646817427,
9951,transfer,0.0,0x8e070debdfe8dc113590b719573b1c58f665b87d,0x05605981f40e5bcda09ac41364256a14f035df02,1646817117,
9951,transfer,0.0,0xc310e760778ecbca4c65b6c559874757a4c4ece0,0x8e070debdfe8dc113590b719573b1c58f665b87d,1646755303,
9951,transfer,0.0,0x805076bb8b11466ae76cfd2d4b67bcb69f449070,0xc310e760778ecbca4c65b6c559874757a4c4ece0,1646748099,
9951,transfer,0.0,0x9c2ecd52e83a5ff9d0c981570a9c6ea044483410,0x805076bb8b11466ae76cfd2d4b67bcb69f449070,1646162264,
9951,transfer,0.0,0x620b70123fb810f6c653da7644b5dd0b6312e4d8,0x9c2ecd52e83a5ff9d0c981570a9c6ea044483410,1646148805,
9951,transfer,0.0,0x9c2ecd52e83a5ff9d0c981570a9c6ea044483410,0x620b70123fb810f6c653da7644b5dd0b6312e4d8,1646108184,
9951,transfer,0.0,0x805076bb8b11466ae76cfd2d4b67bcb69f449070,0x9c2ecd52e83a5ff9d0c981570a9c6ea044483410,1643996563,
9951,transfer,0.0,0xe710592ac31387fcfc84666f8c108d7f38f29c2e,0x805076bb8b11466ae76cfd2d4b67bcb69f449070,1643992550,
9951,transfer,0.0,0x4daf895f23aa60a660e22d65c55711d2a6d60c58,0xe710592ac31387fcfc84666f8c108d7f38f29c2e,1643945899,
9951,sale,14.0,,,1643945899,
9951,transfer,0.0,0x788373a90823793ecffe357ffafc2b4256f91943,0x4daf895f23aa60a660e22d65c55711d2a6d60c58,1643943370,
9951,sale,1.99,,,1635007045,
9951,transfer,0.0,0xc615c5f985471013c5da739bcc8bc433761d04d4,0x788373a90823793ecffe357ffafc2b4256f91943,1635007045,
9951,transfer,0.0,0xd4f2a6b63ad88caf340f510f3d449553a50134cc,0xc615c5f985471013c5da739bcc8bc433761d04d4,1634526555,
9951,sale,2.0,,,1634526555,
9951,sale,1.5,,,1634524116,
9951,transfer,0.0,0x64ff257d292d66be0b5ab173b122f88308bc1b45,0xd4f2a6b63ad88caf340f510f3d449553a50134cc,1634524116,
9951,mint,0.0,0x0000000000000000000000000000000000000000,0x64ff257d292d66be0b5ab173b122f88308bc1b45,1634523243,
9934,transfer,0.0,0xe301b3d8d6bc4ef014d66eb73f805fbbb9bc44a2,0x34d4eafef4e2072476a65522752391e84533b34b,1649010204,
9934,sale,16.9,,,1649010204,
9934,transfer,0.0,0x620b70123fb810f6c653da7644b5dd0b6312e4d8,0xe301b3d8d6bc4ef014d66eb73f805fbbb9bc44a2,1647103976,
9934,transfer,0.0,0xe301b3d8d6bc4ef014d66eb73f805fbbb9bc44a2,0x620b70123fb810f6c653da7644b5dd0b6312e4d8,1646137608,
9934,transfer,0.0,0x30378d6b2acca2d6a6480bce7c5c2bcbde71bb7b,0xe301b3d8d6bc4ef014d66eb73f805fbbb9bc44a2,1643287643,
9934,transfer,0.0,0x2c53d2a0cd1c4991d039b235f3a814dc45011e37,0x30378d6b2acca2d6a6480bce7c5c2bcbde71bb7b,1637963549,
9934,sale,3.399,,,1637963549,
9934,sale,1.285,,,1636069535,
9934,transfer,0.0,0x3f3e2f43f0ac69f30ec38d3e4fec304bdf330e7a,0x2c53d2a0cd1c4991d039b235f3a814dc45011e37,1636069535,
9934,sale,1.19,,,1634525082,
9934,transfer,0.0,0xc2978441f46a76c60e0cd59e986498b75a40572d,0x3f3e2f43f0ac69f30ec38d3e4fec304bdf330e7a,1634525082,
9934,transfer,0.0,0xc84db6cd735a8edfc6adca338e8f370cf8809fd9,0xc2978441f46a76c60e0cd59e986498b75a40572d,1634523613,
9934,mint,0.0,0x0000000000000000000000000000000000000000,0xc84db6cd735a8edfc6adca338e8f370cf8809fd9,1634523243,
9972,transfer,0.0,0x94c47ed35fd041953352cd483b66ad1dba05e31f,0x620b70123fb810f6c653da7644b5dd0b6312e4d8,1734274031,
9972,transfer,0.0,0x1b5e30b0ca025ddb6b4b65d68836573cdf3bbcda,0x94c47ed35fd041953352cd483b66ad1dba05e31f,1734273971,
9972,transfer,0.0,0x94c47ed35fd041953352cd483b66ad1dba05e31f,0x1b5e30b0ca025ddb6b4b65d68836573cdf3bbcda,1702021175,
9972,transfer,0.0,0x620b70123fb810f6c653da7644b5dd0b6312e4d8,0x94c47ed35fd041953352cd483b66ad1dba05e31f,1667163527,
9972,transfer,0.0,0x94c47ed35fd041953352cd483b66ad1dba05e31f,0x620b70123fb810f6c653da7644b5dd0b6312e4d8,1657198137,
9972,sale,1.24,,,1634524520,
9972,transfer,0.0,0x80912cac61261902247728872e87c7a89ca8fa49,0x94c47ed35fd041953352cd483b66ad1dba05e31f,1634524520,
9972,mint,0.0,0x0000000000000000000000000000000000000000,0x80912cac61261902247728872e87c7a89ca8fa49,1634523243,
9986,transfer,0.0,0x4c9f7207be28278b9dca129f2e211acfff48fb01,0x620b70123fb810f6c653da7644b5dd0b6312e4d8,1712896823,
9986,sale,2.3,,,1681970471,
9986,transfer,0.0,0xd89f88ab81820ab109689fabf47d68c35b7888d2,0x4c9f7207be28278b9dca129f2e211acfff48fb01,1681970471,
9986,transfer,0.0,0x620b70123fb810f6c653da7644b5dd0b6312e4d8,0xd89f88ab81820ab109689fabf47d68c35b7888d2,1671307235,
9986,transfer,0.0,0xd89f88ab81820ab109689fabf47d68c35b7888d2,0x620b70123fb810f6c653da7644b5dd0b6312e4d8,1671306875,
9986,transfer,0.0,0xd387a6e4e84a6c86bd90c158c6028a58cc8ac459,0xd89f88ab81820ab109689fabf47d68c35b7888d2,1671212915,
9986,sale,7.0,,,1671212915,
9986,transfer,0.0,0x2d3dbcb2929afe8e9aa700ef41d14fff85bb91f5,0xd387a6e4e84a6c86bd90c158c6028a58cc8ac459,1637082121,
9986,sale,2.2277,,,1637082121,
9986,mint,0.0,0x0000000000000000000000000000000000000000,0x2d3dbcb2929afe8e9aa700ef41d14fff85bb91f5,1634523243,
9992,transfer,0.0,0xaf184b4cbc73a9ca2f51c4a4d80ed67a2578e9f4,0x620b70123fb810f6c653da7644b5dd0b6312e4d8,1736031227,
9992,transfer,0.0,0xa6b7c4870875162070d2ef0598577a2be2ddd217,0xaf184b4cbc73a9ca2f51c4a4d80ed67a2578e9f4,1706851907,
9992,transfer,0.0,0x620b70123fb810f6c653da7644b5dd0b6312e4d8,0xa6b7c4870875162070d2ef0598577a2be2ddd217,1676332727,
9992,transfer,0.0,0xa6b7c4870875162070d2ef0598577a2be2ddd217,0x620b70123fb810f6c653da7644b5dd0b6312e4d8,1676332091,
9992,transfer,0.0,0x2aefa853ae725900917b17809ab88c5810f6f0a5,0xa6b7c4870875162070d2ef0598577a2be2ddd217,1676331575,
9992,sale,5.0,,,1676331575,
9992,transfer,0.0,0x72ccd0c0f9e8f79cda28a084ba3781a412ecf998,0x2aefa853ae725900917b17809ab88c5810f6f0a5,1651261765,
9992,transfer,0.0,0x9d546e20cd75b62276787a1e4db2b9393633e2d6,0x72ccd0c0f9e8f79cda28a084ba3781a412ecf998,1643542030,
9992,mint,0.0,0x0000000000000000000000000000000000000000,0x9d546e20cd75b62276787a1e4db2b9393633e2d6,1634523243,
9936,transfer,0.0,0xaf184b4cbc73a9ca2f51c4a4d80ed67a2578e9f4,0x620b70123fb810f6c653da7644b5dd0b6312e4d8,1736031227,
9936,sale,2.22,,,1684714475,
9936,transfer,0.0,0x63e0605491bda6e4c1c37cf818a45b836faf46ee,0xaf184b4cbc73a9ca2f51c4a4d80ed67a2578e9f4,1684714475,
9936,transfer,0.0,0x52536fd5a1d9a3ee13a741219429570abb3f91ce,0x63e0605491bda6e4c1c37cf818a45b836faf46ee,1684684775,
9936,sale,2.22,,,1684684775,
9936,sale,2.46,,,1684641659,
9936,transfer,0.0,0xf509915d0922577c0c2bda39a2e2a1780e369170,0x52536fd5a1d9a3ee13a741219429570abb3f91ce,1684641659,
9936,transfer,0.0,0x5df4a7023ed48d2ca52afbd47aace2d49c9c3ee3,0xf509915d0922577c0c2bda39a2e2a1780e369170,1684604915,
9936,transfer,0.0,0x4bd88f1ed3d93f568d65b478288d49d7dd68c67d,0x5df4a7023ed48d2ca52afbd47aace2d49c9c3ee3,1683808115,
9936,transfer,0.0,0x63e0605491bda6e4c1c37cf818a45b836faf46ee,0x4bd88f1ed3d93f568d65b478288d49d7dd68c67d,1682924903,
9936,sale,2.8,,,1682835395,
9936,transfer,0.0,0x066b4894be13ac0d49b24fc588668e428ec404e9,0x63e0605491bda6e4c1c37cf818a45b836faf46ee,1682835395,
9936,transfer,0.0,0x97c7d94d01bcbc41b80ef7cc8c5bebc3d11c6a20,0x066b4894be13ac0d49b24fc588668e428ec404e9,1678360031,
9936,sale,5.07,,,1678360031,
9936,sale,5.06,,,1678280399,
9936,transfer,0.0,0xb755661f1eeb74384db0ba92f77959d50b1b4b44,0x97c7d94d01bcbc41b80ef7cc8c5bebc3d11c6a20,1678280399,
9936,sale,5.06,,,1678276151,
9936,transfer,0.0,0x020ca66c30bec2c4fe3861a94e4db4a498a35872,0xb755661f1eeb74384db0ba92f77959d50b1b4b44,1678276151,
9936,sale,5.06,,,1678211087,
9936,transfer,0.0,0xff868ee0b7757ba99ef22403a9fe420f65031818,0x020ca66c30bec2c4fe3861a94e4db4a498a35872,1678211087,
9936,transfer,0.0,0x5f91f58c49121d520e66b67b2175cf94f20358e3,0xff868ee0b7757ba99ef22403a9fe420f65031818,1678206611,
9936,transfer,0.0,0xff868ee0b7757ba99ef22403a9fe420f65031818,0x5f91f58c49121d520e66b67b2175cf94f20358e3,1678201895,
9936,sale,5.11,,,1678199555,
9936,transfer,0.0,0xa701e3b9eedc8c9d632fe67ddfc25d21594a63c1,0xff868ee0b7757ba99ef22403a9fe420f65031818,1678199555,
9936,transfer,0.0,0x97c7d94d01bcbc41b80ef7cc8c5bebc3d11c6a20,0xa701e3b9eedc8c9d632fe67ddfc25d21594a63c1,1678195823,
9936,sale,5.12,,,1678195823,
9936,transfer,0.0,0x624b29efc67370b44975192c78474f559ba6ba95,0x97c7d94d01bcbc41b80ef7cc8c5bebc3d11c6a20,1677458987,
9936,sale,5.63,,,1677458987,
9936,transfer,0.0,0x9c81522976f5eebba38c60d36c63facb5e9e9f23,0x624b29efc67370b44975192c78474f559ba6ba95,1677415475,
9936,transfer,0.0,0x9a68cb9c15a24da0c3d9852950aa6da0e3bf5622,0x9c81522976f5eebba38c60d36c63facb5e9e9f23,1677402131,
9936,sale,5.3,,,1677392783,
9936,transfer,0.0,0x63e0605491bda6e4c1c37cf818a45b836faf46ee,0x9a68cb9c15a24da0c3d9852950aa6da0e3bf5622,1677392783,
9936,sale,5.4,,,1677174695,
9936,transfer,0.0,0xf1af41e136d0eb1d95b7030620aefc7d20a9cd4b,0x63e0605491bda6e4c1c37cf818a45b836faf46ee,1677174695,
9936,transfer,0.0,0xed2ab4948ba6a909a7751dec4f34f303eb8c7236,0xf1af41e136d0eb1d95b7030620aefc7d20a9cd4b,1677165863,
9936,sale,5.41,,,1677165863,
9936,transfer,0.0,0x010acffec14a6413b3efaab0023996559edc4878,0xed2ab4948ba6a909a7751dec4f34f303eb8c7236,1677148379,
9936,sale,5.499,,,1677148379,
9936,transfer,0.0,0x36355c0ed52a9aa0aa018dd00a48d13952096a65,0x010acffec14a6413b3efaab0023996559edc4878,1677001667,
9936,sale,5.579,,,1677001667,
9936,sale,5.76,,,1676968835,
9936,transfer,0.0,0x3152eaaa4d4998a56eb398b9ef9e6d29c09a756c,0x36355c0ed52a9aa0aa018dd00a48d13952096a65,1676968835,
9936,sale,5.8,,,1676960411,
9936,transfer,0.0,0xf5c7f272702c00217e8baba288ad74c106cb841b,0x3152eaaa4d4998a56eb398b9ef9e6d29c09a756c,1676960411,
9936,sale,5.81,,,1676951351,
9936,transfer,0.0,0xa357f162fe9c383edeee81fbc905c4bc7fca166f,0xf5c7f272702c00217e8baba288ad74c106cb841b,1676951351,
9936,sale,6.0,,,1676946467,
9936,transfer,0.0,0x9a68cb9c15a24da0c3d9852950aa6da0e3bf5622,0xa357f162fe9c383edeee81fbc905c4bc7fca166f,1676946467,
9936,transfer,0.0,0xb2b197c755dbc5db7b910784ab3b25614857ed4a,0x9a68cb9c15a24da0c3d9852950aa6da0e3bf5622,1676939927,
9936,sale,5.859,,,1676939927,
9936,transfer,0.0,0xed2ab4948ba6a909a7751dec4f34f303eb8c7236,0xb2b197c755dbc5db7b910784ab3b25614857ed4a,1676799251,
9936,sale,5.81,,,1676799251,
9936,transfer,0.0,0x06b678ac37940af0d4359ec10abd2c14615df83e,0xed2ab4948ba6a909a7751dec4f34f303eb8c7236,1676793155,
9936,sale,5.837,,,1676793155,
9936,transfer,0.0,0x70a2db807234916ae774e22a41453d6b64c3b537,0x06b678ac37940af0d4359ec10abd2c14615df83e,1676792207,
9936,sale,5.8,,,1676792207,
9936,transfer,0.0,0x4d417dfe10a8ebe24bed38c3861e9acd0d9ef717,0x70a2db807234916ae774e22a41453d6b64c3b537,1676777447,
9936,sale,6.22,,,1676777447,
9936,transfer,0.0,0x68d6a6a88ade4cad2d145dcf1e475fceb86a5465,0x4d417dfe10a8ebe24bed38c3861e9acd0d9ef717,1676764499,
9936,sale,6.2,,,1676764499,
9936,transfer,0.0,0xd5ee00b7babd9374d32159cd7cd82bb99ef831fd,0x68d6a6a88ade4cad2d145dcf1e475fceb86a5465,1675621139,
9936,sale,5.77,,,1675621139,
9936,transfer,0.0,0x0f52d2efabd6a77ea43bba7cc690acc2b748f15b,0xd5ee00b7babd9374d32159cd7cd82bb99ef831fd,1675598963,
9936,sale,5.87,,,1675598963,
9936,sale,6.12,,,1675572011,
9936,transfer,0.0,0x6816162ee389cb4a23a7c1fa15a611ca2fdbd531,0x0f52d2efabd6a77ea43bba7cc690acc2b748f15b,1675572011,
9936,sale,6.06,,,1675513427,
9936,transfer,0.0,0xd5ee00b7babd9374d32159cd7cd82bb99ef831fd,0x6816162ee389cb4a23a7c1fa15a611ca2fdbd531,1675513427,
9936,sale,6.06,,,1675502459,
9936,transfer,0.0,0x9e91f274f175388dd1950799fa69e00d699ae2ee,0xd5ee00b7babd9374d32159cd7cd82bb99ef831fd,1675502459,
9936,transfer,0.0,0xd9ec6bef8eedcdb96c185fbb8f7fbedcb1aaf582,0x9e91f274f175388dd1950799fa69e00d699ae2ee,1675471139,
9936,sale,5.76,,,1675471139,
9936,transfer,0.0,0x913cec617ba05e663b831ab9eebe4551dd5ffc18,0xd9ec6bef8eedcdb96c185fbb8f7fbedcb1aaf582,1675454651,
9936,sale,5.92,,,1675454651,
9936,transfer,0.0,0x620b70123fb810f6c653da7644b5dd0b6312e4d8,0x913cec617ba05e663b831ab9eebe4551dd5ffc18,1675295723,
9936,transfer,0.0,0x913cec617ba05e663b831ab9eebe4551dd5ffc18,0x620b70123fb810f6c653da7644b5dd0b6312e4d8,1646155800,
9936,transfer,0.0,0x4736503fa1e5a5353673d46ddd3baa5697895468,0x913cec617ba05e663b831ab9eebe4551dd5ffc18,1634547266,
9936,sale,1.25,,,1634547266,
9936,transfer,0.0,0x3db18201c925746a0376af8f7b42cb944c8f6cae,0x4736503fa1e5a5353673d46ddd3baa5697895468,1634535984,
9936,sale,1.09,,,1634535984,
9936,mint,0.0,0x0000000000000000000000000000000000000000,0x3db18201c925746a0376af8f7b42cb944c8f6cae,1634523243,
9939,transfer,0.0,0xc56da0a9e29676721068368f2b721f592d152d09,0xfe7be7372ad1c36a6e3e9ccfc473fe460586a550,1643836004,
9939,transfer,0.0,0x0c461e325b45971206711bf53b65493f2300a0f7,0xc56da0a9e29676721068368f2b721f592d152d09,1643828621,
9939,transfer,0.0,0x6e267b51d6ac7c8f7ce7c17989742b4133546b10,0x0c461e325b45971206711bf53b65493f2300a0f7,1640357924,
9939,transfer,0.0,0x0c461e325b45971206711bf53b65493f2300a0f7,0x6e267b51d6ac7c8f7ce7c17989742b4133546b10,1640350717,
9939,transfer,0.0,0x4a43dc3cb5d86fa29bc41f207486215799f830ca,0x0c461e325b45971206711bf53b65493f2300a0f7,1637630067,
9939,sale,3.15,,,1637630067,
9939,transfer,0.0,0x543303d6bcc8e2dca8a698475ba1f9d3ddcfa499,0x4a43dc3cb5d86fa29bc41f207486215799f830ca,1637171662,
9939,sale,2.9,,,1637171662,
9939,sale,1.55,,,1636173151,
9939,transfer,0.0,0x8b5ba95f952844c5c66cb53fbfe1749c70327d70,0x543303d6bcc8e2dca8a698475ba1f9d3ddcfa499,1636173151,
9939,transfer,0.0,0xc310e760778ecbca4c65b6c559874757a4c4ece0,0x8b5ba95f952844c5c66cb53fbfe1749c70327d70,1635968681,
9939,transfer,0.0,0xacd8c60b697e75323e84ee50193138f17ab53c88,0xc310e760778ecbca4c65b6c559874757a4c4ece0,1635967365,
9939,sale,1.09,,,1634527682,
9939,transfer,0.0,0x3db18201c925746a0376af8f7b42cb944c8f6cae,0xacd8c60b697e75323e84ee50193138f17ab53c88,1634527682,
9939,mint,0.0,0x0000000000000000000000000000000000000000,0x3db18201c925746a0376af8f7b42cb944c8f6cae,1634523243,
9948,transfer,0.0,0x7872faebf75c48875cdf96b4ac51283a35580cf7,0x620b70123fb810f6c653da7644b5dd0b6312e4d8,1759370339,
9948,transfer,0.0,0x34c0b0f8726b029d44567d11725af75bf9b9169a,0x7872faebf75c48875cdf96b4ac51283a35580cf7,1746814151,
9948,transfer,0.0,0xccae48ccf141e8f36635cda772cf1c4c756e1b9f,0x34c0b0f8726b029d44567d11725af75bf9b9169a,1746813791,
9948,sale,1.34,,,1746813791,
9948,sale,6.89,,,1734639719,
9948,transfer,0.0,0x29469395eaf6f95920e59f858042f0e28d98a20b,0xccae48ccf141e8f36635cda772cf1c4c756e1b9f,1734639719,
9948,sale,6.4,,,1734637391,
9948,transfer,0.0,0x4728808304667c3e4783761e12b7b85e2bc8cd7d,0x29469395eaf6f95920e59f858042f0e28d98a20b,1734637391,
9948,sale,5.87,,,1734636839,
9948,transfer,0.0,0x29469395eaf6f95920e59f858042f0e28d98a20b,0x4728808304667c3e4783761e12b7b85e2bc8cd7d,1734636839,
9948,transfer,0.0,0x72795f977a732047635282191fb704fa21968abf,0x29469395eaf6f95920e59f858042f0e28d98a20b,1734382331,
9948,transfer,0.0,0x29469395eaf6f95920e59f858042f0e28d98a20b,0x72795f977a732047635282191fb704fa21968abf,1734382127,
9948,sale,2.029826,,,1732912595,
9948,transfer,0.0,0xeb79f3b9836e14678abdb862aabfc171341b3199,0x29469395eaf6f95920e59f858042f0e28d98a20b,1732904651,
9948,transfer,0.0,0xa499df2bdae854093e5576c26c9e53e1b30d25e5,0xeb79f3b9836e14678abdb862aabfc171341b3199,1732904087,
9948,sale,1.9278,,,1732904087,
9948,transfer,0.0,0xdb8bee6c1e52f6c495c0f8a1d0905bd96884ea31,0xa499df2bdae854093e5576c26c9e53e1b30d25e5,1732892135,
9948,transfer,0.0,0x620b70123fb810f6c653da7644b5dd0b6312e4d8,0xdb8bee6c1e52f6c495c0f8a1d0905bd96884ea31,1680360335,
9948,transfer,0.0,0xdb8bee6c1e52f6c495c0f8a1d0905bd96884ea31,0x620b70123fb810f6c653da7644b5dd0b6312e4d8,1646145731,
9948,transfer,0.0,0x620b70123fb810f6c653da7644b5dd0b6312e4d8,0xdb8bee6c1e52f6c495c0f8a1d0905bd96884ea31,1646145412,
9948,transfer,0.0,0xdb8bee6c1e52f6c495c0f8a1d0905bd96884ea31,0x620b70123fb810f6c653da7644b5dd0b6312e4d8,1646145290,
9948,transfer,0.0,0xa499df2bdae854093e5576c26c9e53e1b30d25e5,0xdb8bee6c1e52f6c495c0f8a1d0905bd96884ea31,1642554800,
9948,transfer,0.0,0xa7ef08585b7188bcc140053b039933620bf7e04f,0xa499df2bdae854093e5576c26c9e53e1b30d25e5,1638026569,
9948,sale,3.09,,,1638026569,
9948,sale,1.4567,,,1634523533,
9948,transfer,0.0,0x9581f459897a5b490332173b90cfde37229a4dd1,0xa7ef08585b7188bcc140053b039933620bf7e04f,1634523533,
9948,mint,0.0,0x0000000000000000000000000000000000000000,0x9581f459897a5b490332173b90cfde37229a4dd1,1634523243,
9968,transfer,0.0,0x1a3c4e9b49e4fc595fb7e5f723159ba73a9426e7,0x620b70123fb810f6c653da7644b5dd0b6312e4d8,1712729171,
9968,transfer,0.0,0xacd6ab55f6fba36293a9a920ffcb2f0f3d34967a,0x5f6ac80cdb9e87f3cfa6a90e5140b9a16a361d5c,1655648549,
9968,transfer,0.0,0x70b97a0da65c15dfb0ffa02aee6fa36e507c2762,0x1a3c4e9b49e4fc595fb7e5f723159ba73a9426e7,1655648549,
9968,transfer,0.0,0x5f6ac80cdb9e87f3cfa6a90e5140b9a16a361d5c,0x70b97a0da65c15dfb0ffa02aee6fa36e507c2762,1655648549,
9968,transfer,0.0,0x1a3c4e9b49e4fc595fb7e5f723159ba73a9426e7,0x3b968d2d299b895a5fcf3bba7a64ad0f566e6f88,1653447146,
9968,transfer,0.0,0x70b97a0da65c15dfb0ffa02aee6fa36e507c2762,0x5f6ac80cdb9e87f3cfa6a90e5140b9a16a361d5c,1653447146,
9968,transfer,0.0,0x5f6ac80cdb9e87f3cfa6a90e5140b9a16a361d5c,0xacd6ab55f6fba36293a9a920ffcb2f0f3d34967a,1653447146,
9968,transfer,0.0,0x3b968d2d299b895a5fcf3bba7a64ad0f566e6f88,0x70b97a0da65c15dfb0ffa02aee6fa36e507c2762,1653447146,
9968,transfer,0.0,0x4944a73d00397af8b609e650996e248308925592,0x1a3c4e9b49e4fc595fb7e5f723159ba73a9426e7,1651412024,
9968,transfer,0.0,0x9aabb83ab315b4b2a38ac5225457e7e3bdb4243e,0x4944a73d00397af8b609e650996e248308925592,1649717594,
9968,transfer,0.0,0x5343a8c95437111a37cc355cc22b658e510c2cc8,0x9aabb83ab315b4b2a38ac5225457e7e3bdb4243e,1649716640,
9968,transfer,0.0,0xcaede00c2332c9bb9db026dbc58b10cc1cc17e8e,0x5343a8c95437111a37cc355cc22b658e510c2cc8,1649716449,
9968,transfer,0.0,0x252c6da89aee279384cc571a6006dc981b47da33,0xcaede00c2332c9bb9db026dbc58b10cc1cc17e8e,1649716246,
9968,transfer,0.0,0xf0e873d401fd9aa270b6913b7ae16585a9fa070a,0x252c6da89aee279384cc571a6006dc981b47da33,1649715924,
9968,transfer,0.0,0xa455dad1908b1f6283ed623ddc1ae901fa902724,0xf0e873d401fd9aa270b6913b7ae16585a9fa070a,1649715735,
9968,transfer,0.0,0x41d41e261d06951c6fdd6494dfffdef11aa3f827,0xa455dad1908b1f6283ed623ddc1ae901fa902724,1649715390,
9968,transfer,0.0,0xf3eacd3b20aeb0143ee80a7a846d6a0bcd900f1d,0x41d41e261d06951c6fdd6494dfffdef11aa3f827,1649715254,
9968,transfer,0.0,0x65a6e9e3048e763fa82c25504a0559147cc241dc,0xf3eacd3b20aeb0143ee80a7a846d6a0bcd900f1d,1649714928,
9968,transfer,0.0,0x58a62d2ebf228386bea90cb9a02216e6ea05fcae,0x65a6e9e3048e763fa82c25504a0559147cc241dc,1649714783,
9968,transfer,0.0,0xd30e2bf5456daf116b826bee5046858b97290dad,0x58a62d2ebf228386bea90cb9a02216e6ea05fcae,1649714604,
9968,transfer,0.0,0x4944a73d00397af8b609e650996e248308925592,0xd30e2bf5456daf116b826bee5046858b97290dad,1649714402,
9968,transfer,0.0,0x8c05717e13a2b0f2564b4915a1bcd0ef6a33d7b9,0x4944a73d00397af8b609e650996e248308925592,1649714060,
9968,transfer,0.0,0x7875629007ae8ac04da01a44ffb5835025af7e7e,0x8c05717e13a2b0f2564b4915a1bcd0ef6a33d7b9,1649713884,
9968,transfer,0.0,0xf1aed318c1c9b80d41d7f90500026703ea53fc73,0x7875629007ae8ac04da01a44ffb5835025af7e7e,1649713729,
9968,transfer,0.0,0xdffa5c55eabd9eb40d20a32e8422cc92b574eb9f,0xf1aed318c1c9b80d41d7f90500026703ea53fc73,1649713577,
9968,transfer,0.0,0xbf7d4f5c938c74b43a58fa57c4a261bde8bf6a96,0xdffa5c55eabd9eb40d20a32e8422cc92b574eb9f,1649713426,
9968,transfer,0.0,0xf3304a2f31013d7dd5c28ebfe3f446f5cecae1d3,0xbf7d4f5c938c74b43a58fa57c4a261bde8bf6a96,1649713251,
9968,transfer,0.0,0x2fcc9a4532390a6a4ac67d7aa7622c4c34d6e69c,0xf3304a2f31013d7dd5c28ebfe3f446f5cecae1d3,1649713096,
9968,transfer,0.0,0x95ec07d1de66c0350339656d534cd90575e16748,0x2fcc9a4532390a6a4ac67d7aa7622c4c34d6e69c,1649712931,
9968,transfer,0.0,0xde7ba3588b5ce8b35af3564a80e4d4c1f8971ea0,0x95ec07d1de66c0350339656d534cd90575e16748,1649712770,
9968,transfer,0.0,0xd853cb771f9fed482d49acb3577c004e6787c2a0,0xde7ba3588b5ce8b35af3564a80e4d4c1f8971ea0,1649712597,
9968,transfer,0.0,0x3d672828cd7d6dce5de24d2ba78acc45bc41af6e,0xd853cb771f9fed482d49acb3577c004e6787c2a0,1649712390,
9968,transfer,0.0,0xfbe900c2c561b02bb121d96bd2a94a75354f1607,0x3d672828cd7d6dce5de24d2ba78acc45bc41af6e,1649712194,
9968,transfer,0.0,0x8612a5f64c9eafbd2614a808e63b5a0b9f204cda,0xfbe900c2c561b02bb121d96bd2a94a75354f1607,1649711866,
9968,transfer,0.0,0x0ea18efc2e40fc8d6ddf5f9143037d71a250c1d0,0x8612a5f64c9eafbd2614a808e63b5a0b9f204cda,1649711694,
9968,transfer,0.0,0x375a8378fae70c6e6fef4b566195918614a2b054,0x0ea18efc2e40fc8d6ddf5f9143037d71a250c1d0,1649711468,
9968,transfer,0.0,0x49bb30b409ae6335b5587ee2d9abdaae0f18bea6,0x375a8378fae70c6e6fef4b566195918614a2b054,1649711226,
9968,transfer,0.0,0x0a567263d1f9c1f81e3f2f650e9f2e28a1ed6475,0x49bb30b409ae6335b5587ee2d9abdaae0f18bea6,1649711089,
9968,transfer,0.0,0x871c0d9ac8f74feba293bd6af4bba6e9578777da,0x0a567263d1f9c1f81e3f2f650e9f2e28a1ed6475,1649710048,
9968,transfer,0.0,0x67fd2340359b759d44e8ec162eb491a963ef02b6,0x871c0d9ac8f74feba293bd6af4bba6e9578777da,1649709827,
9968,transfer,0.0,0x648854519e6c7639c367257001485f1ed3f350a6,0x67fd2340359b759d44e8ec162eb491a963ef02b6,1649709612,
9968,transfer,0.0,0x47794850f34a452df71cc62ec211601bf9bb6786,0x648854519e6c7639c367257001485f1ed3f350a6,1649709459,
9968,transfer,0.0,0x2f03b9c3161f422d904586611af6c431121b0f3d,0x47794850f34a452df71cc62ec211601bf9bb6786,1649709301,
9968,transfer,0.0,0x7667a625c3f6a88292829e63e90f85868b1c5f57,0x2f03b9c3161f422d904586611af6c431121b0f3d,1649709099,
9968,transfer,0.0,0xccc57029ab3cb4917ec3fa6cfd10d1b2ce03bb1b,0x7667a625c3f6a88292829e63e90f85868b1c5f57,1649708875,
9968,transfer,0.0,0x2c8c2fe79df06eadb243fa720e2d02ff88a4785d,0xccc57029ab3cb4917ec3fa6cfd10d1b2ce03bb1b,1649708649,
9968,transfer,0.0,0x6cbe960a09a61cfcfa31487870e4fbc994fc65f2,0x2c8c2fe79df06eadb243fa720e2d02ff88a4785d,1649707088,
9968,transfer,0.0,0xb5235c31cd9724fa0ce9c632c05f44f7661f0369,0x6cbe960a09a61cfcfa31487870e4fbc994fc65f2,1649706841,
9968,transfer,0.0,0x791ecc47261f7e3d04e04817b17b5575207dc6e7,0xb5235c31cd9724fa0ce9c632c05f44f7661f0369,1649706524,
9968,transfer,0.0,0xdb0c91d341babe5f32513b6addcf1fa0af4199a2,0x791ecc47261f7e3d04e04817b17b5575207dc6e7,1649706343,
9968,transfer,0.0,0xa51c428d335b08adb691c9f0a0b2b2278862f536,0xdb0c91d341babe5f32513b6addcf1fa0af4199a2,1649706160,
9968,transfer,0.0,0xa178ad4c3671ec395da1ae618ad816ddc66c9fc3,0xa51c428d335b08adb691c9f0a0b2b2278862f536,1649705949,
9968,transfer,0.0,0x4df717ac430bac316ef2b9c1878ab2c4b470c112,0xa178ad4c3671ec395da1ae618ad816ddc66c9fc3,1649705413,
9968,transfer,0.0,0x65b0331533b42d0727e538081a0c43813c27bec0,0x4df717ac430bac316ef2b9c1878ab2c4b470c112,1649645425,
9968,transfer,0.0,0x87b31b8123eda3445fc09deb6cc2b470695ec723,0x65b0331533b42d0727e538081a0c43813c27bec0,1649644627,
9968,transfer,0.0,0x5fa2fad0aa45c23f08013eb21427861c10d99dd4,0x87b31b8123eda3445fc09deb6cc2b470695ec723,1649643700,
9968,transfer,0.0,0xe26d8396ead39c346e165a0b98c284a6a1f77def,0x5fa2fad0aa45c23f08013eb21427861c10d99dd4,1648791067,
9968,transfer,0.0,0x9aec88ba3c277081d39924a5955ce0fc588a081d,0xe26d8396ead39c346e165a0b98c284a6a1f77def,1648790898,
9968,transfer,0.0,0x55edeba99ef899f1034c1c50c9e7799f56a31f6d,0x9aec88ba3c277081d39924a5955ce0fc588a081d,1648283647,
9968,transfer,0.0,0xcde5f8e140edb0f1a9e2146a7720cc41925ec1dc,0x55edeba99ef899f1034c1c50c9e7799f56a31f6d,1648277900,
9968,transfer,0.0,0xfdb7164d8a395a408eb2bb2f85c63eaf19fcda62,0xcde5f8e140edb0f1a9e2146a7720cc41925ec1dc,1648277745,
9968,transfer,0.0,0x76568acbab48fb5ad28951c7c809e6744c547d48,0xfdb7164d8a395a408eb2bb2f85c63eaf19fcda62,1648277710,
9968,transfer,0.0,0xa174e727250f39f594beb87132a1e845a64c31dc,0x76568acbab48fb5ad28951c7c809e6744c547d48,1648277557,
9968,transfer,0.0,0x2d8d353cd9de059e81e29939264ad897b0a419b2,0xa174e727250f39f594beb87132a1e845a64c31dc,1648277488,
9968,transfer,0.0,0xfd0ef13805801279817429fe8f7686b1cfa4805c,0x2d8d353cd9de059e81e29939264ad897b0a419b2,1648277396,
9968,transfer,0.0,0x195b0507e30b1c8d8953fb56f94cfbcbb77b9203,0xfd0ef13805801279817429fe8f7686b1cfa4805c,1648277342,
9968,transfer,0.0,0x0016dceb5a044f5dd7b4bb84e7d173ad58745f07,0x195b0507e30b1c8d8953fb56f94cfbcbb77b9203,1648277254,
9968,transfer,0.0,0x241c80e53f39b9f89350619df0e1d3d5fc808e0f,0x0016dceb5a044f5dd7b4bb84e7d173ad58745f07,1648277181,
9968,transfer,0.0,0xb0383a0ed059821d854a2c05a1ffbd6f415a0a5c,0x241c80e53f39b9f89350619df0e1d3d5fc808e0f,1648277100,
9968,transfer,0.0,0x9aec88ba3c277081d39924a5955ce0fc588a081d,0xb0383a0ed059821d854a2c05a1ffbd6f415a0a5c,1648276894,
9968,transfer,0.0,0xc29cf3b48aac81e1d34b3de6baa2d17bdbaa71e8,0x9aec88ba3c277081d39924a5955ce0fc588a081d,1648255042,
9968,transfer,0.0,0x4df717ac430bac316ef2b9c1878ab2c4b470c112,0xc29cf3b48aac81e1d34b3de6baa2d17bdbaa71e8,1648254862,
9968,transfer,0.0,0x4b672b54f4755145c26932d778ec3d00dde5ac64,0x4df717ac430bac316ef2b9c1878ab2c4b470c112,1648254737,
9968,transfer,0.0,0x8ffc0eed5a939407778cca82033bc708cc3ba910,0x4b672b54f4755145c26932d778ec3d00dde5ac64,1648254559,
9968,transfer,0.0,0xa65dcac696473bcd7fe645cdaf6359bbbb99ee35,0x8ffc0eed5a939407778cca82033bc708cc3ba910,1648254451,
9968,transfer,0.0,0x12b959bcd13c139a6bc7f2edd436c7be21e3e496,0xa65dcac696473bcd7fe645cdaf6359bbbb99ee35,1648254328,
9968,transfer,0.0,0xa0ae82581847eae21ddd2467a2de64a922d6d5d0,0x12b959bcd13c139a6bc7f2edd436c7be21e3e496,1648254174,
9968,transfer,0.0,0x65b0331533b42d0727e538081a0c43813c27bec0,0xa0ae82581847eae21ddd2467a2de64a922d6d5d0,1648254053,
9968,transfer,0.0,0xbe8ae66d0bba789a1163faec61309f23f4078594,0x65b0331533b42d0727e538081a0c43813c27bec0,1648253867,
9968,transfer,0.0,0x54eb058bc2b51b00231b19879d3596fe4a67dbfc,0xbe8ae66d0bba789a1163faec61309f23f4078594,1648253084,
9968,transfer,0.0,0xb69b203ab0739f6162ecfc279c60ebc6921ccff9,0x54eb058bc2b51b00231b19879d3596fe4a67dbfc,1648252954,
9968,transfer,0.0,0x670059b55a7411efa1c52bcd2fc79926699efa87,0xb69b203ab0739f6162ecfc279c60ebc6921ccff9,1648252776,
9968,transfer,0.0,0x2466e06693ff659e284250c23a35f811edf9d3da,0x670059b55a7411efa1c52bcd2fc79926699efa87,1648252623,
9968,transfer,0.0,0x3e82481800ef791111ea4678877f08d2f54f2ecc,0x2466e06693ff659e284250c23a35f811edf9d3da,1648252493,
9968,transfer,0.0,0xb0383a0ed059821d854a2c05a1ffbd6f415a0a5c,0x3e82481800ef791111ea4678877f08d2f54f2ecc,1648252380,
9968,transfer,0.0,0x87474fe4567bc6ff9c7c1b9437d5712a9ef8b1f3,0xb0383a0ed059821d854a2c05a1ffbd6f415a0a5c,1648252231,
9968,transfer,0.0,0x87b31b8123eda3445fc09deb6cc2b470695ec723,0x87474fe4567bc6ff9c7c1b9437d5712a9ef8b1f3,1648252074,
9968,transfer,0.0,0x2d8d353cd9de059e81e29939264ad897b0a419b2,0x87b31b8123eda3445fc09deb6cc2b470695ec723,1648251944,
9968,transfer,0.0,0x1066709476ae3d522402bc39340357b3b28b75d6,0x2d8d353cd9de059e81e29939264ad897b0a419b2,1648251404,
9968,transfer,0.0,0x11e16d1ca10e8869dcb9af71d1124ad2919eae51,0x1066709476ae3d522402bc39340357b3b28b75d6,1648251185,
9968,transfer,0.0,0xa174e727250f39f594beb87132a1e845a64c31dc,0x11e16d1ca10e8869dcb9af71d1124ad2919eae51,1648251049,
9968,transfer,0.0,0x38b46a9cc31d688553931aeab87c6e54adc2ea8b,0xa174e727250f39f594beb87132a1e845a64c31dc,1648250958,
9968,transfer,0.0,0x6a8fe4d2927044f1a97b2c882fda945bbb9f9cb5,0x38b46a9cc31d688553931aeab87c6e54adc2ea8b,1648250862,
9968,transfer,0.0,0x624422da9f43839b849b34c87ca85221410ef908,0x6a8fe4d2927044f1a97b2c882fda945bbb9f9cb5,1648250770,
9968,transfer,0.0,0x802854c9b4c7f7312b43498b268e545d66d87548,0x624422da9f43839b849b34c87ca85221410ef908,1648250692,
9968,transfer,0.0,0xc282cf3f2e4a93e96361f22b19e56822f20253d9,0x802854c9b4c7f7312b43498b268e545d66d87548,1648250599,
9968,transfer,0.0,0xa986421cc4caaa844f493ec51bdd2f40a7706c4d,0xc282cf3f2e4a93e96361f22b19e56822f20253d9,1648250433,
9968,transfer,0.0,0x28ebd69f35e92f1f173419e2ba033630d9d16325,0xa986421cc4caaa844f493ec51bdd2f40a7706c4d,1648248792,
9968,transfer,0.0,0x0ebc253a7b1d67dc2371d917e9ff500ce7a367f0,0x28ebd69f35e92f1f173419e2ba033630d9d16325,1648248682,
9968,transfer,0.0,0x76568acbab48fb5ad28951c7c809e6744c547d48,0x0ebc253a7b1d67dc2371d917e9ff500ce7a367f0,1648248624,
9968,transfer,0.0,0x195b0507e30b1c8d8953fb56f94cfbcbb77b9203,0x76568acbab48fb5ad28951c7c809e6744c547d48,1648248535,
9968,transfer,0.0,0x52142802fa2dd12f9d55fa4d58d5edb753e6cd22,0x195b0507e30b1c8d8953fb56f94cfbcbb77b9203,1648248387,
9968,transfer,0.0,0x268ee45e05792d891a483542f8a708ce8a8fc033,0x52142802fa2dd12f9d55fa4d58d5edb753e6cd22,1648248290,
9968,transfer,0.0,0xfdb7164d8a395a408eb2bb2f85c63eaf19fcda62,0x268ee45e05792d891a483542f8a708ce8a8fc033,1648248167,
9968,transfer,0.0,0xaa3f4a5bbf9859b3ec8ae3bce5f7eb269b9ca84a,0xfdb7164d8a395a408eb2bb2f85c63eaf19fcda62,1648248041,
9968,transfer,0.0,0xf343ff5d9cb18566baef13900a85f08c53c08308,0xaa3f4a5bbf9859b3ec8ae3bce5f7eb269b9ca84a,1648247966,
9968,transfer,0.0,0x094df372f25d69217f1a7b3f7db92b5d79ecc7ec,0xf343ff5d9cb18566baef13900a85f08c53c08308,1648247859,
9968,transfer,0.0,0x0016dceb5a044f5dd7b4bb84e7d173ad58745f07,0x094df372f25d69217f1a7b3f7db92b5d79ecc7ec,1648247765,
9968,transfer,0.0,0xfd0ef13805801279817429fe8f7686b1cfa4805c,0x0016dceb5a044f5dd7b4bb84e7d173ad58745f07,1648247669,
9968,transfer,0.0,0x241c80e53f39b9f89350619df0e1d3d5fc808e0f,0xfd0ef13805801279817429fe8f7686b1cfa4805c,1648247584,
9968,transfer,0.0,0xc29cf3b48aac81e1d34b3de6baa2d17bdbaa71e8,0x241c80e53f39b9f89350619df0e1d3d5fc808e0f,1648247009,
9968,transfer,0.0,0xdd743b67237887c265e12e65b4b16acbd42eecbc,0xc29cf3b48aac81e1d34b3de6baa2d17bdbaa71e8,1648246892,
9968,transfer,0.0,0x392c2dc1d45b0b8a2079d31d5d27c282f578819c,0xdd743b67237887c265e12e65b4b16acbd42eecbc,1648245896,
9968,transfer,0.0,0x554b56ac67f7b0e3ef6548a37dc144dae6f19b69,0x392c2dc1d45b0b8a2079d31d5d27c282f578819c,1648245767,
9968,transfer,0.0,0xe26d8396ead39c346e165a0b98c284a6a1f77def,0x554b56ac67f7b0e3ef6548a37dc144dae6f19b69,1648245607,
9968,transfer,0.0,0x5fa2fad0aa45c23f08013eb21427861c10d99dd4,0xe26d8396ead39c346e165a0b98c284a6a1f77def,1648245517,
9968,transfer,0.0,0x9aec88ba3c277081d39924a5955ce0fc588a081d,0x5fa2fad0aa45c23f08013eb21427861c10d99dd4,1648245358,
9968,transfer,0.0,0x8ffc0eed5a939407778cca82033bc708cc3ba910,0x9aec88ba3c277081d39924a5955ce0fc588a081d,1644632376,
9968,transfer,0.0,0x9aec88ba3c277081d39924a5955ce0fc588a081d,0x8ffc0eed5a939407778cca82033bc708cc3ba910,1644591372,
9968,transfer,0.0,0xe26d8396ead39c346e165a0b98c284a6a1f77def,0x9aec88ba3c277081d39924a5955ce0fc588a081d,1644580761,
9968,transfer,0.0,0x5fa2fad0aa45c23f08013eb21427861c10d99dd4,0xe26d8396ead39c346e165a0b98c284a6a1f77def,1644580684,
9968,transfer,0.0,0x554b56ac67f7b0e3ef6548a37dc144dae6f19b69,0x5fa2fad0aa45c23f08013eb21427861c10d99dd4,1644580582,
9968,transfer,0.0,0xddc3f1b3865b2c19556fe4f141e63b84cf87d0c5,0x554b56ac67f7b0e3ef6548a37dc144dae6f19b69,1644580498,
9968,transfer,0.0,0x392c2dc1d45b0b8a2079d31d5d27c282f578819c,0xddc3f1b3865b2c19556fe4f141e63b84cf87d0c5,1644580422,
9968,transfer,0.0,0xdd743b67237887c265e12e65b4b16acbd42eecbc,0x392c2dc1d45b0b8a2079d31d5d27c282f578819c,1644580353,
9968,transfer,0.0,0xc29cf3b48aac81e1d34b3de6baa2d17bdbaa71e8,0xdd743b67237887c265e12e65b4b16acbd42eecbc,1644580258,
9968,transfer,0.0,0x241c80e53f39b9f89350619df0e1d3d5fc808e0f,0xc29cf3b48aac81e1d34b3de6baa2d17bdbaa71e8,1644580119,
9968,transfer,0.0,0xfd0ef13805801279817429fe8f7686b1cfa4805c,0x241c80e53f39b9f89350619df0e1d3d5fc808e0f,1644580042,
9968,transfer,0.0,0x0016dceb5a044f5dd7b4bb84e7d173ad58745f07,0xfd0ef13805801279817429fe8f7686b1cfa4805c,1644579953,
9968,transfer,0.0,0x094df372f25d69217f1a7b3f7db92b5d79ecc7ec,0x0016dceb5a044f5dd7b4bb84e7d173ad58745f07,1644579689,
9968,transfer,0.0,0xf343ff5d9cb18566baef13900a85f08c53c08308,0x094df372f25d69217f1a7b3f7db92b5d79ecc7ec,1644579549,
9968,transfer,0.0,0xaa3f4a5bbf9859b3ec8ae3bce5f7eb269b9ca84a,0xf343ff5d9cb18566baef13900a85f08c53c08308,1644579507,
9968,transfer,0.0,0xfdb7164d8a395a408eb2bb2f85c63eaf19fcda62,0xaa3f4a5bbf9859b3ec8ae3bce5f7eb269b9ca84a,1644579405,
9968,transfer,0.0,0x268ee45e05792d891a483542f8a708ce8a8fc033,0xfdb7164d8a395a408eb2bb2f85c63eaf19fcda62,1644579302,
9968,transfer,0.0,0x52142802fa2dd12f9d55fa4d58d5edb753e6cd22,0x268ee45e05792d891a483542f8a708ce8a8fc033,1644579174,
9968,transfer,0.0,0xd72930ad81db8deb7f8857abffffde764167acd9,0x52142802fa2dd12f9d55fa4d58d5edb753e6cd22,1644579074,
9968,transfer,0.0,0x7731c2ff3878af36de3c61db1ac1105ec7cdb4ab,0xd72930ad81db8deb7f8857abffffde764167acd9,1644579001,
9968,transfer,0.0,0x195b0507e30b1c8d8953fb56f94cfbcbb77b9203,0x7731c2ff3878af36de3c61db1ac1105ec7cdb4ab,1644578948,
9968,transfer,0.0,0x76568acbab48fb5ad28951c7c809e6744c547d48,0x195b0507e30b1c8d8953fb56f94cfbcbb77b9203,1644578843,
9968,transfer,0.0,0xd971080a5f04f86748df19dec0cbf4f9c88d4ea5,0x76568acbab48fb5ad28951c7c809e6744c547d48,1644578716,
9968,transfer,0.0,0x0ebc253a7b1d67dc2371d917e9ff500ce7a367f0,0xd971080a5f04f86748df19dec0cbf4f9c88d4ea5,1644578579,
9968,transfer,0.0,0x28ebd69f35e92f1f173419e2ba033630d9d16325,0x0ebc253a7b1d67dc2371d917e9ff500ce7a367f0,1644578529,
9968,transfer,0.0,0xa986421cc4caaa844f493ec51bdd2f40a7706c4d,0x28ebd69f35e92f1f173419e2ba033630d9d16325,1644578129,
9968,transfer,0.0,0xc282cf3f2e4a93e96361f22b19e56822f20253d9,0xa986421cc4caaa844f493ec51bdd2f40a7706c4d,1644577862,
9968,transfer,0.0,0x802854c9b4c7f7312b43498b268e545d66d87548,0xc282cf3f2e4a93e96361f22b19e56822f20253d9,1644576220,
9968,transfer,0.0,0xac5ed1d2ac8c9ea966e692f7a3085da75a830976,0x802854c9b4c7f7312b43498b268e545d66d87548,1644576079,
9968,transfer,0.0,0x624422da9f43839b849b34c87ca85221410ef908,0xac5ed1d2ac8c9ea966e692f7a3085da75a830976,1644575970,
9968,transfer,0.0,0x6a8fe4d2927044f1a97b2c882fda945bbb9f9cb5,0x624422da9f43839b849b34c87ca85221410ef908,1644575867,
9968,transfer,0.0,0x38b46a9cc31d688553931aeab87c6e54adc2ea8b,0x6a8fe4d2927044f1a97b2c882fda945bbb9f9cb5,1644575748,
9968,transfer,0.0,0xa174e727250f39f594beb87132a1e845a64c31dc,0x38b46a9cc31d688553931aeab87c6e54adc2ea8b,1644575577,
9968,transfer,0.0,0x11e16d1ca10e8869dcb9af71d1124ad2919eae51,0xa174e727250f39f594beb87132a1e845a64c31dc,1644575425,
9968,transfer,0.0,0x1066709476ae3d522402bc39340357b3b28b75d6,0x11e16d1ca10e8869dcb9af71d1124ad2919eae51,1644575293,
9968,transfer,0.0,0x2d8d353cd9de059e81e29939264ad897b0a419b2,0x1066709476ae3d522402bc39340357b3b28b75d6,1644575154,
9968,transfer,0.0,0x43082f60f73bd06d835cc36708301de9aa21ef8f,0x2d8d353cd9de059e81e29939264ad897b0a419b2,1644575070,
9968,transfer,0.0,0x87b31b8123eda3445fc09deb6cc2b470695ec723,0x43082f60f73bd06d835cc36708301de9aa21ef8f,1644574858,
9968,transfer,0.0,0xdfeb6369297bddf01123660798c63560a96b21e6,0x87b31b8123eda3445fc09deb6cc2b470695ec723,1644574722,
9968,transfer,0.0,0x87474fe4567bc6ff9c7c1b9437d5712a9ef8b1f3,0xdfeb6369297bddf01123660798c63560a96b21e6,1644574490,
9968,transfer,0.0,0xb0383a0ed059821d854a2c05a1ffbd6f415a0a5c,0x87474fe4567bc6ff9c7c1b9437d5712a9ef8b1f3,1644574404,
9968,transfer,0.0,0x3e82481800ef791111ea4678877f08d2f54f2ecc,0xb0383a0ed059821d854a2c05a1ffbd6f415a0a5c,1644574335,
9968,transfer,0.0,0x2466e06693ff659e284250c23a35f811edf9d3da,0x3e82481800ef791111ea4678877f08d2f54f2ecc,1644573983,
9968,transfer,0.0,0x670059b55a7411efa1c52bcd2fc79926699efa87,0x2466e06693ff659e284250c23a35f811edf9d3da,1644573877,
9968,transfer,0.0,0xb69b203ab0739f6162ecfc279c60ebc6921ccff9,0x670059b55a7411efa1c52bcd2fc79926699efa87,1644573734,
9968,transfer,0.0,0x54eb058bc2b51b00231b19879d3596fe4a67dbfc,0xb69b203ab0739f6162ecfc279c60ebc6921ccff9,1644573619,
9968,transfer,0.0,0xbe8ae66d0bba789a1163faec61309f23f4078594,0x54eb058bc2b51b00231b19879d3596fe4a67dbfc,1644573486,
9968,transfer,0.0,0x65b0331533b42d0727e538081a0c43813c27bec0,0xbe8ae66d0bba789a1163faec61309f23f4078594,1644573391,
9968,transfer,0.0,0xa0ae82581847eae21ddd2467a2de64a922d6d5d0,0x65b0331533b42d0727e538081a0c43813c27bec0,1644573291,
9968,transfer,0.0,0x3f970b9e6f73e4f250abbab7aefbebdb471f5538,0xa0ae82581847eae21ddd2467a2de64a922d6d5d0,1644573205,
9968,transfer,0.0,0x12b959bcd13c139a6bc7f2edd436c7be21e3e496,0x3f970b9e6f73e4f250abbab7aefbebdb471f5538,1644573109,
9968,transfer,0.0,0xa65dcac696473bcd7fe645cdaf6359bbbb99ee35,0x12b959bcd13c139a6bc7f2edd436c7be21e3e496,1644572978,
9968,transfer,0.0,0x9069b90c84b4dcef51054470395982f58cf2d406,0xa65dcac696473bcd7fe645cdaf6359bbbb99ee35,1644572876,
9968,transfer,0.0,0x4df717ac430bac316ef2b9c1878ab2c4b470c112,0x9069b90c84b4dcef51054470395982f58cf2d406,1644572554,
9968,transfer,0.0,0x4b672b54f4755145c26932d778ec3d00dde5ac64,0x4df717ac430bac316ef2b9c1878ab2c4b470c112,1644572359,
9968,transfer,0.0,0x8ffc0eed5a939407778cca82033bc708cc3ba910,0x4b672b54f4755145c26932d778ec3d00dde5ac64,1644572227,
9968,transfer,0.0,0x45caa9f858fa645a5d7098a070ee88f402cb01ac,0x8ffc0eed5a939407778cca82033bc708cc3ba910,1644562490,
9968,sale,13.0,,,1644562490,
9968,transfer,0.0,0xa689f5f3c62601d4b80f189d3bd4d950ca9f8c34,0x45caa9f858fa645a5d7098a070ee88f402cb01ac,1644544473,
9968,transfer,0.0,0x45caa9f858fa645a5d7098a070ee88f402cb01ac,0xa689f5f3c62601d4b80f189d3bd4d950ca9f8c34,1643858657,
9968,sale,1.24,,,1634524520,
9968,transfer,0.0,0x80912cac61261902247728872e87c7a89ca8fa49,0x45caa9f858fa645a5d7098a070ee88f402cb01ac,1634524520,
9968,mint,0.0,0x0000000000000000000000000000000000000000,0x80912cac61261902247728872e87c7a89ca8fa49,1634523243,
9945,transfer,0.0,0xdfa7c236498a3592563aacce746be4461f02659d,0x085464a72dc18edc3b43a2af16c7a71477919b23,1734641435,
9945,sale,6.23,,,1734641435,
9945,transfer,0.0,0x5e525f13ebec9a839e7a5d69a901c726110ef179,0xdfa7c236498a3592563aacce746be4461f02659d,1734639599,
9945,sale,5.3,,,1734636323,
9945,transfer,0.0,0xca767fb8768ae5fe48b73375d01cc1b4da34084e,0x5e525f13ebec9a839e7a5d69a901c726110ef179,1734636323,
9945,transfer,0.0,0xeee899b6521db73e94f4b9224cdf3db0010fa334,0xca767fb8768ae5fe48b73375d01cc1b4da34084e,1731742691,
9945,sale,2.942,,,1731742691,
9945,transfer,0.0,0x828fa81786695e213b8e08f6abf9ed6c5c09ff64,0xeee899b6521db73e94f4b9224cdf3db0010fa334,1726015715,
9945,sale,2.248,,,1726015715,
9945,transfer,0.0,0x971e07e5ed1cdd0ab5b4c7442b3ae7a25b1c30b4,0x828fa81786695e213b8e08f6abf9ed6c5c09ff64,1726012199,
9945,sale,2.12,,,1726012199,
9945,transfer,0.0,0x620b70123fb810f6c653da7644b5dd0b6312e4d8,0x971e07e5ed1cdd0ab5b4c7442b3ae7a25b1c30b4,1726010195,
9945,transfer,0.0,0x971e07e5ed1cdd0ab5b4c7442b3ae7a25b1c30b4,0x620b70123fb810f6c653da7644b5dd0b6312e4d8,1720761503,
9945,transfer,0.0,0xeedb1b02d308bf3644f9f4caf88aa15eefed01e8,0x971e07e5ed1cdd0ab5b4c7442b3ae7a25b1c30b4,1717094603,
9945,sale,1.55,,,1717094603,
9945,transfer,0.0,0x315bd033c04cee59e4536067e2c2be9c36256908,0xeedb1b02d308bf3644f9f4caf88aa15eefed01e8,1717094339,
9945,sale,1.51,,,1717094339,
9945,transfer,0.0,0x620b70123fb810f6c653da7644b5dd0b6312e4d8,0x315bd033c04cee59e4536067e2c2be9c36256908,1717092479,
9945,transfer,0.0,0x315bd033c04cee59e4536067e2c2be9c36256908,0x620b70123fb810f6c653da7644b5dd0b6312e4d8,1716884555,
9945,transfer,0.0,0x4f59129e47ee1d3182b1d83d5521191c0c50bf60,0x315bd033c04cee59e4536067e2c2be9c36256908,1716884315,
9945,sale,1.54,,,1716884315,
9945,transfer,0.0,0x620b70123fb810f6c653da7644b5dd0b6312e4d8,0x4f59129e47ee1d3182b1d83d5521191c0c50bf60,1716881855,
9945,transfer,0.0,0x24b6cd8336196fee5a10bffefaadb0282b7271e7,0x620b70123fb810f6c653da7644b5dd0b6312e4d8,1712711147,
9945,transfer,0.0,0x0d48e73f38df3a44650447944e29bd3bd772b55d,0x24b6cd8336196fee5a10bffefaadb0282b7271e7,1712074415,
9945,sale,2.85,,,1707501791,
9945,transfer,0.0,0x010acffec14a6413b3efaab0023996559edc4878,0x0d48e73f38df3a44650447944e29bd3bd772b55d,1707501791,
9945,transfer,0.0,0x571ba8797c942503239362db61c1e2e8a9aeaf6b,0x010acffec14a6413b3efaab0023996559edc4878,1707496427,
9945,sale,2.639,,,1707496427,
9945,transfer,0.0,0x620b70123fb810f6c653da7644b5dd0b6312e4d8,0x571ba8797c942503239362db61c1e2e8a9aeaf6b,1675237811,
9945,transfer,0.0,0xbb372b06aaeef2a869d4519c92658a2a6a493c07,0x620b70123fb810f6c653da7644b5dd0b6312e4d8,1646152255,
9945,transfer,0.0,0x7324b1202a7eb60ea969d94690abb25f8e92c5a8,0xbb372b06aaeef2a869d4519c92658a2a6a493c07,1637690603,
9945,sale,3.5,,,1637690603,
9945,transfer,0.0,0x98903c20bca22d9835b014a758b2bc86552db83f,0x7324b1202a7eb60ea969d94690abb25f8e92c5a8,1637249477,
9945,sale,1.6,,,1635341137,
9945,transfer,0.0,0x3f4efce754b3defebbbef7db04bf00801944b78e,0x98903c20bca22d9835b014a758b2bc86552db83f,1635341137,
9945,transfer,0.0,0x8f791f061d7f36dc07de081ad88f87d71be1585e,0x3f4efce754b3defebbbef7db04bf00801944b78e,1635023607,
9945,sale,1.83,,,1635023607,
9945,transfer,0.0,0x9581f459897a5b490332173b90cfde37229a4dd1,0x8f791f061d7f36dc07de081ad88f87d71be1585e,1634524942,
9945,sale,1.2,,,1634524942,
9945,mint,0.0,0x0000000000000000000000000000000000000000,0x9581f459897a5b490332173b90cfde37229a4dd1,1634523243,
9978,transfer,0.0,0x620b70123fb810f6c653da7644b5dd0b6312e4d8,0x36f009d8a514d9bf08a555a456fcb1fac9999c08,1753491827,
9978,transfer,0.0,0x36f009d8a514d9bf08a555a456fcb1fac9999c08,0x620b70123fb810f6c653da7644b5dd0b6312e4d8,1735353359,
9978,transfer,0.0,0x11353d653fa9d0d1a08c2c234277d7772ed92362,0x36f009d8a514d9bf08a555a456fcb1fac9999c08,1635285242,
9978,sale,1.6,,,1635285242,
9978,mint,0.0,0x0000000000000000000000000000000000000000,0x11353d653fa9d0d1a08c2c234277d7772ed92362,1634523243,
9930,transfer,0.0,0x7b5658e5212377020b953d232875fc59ee6edbef,0x9a1a94e850fa0348dc64c396dfaf8209289a94f0,1759824695,
9930,transfer,0.0,0xae7ca184013cf3bcb4e642b911cdaaa6b9a1cc64,0xef0b56692f78a44cf4034b07f80204757c31bcc9,1759824647,
9930,transfer,0.0,0xef0b56692f78a44cf4034b07f80204757c31bcc9,0x7b5658e5212377020b953d232875fc59ee6edbef,1759824647,
9930,sale,1.2,,,1759824647,
9930,transfer,0.0,0x40faebbca9316f50168e260a316373a86be8505f,0xae7ca184013cf3bcb4e642b911cdaaa6b9a1cc64,1746798767,
9930,sale,1.15,,,1746798767,
9930,transfer,0.0,0x0e9890b4bfdce2088be85934661b19efe367d3c2,0x40faebbca9316f50168e260a316373a86be8505f,1746798059,
9930,sale,0.982,,,1746798059,
9930,sale,4.345,,,1739396243,
9930,transfer,0.0,0x8482a66b0d2c25f935acbb2533294ee7f3e33cf4,0x0e9890b4bfdce2088be85934661b19efe367d3c2,1739396243,
9930,sale,1.687,,,1716413783,
9930,transfer,0.0,0xee5ac9c6db07c26e71207a41e64df42e1a2b05cf,0x8482a66b0d2c25f935acbb2533294ee7f3e33cf4,1716413783,
9930,sale,1.61,,,1716253955,
9930,transfer,0.0,0x25b1a05210cd81317e2addf657b7d5e4b45fdf84,0xee5ac9c6db07c26e71207a41e64df42e1a2b05cf,1716253955,
9930,transfer,0.0,0xa69833b9fda816f1bfc79517e7932e64708df0dd,0x25b1a05210cd81317e2addf657b7d5e4b45fdf84,1716179159,
9930,sale,1.59,,,1716179159,
9930,transfer,0.0,0x72795f977a732047635282191fb704fa21968abf,0xa69833b9fda816f1bfc79517e7932e64708df0dd,1716148343,
9930,sale,1.64,,,1716148343,
9930,transfer,0.0,0x8161fa4243335db21734ed9e33180fa19a3bb688,0x72795f977a732047635282191fb704fa21968abf,1716112871,
9930,sale,1.652,,,1716108035,
9930,transfer,0.0,0xa69833b9fda816f1bfc79517e7932e64708df0dd,0x8161fa4243335db21734ed9e33180fa19a3bb688,1716108035,
9930,sale,1.64,,,1716106991,
9930,transfer,0.0,0xeedb1b02d308bf3644f9f4caf88aa15eefed01e8,0xa69833b9fda816f1bfc79517e7932e64708df0dd,1716106991,
9930,sale,1.64,,,1716105131,
9930,transfer,0.0,0xa69833b9fda816f1bfc79517e7932e64708df0dd,0xeedb1b02d308bf3644f9f4caf88aa15eefed01e8,1716105131,
9930,sale,1.67,,,1716045263,
9930,transfer,0.0,0xba1ba61ff159422bcb07f78017186624e94e6936,0xa69833b9fda816f1bfc79517e7932e64708df0dd,1716045263,
9930,sale,1.67,,,1716036179,
9930,transfer,0.0,0xd5c4e4ed8486404df0b22a8f72a440e8d59fedba,0xba1ba61ff159422bcb07f78017186624e94e6936,1716036179,
9930,sale,1.68,,,1716023075,
9930,transfer,0.0,0xdf96ee09f439a8b4a3a1af23ea55d305c277f667,0xd5c4e4ed8486404df0b22a8f72a440e8d59fedba,1716023075,
9930,transfer,0.0,0x091cafe937cc446fcc45a87fcbb8d55590b862dd,0xdf96ee09f439a8b4a3a1af23ea55d305c277f667,1715050739,
9930,sale,1.55693,,,1715050739,
9930,transfer,0.0,0x620b70123fb810f6c653da7644b5dd0b6312e4d8,0x091cafe937cc446fcc45a87fcbb8d55590b862dd,1715046227,
9930,transfer,0.0,0x091cafe937cc446fcc45a87fcbb8d55590b862dd,0x620b70123fb810f6c653da7644b5dd0b6312e4d8,1714172699,
9930,transfer,0.0,0x620b70123fb810f6c653da7644b5dd0b6312e4d8,0x091cafe937cc446fcc45a87fcbb8d55590b862dd,1714160843,
9930,transfer,0.0,0x091cafe937cc446fcc45a87fcbb8d55590b862dd,0x620b70123fb810f6c653da7644b5dd0b6312e4d8,1714067807,
9930,sale,1.448,,,1714067591,
9930,transfer,0.0,0xa69833b9fda816f1bfc79517e7932e64708df0dd,0x091cafe937cc446fcc45a87fcbb8d55590b862dd,1714067591,
9930,transfer,0.0,0xee3766e4f996dc0e0f8c929954eaafef3441de87,0xa69833b9fda816f1bfc79517e7932e64708df0dd,1714018571,
9930,sale,1.56,,,1714018571,
9930,transfer,0.0,0x620b70123fb810f6c653da7644b5dd0b6312e4d8,0xee3766e4f996dc0e0f8c929954eaafef3441de87,1714016447,
9930,transfer,0.0,0xee3766e4f996dc0e0f8c929954eaafef3441de87,0x620b70123fb810f6c653da7644b5dd0b6312e4d8,1712796695,
9930,transfer,0.0,0x005fe151d9185a30a11b3fc7233ca3b2cfee7ec5,0xee3766e4f996dc0e0f8c929954eaafef3441de87,1704332279,
9930,sale,1.88,,,1704332279,
9930,transfer,0.0,0x1cc3195c46c2f6af665ae281ad861eab88ed8fb5,0x005fe151d9185a30a11b3fc7233ca3b2cfee7ec5,1703262299,
9930,sale,1.75,,,1703262299,
9930,transfer,0.0,0x385ce35599ae5e6f0eaf0f69841fffa9f41acdd5,0x1cc3195c46c2f6af665ae281ad861eab88ed8fb5,1703260367,
9930,sale,1.76,,,1703260367,
9930,transfer,0.0,0xbd0b494819265e1ec610b33227861070b534c294,0x385ce35599ae5e6f0eaf0f69841fffa9f41acdd5,1703248763,
9930,sale,1.76,,,1703248763,
9930,transfer,0.0,0xcfe651b65c84165e712ad67dc8fcc3060bf7216f,0xbd0b494819265e1ec610b33227861070b534c294,1703153831,
9930,sale,1.82989,,,1703153831,
9930,transfer,0.0,0x0bfff40545a2250c3f11993e7b75dbbcb11e36ac,0xcfe651b65c84165e712ad67dc8fcc3060bf7216f,1702617335,
9930,sale,2.0,,,1702617335,
9930,transfer,0.0,0x4cec924686aa44056eb36064abe887d6af0d7cff,0x0bfff40545a2250c3f11993e7b75dbbcb11e36ac,1702432067,
9930,sale,2.05,,,1702432067,
9930,sale,2.0551,,,1702428131,
9930,transfer,0.0,0x9a1a94e850fa0348dc64c396dfaf8209289a94f0,0x4cec924686aa44056eb36064abe887d6af0d7cff,1702428131,
9930,transfer,0.0,0x7b5658e5212377020b953d232875fc59ee6edbef,0x9a1a94e850fa0348dc64c396dfaf8209289a94f0,1701410915,
9930,transfer,0.0,0x1c6bfed0576757534cf5216947e85986cc877bce,0x7b5658e5212377020b953d232875fc59ee6edbef,1701410135,
9930,sale,2.069,,,1701410135,
9930,transfer,0.0,0x620b70123fb810f6c653da7644b5dd0b6312e4d8,0x1c6bfed0576757534cf5216947e85986cc877bce,1646378088,
9930,transfer,0.0,0x1c6bfed0576757534cf5216947e85986cc877bce,0x620b70123fb810f6c653da7644b5dd0b6312e4d8,1646376185,
9930,transfer,0.0,0x620b70123fb810f6c653da7644b5dd0b6312e4d8,0x1c6bfed0576757534cf5216947e85986cc877bce,1646376103,
9930,transfer,0.0,0x1c6bfed0576757534cf5216947e85986cc877bce,0x620b70123fb810f6c653da7644b5dd0b6312e4d8,1646375144,
9930,transfer,0.0,0xd3e361009a2320a3a58b9bfe5df13f5d6d3060e8,0x1c6bfed0576757534cf5216947e85986cc877bce,1645033713,
9930,sale,13.0,,,1645033713,
9930,transfer,0.0,0xbef80f3cba3bd4215eeb3a3c2dbfd7d5e15609f8,0xd3e361009a2320a3a58b9bfe5df13f5d6d3060e8,1637613316,
9930,sale,2.96,,,1637613316,
9930,sale,1.9,,,1636984194,
9930,transfer,0.0,0x339e2f6baa1e2d607095adfc032f1d9161ca34d9,0xbef80f3cba3bd4215eeb3a3c2dbfd7d5e15609f8,1636984194,
9930,sale,1.1,,,1634525183,
9930,transfer,0.0,0xc2978441f46a76c60e0cd59e986498b75a40572d,0x339e2f6baa1e2d607095adfc032f1d9161ca34d9,1634525183,
9930,transfer,0.0,0xc84db6cd735a8edfc6adca338e8f370cf8809fd9,0xc2978441f46a76c60e0cd59e986498b75a40572d,1634523613,
9930,mint,0.0,0x0000000000000000000000000000000000000000,0xc84db6cd735a8edfc6adca338e8f370cf8809fd9,1634523243,
9987,mint,0,0x0000000000000000000000000000000000000000,0x2d3dbcb2929afe8e9aa700ef41d14fff85bb91f5,1634523243,
9922,transfer,0.0,0x3e9aaea1c7ab36a80a6477e9464d5c4bb35eb27e,0x620b70123fb810f6c653da7644b5dd0b6312e4d8,1726234631,
9922,transfer,0.0,0x4aed25296f6d4445888754895f8f3f235f474913,0x3e9aaea1c7ab36a80a6477e9464d5c4bb35eb27e,1720155371,
9922,sale,1.38,,,1720155371,
9922,sale,1.35,,,1720154651,
9922,transfer,0.0,0xba55bdbf959df826da6c35487eb15fad2164662d,0x4aed25296f6d4445888754895f8f3f235f474913,1720154651,
9922,sale,3.135678,,,1707654095,
9922,transfer,0.0,0x1ecbc285f34390516fb69797949d9d4ca3f86cff,0xba55bdbf959df826da6c35487eb15fad2164662d,1707654095,
9922,transfer,0.0,0x7bda21f2f3a9c9604e6c8fd80b7a4f529e5ff805,0x1ecbc285f34390516fb69797949d9d4ca3f86cff,1707645143,
9922,sale,3.08,,,1707645143,
9922,sale,2.4957,,,1707136247,
9922,transfer,0.0,0x390df9f1abdb0d286aedb065e8fd51a4f4eda8d3,0x7bda21f2f3a9c9604e6c8fd80b7a4f529e5ff805,1707136247,
9922,sale,2.42,,,1707076763,
9922,transfer,0.0,0xba1ba61ff159422bcb07f78017186624e94e6936,0x390df9f1abdb0d286aedb065e8fd51a4f4eda8d3,1707076763,
9922,transfer,0.0,0x7a6b049d83554da1175d65be3f6264a74a05ae17,0xba1ba61ff159422bcb07f78017186624e94e6936,1707069599,
9922,sale,2.49,,,1707069599,
9922,sale,2.51,,,1707052451,
9922,transfer,0.0,0x0e64cbca254788df4a8d29e3721d077d91d0d92a,0x7a6b049d83554da1175d65be3f6264a74a05ae17,1707052451,
9922,transfer,0.0,0x8f901df198b27bf7091e61638f2361f46f3b1381,0x0e64cbca254788df4a8d29e3721d077d91d0d92a,1707041243,
9922,sale,2.5,,,1707041243,
9922,sale,2.5,,,1707012923,
9922,transfer,0.0,0x52ad0a2469ddfb494b056a63afb33b2fd9394be0,0x8f901df198b27bf7091e61638f2361f46f3b1381,1707012923,
9922,sale,2.14,,,1706677031,
9922,transfer,0.0,0x004775cec7c60ccefa0a05a119db956c3a1f41c6,0x52ad0a2469ddfb494b056a63afb33b2fd9394be0,1706677031,
9922,sale,2.29,,,1706640839,
9922,transfer,0.0,0x4341f1bdd076760013ffc1aeff9fcf1c2c815fab,0x004775cec7c60ccefa0a05a119db956c3a1f41c6,1706640839,
9922,transfer,0.0,0xcb87f3dbfa3a57221f283c56c9255e881d4bed0a,0x4341f1bdd076760013ffc1aeff9fcf1c2c815fab,1706123603,
9922,sale,2.3692,,,1706123603,
9922,transfer,0.0,0x95ff3f04eccfa15a2bd12d6daf3ccfc5ad354510,0xcb87f3dbfa3a57221f283c56c9255e881d4bed0a,1706121287,
9922,sale,2.37,,,1706121287,
9922,transfer,0.0,0x87b335ff8f18be5f048cf6197ea48ccd1aec4377,0x95ff3f04eccfa15a2bd12d6daf3ccfc5ad354510,1706071703,
9922,sale,2.36,,,1706071703,
9922,transfer,0.0,0xd7cdf535faac4a645c9d4b9b4b3526dca50a00be,0x87b335ff8f18be5f048cf6197ea48ccd1aec4377,1705444427,
9922,sale,1.9094,,,1705444427,
9922,transfer,0.0,0x7fee302a14d6b945c0eb6da9c4426c8d75d38a73,0xd7cdf535faac4a645c9d4b9b4b3526dca50a00be,1705420631,
9922,transfer,0.0,0x90f37809cccf13705a1f5e9fca645ba3fd58773c,0x7fee302a14d6b945c0eb6da9c4426c8d75d38a73,1682794223,
9922,transfer,0.0,0x396ea036c62d50e56695f7aa8b410164952c0ece,0x39da41747a83aee658334415666f3ef92dd0d541,1682794139,
9922,transfer,0.0,0x39da41747a83aee658334415666f3ef92dd0d541,0x90f37809cccf13705a1f5e9fca645ba3fd58773c,1682794139,
9922,sale,2.87,,,1682794139,
9922,transfer,0.0,0x59b72fdb45b3182c8502cc297167fe4f821f332d,0x396ea036c62d50e56695f7aa8b410164952c0ece,1682740355,
9922,transfer,0.0,0xb1eb7fbb708610af143e676a1bb584c2acf4461a,0x59b72fdb45b3182c8502cc297167fe4f821f332d,1682739407,
9922,transfer,0.0,0x396ea036c62d50e56695f7aa8b410164952c0ece,0xb1eb7fbb708610af143e676a1bb584c2acf4461a,1681520783,
9922,transfer,0.0,0x5e1416e0ec35b47a6b7687c5e783e9b98a83dd45,0x396ea036c62d50e56695f7aa8b410164952c0ece,1680621455,
9922,sale,3.07,,,1680621455,
9922,transfer,0.0,0x1a1ab4a5eff67399d9c035e4e8177b202539142b,0x5e1416e0ec35b47a6b7687c5e783e9b98a83dd45,1680613235,
9922,sale,3.11,,,1680613235,
9922,sale,3.18,,,1680581687,
9922,transfer,0.0,0x77e3e957082ca648c1c5b0f3e6aec00ab1245186,0x1a1ab4a5eff67399d9c035e4e8177b202539142b,1680581687,
9922,sale,3.19,,,1680551603,
9922,transfer,0.0,0x1cc3195c46c2f6af665ae281ad861eab88ed8fb5,0x77e3e957082ca648c1c5b0f3e6aec00ab1245186,1680551603,
9922,sale,3.2,,,1680546203,
9922,transfer,0.0,0x1a1ab4a5eff67399d9c035e4e8177b202539142b,0x1cc3195c46c2f6af665ae281ad861eab88ed8fb5,1680546203,
9922,transfer,0.0,0xd015447fe4999149ceb8a4f0a80b5520045e7f47,0x1a1ab4a5eff67399d9c035e4e8177b202539142b,1680537887,
9922,sale,3.18,,,1680537887,
9922,sale,3.72,,,1679168135,
9922,transfer,0.0,0xaf80674ac82824a07d202525a74a64094aa2bc10,0xd015447fe4999149ceb8a4f0a80b5520045e7f47,1679168135,
9922,transfer,0.0,0xed2ab4948ba6a909a7751dec4f34f303eb8c7236,0xaf80674ac82824a07d202525a74a64094aa2bc10,1679164439,
9922,sale,3.82,,,1679164439,
9922,transfer,0.0,0x39da41747a83aee658334415666f3ef92dd0d541,0xed2ab4948ba6a909a7751dec4f34f303eb8c7236,1679153255,
9922,transfer,0.0,0x856750961732cbead1e289e04c57027bb368fcc0,0x39da41747a83aee658334415666f3ef92dd0d541,1679153255,
9922,sale,3.715,,,1679153255,
9922,transfer,0.0,0xf7ac4701ee00bb188d3c2c847721fd894a9ca501,0xa9883cd7ddd66376547af299c512c551a3a0a27e,1679121875,
9922,transfer,0.0,0xa9883cd7ddd66376547af299c512c551a3a0a27e,0x856750961732cbead1e289e04c57027bb368fcc0,1679121875,
9922,sale,3.5678,,,1679121875,
9922,sale,3.61,,,1679121875,
9922,transfer,0.0,0x1a945a4b9158a833f3945b0104f163094b7a6adc,0xf7ac4701ee00bb188d3c2c847721fd894a9ca501,1679121551,
9922,sale,3.55,,,1679121551,
9922,transfer,0.0,0xed2ab4948ba6a909a7751dec4f34f303eb8c7236,0x1a945a4b9158a833f3945b0104f163094b7a6adc,1679117879,
9922,sale,3.68,,,1679117879,
9922,sale,3.68,,,1679104475,
9922,transfer,0.0,0xcb8e41c7e926072e93bc6fca3c39b2b8721ce6b6,0xed2ab4948ba6a909a7751dec4f34f303eb8c7236,1679104475,
9922,sale,3.5451,,,1679083619,
9922,transfer,0.0,0x51b384872428fb424d8e193ee8733e960a9256e0,0xcb8e41c7e926072e93bc6fca3c39b2b8721ce6b6,1679083619,
9922,transfer,0.0,0x5e1416e0ec35b47a6b7687c5e783e9b98a83dd45,0x51b384872428fb424d8e193ee8733e960a9256e0,1679062199,
9922,sale,3.46,,,1679062199,
9922,transfer,0.0,0x5fbfebad82d89d6ac7bc5708aad1cfa121d71730,0x5e1416e0ec35b47a6b7687c5e783e9b98a83dd45,1679057843,
9922,sale,3.58,,,1679057843,
9922,transfer,0.0,0x8bc110db7029197c3621bea8092ab1996d5dd7be,0x5fbfebad82d89d6ac7bc5708aad1cfa121d71730,1679047115,
9922,sale,3.6,,,1679047115,
9922,sale,3.89,,,1678970507,
9922,transfer,0.0,0xed2ab4948ba6a909a7751dec4f34f303eb8c7236,0x8bc110db7029197c3621bea8092ab1996d5dd7be,1678970507,
9922,transfer,0.0,0x51b384872428fb424d8e193ee8733e960a9256e0,0xed2ab4948ba6a909a7751dec4f34f303eb8c7236,1678963847,
9922,sale,3.5956,,,1678963847,
9922,sale,3.78,,,1678923011,
9922,transfer,0.0,0xcc4a61103a222b0bb4a9afd09b088afe37768010,0x51b384872428fb424d8e193ee8733e960a9256e0,1678923011,
9922,transfer,0.0,0xaa905ca8b23d6c134fb1ff6ed5fd5a642efbd8fd,0xcc4a61103a222b0bb4a9afd09b088afe37768010,1661805906,
9922,sale,7.8,,,1661805906,
9922,transfer,0.0,0xcee491ae581d64b0c39c400c7ddb578efe3961fe,0xaa905ca8b23d6c134fb1ff6ed5fd5a642efbd8fd,1652548819,
9922,sale,13.6,,,1652548819,
9922,transfer,0.0,0xd5fb1680231189bab7451585833e9b2433984417,0x83c8f28c26bf6aaca652df1dbbe0e1b56f8baba2,1652450790,
9922,transfer,0.0,0x83c8f28c26bf6aaca652df1dbbe0e1b56f8baba2,0xcee491ae581d64b0c39c400c7ddb578efe3961fe,1652450790,
9922,transfer,0.0,0x7361265d31d5b6bbfc2fabe5ae2e2865f1b33245,0xd5fb1680231189bab7451585833e9b2433984417,1652429811,
9922,transfer,0.0,0x14ab136e70f36352fba43a0a209cd822141d8631,0x7361265d31d5b6bbfc2fabe5ae2e2865f1b33245,1652343981,
9922,transfer,0.0,0x7361265d31d5b6bbfc2fabe5ae2e2865f1b33245,0x14ab136e70f36352fba43a0a209cd822141d8631,1652214644,
9922,transfer,0.0,0x24c55165fe8bfad6c201e98630f22c44e26a4182,0x7361265d31d5b6bbfc2fabe5ae2e2865f1b33245,1652035926,
9922,transfer,0.0,0x620b70123fb810f6c653da7644b5dd0b6312e4d8,0x24c55165fe8bfad6c201e98630f22c44e26a4182,1651726820,
9922,transfer,0.0,0x07ea7aa7a752c8076a04346815ac80887422a191,0x620b70123fb810f6c653da7644b5dd0b6312e4d8,1651459008,
9922,sale,15.39,,,1649908705,
9922,transfer,0.0,0xd79521f2b62a9800b546b22e891d546e25d8f0c0,0x07ea7aa7a752c8076a04346815ac80887422a191,1649908705,
9922,transfer,0.0,0x620b70123fb810f6c653da7644b5dd0b6312e4d8,0xd79521f2b62a9800b546b22e891d546e25d8f0c0,1649265916,
9922,transfer,0.0,0xd79521f2b62a9800b546b22e891d546e25d8f0c0,0x620b70123fb810f6c653da7644b5dd0b6312e4d8,1646108452,
9922,transfer,0.0,0xbb0e6fc42bf3ffd2c600827195d74bb046bd1b39,0xd79521f2b62a9800b546b22e891d546e25d8f0c0,1639370130,
9922,transfer,0.0,0x8cbc78ee94aab139f9febf4cc91e62e76ac58745,0xbb0e6fc42bf3ffd2c600827195d74bb046bd1b39,1638176358,
9922,sale,3.17,,,1638176358,
9922,sale,2.5,,,1637763195,
9922,transfer,0.0,0x108b9595d1fa09a9a228e011d7768c55d8d989ad,0x8cbc78ee94aab139f9febf4cc91e62e76ac58745,1637763195,
9922,sale,0.798,,,1634622438,
9922,transfer,0.0,0xfe8c05899d9e47e90b86c51b188a810f6bff8a20,0x108b9595d1fa09a9a228e011d7768c55d8d989ad,1634622438,
9922,transfer,0.0,0x3ecd6a57d7c4670046d71ddc9bc0f05e0659ffcb,0xfe8c05899d9e47e90b86c51b188a810f6bff8a20,1634523473,
9922,sale,1.5,,,1634523473,
9922,mint,0.0,0x0000000000000000000000000000000000000000,0x3ecd6a57d7c4670046d71ddc9bc0f05e0659ffcb,1634523243,
9961,transfer,0.0,0x9e279ae8a9e2a0607b35a6c86defed8f04fb4d69,0xbb874983d924ef58ccf5c695bdd43e4f1d4d6932,1700423579,
9961,transfer,0.0,0x481b1e34fc679b94e78571de1369d8ebe4bacdbf,0x9e279ae8a9e2a0607b35a6c86defed8f04fb4d69,1700335523,
9961,sale,2.04,,,1700335523,
9961,transfer,0.0,0x3eb879cc9a0ef4c6f1d870a40ae187768c278da2,0x481b1e34fc679b94e78571de1369d8ebe4bacdbf,1700225711,
9961,transfer,0.0,0x1ecbc285f34390516fb69797949d9d4ca3f86cff,0x49ad262c49c7aa708cc2df262ed53b64a17dd5ee,1700067431,
9961,transfer,0.0,0x49ad262c49c7aa708cc2df262ed53b64a17dd5ee,0x3eb879cc9a0ef4c6f1d870a40ae187768c278da2,1700067431,
9961,transfer,0.0,0x77e3e957082ca648c1c5b0f3e6aec00ab1245186,0x1ecbc285f34390516fb69797949d9d4ca3f86cff,1700067359,
9961,sale,2.1,,,1700067359,
9961,transfer,0.0,0x777e4b7ed43f3e2c1ba18d4ea611bf9ae212b47c,0x77e3e957082ca648c1c5b0f3e6aec00ab1245186,1700018039,
9961,sale,2.09,,,1700018039,
9961,transfer,0.0,0xf2018871debce291588b4034dbf6b08dfb0ee0dc,0x777e4b7ed43f3e2c1ba18d4ea611bf9ae212b47c,1700015135,
9961,transfer,0.0,0x2f131c4dad4be81683abb966b4de05a549144443,0xf2018871debce291588b4034dbf6b08dfb0ee0dc,1660143017,
9961,transfer,0.0,0x6887444a5b74b746f56ae08952f4e1b404ff7ca5,0x2f131c4dad4be81683abb966b4de05a549144443,1658735277,
9961,transfer,0.0,0x2f131c4dad4be81683abb966b4de05a549144443,0x6887444a5b74b746f56ae08952f4e1b404ff7ca5,1658671355,
9961,transfer,0.0,0x627a22ff70cb84e74c9c70e2d5b0b75af5a1dcb9,0x2f131c4dad4be81683abb966b4de05a549144443,1657451648,
9961,transfer,0.0,0x5992f10a5b284be845947a1ae1694f8560a89fa8,0x627a22ff70cb84e74c9c70e2d5b0b75af5a1dcb9,1657451407,
9961,transfer,0.0,0x606c2590d68b4f7b5a7ea1e8a8bbfaf375506891,0x218615c78104e16b5f17764d35b905b638fe4a92,1657450553,
9961,transfer,0.0,0x57e9b3f7f1a58e08ad1707eefe92b9ae4376d209,0x218615c78104e16b5f17764d35b905b638fe4a92,1657450553,
9961,transfer,0.0,0x5992f10a5b284be845947a1ae1694f8560a89fa8,0x57e9b3f7f1a58e08ad1707eefe92b9ae4376d209,1657450553,
9961,transfer,0.0,0x218615c78104e16b5f17764d35b905b638fe4a92,0x5992f10a5b284be845947a1ae1694f8560a89fa8,1657450553,
9961,transfer,0.0,0x218615c78104e16b5f17764d35b905b638fe4a92,0x5992f10a5b284be845947a1ae1694f8560a89fa8,1657450553,
9961,transfer,0.0,0x5992f10a5b284be845947a1ae1694f8560a89fa8,0x606c2590d68b4f7b5a7ea1e8a8bbfaf375506891,1657450553,
9961,transfer,0.0,0x218615c78104e16b5f17764d35b905b638fe4a92,0x5992f10a5b284be845947a1ae1694f8560a89fa8,1657450136,
9961,transfer,0.0,0x218615c78104e16b5f17764d35b905b638fe4a92,0x5992f10a5b284be845947a1ae1694f8560a89fa8,1657450136,
9961,transfer,0.0,0x259e45e6dec75530c2bbc9a60429733fb709ff90,0x218615c78104e16b5f17764d35b905b638fe4a92,1657450136,
9961,transfer,0.0,0x2c67224dd2cb2562822cf56142fcdbc4a556a408,0x218615c78104e16b5f17764d35b905b638fe4a92,1657450136,
9961,transfer,0.0,0x218615c78104e16b5f17764d35b905b638fe4a92,0x5992f10a5b284be845947a1ae1694f8560a89fa8,1657450136,
9961,transfer,0.0,0x218615c78104e16b5f17764d35b905b638fe4a92,0x5992f10a5b284be845947a1ae1694f8560a89fa8,1657450136,
9961,transfer,0.0,0x218615c78104e16b5f17764d35b905b638fe4a92,0x5992f10a5b284be845947a1ae1694f8560a89fa8,1657450136,
9961,transfer,0.0,0x5992f10a5b284be845947a1ae1694f8560a89fa8,0x5133647aae89f1ff301f4d1ca70623459ff1ad20,1657450136,
9961,transfer,0.0,0x5992f10a5b284be845947a1ae1694f8560a89fa8,0x0e7f758f470eb97428c73bf130ee1708886c8fca,1657450136,
9961,transfer,0.0,0x5992f10a5b284be845947a1ae1694f8560a89fa8,0x4d97b179dc9248b6318e458e6588f83bd0cbfa8b,1657450136,
9961,transfer,0.0,0x5992f10a5b284be845947a1ae1694f8560a89fa8,0x2c67224dd2cb2562822cf56142fcdbc4a556a408,1657450136,
9961,transfer,0.0,0x4d97b179dc9248b6318e458e6588f83bd0cbfa8b,0x218615c78104e16b5f17764d35b905b638fe4a92,1657450136,
9961,transfer,0.0,0x5133647aae89f1ff301f4d1ca70623459ff1ad20,0x218615c78104e16b5f17764d35b905b638fe4a92,1657450136,
9961,transfer,0.0,0x7ed6c98dafdcea4ff448716a862c1e9c575e2f63,0x218615c78104e16b5f17764d35b905b638fe4a92,1657450136,
9961,transfer,0.0,0x0e7f758f470eb97428c73bf130ee1708886c8fca,0x218615c78104e16b5f17764d35b905b638fe4a92,1657450136,
9961,transfer,0.0,0x218615c78104e16b5f17764d35b905b638fe4a92,0x5992f10a5b284be845947a1ae1694f8560a89fa8,1657450136,
9961,transfer,0.0,0x5992f10a5b284be845947a1ae1694f8560a89fa8,0x259e45e6dec75530c2bbc9a60429733fb709ff90,1657450136,
9961,transfer,0.0,0x5992f10a5b284be845947a1ae1694f8560a89fa8,0x7ed6c98dafdcea4ff448716a862c1e9c575e2f63,1657450136,
9961,transfer,0.0,0x627a22ff70cb84e74c9c70e2d5b0b75af5a1dcb9,0x5992f10a5b284be845947a1ae1694f8560a89fa8,1657450041,
9961,transfer,0.0,0x3e5dc4e0404a8e43e164d698393bd2edab55710d,0x627a22ff70cb84e74c9c70e2d5b0b75af5a1dcb9,1657448746,
9961,transfer,0.0,0x4140b257dd6bca92ffd0468742822d569b671796,0x3e5dc4e0404a8e43e164d698393bd2edab55710d,1652354856,
9961,sale,14.75,,,1652354683,
9961,transfer,0.0,0x6057dc88496a8c5c549aa83433864ce048021d62,0x4140b257dd6bca92ffd0468742822d569b671796,1652354683,
9961,transfer,0.0,0xd55c927bbb9f5de7d75d97faca8315333f970ed8,0x6057dc88496a8c5c549aa83433864ce048021d62,1652116247,
9961,transfer,0.0,0x6057dc88496a8c5c549aa83433864ce048021d62,0xd55c927bbb9f5de7d75d97faca8315333f970ed8,1644613548,
9961,sale,2.5,,,1638423706,
9961,transfer,0.0,0x6ff0fd821eaf8df042972490618762e4a0bc3b43,0x6057dc88496a8c5c549aa83433864ce048021d62,1638423706,
9961,transfer,0.0,0x8d2a439ba4116ca26323f04c25de26bbb09bfc5a,0x6ff0fd821eaf8df042972490618762e4a0bc3b43,1634685503,
9961,sale,0.8369,,,1634685503,
9961,sale,0.97,,,1634582442,
9961,transfer,0.0,0x8c06943606bcceea7dec85cdd0e0accc93567896,0x8d2a439ba4116ca26323f04c25de26bbb09bfc5a,1634582442,
9961,mint,0.0,0x0000000000000000000000000000000000000000,0x8c06943606bcceea7dec85cdd0e0accc93567896,1634523243,
9940,transfer,0.0,0x98f3c94881885dcefd0cd7f657042f5bea66fac4,0x620b70123fb810f6c653da7644b5dd0b6312e4d8,1712788691,
9940,transfer,0.0,0x2400044b4e3629429e6f54c8bb0d7c40a0f3bab1,0x98f3c94881885dcefd0cd7f657042f5bea66fac4,1676366615,
9940,sale,7.7,,,1674601967,
9940,transfer,0.0,0xc9e4eb3a1777146ea9b8249903a47cdf2529da1e,0x2400044b4e3629429e6f54c8bb0d7c40a0f3bab1,1674601967,
9940,transfer,0.0,0x620b70123fb810f6c653da7644b5dd0b6312e4d8,0xc9e4eb3a1777146ea9b8249903a47cdf2529da1e,1664193983,
9940,transfer,0.0,0xc9e4eb3a1777146ea9b8249903a47cdf2529da1e,0x620b70123fb810f6c653da7644b5dd0b6312e4d8,1663322807,
9940,transfer,0.0,0x5d4b1055a69eadaba6de6c537a17aeb01207dfda,0xc9e4eb3a1777146ea9b8249903a47cdf2529da1e,1662299596,
9940,transfer,0.0,0xe2b2d34fd5a21145988e874196af4f0bb5ad86e6,0x5d4b1055a69eadaba6de6c537a17aeb01207dfda,1662280101,
9940,transfer,0.0,0x5cbd390539caaa24152d62003de2522565470152,0xe2b2d34fd5a21145988e874196af4f0bb5ad86e6,1653644940,
9940,transfer,0.0,0x5f6ac80cdb9e87f3cfa6a90e5140b9a16a361d5c,0x70b97a0da65c15dfb0ffa02aee6fa36e507c2762,1653620596,
9940,transfer,0.0,0xacd6ab55f6fba36293a9a920ffcb2f0f3d34967a,0x5f6ac80cdb9e87f3cfa6a90e5140b9a16a361d5c,1653620596,
9940,transfer,0.0,0x70b97a0da65c15dfb0ffa02aee6fa36e507c2762,0x5cbd390539caaa24152d62003de2522565470152,1653620596,
9940,transfer,0.0,0x70b97a0da65c15dfb0ffa02aee6fa36e507c2762,0x5f6ac80cdb9e87f3cfa6a90e5140b9a16a361d5c,1652443350,
9940,transfer,0.0,0x5f6ac80cdb9e87f3cfa6a90e5140b9a16a361d5c,0xacd6ab55f6fba36293a9a920ffcb2f0f3d34967a,1652443350,
9940,transfer,0.0,0x5cbd390539caaa24152d62003de2522565470152,0x3b968d2d299b895a5fcf3bba7a64ad0f566e6f88,1652443350,
9940,transfer,0.0,0x3b968d2d299b895a5fcf3bba7a64ad0f566e6f88,0x70b97a0da65c15dfb0ffa02aee6fa36e507c2762,1652443350,
9940,transfer,0.0,0xacd6ab55f6fba36293a9a920ffcb2f0f3d34967a,0x5f6ac80cdb9e87f3cfa6a90e5140b9a16a361d5c,1652429413,
9940,transfer,0.0,0x5f6ac80cdb9e87f3cfa6a90e5140b9a16a361d5c,0x70b97a0da65c15dfb0ffa02aee6fa36e507c2762,1652429413,
9940,transfer,0.0,0x70b97a0da65c15dfb0ffa02aee6fa36e507c2762,0x5cbd390539caaa24152d62003de2522565470152,1652429413,
9940,transfer,0.0,0x3b968d2d299b895a5fcf3bba7a64ad0f566e6f88,0x70b97a0da65c15dfb0ffa02aee6fa36e507c2762,1651656146,
9940,transfer,0.0,0x5f6ac80cdb9e87f3cfa6a90e5140b9a16a361d5c,0xacd6ab55f6fba36293a9a920ffcb2f0f3d34967a,1651656146,
9940,transfer,0.0,0x70b97a0da65c15dfb0ffa02aee6fa36e507c2762,0x5f6ac80cdb9e87f3cfa6a90e5140b9a16a361d5c,1651656146,
9940,transfer,0.0,0x5cbd390539caaa24152d62003de2522565470152,0x3b968d2d299b895a5fcf3bba7a64ad0f566e6f88,1651656146,
9940,transfer,0.0,0xc790360cf420d69bf8bfa33100d6092525f121e0,0x5cbd390539caaa24152d62003de2522565470152,1651423613,
9940,sale,3.0,,,1637131950,
9940,transfer,0.0,0x3c0d7b05c390ca358610a353276701275f3c236f,0xc790360cf420d69bf8bfa33100d6092525f121e0,1637131950,
9940,transfer,0.0,0x2b3726c7504c701f788141015eb3faa4a8e6aee5,0x3c0d7b05c390ca358610a353276701275f3c236f,1635250087,
9940,sale,1.8,,,1635250087,
9940,transfer,0.0,0x151d45ae4fa3cccbc5014a9ec0b8ceafc69d2c5f,0x2b3726c7504c701f788141015eb3faa4a8e6aee5,1635237738,
9940,sale,1.625,,,1635237738,
9940,transfer,0.0,0xc6ba4796dfeebdbeb3ecbefe5f71287db242de67,0x151d45ae4fa3cccbc5014a9ec0b8ceafc69d2c5f,1635167385,
9940,sale,1.688,,,1635167385,
9940,sale,1.2245,,,1635159286,
9940,transfer,0.0,0x6d495e44421af8f5434c680b441ca07fdbe66b9a,0xc6ba4796dfeebdbeb3ecbefe5f71287db242de67,1635159286,
9940,transfer,0.0,0x226b36867933a4ec424717c13871f07254a730a6,0x6d495e44421af8f5434c680b441ca07fdbe66b9a,1635016866,
9940,sale,2.0,,,1635016866,
9940,mint,0.0,0x0000000000000000000000000000000000000000,0x226b36867933a4ec424717c13871f07254a730a6,1634523243,
9994,transfer,0.0,0xd1948313060bfebcd11c5f3a67c3b5e133a66c9c,0x620b70123fb810f6c653da7644b5dd0b6312e4d8,1728856727,
9994,transfer,0.0,0xb2227be6de1f02a5b0369e8f073d4407727a4016,0xd1948313060bfebcd11c5f3a67c3b5e133a66c9c,1728856343,
9994,transfer,0.0,0x828fa81786695e213b8e08f6abf9ed6c5c09ff64,0xb2227be6de1f02a5b0369e8f073d4407727a4016,1726444643,
9994,sale,1.929,,,1726444643,
9994,transfer,0.0,0xdc751f77ded0298937f14bbfecf7d6bf5f21571a,0x828fa81786695e213b8e08f6abf9ed6c5c09ff64,1726436639,
9994,sale,1.85,,,1726436639,
9994,transfer,0.0,0x620b70123fb810f6c653da7644b5dd0b6312e4d8,0xdc751f77ded0298937f14bbfecf7d6bf5f21571a,1726434503,
9994,transfer,0.0,0xdc751f77ded0298937f14bbfecf7d6bf5f21571a,0x620b70123fb810f6c653da7644b5dd0b6312e4d8,1712718515,
9994,transfer,0.0,0x7c2dca7f51a67e659ee1a3e176db9ae49a0a3df7,0xdc751f77ded0298937f14bbfecf7d6bf5f21571a,1710901943,
9994,sale,1.67,,,1710901943,
9994,sale,3.14,,,1708328351,
9994,transfer,0.0,0xa5ba65a374af9bc4e7929e9c1edd70b3b23cdf6b,0x7c2dca7f51a67e659ee1a3e176db9ae49a0a3df7,1708328351,
9994,transfer,0.0,0x7e8dec1092f7fac6ad0803568505f59ba658dc94,0xa5ba65a374af9bc4e7929e9c1edd70b3b23cdf6b,1708299323,
9994,sale,3.0502,,,1708299323,
9994,transfer,0.0,0x214850f38ad612972f1ccda613b59294dc60f2a6,0x7e8dec1092f7fac6ad0803568505f59ba658dc94,1708285199,
9994,transfer,0.0,0x7e8dec1092f7fac6ad0803568505f59ba658dc94,0x214850f38ad612972f1ccda613b59294dc60f2a6,1703285699,
9994,sale,1.89,,,1703262755,
9994,transfer,0.0,0x45d7f83da607ebb0c0c7beed1fb861f34d45179c,0x7e8dec1092f7fac6ad0803568505f59ba658dc94,1703262755,
9994,transfer,0.0,0xb8d6faf9f6b67a8c609d11e5099e0732e12cdc15,0x45d7f83da607ebb0c0c7beed1fb861f34d45179c,1701624107,
9994,sale,2.2969,,,1701624107,
9994,transfer,0.0,0x958ab8695f33cc5beccbcb90b5a6c11b5f705e39,0xb8d6faf9f6b67a8c609d11e5099e0732e12cdc15,1696027583,
9994,transfer,0.0,0x26fcbd3afebbe28d0a8684f790c48368d21665b5,0x958ab8695f33cc5beccbcb90b5a6c11b5f705e39,1695897827,
9994,transfer,0.0,0x1baef1b9ffc232346a3f7ae721b8e439fbd7811b,0x26fcbd3afebbe28d0a8684f790c48368d21665b5,1695311567,
9994,transfer,0.0,0x26fcbd3afebbe28d0a8684f790c48368d21665b5,0x1baef1b9ffc232346a3f7ae721b8e439fbd7811b,1679374403,
9994,transfer,0.0,0xe52cec0e90115abeb3304baa36bc2655731f7934,0x26fcbd3afebbe28d0a8684f790c48368d21665b5,1679353019,
9994,transfer,0.0,0x0097b9cfe64455eed479292671a1121f502bc954,0xe52cec0e90115abeb3304baa36bc2655731f7934,1678533167,
9994,transfer,0.0,0x14dcae28535c4ede02d0b7ec4d5257f7326e0bf9,0x0097b9cfe64455eed479292671a1121f502bc954,1678533119,
9994,sale,4.45,,,1678533119,
9994,transfer,0.0,0x5e1416e0ec35b47a6b7687c5e783e9b98a83dd45,0x14dcae28535c4ede02d0b7ec4d5257f7326e0bf9,1678492499,
9994,sale,4.5,,,1678492499,
9994,transfer,0.0,0x77e3e957082ca648c1c5b0f3e6aec00ab1245186,0x5e1416e0ec35b47a6b7687c5e783e9b98a83dd45,1678485839,
9994,sale,4.61,,,1678485839,
9994,sale,4.65,,,1678482011,
9994,transfer,0.0,0x14f350ffb34c78b435a8703dc2e179e1c4b64e6e,0x77e3e957082ca648c1c5b0f3e6aec00ab1245186,1678482011,
9994,sale,4.75,,,1678461083,
9994,transfer,0.0,0x97c7d94d01bcbc41b80ef7cc8c5bebc3d11c6a20,0x14f350ffb34c78b435a8703dc2e179e1c4b64e6e,1678461083,
9994,transfer,0.0,0x020ca66c30bec2c4fe3861a94e4db4a498a35872,0x97c7d94d01bcbc41b80ef7cc8c5bebc3d11c6a20,1678195751,
9994,sale,5.12,,,1678195751,
9994,transfer,0.0,0xc1a2f762f67af72fd05e79afa23f8358a4d7dbaf,0x020ca66c30bec2c4fe3861a94e4db4a498a35872,1678185215,
9994,sale,5.14,,,1678185215,
9994,transfer,0.0,0x4cadb971de712015b663fb4c6776ef18d22d8e1f,0xc1a2f762f67af72fd05e79afa23f8358a4d7dbaf,1678181435,
9994,sale,5.15,,,1678181435,
9994,sale,5.15,,,1678177367,
9994,transfer,0.0,0x77e3e957082ca648c1c5b0f3e6aec00ab1245186,0x4cadb971de712015b663fb4c6776ef18d22d8e1f,1678177367,
9994,transfer,0.0,0xbb6101475240234e13e815fa4a7f1238ca2fefdf,0x77e3e957082ca648c1c5b0f3e6aec00ab1245186,1678161479,
9994,sale,5.16,,,1678161479,
9994,transfer,0.0,0x5fbfebad82d89d6ac7bc5708aad1cfa121d71730,0xbb6101475240234e13e815fa4a7f1238ca2fefdf,1678092191,
9994,sale,5.16,,,1678092191,
9994,sale,5.15,,,1677967691,
9994,transfer,0.0,0x77e3e957082ca648c1c5b0f3e6aec00ab1245186,0x5fbfebad82d89d6ac7bc5708aad1cfa121d71730,1677967691,
9994,sale,5.19,,,1677939083,
9994,transfer,0.0,0xb8983d041f4e752032f2964b8e095c1f1c61956b,0x77e3e957082ca648c1c5b0f3e6aec00ab1245186,1677939083,
9994,transfer,0.0,0xb3a01b87ef2641f74671fc198ff31960ff54caa3,0xb8983d041f4e752032f2964b8e095c1f1c61956b,1677917543,
9994,sale,5.14,,,1677917543,
9994,sale,5.4,,,1677877739,
9994,transfer,0.0,0x5023a7974bb3fa4660c4e4e65582801a920b09b3,0xb3a01b87ef2641f74671fc198ff31960ff54caa3,1677877739,
9994,transfer,0.0,0x40a40a954ca946e951d12df30ee0b20b510f4668,0x5023a7974bb3fa4660c4e4e65582801a920b09b3,1677837263,
9994,sale,5.59,,,1677829991,
9994,transfer,0.0,0xd7b25e492842a7d73873354896723e9e8031e851,0x40a40a954ca946e951d12df30ee0b20b510f4668,1677829991,
9994,transfer,0.0,0x8e4efd72f698404293cee1d1d1912d4d51157a36,0xd7b25e492842a7d73873354896723e9e8031e851,1677579047,
9994,transfer,0.0,0xd7b25e492842a7d73873354896723e9e8031e851,0x8e4efd72f698404293cee1d1d1912d4d51157a36,1676459231,
9994,sale,5.79,,,1676459171,
9994,transfer,0.0,0xe17c90be91e9576e15e8ffd8d46559d3bd33bb88,0xd7b25e492842a7d73873354896723e9e8031e851,1676459171,
9994,transfer,0.0,0x9d546e20cd75b62276787a1e4db2b9393633e2d6,0x39da41747a83aee658334415666f3ef92dd0d541,1676288519,
9994,transfer,0.0,0x39da41747a83aee658334415666f3ef92dd0d541,0xe17c90be91e9576e15e8ffd8d46559d3bd33bb88,1676288519,
9994,sale,5.0,,,1676288519,
9994,transfer,0.0,0x620b70123fb810f6c653da7644b5dd0b6312e4d8,0x9d546e20cd75b62276787a1e4db2b9393633e2d6,1646201903,
9994,transfer,0.0,0x9d546e20cd75b62276787a1e4db2b9393633e2d6,0x620b70123fb810f6c653da7644b5dd0b6312e4d8,1646151771,
9994,mint,0.0,0x0000000000000000000000000000000000000000,0x9d546e20cd75b62276787a1e4db2b9393633e2d6,1634523243,
9993,transfer,0.0,0xaf184b4cbc73a9ca2f51c4a4d80ed67a2578e9f4,0x620b70123fb810f6c653da7644b5dd0b6312e4d8,1736031227,
9993,transfer,0.0,0x50d36f27872f637ec9ecb4eedff300df44a608ab,0xaf184b4cbc73a9ca2f51c4a4d80ed67a2578e9f4,1684714523,
9993,sale,2.22,,,1684714523,
9993,transfer,0.0,0x52536fd5a1d9a3ee13a741219429570abb3f91ce,0x50d36f27872f637ec9ecb4eedff300df44a608ab,1684684775,
9993,sale,2.22,,,1684684775,
9993,sale,2.46,,,1684641659,
9993,transfer,0.0,0xf509915d0922577c0c2bda39a2e2a1780e369170,0x52536fd5a1d9a3ee13a741219429570abb3f91ce,1684641659,
9993,transfer,0.0,0x5df4a7023ed48d2ca52afbd47aace2d49c9c3ee3,0xf509915d0922577c0c2bda39a2e2a1780e369170,1684604915,
9993,transfer,0.0,0x9195a41925238e80d2261ef2eff8b14fd66aa446,0x5df4a7023ed48d2ca52afbd47aace2d49c9c3ee3,1684598423,
9993,transfer,0.0,0x63e0605491bda6e4c1c37cf818a45b836faf46ee,0x9195a41925238e80d2261ef2eff8b14fd66aa446,1683633095,
9993,sale,2.8,,,1682835203,
9993,transfer,0.0,0x8607a7d180de23645db594d90621d837749408d5,0x63e0605491bda6e4c1c37cf818a45b836faf46ee,1682835203,
9993,sale,2.47,,,1681574663,
9993,transfer,0.0,0x127ecf853f7c0d59e415a28354e482fd41604b4f,0x8607a7d180de23645db594d90621d837749408d5,1681574663,
9993,sale,2.65,,,1681541147,
9993,transfer,0.0,0x7f781b52739387a9130256cae904d6e52b309bc2,0x127ecf853f7c0d59e415a28354e482fd41604b4f,1681541147,
9993,transfer,0.0,0x2c6452ba2f50b4b7acf7143b8d8577ba871532e8,0x7f781b52739387a9130256cae904d6e52b309bc2,1681536047,
9993,sale,2.7,,,1681439699,
9993,transfer,0.0,0x6d3a717ef9854cdba44f033710aa4a627e3e0703,0x2c6452ba2f50b4b7acf7143b8d8577ba871532e8,1681439699,
9993,transfer,0.0,0x97c7d94d01bcbc41b80ef7cc8c5bebc3d11c6a20,0x6d3a717ef9854cdba44f033710aa4a627e3e0703,1681315907,
9993,sale,2.6839,,,1681315907,
9993,sale,2.66,,,1681180823,
9993,transfer,0.0,0x637bb85f830cfae4b5f1ae83919cca896c1fb6cc,0x97c7d94d01bcbc41b80ef7cc8c5bebc3d11c6a20,1681180823,
9993,sale,2.68,,,1681146779,
9993,transfer,0.0,0x597e561e33c3c123ee49776060bd0fd2c247ed19,0x637bb85f830cfae4b5f1ae83919cca896c1fb6cc,1681146779,
9993,transfer,0.0,0xe9bfbaf11af41cec7b4d11730b491bc1d18139f3,0x597e561e33c3c123ee49776060bd0fd2c247ed19,1680726935,
9993,transfer,0.0,0x597e561e33c3c123ee49776060bd0fd2c247ed19,0xe9bfbaf11af41cec7b4d11730b491bc1d18139f3,1679931467,
9993,sale,5.13,,,1677969443,
9993,transfer,0.0,0x27ded67d88c0da8c6b0fb0f7c78d87926d71119a,0x597e561e33c3c123ee49776060bd0fd2c247ed19,1677969443,
9993,transfer,0.0,0x6be5b497578d2260bc27afb91af26666dafe3a47,0x27ded67d88c0da8c6b0fb0f7c78d87926d71119a,1677943607,
9993,sale,5.15,,,1677943607,
9993,transfer,0.0,0x5023a7974bb3fa4660c4e4e65582801a920b09b3,0x6be5b497578d2260bc27afb91af26666dafe3a47,1677874727,
9993,sale,5.6,,,1677874727,
9993,transfer,0.0,0x40a40a954ca946e951d12df30ee0b20b510f4668,0x5023a7974bb3fa4660c4e4e65582801a920b09b3,1677848555,
9993,sale,5.59,,,1677843191,
9993,transfer,0.0,0xd650e7c35f6c4e5b2f6d08f94eb824f945d9d265,0x40a40a954ca946e951d12df30ee0b20b510f4668,1677843191,
9993,sale,6.0,,,1676946515,
9993,transfer,0.0,0x9c81522976f5eebba38c60d36c63facb5e9e9f23,0xd650e7c35f6c4e5b2f6d08f94eb824f945d9d265,1676946515,
9993,sale,5.8,,,1676814191,
9993,transfer,0.0,0x77e3e957082ca648c1c5b0f3e6aec00ab1245186,0x9c81522976f5eebba38c60d36c63facb5e9e9f23,1676814191,
9993,sale,5.81,,,1676808683,
9993,transfer,0.0,0x9c81522976f5eebba38c60d36c63facb5e9e9f23,0x77e3e957082ca648c1c5b0f3e6aec00ab1245186,1676808683,
9993,transfer,0.0,0x0fecef59947fa6401fea1ba10b3aa173dabe2412,0x9c81522976f5eebba38c60d36c63facb5e9e9f23,1676781671,
9993,sale,5.7,,,1676781671,
9993,transfer,0.0,0x9c81522976f5eebba38c60d36c63facb5e9e9f23,0x0fecef59947fa6401fea1ba10b3aa173dabe2412,1676777339,
9993,sale,6.59,,,1676777339,
9993,sale,5.7,,,1676745575,
9993,transfer,0.0,0x9bb413c047f370ccdf0c8a856a5ed338d7b0304b,0x9c81522976f5eebba38c60d36c63facb5e9e9f23,1676745575,
9993,transfer,0.0,0xf195ae9369cae55d585fd839ae9255b11c06b455,0x39da41747a83aee658334415666f3ef92dd0d541,1676739383,
9993,transfer,0.0,0x39da41747a83aee658334415666f3ef92dd0d541,0x9bb413c047f370ccdf0c8a856a5ed338d7b0304b,1676739383,
9993,sale,5.727,,,1676739383,
9993,transfer,0.0,0xe752c1394fb78432b5908b213c864f169edea133,0xf195ae9369cae55d585fd839ae9255b11c06b455,1676729507,
9993,sale,5.7,,,1676729507,
9993,transfer,0.0,0x6b024fa47e2a77b0a670fb89103b9055fb061b97,0xe752c1394fb78432b5908b213c864f169edea133,1676437547,
9993,sale,4.81,,,1676388515,
9993,transfer,0.0,0x93b213426294b9ce50ec7f842187e9b0b26463c4,0x6b024fa47e2a77b0a670fb89103b9055fb061b97,1676388515,
9993,sale,4.8,,,1676324027,
9993,transfer,0.0,0x4b16f6a752482f2b731a7e5b780c9b7025d2a289,0x93b213426294b9ce50ec7f842187e9b0b26463c4,1676324027,
9993,transfer,0.0,0x72ccd0c0f9e8f79cda28a084ba3781a412ecf998,0x4b16f6a752482f2b731a7e5b780c9b7025d2a289,1651240691,
9993,transfer,0.0,0x9d546e20cd75b62276787a1e4db2b9393633e2d6,0x72ccd0c0f9e8f79cda28a084ba3781a412ecf998,1643542030,
9993,mint,0.0,0x0000000000000000000000000000000000000000,0x9d546e20cd75b62276787a1e4db2b9393633e2d6,1634523243,
9932,transfer,0.0,0xfab97682e0b4b1589786382eeba1b758ffae7ff9,0xd7510a925475cb8377bc8d2a7f1c792022b68df8,1652492720,
9932,transfer,0.0,0x620b70123fb810f6c653da7644b5dd0b6312e4d8,0xfab97682e0b4b1589786382eeba1b758ffae7ff9,1646866861,
9932,transfer,0.0,0xfab97682e0b4b1589786382eeba1b758ffae7ff9,0x620b70123fb810f6c653da7644b5dd0b6312e4d8,1646108208,
9932,sale,1.2,,,1634525440,
9932,transfer,0.0,0xc2978441f46a76c60e0cd59e986498b75a40572d,0xfab97682e0b4b1589786382eeba1b758ffae7ff9,1634525440,
9932,transfer,0.0,0xc84db6cd735a8edfc6adca338e8f370cf8809fd9,0xc2978441f46a76c60e0cd59e986498b75a40572d,1634523613,
9932,mint,0.0,0x0000000000000000000000000000000000000000,0xc84db6cd735a8edfc6adca338e8f370cf8809fd9,1634523243,
9995,transfer,0.0,0x0d3a61f3443f69598d20fd1aa096b0fe4fd3b95a,0x620b70123fb810f6c653da7644b5dd0b6312e4d8,1680318479,
9995,transfer,0.0,0x620b70123fb810f6c653da7644b5dd0b6312e4d8,0x0d3a61f3443f69598d20fd1aa096b0fe4fd3b95a,1675285931,
9995,transfer,0.0,0x0d3a61f3443f69598d20fd1aa096b0fe4fd3b95a,0x620b70123fb810f6c653da7644b5dd0b6312e4d8,1646127780,
9995,transfer,0.0,0xcc47f370d7b0892e5be50e3642d7815abb13c449,0x0d3a61f3443f69598d20fd1aa096b0fe4fd3b95a,1635016173,
9995,sale,1.949,,,1635016173,
9995,transfer,0.0,0xb6f904c71d25c484e7f70f17ff9b9b2b2465d59e,0xcc47f370d7b0892e5be50e3642d7815abb13c449,1634594316,
9995,sale,0.849,,,1634594316,
9995,mint,0.0,0x0000000000000000000000000000000000000000,0xb6f904c71d25c484e7f70f17ff9b9b2b2465d59e,1634523243,
9991,transfer,0.0,0x94c70a1c3096db21de1d117d36d86f6323c3af83,0xdedafb1529d8d9a082caa4aaf01606148d26999e,1769322119,
9991,sale,0.61,,,1769322119,
9991,transfer,0.0,0xdd565623cce485199df3917dee890989183423a7,0x94c70a1c3096db21de1d117d36d86f6323c3af83,1768309319,
9991,sale,0.602,,,1768309319,
9991,transfer,0.0,0xc22395ad28aa56566ae847859ea744c02f9a2f42,0xdd565623cce485199df3917dee890989183423a7,1768235351,
9991,sale,0.467,,,1768235351,
9991,transfer,0.0,0x96297a07d78d651f27e31bd6337628d78d77486a,0xc22395ad28aa56566ae847859ea744c02f9a2f42,1768235171,
9991,sale,0.462,,,1768235171,
9991,sale,0.474,,,1767329195,
9991,transfer,0.0,0x9ade3067e2f6e9915d0f276687877fbe1515a006,0x96297a07d78d651f27e31bd6337628d78d77486a,1767329195,
9991,transfer,0.0,0x8ba7b97913ffb9134cc4a7af6cccca657aafa7c8,0x9ade3067e2f6e9915d0f276687877fbe1515a006,1767188387,
9991,sale,0.369,,,1767188387,
9991,transfer,0.0,0xcc1cb0fa339eb32e436dce1ba752bda72fc6edfe,0x8ba7b97913ffb9134cc4a7af6cccca657aafa7c8,1746800651,
9991,sale,1.45,,,1746800651,
9991,transfer,0.0,0xd395ab488a9972de8be9147e879f3cbc7bf617f6,0xcc1cb0fa339eb32e436dce1ba752bda72fc6edfe,1746800039,
9991,sale,1.35,,,1746800039,
9991,transfer,0.0,0x620b70123fb810f6c653da7644b5dd0b6312e4d8,0xd395ab488a9972de8be9147e879f3cbc7bf617f6,1746799499,
9991,transfer,0.0,0xd395ab488a9972de8be9147e879f3cbc7bf617f6,0x620b70123fb810f6c653da7644b5dd0b6312e4d8,1736057915,
9991,transfer,0.0,0x29469395eaf6f95920e59f858042f0e28d98a20b,0xd395ab488a9972de8be9147e879f3cbc7bf617f6,1735599179,
9991,sale,6.44,,,1734975959,
9991,transfer,0.0,0x1ea27bce786a81022dfc156059771e8d3279a9a6,0x29469395eaf6f95920e59f858042f0e28d98a20b,1734917567,
9991,transfer,0.0,0x29469395eaf6f95920e59f858042f0e28d98a20b,0x1ea27bce786a81022dfc156059771e8d3279a9a6,1734917507,
9991,sale,6.5399,,,1734837551,
9991,transfer,0.0,0x1ea27bce786a81022dfc156059771e8d3279a9a6,0x29469395eaf6f95920e59f858042f0e28d98a20b,1734834215,
9991,transfer,0.0,0xf61d03aa5336954b7f6fe8caa8079aef767a2831,0x1ea27bce786a81022dfc156059771e8d3279a9a6,1734831371,
9991,sale,6.39,,,1734831371,
9991,transfer,0.0,0x79748f008f9239a61c63faafab629e3982a5832e,0xf61d03aa5336954b7f6fe8caa8079aef767a2831,1660904834,
9991,transfer,0.0,0x33b961cbf28b7bf26704aead180bfdd53a180cb9,0x79748f008f9239a61c63faafab629e3982a5832e,1651803397,
9991,transfer,0.0,0x84c94cc2fde3e20d9e8dcb388c45a1fd6068cbf4,0x33b961cbf28b7bf26704aead180bfdd53a180cb9,1651802334,
9991,transfer,0.0,0xa3076e313e1e1f1b1b33e7e6b7e2738fa41656c6,0x84c94cc2fde3e20d9e8dcb388c45a1fd6068cbf4,1651790739,
9991,transfer,0.0,0x13d8faf4a690f5ae52e2d2c52938d1167057b9af,0xa3076e313e1e1f1b1b33e7e6b7e2738fa41656c6,1651768960,
9991,transfer,0.0,0xa3076e313e1e1f1b1b33e7e6b7e2738fa41656c6,0x13d8faf4a690f5ae52e2d2c52938d1167057b9af,1651768382,
9991,transfer,0.0,0xfce5700c145ea1dca9faabc127f93221ef6744f9,0xa3076e313e1e1f1b1b33e7e6b7e2738fa41656c6,1651725089,
9991,sale,24.99,,,1651725089,
9991,transfer,0.0,0x18ab6fac9bff025d02392b95599dc4ac3746ede7,0xfce5700c145ea1dca9faabc127f93221ef6744f9,1650375464,
9991,transfer,0.0,0xfce5700c145ea1dca9faabc127f93221ef6744f9,0x18ab6fac9bff025d02392b95599dc4ac3746ede7,1650375258,
9991,transfer,0.0,0x18ab6fac9bff025d02392b95599dc4ac3746ede7,0xfce5700c145ea1dca9faabc127f93221ef6744f9,1650291688,
9991,sale,16.74,,,1650291537,
9991,transfer,0.0,0xfd9b551e155847916cd86d1c4197dd1309c3fb36,0x18ab6fac9bff025d02392b95599dc4ac3746ede7,1650291537,
9991,transfer,0.0,0x625e7ecea0bf6955ba15a8c1a7731cb44488ace0,0xfd9b551e155847916cd86d1c4197dd1309c3fb36,1650289806,
9991,transfer,0.0,0x48c5aff2c272c1ccc1832b6d9b2d338f1bf34014,0x625e7ecea0bf6955ba15a8c1a7731cb44488ace0,1641836516,
9991,sale,11.98,,,1641836516,
9991,transfer,0.0,0xc93678ec2b974a7ae280341cefeb85984a29fff7,0x48c5aff2c272c1ccc1832b6d9b2d338f1bf34014,1641832811,
9991,sale,10.2,,,1641832811,
9991,transfer,0.0,0xe468ce99444174bd3bbbed09209577d25d1ad673,0xc93678ec2b974a7ae280341cefeb85984a29fff7,1641824326,
9991,transfer,0.0,0xc93678ec2b974a7ae280341cefeb85984a29fff7,0xe468ce99444174bd3bbbed09209577d25d1ad673,1641778651,
9991,transfer,0.0,0x26f4aee4df771515b394056fdcf2ceaf523b302e,0xc93678ec2b974a7ae280341cefeb85984a29fff7,1641766254,
9991,transfer,0.0,0xc93678ec2b974a7ae280341cefeb85984a29fff7,0x26f4aee4df771515b394056fdcf2ceaf523b302e,1640671910,
9991,transfer,0.0,0x9d546e20cd75b62276787a1e4db2b9393633e2d6,0xc93678ec2b974a7ae280341cefeb85984a29fff7,1634528908,
9991,sale,1.1,,,1634528908,
9991,mint,0.0,0x0000000000000000000000000000000000000000,0x9d546e20cd75b62276787a1e4db2b9393633e2d6,1634523243,
9990,transfer,0.0,0xee3ccccfc7d041d4704cf75570246a87e57effb2,0x02d86dc0c6678ff79f1def4868d3b92b0dec4f96,1760008355,
9990,sale,1.037999,,,1760008355,
9990,transfer,0.0,0x5a8e4ec3c2fe1f3369d0704acbad5cb34d00caa1,0xee3ccccfc7d041d4704cf75570246a87e57effb2,1760007551,
9990,sale,0.996,,,1760007551,
9990,transfer,0.0,0xeb79f3b9836e14678abdb862aabfc171341b3199,0x5a8e4ec3c2fe1f3369d0704acbad5cb34d00caa1,1760007539,
9990,sale,1.0,,,1760007539,
9990,sale,0.997,,,1760007515,
9990,transfer,0.0,0x6827d58147523c36e6faec356477e388fcf39d92,0xeb79f3b9836e14678abdb862aabfc171341b3199,1760007515,
9990,sale,1.0,,,1759883087,
9990,transfer,0.0,0x1885597ca499c1b460ef30248bdc5c28f5c75c93,0x6827d58147523c36e6faec356477e388fcf39d92,1759883087,
9990,sale,1.18,,,1759814495,
9990,transfer,0.0,0x484cd7b4705df6c5b47fd525bdf202f890e4a06d,0x1885597ca499c1b460ef30248bdc5c28f5c75c93,1759814495,
9990,transfer,0.0,0x2546cf80eb6fb4ee0f22e1a9803fb268ff7b591d,0x484cd7b4705df6c5b47fd525bdf202f890e4a06d,1759812143,
9990,sale,1.03,,,1759812143,
9990,transfer,0.0,0xa799242db91ec215c5a2f6628f4cceda9b478727,0x2546cf80eb6fb4ee0f22e1a9803fb268ff7b591d,1759164467,
9990,transfer,0.0,0x2546cf80eb6fb4ee0f22e1a9803fb268ff7b591d,0xa799242db91ec215c5a2f6628f4cceda9b478727,1752643343,
9990,transfer,0.0,0x3fde605188efb5e708bfeaafc7b3df2a0edc8320,0x2546cf80eb6fb4ee0f22e1a9803fb268ff7b591d,1748876867,
9990,sale,1.2,,,1748876867,
9990,sale,1.19,,,1748829731,
9990,transfer,0.0,0x29469395eaf6f95920e59f858042f0e28d98a20b,0x3fde605188efb5e708bfeaafc7b3df2a0edc8320,1748829731,
9990,transfer,0.0,0xc637c20b5374c1a087a1d093df045b493935b59e,0x29469395eaf6f95920e59f858042f0e28d98a20b,1748475779,
9990,transfer,0.0,0x29469395eaf6f95920e59f858042f0e28d98a20b,0xc637c20b5374c1a087a1d093df045b493935b59e,1748475707,
9990,transfer,0.0,0xc637c20b5374c1a087a1d093df045b493935b59e,0x29469395eaf6f95920e59f858042f0e28d98a20b,1748135327,
9990,sale,1.14,,,1748135243,
9990,transfer,0.0,0xeb79f3b9836e14678abdb862aabfc171341b3199,0xc637c20b5374c1a087a1d093df045b493935b59e,1748135243,
9990,transfer,0.0,0x940cbc5e83c0fe093be1556431d69c20bee500ed,0xeb79f3b9836e14678abdb862aabfc171341b3199,1748135207,
9990,sale,1.13,,,1748135207,
9990,transfer,0.0,0x620b70123fb810f6c653da7644b5dd0b6312e4d8,0x940cbc5e83c0fe093be1556431d69c20bee500ed,1748117819,
9990,transfer,0.0,0x940cbc5e83c0fe093be1556431d69c20bee500ed,0x620b70123fb810f6c653da7644b5dd0b6312e4d8,1739693027,
9990,sale,3.958,,,1739692931,
9990,transfer,0.0,0xd415d2f890bff9b238aa4fc893f6a254f06cb4d9,0x940cbc5e83c0fe093be1556431d69c20bee500ed,1739692931,
9990,transfer,0.0,0x4a1721c493c481b48ab05db82265e149c95ac33f,0xd415d2f890bff9b238aa4fc893f6a254f06cb4d9,1739692055,
9990,sale,3.96,,,1739692055,
9990,sale,3.919999,,,1739665787,
9990,transfer,0.0,0x3efd5cdb46c700481f40058341aa220ac2552660,0x4a1721c493c481b48ab05db82265e149c95ac33f,1739665787,
9990,sale,3.94,,,1739637359,
9990,transfer,0.0,0xfd322673360e4ed4862b69b4d0aab3e44267903d,0x3efd5cdb46c700481f40058341aa220ac2552660,1739637359,
9990,transfer,0.0,0xa4fb0e1f6ad0a87a3ec2427ca3a944c42d19d1ca,0xfd322673360e4ed4862b69b4d0aab3e44267903d,1739636099,
9990,sale,4.02,,,1739636099,
9990,transfer,0.0,0xfb68149c04b3f68dbe3c73a4600a0eb873100705,0xa4fb0e1f6ad0a87a3ec2427ca3a944c42d19d1ca,1739635499,
9990,sale,3.942,,,1739635499,
9990,transfer,0.0,0xe5c3a3bad46475dd53100cdbecb0a7541aba0391,0xfb68149c04b3f68dbe3c73a4600a0eb873100705,1739621783,
9990,sale,4.13,,,1739621783,
9990,sale,4.13,,,1739621747,
9990,transfer,0.0,0xc0670aa54ee845f4031e3fa1ad7656d70d4976bc,0xe5c3a3bad46475dd53100cdbecb0a7541aba0391,1739621747,
9990,transfer,0.0,0x6fd16d87d977c8f2ecba70c5fccb661e832d5086,0xc0670aa54ee845f4031e3fa1ad7656d70d4976bc,1739621639,
9990,sale,4.14,,,1739621639,
9990,transfer,0.0,0x4a1721c493c481b48ab05db82265e149c95ac33f,0x6fd16d87d977c8f2ecba70c5fccb661e832d5086,1739619599,
9990,sale,4.1279,,,1739619599,
9990,transfer,0.0,0x75f4735f30fd493ef117b1832acdf4c581048b26,0x4a1721c493c481b48ab05db82265e149c95ac33f,1739529167,
9990,sale,4.46,,,1739529167,
9990,sale,4.408,,,1739525891,
9990,transfer,0.0,0x9fea69241d851ff897bcb9ebd8ac2839243f7aec,0x75f4735f30fd493ef117b1832acdf4c581048b26,1739525891,
9990,transfer,0.0,0x625202e9583039bd61cf599593d269b70521bfa1,0x9fea69241d851ff897bcb9ebd8ac2839243f7aec,1739525291,
9990,sale,4.408,,,1739525291,
9990,transfer,0.0,0x8d8b9c79196f32161bcb2a9728d274b3b45eb9af,0x625202e9583039bd61cf599593d269b70521bfa1,1739523395,
9990,sale,4.48,,,1739523395,
9990,transfer,0.0,0xbd0b494819265e1ec610b33227861070b534c294,0x8d8b9c79196f32161bcb2a9728d274b3b45eb9af,1700999339,
9990,sale,2.22,,,1700999339,
9990,transfer,0.0,0x3ad848cd34a25c6dc64c878c7d4810720a15c279,0xbd0b494819265e1ec610b33227861070b534c294,1700987255,
9990,sale,2.25,,,1700987255,
9990,transfer,0.0,0x4c5a04779663e783dea4335c2c48d049c6751e43,0x3ad848cd34a25c6dc64c878c7d4810720a15c279,1700978279,
9990,sale,2.23,,,1700978279,
9990,sale,2.2,,,1700881331,
9990,transfer,0.0,0x046a17bc96f6b637baa661152524a2a776eb96f1,0x4c5a04779663e783dea4335c2c48d049c6751e43,1700881331,
9990,transfer,0.0,0xe643f2eadc6ecbdab108383ef70c44db32fc980e,0x046a17bc96f6b637baa661152524a2a776eb96f1,1700797499,
9990,sale,2.19,,,1700797499,
9990,transfer,0.0,0x4204d5b9accf0b6dca5e9ef433cdfb19367af734,0xe643f2eadc6ecbdab108383ef70c44db32fc980e,1700782643,
9990,sale,2.16999,,,1700782643,
9990,sale,2.1378,,,1700779151,
9990,transfer,0.0,0x09bcd5991053d5794c65772f2181fb38740d5f67,0x4204d5b9accf0b6dca5e9ef433cdfb19367af734,1700779151,
9990,transfer,0.0,0x9d546e20cd75b62276787a1e4db2b9393633e2d6,0x09bcd5991053d5794c65772f2181fb38740d5f67,1687598351,
9990,sale,1.61,,,1687598351,
9990,transfer,0.0,0x941a26a6f220d42a85dc3ee02d915f4c01137892,0x9d546e20cd75b62276787a1e4db2b9393633e2d6,1676320787,
9990,transfer,0.0,0x72ccd0c0f9e8f79cda28a084ba3781a412ecf998,0x941a26a6f220d42a85dc3ee02d915f4c01137892,1651239829,
9990,transfer,0.0,0x9d546e20cd75b62276787a1e4db2b9393633e2d6,0x72ccd0c0f9e8f79cda28a084ba3781a412ecf998,1643542030,
9990,mint,0.0,0x0000000000000000000000000000000000000000,0x9d546e20cd75b62276787a1e4db2b9393633e2d6,1634523243,
9996,transfer,0.0,0x490a4fdc7a1a35b5c2c3e9418dce793fce027bb2,0x620b70123fb810f6c653da7644b5dd0b6312e4d8,1712704559,
9996,transfer,0.0,0x162af4fd4d2f2d3a721aeee22e3cbb640f23735a,0x490a4fdc7a1a35b5c2c3e9418dce793fce027bb2,1704898847,
9996,sale,1.69,,,1704898847,
9996,transfer,0.0,0x958ab8695f33cc5beccbcb90b5a6c11b5f705e39,0x162af4fd4d2f2d3a721aeee22e3cbb640f23735a,1704332363,
9996,transfer,0.0,0x010acffec14a6413b3efaab0023996559edc4878,0x958ab8695f33cc5beccbcb90b5a6c11b5f705e39,1699788119,
9996,transfer,0.0,0xb81965ddfdda3923f292a47a1be83ba3a36b5133,0x010acffec14a6413b3efaab0023996559edc4878,1699786391,
9996,transfer,0.0,0x010acffec14a6413b3efaab0023996559edc4878,0xb81965ddfdda3923f292a47a1be83ba3a36b5133,1699785851,
9996,transfer,0.0,0xb81965ddfdda3923f292a47a1be83ba3a36b5133,0x010acffec14a6413b3efaab0023996559edc4878,1699770659,
9996,transfer,0.0,0x010acffec14a6413b3efaab0023996559edc4878,0xb81965ddfdda3923f292a47a1be83ba3a36b5133,1694152871,
9996,transfer,0.0,0xe17c90be91e9576e15e8ffd8d46559d3bd33bb88,0x010acffec14a6413b3efaab0023996559edc4878,1694080919,
9996,sale,1.35,,,1694080919,
9996,sale,1.37,,,1694078603,
9996,transfer,0.0,0x624026d722f97e50cb882d2e8c0b6102becc95ce,0xe17c90be91e9576e15e8ffd8d46559d3bd33bb88,1694078603,
9996,sale,1.46,,,1691778059,
9996,transfer,0.0,0x77e3e957082ca648c1c5b0f3e6aec00ab1245186,0x624026d722f97e50cb882d2e8c0b6102becc95ce,1691778059,
9996,transfer,0.0,0x51ffe129b0c5699829aa99b892f21658527f5edb,0x77e3e957082ca648c1c5b0f3e6aec00ab1245186,1691776223,
9996,sale,1.47,,,1691776223,
9996,transfer,0.0,0x9c45f02f2f33f9dd6360c5e3a5ae0b16c6bf3484,0x51ffe129b0c5699829aa99b892f21658527f5edb,1684846091,
9996,sale,2.29,,,1684404539,
9996,transfer,0.0,0x1e305fa56ef0b058e7c6da8891164c17708b678b,0x9c45f02f2f33f9dd6360c5e3a5ae0b16c6bf3484,1684404539,
9996,transfer,0.0,0x04af06f55f2d0e428c6ffbd50303b6e4efe243bd,0x1e305fa56ef0b058e7c6da8891164c17708b678b,1684351499,
9996,sale,2.28,,,1684351499,
9996,transfer,0.0,0x415bdfed5a7c490e1a89332648d8eb339d4eea69,0x04af06f55f2d0e428c6ffbd50303b6e4efe243bd,1684315535,
9996,transfer,0.0,0x04af06f55f2d0e428c6ffbd50303b6e4efe243bd,0x415bdfed5a7c490e1a89332648d8eb339d4eea69,1679036723,
9996,transfer,0.0,0x415bdfed5a7c490e1a89332648d8eb339d4eea69,0x04af06f55f2d0e428c6ffbd50303b6e4efe243bd,1678976927,
9996,transfer,0.0,0x04af06f55f2d0e428c6ffbd50303b6e4efe243bd,0x415bdfed5a7c490e1a89332648d8eb339d4eea69,1678648115,
9996,sale,4.27,,,1678647119,
9996,transfer,0.0,0x2112134feff010321a1692f3bda6c9373552306f,0x04af06f55f2d0e428c6ffbd50303b6e4efe243bd,1678647119,
9996,transfer,0.0,0x620b70123fb810f6c653da7644b5dd0b6312e4d8,0x2112134feff010321a1692f3bda6c9373552306f,1678605167,
9996,transfer,0.0,0x2112134feff010321a1692f3bda6c9373552306f,0x620b70123fb810f6c653da7644b5dd0b6312e4d8,1646117977,
9996,transfer,0.0,0x1729f93e3c3c74b503b8130516984ced70bf47d9,0x2112134feff010321a1692f3bda6c9373552306f,1644736585,
9996,sale,14.1,,,1644736585,
9996,sale,0.889,,,1634690120,
9996,transfer,0.0,0xb6f904c71d25c484e7f70f17ff9b9b2b2465d59e,0x1729f93e3c3c74b503b8130516984ced70bf47d9,1634690120,
9996,mint,0.0,0x0000000000000000000000000000000000000000,0xb6f904c71d25c484e7f70f17ff9b9b2b2465d59e,1634523243,
9962,transfer,0.0,0x620b70123fb810f6c653da7644b5dd0b6312e4d8,0x9e724c94692eea5777cad2e7ebf40c338169b268,1652735784,
9962,transfer,0.0,0x9e724c94692eea5777cad2e7ebf40c338169b268,0x620b70123fb810f6c653da7644b5dd0b6312e4d8,1652630047,
9962,transfer,0.0,0x45b8bb9ca4a7f5464057601711f73e1afe5eded2,0x9e724c94692eea5777cad2e7ebf40c338169b268,1652624616,
9962,sale,15.0,,,1652624616,
9962,transfer,0.0,0x620b70123fb810f6c653da7644b5dd0b6312e4d8,0x45b8bb9ca4a7f5464057601711f73e1afe5eded2,1647750446,
9962,transfer,0.0,0x45b8bb9ca4a7f5464057601711f73e1afe5eded2,0x620b70123fb810f6c653da7644b5dd0b6312e4d8,1646465331,
9962,transfer,0.0,0x43ef2e529ec9a0cb3f73e62de25f3d583d083afe,0x45b8bb9ca4a7f5464057601711f73e1afe5eded2,1639153493,
9962,transfer,0.0,0x8c06943606bcceea7dec85cdd0e0accc93567896,0x43ef2e529ec9a0cb3f73e62de25f3d583d083afe,1634584379,
9962,sale,0.99,,,1634584379,
9962,mint,0.0,0x0000000000000000000000000000000000000000,0x8c06943606bcceea7dec85cdd0e0accc93567896,1634523243,
9999,sale,2.689,,,1681298087,
9999,transfer,0.0,0x4301b45f31bf7b511859c6be04bcef2c5100a112,0x186980d30a5b7ee4b81114beff6351c94bc332f8,1681298087,
9999,transfer,0.0,0x620b70123fb810f6c653da7644b5dd0b6312e4d8,0x4301b45f31bf7b511859c6be04bcef2c5100a112,1646153389,
9999,transfer,0.0,0x4301b45f31bf7b511859c6be04bcef2c5100a112,0x620b70123fb810f6c653da7644b5dd0b6312e4d8,1646153033,
9999,transfer,0.0,0xb6f904c71d25c484e7f70f17ff9b9b2b2465d59e,0x4301b45f31bf7b511859c6be04bcef2c5100a112,1634688000,
9999,sale,0.979,,,1634688000,
9999,mint,0.0,0x0000000000000000000000000000000000000000,0xb6f904c71d25c484e7f70f17ff9b9b2b2465d59e,1634523243,
9924,transfer,0.0,0xc7a827f6b7a12ae0681628d25154c3ae778c63d9,0x5523f3565ee45a3d9a6245f2a65b1b7cdc3e9f21,1637238763,
9924,sale,3.94,,,1637238763,
9924,sale,0.899,,,1634587477,
9924,transfer,0.0,0x81cd1b1e4b5fd9e18fcb4f16b1e56c939ee2a5d4,0xc7a827f6b7a12ae0681628d25154c3ae778c63d9,1634587477,
9924,mint,0.0,0x0000000000000000000000000000000000000000,0x81cd1b1e4b5fd9e18fcb4f16b1e56c939ee2a5d4,1634523243,
9937,sale,0.55,,,1766197043,
9937,transfer,0.0,0x916308fc74a7b2237b13413907ed60989f9f9254,0x8c36492853981f263b7d8f2f0eead464b560d0c1,1766197043,
9937,sale,0.48879,,,1766024015,
9937,transfer,0.0,0xde5ae63a348c4d63343c8e20fb6286909418c8a4,0x916308fc74a7b2237b13413907ed60989f9f9254,1766024015,
9937,transfer,0.0,0xcc1cb0fa339eb32e436dce1ba752bda72fc6edfe,0xde5ae63a348c4d63343c8e20fb6286909418c8a4,1766021567,
9937,sale,0.491,,,1766021567,
9937,sale,0.46,,,1766012471,
9937,transfer,0.0,0xa4be5bfa7d0ea4fa02b66a01e3f34633aa6b94ca,0xcc1cb0fa339eb32e436dce1ba752bda72fc6edfe,1766012471,
9937,transfer,0.0,0x9a3c64f93f609083cb122273c99e0b99762a2eac,0xef0b56692f78a44cf4034b07f80204757c31bcc9,1766011439,
9937,sale,0.53,,,1766011439,
9937,transfer,0.0,0xef0b56692f78a44cf4034b07f80204757c31bcc9,0xa4be5bfa7d0ea4fa02b66a01e3f34633aa6b94ca,1766011439,
9937,sale,1.0,,,1746797795,
9937,transfer,0.0,0x729daeeb14d0c117cc70d66265b6a5adc07df5bd,0x9a3c64f93f609083cb122273c99e0b99762a2eac,1746797795,
9937,transfer,0.0,0x29469395eaf6f95920e59f858042f0e28d98a20b,0x729daeeb14d0c117cc70d66265b6a5adc07df5bd,1734688547,
9937,sale,6.93,,,1734688547,
9937,transfer,0.0,0x1ea27bce786a81022dfc156059771e8d3279a9a6,0x29469395eaf6f95920e59f858042f0e28d98a20b,1734674435,
9937,transfer,0.0,0x26da8b7c03698371aecb4307b7de31068dbcab1d,0x1ea27bce786a81022dfc156059771e8d3279a9a6,1734674387,
9937,sale,7.35,,,1734674387,
9937,transfer,0.0,0xe8de0d9a2cabf5d811e2a4cc8612f6f4231dbf05,0x26da8b7c03698371aecb4307b7de31068dbcab1d,1734670007,
9937,sale,7.5,,,1734670007,
9937,transfer,0.0,0x620b70123fb810f6c653da7644b5dd0b6312e4d8,0xe8de0d9a2cabf5d811e2a4cc8612f6f4231dbf05,1734664823,
9937,transfer,0.0,0xe8de0d9a2cabf5d811e2a4cc8612f6f4231dbf05,0x620b70123fb810f6c653da7644b5dd0b6312e4d8,1712638583,
9937,transfer,0.0,0x8918db251d08315fe76379fcb1838908b57d3eb7,0xe8de0d9a2cabf5d811e2a4cc8612f6f4231dbf05,1712637995,
9937,transfer,0.0,0xe8de0d9a2cabf5d811e2a4cc8612f6f4231dbf05,0x8918db251d08315fe76379fcb1838908b57d3eb7,1707103259,
9937,transfer,0.0,0x8918db251d08315fe76379fcb1838908b57d3eb7,0xe8de0d9a2cabf5d811e2a4cc8612f6f4231dbf05,1707102935,
9937,transfer,0.0,0xe8de0d9a2cabf5d811e2a4cc8612f6f4231dbf05,0x8918db251d08315fe76379fcb1838908b57d3eb7,1704977195,
9937,transfer,0.0,0x958ab8695f33cc5beccbcb90b5a6c11b5f705e39,0xe8de0d9a2cabf5d811e2a4cc8612f6f4231dbf05,1704977075,
9937,transfer,0.0,0xb855c4ebb5b6eb3f2033aecc4e543e27bc39465d,0x958ab8695f33cc5beccbcb90b5a6c11b5f705e39,1704646019,
9937,transfer,0.0,0x3eb879cc9a0ef4c6f1d870a40ae187768c278da2,0xb855c4ebb5b6eb3f2033aecc4e543e27bc39465d,1704645203,
9937,transfer,0.0,0x49ad262c49c7aa708cc2df262ed53b64a17dd5ee,0x3eb879cc9a0ef4c6f1d870a40ae187768c278da2,1702689875,
9937,transfer,0.0,0x7c7c9ce081becb5f44ef9eed3a90d99057d2eb53,0x49ad262c49c7aa708cc2df262ed53b64a17dd5ee,1702689875,
9937,transfer,0.0,0x60cbc31b2126f13dfeeebd5f1d2ea816e9d904c4,0x7c7c9ce081becb5f44ef9eed3a90d99057d2eb53,1702689839,
9937,sale,1.95,,,1702689839,
9937,sale,1.99,,,1702670471,
9937,transfer,0.0,0x385ce35599ae5e6f0eaf0f69841fffa9f41acdd5,0x60cbc31b2126f13dfeeebd5f1d2ea816e9d904c4,1702670471,
9937,sale,2.0,,,1702617335,
9937,transfer,0.0,0x0bfff40545a2250c3f11993e7b75dbbcb11e36ac,0x385ce35599ae5e6f0eaf0f69841fffa9f41acdd5,1702617335,
9937,sale,2.06,,,1702340927,
9937,transfer,0.0,0xb229ecf127fa0b6819b0369a616aaefaf6c1c314,0x0bfff40545a2250c3f11993e7b75dbbcb11e36ac,1702340927,
9937,sale,2.06,,,1702338911,
9937,transfer,0.0,0x463e6fab5c5355d9193469c4f0a5d1b27230d26d,0xb229ecf127fa0b6819b0369a616aaefaf6c1c314,1702338911,
9937,transfer,0.0,0xa2e98a7225e834d1934c10cbed682384d6b4a61a,0x463e6fab5c5355d9193469c4f0a5d1b27230d26d,1702336475,
9937,sale,2.06,,,1702336475,
9937,transfer,0.0,0x9e8daab4e8b99be57061e2d2b34c536b5559c8ca,0xa2e98a7225e834d1934c10cbed682384d6b4a61a,1702263479,
9937,sale,0.0,,,1702263479,
9937,transfer,0.0,0x620b70123fb810f6c653da7644b5dd0b6312e4d8,0x9e8daab4e8b99be57061e2d2b34c536b5559c8ca,1680555935,
9937,transfer,0.0,0x9e8daab4e8b99be57061e2d2b34c536b5559c8ca,0x620b70123fb810f6c653da7644b5dd0b6312e4d8,1680555635,
9937,sale,3.9,,,1679540291,
9937,transfer,0.0,0xd387a6e4e84a6c86bd90c158c6028a58cc8ac459,0x9e8daab4e8b99be57061e2d2b34c536b5559c8ca,1679540291,
9937,transfer,0.0,0x3db18201c925746a0376af8f7b42cb944c8f6cae,0xd387a6e4e84a6c86bd90c158c6028a58cc8ac459,1634535763,
9937,sale,1.01,,,1634535763,
9937,mint,0.0,0x0000000000000000000000000000000000000000,0x3db18201c925746a0376af8f7b42cb944c8f6cae,1634523243,
9977,transfer,0.0,0xedfdfa1c4039687b7600dd5cb7755842b5b2e27a,0x620b70123fb810f6c653da7644b5dd0b6312e4d8,1712621579,
9977,transfer,0.0,0x620b70123fb810f6c653da7644b5dd0b6312e4d8,0xedfdfa1c4039687b7600dd5cb7755842b5b2e27a,1675296503,
9977,transfer,0.0,0xedfdfa1c4039687b7600dd5cb7755842b5b2e27a,0x620b70123fb810f6c653da7644b5dd0b6312e4d8,1646184665,
9977,transfer,0.0,0xa122c97d15e338e7da6c97e3154f787b4d31d893,0xedfdfa1c4039687b7600dd5cb7755842b5b2e27a,1644977457,
9977,transfer,0.0,0xc142995f05436c91bba172b7d17522a301323236,0xa122c97d15e338e7da6c97e3154f787b4d31d893,1644974796,
9977,sale,15.25,,,1644974796,
9977,transfer,0.0,0x1e31b88317294210b7cfa455acf0fc6514bf099c,0xc142995f05436c91bba172b7d17522a301323236,1637938040,
9977,sale,3.45,,,1637938040,
9977,mint,0.0,0x0000000000000000000000000000000000000000,0x1e31b88317294210b7cfa455acf0fc6514bf099c,1634523243,
9920,transfer,0.0,0x45b0b74e81ea7d47c7e7ce48bd1ab5c311c22bac,0x620b70123fb810f6c653da7644b5dd0b6312e4d8,1754495831,
9920,transfer,0.0,0xf5fddb64c566f2709b68378fd0d0092cf947d931,0x45b0b74e81ea7d47c7e7ce48bd1ab5c311c22bac,1753932311,
9920,transfer,0.0,0x620b70123fb810f6c653da7644b5dd0b6312e4d8,0xf5fddb64c566f2709b68378fd0d0092cf947d931,1753471823,
9920,transfer,0.0,0xf5fddb64c566f2709b68378fd0d0092cf947d931,0x620b70123fb810f6c653da7644b5dd0b6312e4d8,1712117207,
9920,transfer,0.0,0x1c0549acd320f55149e700bd3385005653c7b29a,0xf5fddb64c566f2709b68378fd0d0092cf947d931,1707097679,
9920,transfer,0.0,0xf5fddb64c566f2709b68378fd0d0092cf947d931,0x1c0549acd320f55149e700bd3385005653c7b29a,1677476699,
9920,transfer,0.0,0x1c0549acd320f55149e700bd3385005653c7b29a,0xf5fddb64c566f2709b68378fd0d0092cf947d931,1675620467,
9920,transfer,0.0,0xf5fddb64c566f2709b68378fd0d0092cf947d931,0x1c0549acd320f55149e700bd3385005653c7b29a,1674371279,
9920,transfer,0.0,0x620b70123fb810f6c653da7644b5dd0b6312e4d8,0xf5fddb64c566f2709b68378fd0d0092cf947d931,1664259311,
9920,transfer,0.0,0xf5fddb64c566f2709b68378fd0d0092cf947d931,0x620b70123fb810f6c653da7644b5dd0b6312e4d8,1664258831,
9920,transfer,0.0,0x6b0a911fdbba8223db217fdaab7ca418236e2118,0xf5fddb64c566f2709b68378fd0d0092cf947d931,1664137751,
9920,sale,23.5,,,1651863872,
9920,transfer,0.0,0x26ba95cddc744539150a3a07c731256890459134,0x6b0a911fdbba8223db217fdaab7ca418236e2118,1651863872,
9920,transfer,0.0,0xb11b854d581ae7b737cd76459cb24ccf4433f4b6,0x26ba95cddc744539150a3a07c731256890459134,1645319111,
9920,transfer,0.0,0x431573685058e5d480fe383dc1fd3b644913c239,0xb11b854d581ae7b737cd76459cb24ccf4433f4b6,1640908571,
9920,sale,5.5,,,1640908571,
9920,sale,1.49,,,1634523395,
9920,transfer,0.0,0x3ecd6a57d7c4670046d71ddc9bc0f05e0659ffcb,0x431573685058e5d480fe383dc1fd3b644913c239,1634523395,
9920,mint,0.0,0x0000000000000000000000000000000000000000,0x3ecd6a57d7c4670046d71ddc9bc0f05e0659ffcb,1634523243,
9979,transfer,0,0x11353d653fa9d0d1a08c2c234277d7772ed92362,0x409d00da400724785d485b159b1aca97ad280eb1,1641411673,
9979,mint,0,0x0000000000000000000000000000000000000000,0x11353d653fa9d0d1a08c2c234277d7772ed92362,1634523243,
9976,transfer,0.0,0xcce56f9d3820a920cc4f6ca1be0de9adbdaee917,0xed3d33abdf861beae6ba5f9e0bfac56be021d1fd,1765083347,
9976,sale,0.65,,,1765083347,
9976,transfer,0.0,0x2a9a6bf65ab612e4bb3c5dc7478d45dc17ffd5de,0xcce56f9d3820a920cc4f6ca1be0de9adbdaee917,1765049231,
9976,sale,0.567,,,1765049231,
9976,sale,0.557,,,1765048235,
9976,transfer,0.0,0x60c5418551f138d5de627ea8df170cdede0bc122,0x2a9a6bf65ab612e4bb3c5dc7478d45dc17ffd5de,1765048235,
9976,transfer,0.0,0x17cc165c3a87b96f3df44990e033d23520ca882c,0x60c5418551f138d5de627ea8df170cdede0bc122,1754855027,
9976,sale,1.055,,,1754855027,
9976,sale,1.02,,,1754758607,
9976,transfer,0.0,0x917660a684d89f4713d2e22054fec8ea2e29c11a,0x17cc165c3a87b96f3df44990e033d23520ca882c,1754758607,
9976,transfer,0.0,0xc0f0329a5833d7d64b1204b6ebf142dde2f01537,0x917660a684d89f4713d2e22054fec8ea2e29c11a,1754752607,
9976,sale,1.014,,,1754752607,
9976,transfer,0.0,0xede4e6d73a5277910a6d5459d255e4d2095a2373,0xc0f0329a5833d7d64b1204b6ebf142dde2f01537,1753649399,
9976,sale,1.03984,,,1753649399,
9976,transfer,0.0,0x88b835e481cabef3c7c35e4007b2f413aab7755f,0xd8f24f5f0382e197c1e87ad82b357209383470cf,1753623083,
9976,sale,1.0201,,,1753623083,
9976,transfer,0.0,0xd8f24f5f0382e197c1e87ad82b357209383470cf,0xede4e6d73a5277910a6d5459d255e4d2095a2373,1753623083,
9976,transfer,0.0,0x620b70123fb810f6c653da7644b5dd0b6312e4d8,0x88b835e481cabef3c7c35e4007b2f413aab7755f,1753622795,
9976,transfer,0.0,0x124183252c86e093f78e5994916f044d7549bd1e,0x66362b929c1a9aaf14c51aab9b455ad7fb8268c4,1734646547,
9976,sale,7.94,,,1734646547,
9976,transfer,0.0,0xcb20d9553e6b9a18cf79b201717ca0cb9ac15bde,0x124183252c86e093f78e5994916f044d7549bd1e,1675292243,
9976,transfer,0.0,0x124183252c86e093f78e5994916f044d7549bd1e,0xcb20d9553e6b9a18cf79b201717ca0cb9ac15bde,1675291247,
9976,sale,8.0,,,1673022623,
9976,transfer,0.0,0x39ea1b0dcbf2e0248afe09624898b7879c66b994,0x124183252c86e093f78e5994916f044d7549bd1e,1673022623,
9976,transfer,0.0,0x1e31b88317294210b7cfa455acf0fc6514bf099c,0x39ea1b0dcbf2e0248afe09624898b7879c66b994,1648129679,
9976,transfer,0.0,0x620b70123fb810f6c653da7644b5dd0b6312e4d8,0x1e31b88317294210b7cfa455acf0fc6514bf099c,1646288545,
9976,transfer,0.0,0x1e31b88317294210b7cfa455acf0fc6514bf099c,0x620b70123fb810f6c653da7644b5dd0b6312e4d8,1646117168,
9976,transfer,0.0,0x555577a564f8207fd49674bb066dfad045bdc7e9,0x1e31b88317294210b7cfa455acf0fc6514bf099c,1641377643,
9976,transfer,0.0,0x1e31b88317294210b7cfa455acf0fc6514bf099c,0x555577a564f8207fd49674bb066dfad045bdc7e9,1641042466,
9976,mint,0.0,0x0000000000000000000000000000000000000000,0x1e31b88317294210b7cfa455acf0fc6514bf099c,1634523243,
9963,transfer,0.0,0xe4061053c90c3c3d737034d28212e09fecf05da1,0x2095fa070daf44b2ad0e16c0bba8a6816cfce0b7,1764967643,
9963,transfer,0.0,0x2095fa070daf44b2ad0e16c0bba8a6816cfce0b7,0xe4061053c90c3c3d737034d28212e09fecf05da1,1764967115,
9963,transfer,0.0,0x6bbf829c11bada732d178dcee375462bc54405ad,0x2095fa070daf44b2ad0e16c0bba8a6816cfce0b7,1764263759,
9963,transfer,0.0,0x8a4532c1bd7b1e60dfd0e2a41bbcb8b678c94d61,0x6bbf829c11bada732d178dcee375462bc54405ad,1757879399,
9963,transfer,0.0,0x30f6943790732fefb9fd3e3d6d28a74b18f5034c,0x8a4532c1bd7b1e60dfd0e2a41bbcb8b678c94d61,1748018915,
9963,transfer,0.0,0x620b70123fb810f6c653da7644b5dd0b6312e4d8,0x30f6943790732fefb9fd3e3d6d28a74b18f5034c,1747026275,
9963,transfer,0.0,0x30f6943790732fefb9fd3e3d6d28a74b18f5034c,0x620b70123fb810f6c653da7644b5dd0b6312e4d8,1746965267,
9963,transfer,0.0,0xe4061053c90c3c3d737034d28212e09fecf05da1,0x30f6943790732fefb9fd3e3d6d28a74b18f5034c,1746876047,
9963,sale,3.854,,,1739287571,
9963,transfer,0.0,0x0f10abd1fdf897a831692fc5b28fda12ef685323,0xe4061053c90c3c3d737034d28212e09fecf05da1,1739287571,
9963,transfer,0.0,0x13937d2c1d4b3d96ada88e265e6ce73eeb691869,0x0f10abd1fdf897a831692fc5b28fda12ef685323,1738860671,
9963,sale,4.04,,,1738860671,
9963,sale,3.59,,,1738554695,
9963,transfer,0.0,0x29469395eaf6f95920e59f858042f0e28d98a20b,0x13937d2c1d4b3d96ada88e265e6ce73eeb691869,1738554695,
9963,sale,4.43,,,1738035635,
9963,transfer,0.0,0x9854716bb75963c53c4f8cca97b74b94db848a71,0x29469395eaf6f95920e59f858042f0e28d98a20b,1738035635,
9963,transfer,0.0,0x29469395eaf6f95920e59f858042f0e28d98a20b,0x9854716bb75963c53c4f8cca97b74b94db848a71,1736890535,
9963,sale,5.0,,,1736890535,
9963,sale,4.65,,,1736874095,
9963,transfer,0.0,0x9250f8149067fc068189f95e92f0eea9673f62d0,0x29469395eaf6f95920e59f858042f0e28d98a20b,1736874095,
9963,transfer,0.0,0x29469395eaf6f95920e59f858042f0e28d98a20b,0x9250f8149067fc068189f95e92f0eea9673f62d0,1736750495,
9963,transfer,0.0,0x26da8b7c03698371aecb4307b7de31068dbcab1d,0x29469395eaf6f95920e59f858042f0e28d98a20b,1736553719,
9963,transfer,0.0,0x97f7a742792d6d2aefdd9f88369703fd0015c205,0x26da8b7c03698371aecb4307b7de31068dbcab1d,1736553287,
9963,sale,4.63,,,1736553287,
9963,transfer,0.0,0xb855c4ebb5b6eb3f2033aecc4e543e27bc39465d,0x97f7a742792d6d2aefdd9f88369703fd0015c205,1715554103,
9963,sale,1.865,,,1715554103,
9963,transfer,0.0,0x3eb879cc9a0ef4c6f1d870a40ae187768c278da2,0xb855c4ebb5b6eb3f2033aecc4e543e27bc39465d,1715548991,
9963,transfer,0.0,0x49ad262c49c7aa708cc2df262ed53b64a17dd5ee,0x3eb879cc9a0ef4c6f1d870a40ae187768c278da2,1714045691,
9963,transfer,0.0,0x1ecbc285f34390516fb69797949d9d4ca3f86cff,0x49ad262c49c7aa708cc2df262ed53b64a17dd5ee,1714045691,
9963,sale,1.46,,,1714045355,
9963,transfer,0.0,0x80f804cbedc8eac656d468d3253b05e52a64a3ac,0x1ecbc285f34390516fb69797949d9d4ca3f86cff,1714045355,
9963,sale,1.629,,,1713518855,
9963,transfer,0.0,0xc502c07f7f537f47470071fd59cd8287238761aa,0x80f804cbedc8eac656d468d3253b05e52a64a3ac,1713518855,
9963,transfer,0.0,0x3cf5ec55ec96f649a05c3a380d8a2b972a04abff,0xc502c07f7f537f47470071fd59cd8287238761aa,1713502943,
9963,sale,1.61,,,1713502943,
9963,transfer,0.0,0x0c75f526299846668f1e9323764ad45ff9c15b07,0x3cf5ec55ec96f649a05c3a380d8a2b972a04abff,1708293287,
9963,sale,3.12,,,1708293287,
9963,sale,3.11,,,1708160411,
9963,transfer,0.0,0xac32967007909f5b312557e4909cb73a3dea3d8d,0x0c75f526299846668f1e9323764ad45ff9c15b07,1708160411,
9963,sale,3.15899,,,1707822179,
9963,transfer,0.0,0x16be2582ad35aa56a8a247c61ab0cb7b9ac8fe19,0xac32967007909f5b312557e4909cb73a3dea3d8d,1707822179,
9963,sale,3.18,,,1707794639,
9963,transfer,0.0,0xa69833b9fda816f1bfc79517e7932e64708df0dd,0x16be2582ad35aa56a8a247c61ab0cb7b9ac8fe19,1707794639,
9963,transfer,0.0,0x3302f51e8a5d75b8d07d39e79f478f7727adbbe5,0xa69833b9fda816f1bfc79517e7932e64708df0dd,1707760307,
9963,sale,3.35,,,1707760307,
9963,transfer,0.0,0x57858ee2611b1f551e9cae9b9626e749deeca030,0x3302f51e8a5d75b8d07d39e79f478f7727adbbe5,1687537571,
9963,transfer,0.0,0x96b0fb0af5ed4489e2fe4720e4077c166b3a57cc,0x57858ee2611b1f551e9cae9b9626e749deeca030,1672508279,
9963,sale,6.16,,,1672508279,
9963,transfer,0.0,0xfb2092014888542b0fd52d6e88928fb780491d30,0x96b0fb0af5ed4489e2fe4720e4077c166b3a57cc,1656241140,
9963,transfer,0.0,0x620b70123fb810f6c653da7644b5dd0b6312e4d8,0xfb2092014888542b0fd52d6e88928fb780491d30,1650212567,
9963,transfer,0.0,0xfb2092014888542b0fd52d6e88928fb780491d30,0x620b70123fb810f6c653da7644b5dd0b6312e4d8,1646127520,
9963,transfer,0.0,0xc310e760778ecbca4c65b6c559874757a4c4ece0,0xfb2092014888542b0fd52d6e88928fb780491d30,1643651157,
9963,transfer,0.0,0xfb2092014888542b0fd52d6e88928fb780491d30,0xc310e760778ecbca4c65b6c559874757a4c4ece0,1643647371,
9963,transfer,0.0,0xd6efc21d8c941aa06f90075de1588ac7e912fec6,0xfb2092014888542b0fd52d6e88928fb780491d30,1643047129,
9963,transfer,0.0,0xfb2092014888542b0fd52d6e88928fb780491d30,0xd6efc21d8c941aa06f90075de1588ac7e912fec6,1643046977,
9963,sale,6.7,,,1640974050,
9963,transfer,0.0,0xe22a36dc96688cab8b346118dbd90a96aa607a14,0xfb2092014888542b0fd52d6e88928fb780491d30,1640974050,
9963,transfer,0.0,0x913cec617ba05e663b831ab9eebe4551dd5ffc18,0xe22a36dc96688cab8b346118dbd90a96aa607a14,1640916015,
9963,sale,5.5,,,1640916015,
9963,sale,1.15,,,1634546852,
9963,transfer,0.0,0xa35a48a2a309f7bc519d40305c9d290cf4db37f2,0x913cec617ba05e663b831ab9eebe4551dd5ffc18,1634546852,
9963,mint,0.0,0x0000000000000000000000000000000000000000,0xa35a48a2a309f7bc519d40305c9d290cf4db37f2,1634523243,
9975,transfer,0.0,0x19bc52e01b5d33daaae60b25eda9687379d5c76f,0xe0a36c474e9dfe16449b513968e408d8944cbc4e,1756475915,
9975,sale,1.0,,,1756475915,
9975,transfer,0.0,0x805076bb8b11466ae76cfd2d4b67bcb69f449070,0x19bc52e01b5d33daaae60b25eda9687379d5c76f,1755499787,
9975,sale,0.94,,,1755499787,
9975,transfer,0.0,0x27338ec76de6b9f5dae7f6990b3be4bdff605ad0,0x805076bb8b11466ae76cfd2d4b67bcb69f449070,1752167387,
9975,sale,0.9288,,,1752167207,
9975,transfer,0.0,0x29469395eaf6f95920e59f858042f0e28d98a20b,0x27338ec76de6b9f5dae7f6990b3be4bdff605ad0,1752167207,
9975,transfer,0.0,0x4d6edb2f7ed44f45985fac1f60488d19055ca460,0x29469395eaf6f95920e59f858042f0e28d98a20b,1751353511,
9975,transfer,0.0,0x29469395eaf6f95920e59f858042f0e28d98a20b,0x4d6edb2f7ed44f45985fac1f60488d19055ca460,1751353463,
9975,transfer,0.0,0x5ec5c2468674a5d10db93db588fbff5d8da2fdc1,0x29469395eaf6f95920e59f858042f0e28d98a20b,1751136443,
9975,sale,1.0,,,1751136443,
9975,transfer,0.0,0xbbb017c054c1bd00b95add371e5d68557a9273de,0x5ec5c2468674a5d10db93db588fbff5d8da2fdc1,1749947639,
9975,sale,0.9549,,,1749947639,
9975,sale,0.944,,,1749938123,
9975,transfer,0.0,0x1ba3ae448d297ddea5cd9892bf3f57d7fcd079c3,0xbbb017c054c1bd00b95add371e5d68557a9273de,1749938123,
9975,transfer,0.0,0x620b70123fb810f6c653da7644b5dd0b6312e4d8,0x1ba3ae448d297ddea5cd9892bf3f57d7fcd079c3,1749938015,
9975,transfer,0.0,0x1ba3ae448d297ddea5cd9892bf3f57d7fcd079c3,0x620b70123fb810f6c653da7644b5dd0b6312e4d8,1748432363,
9975,transfer,0.0,0x67969bc73b3056cee47dbadded7b3f81dbc4c73a,0x1ba3ae448d297ddea5cd9892bf3f57d7fcd079c3,1748432147,
9975,sale,1.2,,,1748432147,
9975,transfer,0.0,0x620b70123fb810f6c653da7644b5dd0b6312e4d8,0x67969bc73b3056cee47dbadded7b3f81dbc4c73a,1746685535,
9975,transfer,0.0,0x67969bc73b3056cee47dbadded7b3f81dbc4c73a,0x620b70123fb810f6c653da7644b5dd0b6312e4d8,1746604835,
9975,transfer,0.0,0x620b70123fb810f6c653da7644b5dd0b6312e4d8,0x67969bc73b3056cee47dbadded7b3f81dbc4c73a,1739968247,
9975,transfer,0.0,0x67969bc73b3056cee47dbadded7b3f81dbc4c73a,0x620b70123fb810f6c653da7644b5dd0b6312e4d8,1739775443,
9975,sale,4.19,,,1739552183,
9975,transfer,0.0,0x0f9d4b4c1a25311c4f7042c83fc94b564d31005d,0x67969bc73b3056cee47dbadded7b3f81dbc4c73a,1739552183,
9975,transfer,0.0,0x29469395eaf6f95920e59f858042f0e28d98a20b,0x0f9d4b4c1a25311c4f7042c83fc94b564d31005d,1737391043,
9975,transfer,0.0,0x162af4fd4d2f2d3a721aeee22e3cbb640f23735a,0x29469395eaf6f95920e59f858042f0e28d98a20b,1736446643,
9975,transfer,0.0,0x29469395eaf6f95920e59f858042f0e28d98a20b,0x162af4fd4d2f2d3a721aeee22e3cbb640f23735a,1736366447,
9975,transfer,0.0,0x162af4fd4d2f2d3a721aeee22e3cbb640f23735a,0x29469395eaf6f95920e59f858042f0e28d98a20b,1736210651,
9975,sale,5.269,,,1736184767,
9975,transfer,0.0,0x92b1cc12ee3e93bc33c66e8cca16dc12d3b8547f,0x162af4fd4d2f2d3a721aeee22e3cbb640f23735a,1736184767,
9975,sale,5.15,,,1735679951,
9975,transfer,0.0,0x26cac0001a1607afc3858054ff02918fbb099d20,0x92b1cc12ee3e93bc33c66e8cca16dc12d3b8547f,1735679951,
9975,transfer,0.0,0xd90f11cd6bc726e7a0fe8e305ffe3c957d43e2ec,0x26cac0001a1607afc3858054ff02918fbb099d20,1735589279,
9975,sale,5.4,,,1735589279,
9975,transfer,0.0,0xb69e92d89371f6f83d1f349212d5c2b6e95a6c6f,0xd90f11cd6bc726e7a0fe8e305ffe3c957d43e2ec,1732613759,
9975,transfer,0.0,0x29469395eaf6f95920e59f858042f0e28d98a20b,0xb69e92d89371f6f83d1f349212d5c2b6e95a6c6f,1732613687,
9975,sale,1.949,,,1732613687,
9975,transfer,0.0,0x0279582676affc46622add562a35bc9042fb425d,0x29469395eaf6f95920e59f858042f0e28d98a20b,1732530095,
9975,transfer,0.0,0xb5b471dbc967c004aaf7b28db9cc7ea311641bbf,0x0279582676affc46622add562a35bc9042fb425d,1732530047,
9975,sale,1.91,,,1732530047,
9975,transfer,0.0,0x620b70123fb810f6c653da7644b5dd0b6312e4d8,0xb5b471dbc967c004aaf7b28db9cc7ea311641bbf,1732528163,
9975,transfer,0.0,0xb5b471dbc967c004aaf7b28db9cc7ea311641bbf,0x620b70123fb810f6c653da7644b5dd0b6312e4d8,1732400291,
9975,transfer,0.0,0x29469395eaf6f95920e59f858042f0e28d98a20b,0xb5b471dbc967c004aaf7b28db9cc7ea311641bbf,1732399727,
9975,sale,2.0,,,1732399727,
9975,transfer,0.0,0xcf8a178a5f5d8d3bb77f53424b0589276d41a2e0,0x29469395eaf6f95920e59f858042f0e28d98a20b,1732384415,
9975,transfer,0.0,0x0f2fc577cf55917855602c136a86cd780492b494,0xcf8a178a5f5d8d3bb77f53424b0589276d41a2e0,1732380863,
9975,sale,1.86,,,1732380863,
9975,transfer,0.0,0x29469395eaf6f95920e59f858042f0e28d98a20b,0x0f2fc577cf55917855602c136a86cd780492b494,1732377167,
9975,transfer,0.0,0x0f2fc577cf55917855602c136a86cd780492b494,0x29469395eaf6f95920e59f858042f0e28d98a20b,1732148699,
9975,transfer,0.0,0x29469395eaf6f95920e59f858042f0e28d98a20b,0x0f2fc577cf55917855602c136a86cd780492b494,1732148183,
9975,sale,2.979,,,1731732695,
9975,transfer,0.0,0x38fccc4ed695dab2033f62d3df1ed315fe700610,0x29469395eaf6f95920e59f858042f0e28d98a20b,1731732695,
9975,transfer,0.0,0x7fb0b4402443dd16c99db6c32d8ed02888ca3850,0x38fccc4ed695dab2033f62d3df1ed315fe700610,1731688727,
9975,sale,2.49,,,1731688727,
9975,sale,1.269,,,1731127559,
9975,transfer,0.0,0x633964154279399661af668068a10e29b5570a15,0x7fb0b4402443dd16c99db6c32d8ed02888ca3850,1731127559,
9975,transfer,0.0,0x620b70123fb810f6c653da7644b5dd0b6312e4d8,0x633964154279399661af668068a10e29b5570a15,1731101351,
9975,transfer,0.0,0x633964154279399661af668068a10e29b5570a15,0x620b70123fb810f6c653da7644b5dd0b6312e4d8,1713410159,
9975,transfer,0.0,0x6ce47c82ac1826f245a4a7bc1df90eb5d821a54b,0x633964154279399661af668068a10e29b5570a15,1713409703,
9975,transfer,0.0,0x633964154279399661af668068a10e29b5570a15,0x6ce47c82ac1826f245a4a7bc1df90eb5d821a54b,1712859251,
9975,transfer,0.0,0xb1d9578cfd5211a795926e795530cc3c0517cc7f,0x633964154279399661af668068a10e29b5570a15,1707963647,
9975,sale,4.0,,,1707963647,
9975,sale,2.1,,,1690478435,
9975,transfer,0.0,0x2365e8ebde63c8f25c4ab3f9b5ee41853c4cdac3,0xb1d9578cfd5211a795926e795530cc3c0517cc7f,1690478435,
9975,transfer,0.0,0x1e31b88317294210b7cfa455acf0fc6514bf099c,0x2365e8ebde63c8f25c4ab3f9b5ee41853c4cdac3,1651725809,
9975,sale,25.0,,,1651725809,
9975,transfer,0.0,0xaf2a0292dc5a3898ea03e2355e1ea9741225147b,0x1e31b88317294210b7cfa455acf0fc6514bf099c,1650351327,
9975,transfer,0.0,0xd0e1115ff1c9875d9c955b64500be5c7c1a0dfd1,0xaf2a0292dc5a3898ea03e2355e1ea9741225147b,1648382244,
9975,transfer,0.0,0x6e33e90fae30d336886b605727e4605dce41f726,0xd0e1115ff1c9875d9c955b64500be5c7c1a0dfd1,1648130052,
9975,transfer,0.0,0x620b70123fb810f6c653da7644b5dd0b6312e4d8,0x6e33e90fae30d336886b605727e4605dce41f726,1647251066,
9975,transfer,0.0,0x6e33e90fae30d336886b605727e4605dce41f726,0x620b70123fb810f6c653da7644b5dd0b6312e4d8,1646117488,
9975,transfer,0.0,0x9ea2703a6a2b37707e5ddf91f66024ce2efc19af,0x6e33e90fae30d336886b605727e4605dce41f726,1644161596,
9975,transfer,0.0,0x0ce05c997177dbafb27f148f40652d9d4c8f9430,0x9ea2703a6a2b37707e5ddf91f66024ce2efc19af,1644135851,
9975,transfer,0.0,0x9ea2703a6a2b37707e5ddf91f66024ce2efc19af,0x0ce05c997177dbafb27f148f40652d9d4c8f9430,1644105273,
9975,transfer,0.0,0xf87d7fb5540966b495da294ca5f6d88d0035eeb9,0x9ea2703a6a2b37707e5ddf91f66024ce2efc19af,1642409368,
9975,transfer,0.0,0x1e31b88317294210b7cfa455acf0fc6514bf099c,0xf87d7fb5540966b495da294ca5f6d88d0035eeb9,1641799446,
9975,transfer,0.0,0x555577a564f8207fd49674bb066dfad045bdc7e9,0x1e31b88317294210b7cfa455acf0fc6514bf099c,1641798848,
9975,transfer,0.0,0x1e31b88317294210b7cfa455acf0fc6514bf099c,0x555577a564f8207fd49674bb066dfad045bdc7e9,1641042466,
9975,mint,0.0,0x0000000000000000000000000000000000000000,0x1e31b88317294210b7cfa455acf0fc6514bf099c,1634523243,
9921,sale,0.978799,,,1753019159,
9921,transfer,0.0,0xb14b7b40c7ec6ee7158977a4edafbd88c685bb96,0x0c30cb57ce0ef739433ea8c5e2ee0ecc4d3417ac,1753019159,
9921,transfer,0.0,0x29469395eaf6f95920e59f858042f0e28d98a20b,0xb14b7b40c7ec6ee7158977a4edafbd88c685bb96,1752945299,
9921,sale,0.96,,,1752939227,
9921,sale,0.969989,,,1752818603,
9921,transfer,0.0,0x412de0b8594b692f875f3f42523f9fbdf9fe1689,0x29469395eaf6f95920e59f858042f0e28d98a20b,1752818603,
9921,transfer,0.0,0x09384a6c36b541535eb65745108f5f8a9547c9c0,0x412de0b8594b692f875f3f42523f9fbdf9fe1689,1752813059,
9921,sale,1.11,,,1752592847,
9921,transfer,0.0,0x29469395eaf6f95920e59f858042f0e28d98a20b,0x09384a6c36b541535eb65745108f5f8a9547c9c0,1752592847,
9921,sale,1.088,,,1752587243,
9921,sale,0.955,,,1750702223,
9921,transfer,0.0,0x1ea27bce786a81022dfc156059771e8d3279a9a6,0x29469395eaf6f95920e59f858042f0e28d98a20b,1750641851,
9921,transfer,0.0,0x29469395eaf6f95920e59f858042f0e28d98a20b,0x1ea27bce786a81022dfc156059771e8d3279a9a6,1750634423,
9921,transfer,0.0,0xd231c3862bb65e915a202ae09572b31d29617729,0x29469395eaf6f95920e59f858042f0e28d98a20b,1747196267,
9921,transfer,0.0,0x29469395eaf6f95920e59f858042f0e28d98a20b,0xd231c3862bb65e915a202ae09572b31d29617729,1747196123,
9921,transfer,0.0,0xd231c3862bb65e915a202ae09572b31d29617729,0x29469395eaf6f95920e59f858042f0e28d98a20b,1747016999,
9921,transfer,0.0,0x620b70123fb810f6c653da7644b5dd0b6312e4d8,0xd231c3862bb65e915a202ae09572b31d29617729,1747015439,
9921,transfer,0.0,0xd231c3862bb65e915a202ae09572b31d29617729,0x620b70123fb810f6c653da7644b5dd0b6312e4d8,1734749951,
9921,transfer,0.0,0xfc27ca8e5ad7dc4fe1ed7c7509396b48d6ca03bd,0xd231c3862bb65e915a202ae09572b31d29617729,1634859930,
9921,sale,0.98,,,1634859201,
9921,transfer,0.0,0x1fe4ee4641e2a6ddf7771eb1c07412ba868bb537,0xfc27ca8e5ad7dc4fe1ed7c7509396b48d6ca03bd,1634859201,
9921,transfer,0.0,0x3ecd6a57d7c4670046d71ddc9bc0f05e0659ffcb,0x1fe4ee4641e2a6ddf7771eb1c07412ba868bb537,1634523395,
9921,sale,1.49,,,1634523395,
9921,mint,0.0,0x0000000000000000000000000000000000000000,0x3ecd6a57d7c4670046d71ddc9bc0f05e0659ffcb,1634523243,
9974,transfer,0.0,0x1244d96845d94b3d1a550110a5c97ef018f4d24e,0x72149165a7bf745cc63d9d6fa93d33891ca65869,1643531083,
9974,sale,3.3,,,1639525923,
9974,transfer,0.0,0x1e31b88317294210b7cfa455acf0fc6514bf099c,0x1244d96845d94b3d1a550110a5c97ef018f4d24e,1639525923,
9974,mint,0.0,0x0000000000000000000000000000000000000000,0x1e31b88317294210b7cfa455acf0fc6514bf099c,1634523243,
9971,transfer,0.0,0xd5ef1f9393deb1ff10a1704fa4510b22517d84b1,0x7daa66b76832d111a85f2fe2503f3fef7a54d91e,1641426896,
9971,sale,9.99,,,1641419795,
9971,transfer,0.0,0x5a5b1d78df09c7e7ea237380e4753564a12c59ad,0xd5ef1f9393deb1ff10a1704fa4510b22517d84b1,1641419795,
9971,transfer,0.0,0xcdcbd44526006122306293e4e2ae7f2d7352363e,0x5a5b1d78df09c7e7ea237380e4753564a12c59ad,1637861078,
9971,sale,3.5,,,1637730902,
9971,transfer,0.0,0x0468222405c1f78f80035c7a87254df9bb2a9381,0xcdcbd44526006122306293e4e2ae7f2d7352363e,1637730902,
9971,sale,1.8,,,1637004142,
9971,transfer,0.0,0xce20ae2446d5cfb30997ea6d218b2a799e077e8d,0x0468222405c1f78f80035c7a87254df9bb2a9381,1637004142,
9971,sale,1.8,,,1636912516,
9971,transfer,0.0,0x9aab0d76a7e382e0942d7dacc6480134977f88ad,0xce20ae2446d5cfb30997ea6d218b2a799e077e8d,1636912516,
9971,transfer,0.0,0xa683210a760b1f7a706102493e96ed28c3272aa1,0x9aab0d76a7e382e0942d7dacc6480134977f88ad,1635901635,
9971,sale,1.05,,,1635831332,
9971,transfer,0.0,0x9b275b982973754e1f46324d3d4c58e93805db1f,0xa683210a760b1f7a706102493e96ed28c3272aa1,1635831332,
9971,transfer,0.0,0x80912cac61261902247728872e87c7a89ca8fa49,0x9b275b982973754e1f46324d3d4c58e93805db1f,1634524520,
9971,sale,1.24,,,1634524520,
9971,mint,0.0,0x0000000000000000000000000000000000000000,0x80912cac61261902247728872e87c7a89ca8fa49,1634523243,
9964,sale,0.47677,,,1771946651,
9964,transfer,0.0,0xbbb017c054c1bd00b95add371e5d68557a9273de,0x7259588513eb0227769355920905e1302038360b,1771946651,
9964,transfer,0.0,0x9e4f2bd089f3fb7e5bbf2d44b1d56bff2230c6bf,0xbbb017c054c1bd00b95add371e5d68557a9273de,1771896431,
9964,sale,0.467,,,1771896431,
9964,sale,0.4808,,,1771804631,
9964,transfer,0.0,0xbca53208f4b68ebe49b02ddc9dee2ced3cba37ff,0x9e4f2bd089f3fb7e5bbf2d44b1d56bff2230c6bf,1771804631,
9964,sale,0.467235,,,1771803203,
9964,transfer,0.0,0x0fd2b7534b1601a60b1026b4be1865b39bf29b62,0xbca53208f4b68ebe49b02ddc9dee2ced3cba37ff,1771803203,
9964,transfer,0.0,0x7ff6c7e11a4b79c03eeabec6cd106225d53a48e9,0x0fd2b7534b1601a60b1026b4be1865b39bf29b62,1771802735,
9964,transfer,0.0,0xf3bfaceedb442e170f896d96e16ed01354c022bb,0x7ff6c7e11a4b79c03eeabec6cd106225d53a48e9,1771776239,
9964,sale,0.465,,,1771776239,
9964,transfer,0.0,0x0fd2b7534b1601a60b1026b4be1865b39bf29b62,0xf3bfaceedb442e170f896d96e16ed01354c022bb,1771685267,
9964,sale,0.476735,,,1771685267,
9964,transfer,0.0,0x7ff6c7e11a4b79c03eeabec6cd106225d53a48e9,0x0fd2b7534b1601a60b1026b4be1865b39bf29b62,1771330271,
9964,transfer,0.0,0xe5cb840fd8f158058972a14938fd49472bd40634,0x7ff6c7e11a4b79c03eeabec6cd106225d53a48e9,1771329383,
9964,sale,0.461,,,1771329383,
9964,transfer,0.0,0x89d73a8f14226bad6bdfff8282f69c2b7816a57b,0xe5cb840fd8f158058972a14938fd49472bd40634,1771176515,
9964,sale,0.51948,,,1771176515,
9964,sale,4.12,,,1739559491,
9964,transfer,0.0,0xefa171c1939ae0fff98513daab961785b1c79514,0x89d73a8f14226bad6bdfff8282f69c2b7816a57b,1739559491,
9964,sale,4.499,,,1739507471,
9964,transfer,0.0,0x53c801b4a0ef5e747e86f7e7c1564c57c80d8e9d,0xefa171c1939ae0fff98513daab961785b1c79514,1739507471,
9964,transfer,0.0,0x03f768383bde7f8adcfbc639f734362114545c57,0x53c801b4a0ef5e747e86f7e7c1564c57c80d8e9d,1739502683,
9964,sale,4.347,,,1739502683,
9964,sale,4.36,,,1739500787,
9964,transfer,0.0,0xfdf82846ad0bf80a0e7be59c1752c55e448aef25,0x03f768383bde7f8adcfbc639f734362114545c57,1739500787,
9964,sale,4.23,,,1739500775,
9964,transfer,0.0,0xeaa04b42f35a61ea84ecc001756cfd223103e988,0xfdf82846ad0bf80a0e7be59c1752c55e448aef25,1739500775,
9964,transfer,0.0,0x29469395eaf6f95920e59f858042f0e28d98a20b,0xeaa04b42f35a61ea84ecc001756cfd223103e988,1735848935,
9964,transfer,0.0,0xa67286d1051a789f9fad1b9e18b43644f8786cd3,0x29469395eaf6f95920e59f858042f0e28d98a20b,1735823375,
9964,sale,5.41,,,1735822223,
9964,transfer,0.0,0x7dba1768394a3d2b69f5737e0af64b7851371740,0xa67286d1051a789f9fad1b9e18b43644f8786cd3,1735822223,
9964,transfer,0.0,0x620b70123fb810f6c653da7644b5dd0b6312e4d8,0x7dba1768394a3d2b69f5737e0af64b7851371740,1735820315,
9964,transfer,0.0,0x7dba1768394a3d2b69f5737e0af64b7851371740,0x620b70123fb810f6c653da7644b5dd0b6312e4d8,1735465547,
9964,transfer,0.0,0x620b70123fb810f6c653da7644b5dd0b6312e4d8,0x7dba1768394a3d2b69f5737e0af64b7851371740,1735464767,
9964,transfer,0.0,0x7dba1768394a3d2b69f5737e0af64b7851371740,0x620b70123fb810f6c653da7644b5dd0b6312e4d8,1735462331,
9964,transfer,0.0,0x29469395eaf6f95920e59f858042f0e28d98a20b,0x7dba1768394a3d2b69f5737e0af64b7851371740,1735034435,
9964,sale,6.199206,,,1735034435,
9964,transfer,0.0,0x5b468edb7688e9ae6c1fa5a6d2debbef06e92907,0x29469395eaf6f95920e59f858042f0e28d98a20b,1735021307,
9964,transfer,0.0,0x620b70123fb810f6c653da7644b5dd0b6312e4d8,0x5b468edb7688e9ae6c1fa5a6d2debbef06e92907,1735021271,
9964,transfer,0.0,0x63011d3af136f5a75a81480c3aeb330268b9c2d7,0x620b70123fb810f6c653da7644b5dd0b6312e4d8,1646109892,
9964,transfer,0.0,0x52588edbe0a477aad90a2f84447158d82b5fad80,0x63011d3af136f5a75a81480c3aeb330268b9c2d7,1641949907,
9964,sale,11.9,,,1641949907,
9964,transfer,0.0,0x904778b44bd12a1f7c3f1b95ff3381a952296cd1,0x52588edbe0a477aad90a2f84447158d82b5fad80,1641327111,
9964,sale,8.12,,,1641327111,
9964,sale,3.845,,,1637263418,
9964,transfer,0.0,0x176acbd427320f671b1b20b13b8aaa810c5ab09c,0x904778b44bd12a1f7c3f1b95ff3381a952296cd1,1637263418,
9964,transfer,0.0,0x602faefcb76e96a0f205d9454cc8f1365554fa35,0x176acbd427320f671b1b20b13b8aaa810c5ab09c,1634965337,
9964,sale,1.34,,,1634965337,
9964,sale,1.146,,,1634539767,
9964,transfer,0.0,0x61efc233cfc4d8013c8b1e2d909cb39440874aa9,0x602faefcb76e96a0f205d9454cc8f1365554fa35,1634539767,
9964,transfer,0.0,0xa35a48a2a309f7bc519d40305c9d290cf4db37f2,0x61efc233cfc4d8013c8b1e2d909cb39440874aa9,1634536290,
9964,sale,1.1,,,1634536290,
9964,mint,0.0,0x0000000000000000000000000000000000000000,0xa35a48a2a309f7bc519d40305c9d290cf4db37f2,1634523243,
9919,transfer,0.0,0xd387a6e4e84a6c86bd90c158c6028a58cc8ac459,0x1a04741c4b77a741c304e14e17c013444e7cc58a,1651854462,
9919,transfer,0.0,0xa936e1d88760bf1664622535f3a9a8f9f7fe433d,0xd387a6e4e84a6c86bd90c158c6028a58cc8ac459,1648203896,
9919,sale,14.0,,,1648203896,
9919,transfer,0.0,0x620b70123fb810f6c653da7644b5dd0b6312e4d8,0xa936e1d88760bf1664622535f3a9a8f9f7fe433d,1646110200,
9919,transfer,0.0,0xa936e1d88760bf1664622535f3a9a8f9f7fe433d,0x620b70123fb810f6c653da7644b5dd0b6312e4d8,1646108222,
9919,sale,12.4,,,1646105349,
9919,transfer,0.0,0xdc2d12cdefe1b3b9060692a5d47015d219286077,0xa936e1d88760bf1664622535f3a9a8f9f7fe433d,1646105349,
9919,sale,9.5,,,1642891396,
9919,transfer,0.0,0xf7d27a880ca908f11b60149bd0ba993c94f41a9a,0xdc2d12cdefe1b3b9060692a5d47015d219286077,1642891396,
9919,sale,1.09,,,1634924307,
9919,transfer,0.0,0xc35a5fec6be6957899e15559be252db882220b37,0xf7d27a880ca908f11b60149bd0ba993c94f41a9a,1634924307,
9919,transfer,0.0,0x3ecd6a57d7c4670046d71ddc9bc0f05e0659ffcb,0xc35a5fec6be6957899e15559be252db882220b37,1634524812,
9919,sale,1.19,,,1634524812,
9919,mint,0.0,0x0000000000000000000000000000000000000000,0x3ecd6a57d7c4670046d71ddc9bc0f05e0659ffcb,1634523243,
9786,transfer,0.0,0x35cbedc3412d3c93dec4afa60ddf38c2a9c38865,0xd7dacdc6f681ce558c1f5b31475793521041c112,1734906851,
9786,transfer,0.0,0xd57721b29f2a17ab6a0635210ce05dbbecf5cbf4,0x35cbedc3412d3c93dec4afa60ddf38c2a9c38865,1693660823,
9786,sale,1.68,,,1693660799,
9786,transfer,0.0,0xc216bf3423bc19a03b06f1e5bc9e4f00d0e806c2,0xd57721b29f2a17ab6a0635210ce05dbbecf5cbf4,1693660799,
9786,sale,1.4,,,1693044875,
9786,transfer,0.0,0x0b058577e087b7806eeb81fe6f0fbdf3e2b23543,0xc216bf3423bc19a03b06f1e5bc9e4f00d0e806c2,1693044875,
9786,transfer,0.0,0x620b70123fb810f6c653da7644b5dd0b6312e4d8,0x0b058577e087b7806eeb81fe6f0fbdf3e2b23543,1647787287,
9786,transfer,0.0,0x0b058577e087b7806eeb81fe6f0fbdf3e2b23543,0x620b70123fb810f6c653da7644b5dd0b6312e4d8,1646106541,
9786,transfer,0.0,0xdea34774193a9ce4d3355cbd7a7d824c1bafbea8,0x0b058577e087b7806eeb81fe6f0fbdf3e2b23543,1639285049,
9786,sale,1.65,,,1635296959,
9786,transfer,0.0,0x875067ff18cd25e715aa8ca094466c65e709b8da,0xdea34774193a9ce4d3355cbd7a7d824c1bafbea8,1635296959,
9786,transfer,0.0,0x2d4eb91cddea03a2a55ccca343147eca764076e2,0x875067ff18cd25e715aa8ca094466c65e709b8da,1635258293,
9786,sale,1.35,,,1634539540,
9786,transfer,0.0,0xe6d029fd16f6fb0e7eae3553fad5de209bc03d6c,0x2d4eb91cddea03a2a55ccca343147eca764076e2,1634539540,
9786,transfer,0.0,0x5656f29644ae1589635fedc3cf1de11f312428d4,0xe6d029fd16f6fb0e7eae3553fad5de209bc03d6c,1634523907,
9786,mint,0.0,0x0000000000000000000000000000000000000000,0x5656f29644ae1589635fedc3cf1de11f312428d4,1634523213,
9944,sale,1.03,,,1749363431,
9944,transfer,0.0,0x4d6edb2f7ed44f45985fac1f60488d19055ca460,0xc04fec15c5a3e2efcf7cc321ebd1d18da6db73f0,1749363431,
9944,sale,1.034999,,,1749362591,
9944,transfer,0.0,0x412de0b8594b692f875f3f42523f9fbdf9fe1689,0x4d6edb2f7ed44f45985fac1f60488d19055ca460,1749362591,
9944,transfer,0.0,0x29469395eaf6f95920e59f858042f0e28d98a20b,0x412de0b8594b692f875f3f42523f9fbdf9fe1689,1749333047,
9944,transfer,0.0,0x0587e41b6aa2302b2cc3b6e53e3cc50e3698fca2,0x29469395eaf6f95920e59f858042f0e28d98a20b,1748548979,
9944,sale,1.0497,,,1748548979,
9944,sale,1.05,,,1748519903,
9944,transfer,0.0,0xfa3788c6eecbb5bdec01556a2454c39d154a69f3,0x0587e41b6aa2302b2cc3b6e53e3cc50e3698fca2,1748519903,
9944,transfer,0.0,0xc00a2caa032926d645632ffed3f7088940e53aa1,0xfa3788c6eecbb5bdec01556a2454c39d154a69f3,1748517935,
9944,transfer,0.0,0xfa3788c6eecbb5bdec01556a2454c39d154a69f3,0xc00a2caa032926d645632ffed3f7088940e53aa1,1746799787,
9944,sale,1.299,,,1746799655,
9944,transfer,0.0,0xfb6c769a5844d19d6228023a09f9f4f09e5f1f94,0xfa3788c6eecbb5bdec01556a2454c39d154a69f3,1746799655,
9944,transfer,0.0,0x4aa64708573dd95c7abbb014001e2705189d36ef,0xfb6c769a5844d19d6228023a09f9f4f09e5f1f94,1746798479,
9944,sale,1.01199,,,1746798479,
9944,transfer,0.0,0x7077546ab2c8321edde5ec5ca431d7db2c6caccf,0x4aa64708573dd95c7abbb014001e2705189d36ef,1746797987,
9944,sale,0.971,,,1746797987,
9944,sale,3.479,,,1746573095,
9944,transfer,0.0,0x32b48f38facb1747c6e26b91aa3255f27d4d4628,0x7077546ab2c8321edde5ec5ca431d7db2c6caccf,1746573095,
9944,sale,3.99,,,1739783867,
9944,transfer,0.0,0x9fea69241d851ff897bcb9ebd8ac2839243f7aec,0x32b48f38facb1747c6e26b91aa3255f27d4d4628,1739783867,
9944,transfer,0.0,0x76951f6e84213f189fee1524d382b312dfd85ebc,0x9fea69241d851ff897bcb9ebd8ac2839243f7aec,1739783639,
9944,sale,3.99,,,1739783639,
9944,sale,3.97321,,,1739780879,
9944,transfer,0.0,0xa4fb0e1f6ad0a87a3ec2427ca3a944c42d19d1ca,0x76951f6e84213f189fee1524d382b312dfd85ebc,1739780879,
9944,sale,3.97401,,,1739780771,
9944,transfer,0.0,0x76951f6e84213f189fee1524d382b312dfd85ebc,0xa4fb0e1f6ad0a87a3ec2427ca3a944c42d19d1ca,1739780771,
9944,transfer,0.0,0x3c8c2a111eb1e47d55acb6d5d2b96d5936210e04,0x76951f6e84213f189fee1524d382b312dfd85ebc,1739778107,
9944,sale,3.9787,,,1739778107,
9944,sale,3.99,,,1739774051,
9944,transfer,0.0,0xfc2b70a3928ac6240bafb9313a6136d2ff6480a5,0x3c8c2a111eb1e47d55acb6d5d2b96d5936210e04,1739774051,
9944,transfer,0.0,0x26a54008aa805fcc7b8d0c361dea1cb6e9cc0392,0xfc2b70a3928ac6240bafb9313a6136d2ff6480a5,1739755439,
9944,transfer,0.0,0xfb10c06fbeddc8e91e062b5d6af70befc8839e8a,0x26a54008aa805fcc7b8d0c361dea1cb6e9cc0392,1739749139,
9944,sale,3.97381,,,1739749139,
9944,transfer,0.0,0x86ba22e3e4a2ec1ae984e9a53e64001c7631c660,0xfb10c06fbeddc8e91e062b5d6af70befc8839e8a,1739585651,
9944,sale,4.02,,,1739585651,
9944,transfer,0.0,0x620b70123fb810f6c653da7644b5dd0b6312e4d8,0x86ba22e3e4a2ec1ae984e9a53e64001c7631c660,1739584799,
9944,transfer,0.0,0xe8f4edd82934ef493f12bcbad39108f6ffa5d4a8,0x620b70123fb810f6c653da7644b5dd0b6312e4d8,1739501111,
9944,sale,5.39,,,1739466335,
9944,transfer,0.0,0xe33e31e143b15640e899750c45a7ab8ec04c56e5,0xe8f4edd82934ef493f12bcbad39108f6ffa5d4a8,1739466335,
9944,transfer,0.0,0xb596ab7cadfd817448a7f099ad87df3f7a16f131,0xe33e31e143b15640e899750c45a7ab8ec04c56e5,1739466071,
9944,sale,5.05,,,1739466071,
9944,transfer,0.0,0xe3b2a6f3c4a3abd0d2e1e0e209cfc82c07b4fac8,0xb596ab7cadfd817448a7f099ad87df3f7a16f131,1733715227,
9944,transfer,0.0,0xb596ab7cadfd817448a7f099ad87df3f7a16f131,0xe3b2a6f3c4a3abd0d2e1e0e209cfc82c07b4fac8,1731921707,
9944,transfer,0.0,0x620b70123fb810f6c653da7644b5dd0b6312e4d8,0xb596ab7cadfd817448a7f099ad87df3f7a16f131,1731921599,
9944,transfer,0.0,0xb596ab7cadfd817448a7f099ad87df3f7a16f131,0x620b70123fb810f6c653da7644b5dd0b6312e4d8,1723197587,
9944,transfer,0.0,0x620b70123fb810f6c653da7644b5dd0b6312e4d8,0xb596ab7cadfd817448a7f099ad87df3f7a16f131,1648724410,
9944,transfer,0.0,0xb596ab7cadfd817448a7f099ad87df3f7a16f131,0x620b70123fb810f6c653da7644b5dd0b6312e4d8,1646116741,
9944,transfer,0.0,0xe3b2a6f3c4a3abd0d2e1e0e209cfc82c07b4fac8,0xb596ab7cadfd817448a7f099ad87df3f7a16f131,1644317139,
9944,transfer,0.0,0xd259de2ae4d5882d1db84b7375361a2e751bebd3,0xe3b2a6f3c4a3abd0d2e1e0e209cfc82c07b4fac8,1643156811,
9944,transfer,0.0,0x55d42b515e41de9a895874f758502565a0cecd73,0xd259de2ae4d5882d1db84b7375361a2e751bebd3,1642491119,
9944,sale,1.4,,,1634991163,
9944,transfer,0.0,0x226b36867933a4ec424717c13871f07254a730a6,0x55d42b515e41de9a895874f758502565a0cecd73,1634991163,
9944,mint,0.0,0x0000000000000000000000000000000000000000,0x226b36867933a4ec424717c13871f07254a730a6,1634523243,
9950,sale,1.049483,,,1754840987,
9950,transfer,0.0,0xa25b1130c3d6ec1c94b5c7d68baf080bb5f23067,0x0fc0cc8d3bcc9559a273b67137c13dc63bc36caf,1754840987,
9950,sale,1.01,,,1754838911,
9950,transfer,0.0,0x8ed037f74dc55cabfe439d633b23be7ec93e0e23,0xa25b1130c3d6ec1c94b5c7d68baf080bb5f23067,1754838911,
9950,sale,1.0473,,,1754683763,
9950,transfer,0.0,0x9afbbbeec197950b2c393193fd849bcb75ccf44a,0x8ed037f74dc55cabfe439d633b23be7ec93e0e23,1754683763,
9950,sale,1.05,,,1751551355,
9950,transfer,0.0,0xdce81d202f80a6c4b144dec373df2311ea74afc7,0x9afbbbeec197950b2c393193fd849bcb75ccf44a,1751551355,
9950,transfer,0.0,0x856565db827588a88780454863f98a4a323e13aa,0xdce81d202f80a6c4b144dec373df2311ea74afc7,1685165567,
9950,sale,2.545,,,1682233751,
9950,transfer,0.0,0xf490f58567fabfc2aee47ffa3a87be29590df3b3,0x856565db827588a88780454863f98a4a323e13aa,1682233751,
9950,transfer,0.0,0x5b23c16c78b453d1db804fc45e97c39f280e8393,0xf490f58567fabfc2aee47ffa3a87be29590df3b3,1682231111,
9950,sale,2.5,,,1682231111,
9950,transfer,0.0,0xf5fddb64c566f2709b68378fd0d0092cf947d931,0x5b23c16c78b453d1db804fc45e97c39f280e8393,1678861199,
9950,transfer,0.0,0x1c0549acd320f55149e700bd3385005653c7b29a,0xf5fddb64c566f2709b68378fd0d0092cf947d931,1675620563,
9950,transfer,0.0,0xf5fddb64c566f2709b68378fd0d0092cf947d931,0x1c0549acd320f55149e700bd3385005653c7b29a,1674371279,
9950,transfer,0.0,0x620b70123fb810f6c653da7644b5dd0b6312e4d8,0xf5fddb64c566f2709b68378fd0d0092cf947d931,1647537417,
9950,transfer,0.0,0xf5fddb64c566f2709b68378fd0d0092cf947d931,0x620b70123fb810f6c653da7644b5dd0b6312e4d8,1646112555,
9950,transfer,0.0,0x234e8c96facc6f6f84f8b14185ffaa11d77fefbf,0xf5fddb64c566f2709b68378fd0d0092cf947d931,1637022314,
9950,sale,1.957,,,1637022314,
9950,sale,0.9,,,1634586931,
9950,transfer,0.0,0xafd66a233740f27c37a05160142249d47594af75,0x234e8c96facc6f6f84f8b14185ffaa11d77fefbf,1634586931,
9950,transfer,0.0,0x61796c9e31ffa87a92c13122879783aa90266232,0xafd66a233740f27c37a05160142249d47594af75,1634532646,
9950,sale,1.0,,,1634532646,
9950,sale,1.39,,,1634523783,
9950,transfer,0.0,0x64ff257d292d66be0b5ab173b122f88308bc1b45,0x61796c9e31ffa87a92c13122879783aa90266232,1634523783,
9950,mint,0.0,0x0000000000000000000000000000000000000000,0x64ff257d292d66be0b5ab173b122f88308bc1b45,1634523243,
9912,transfer,0.0,0x000000001ee9baec2fd8676a913a3dfa2092ac6b,0xad8a3b554111a85a4236ea14c09f4e2fca460370,1746585563,
9912,transfer,0.0,0x934581248b2ff6f6ee18597a495ddc01db9f13f6,0x000000001ee9baec2fd8676a913a3dfa2092ac6b,1741085363,
9912,sale,3.14,,,1741063631,
9912,transfer,0.0,0x2777df13d272c9433858f5e1947b51e6a4720d60,0x934581248b2ff6f6ee18597a495ddc01db9f13f6,1741063631,
9912,sale,3.11,,,1741058219,
9912,transfer,0.0,0xdf2855047a6f51639eb08835ca49058404a4d7ea,0x2777df13d272c9433858f5e1947b51e6a4720d60,1741058219,
9912,transfer,0.0,0x29469395eaf6f95920e59f858042f0e28d98a20b,0xdf2855047a6f51639eb08835ca49058404a4d7ea,1740759635,
9912,sale,3.35,,,1740759635,
9912,sale,4.35,,,1738014575,
9912,sale,4.7236,,,1737827243,
9912,transfer,0.0,0x7f8a47c9ce3c23c9f1d84c2dff0c37b8b618d39b,0x29469395eaf6f95920e59f858042f0e28d98a20b,1737827243,
9912,transfer,0.0,0xa171759d8386222e05f997b04a46117f9d41846d,0x7f8a47c9ce3c23c9f1d84c2dff0c37b8b618d39b,1736782895,
9912,sale,3.759,,,1736782895,
9912,transfer,0.0,0x29469395eaf6f95920e59f858042f0e28d98a20b,0xa171759d8386222e05f997b04a46117f9d41846d,1736780303,
9912,transfer,0.0,0x26da8b7c03698371aecb4307b7de31068dbcab1d,0x29469395eaf6f95920e59f858042f0e28d98a20b,1736369159,
9912,transfer,0.0,0x6982796bb253417a8a261f65836aa7e6a756fcf3,0x26da8b7c03698371aecb4307b7de31068dbcab1d,1736365415,
9912,sale,4.73,,,1736365415,
9870,transfer,0.0,0xf5d49c18021a77efad9512bad47a937d2d0624b8,0x620b70123fb810f6c653da7644b5dd0b6312e4d8,1712808527,
9870,transfer,0.0,0x958ab8695f33cc5beccbcb90b5a6c11b5f705e39,0xf5d49c18021a77efad9512bad47a937d2d0624b8,1699315427,
9870,transfer,0.0,0x2633b996052f016aca973591b31cd1c18ba6ca8b,0x958ab8695f33cc5beccbcb90b5a6c11b5f705e39,1697769791,
9870,sale,1.16,,,1697752655,
9870,transfer,0.0,0xff0e3cfc2bfb25a8950144280995a2f565a84ae8,0x2633b996052f016aca973591b31cd1c18ba6ca8b,1697752655,
9870,sale,1.17,,,1697720087,
9870,transfer,0.0,0x0000006f43b26ba724ae3ddb0c55536d64e5f985,0xff0e3cfc2bfb25a8950144280995a2f565a84ae8,1697720087,
9870,sale,1.1798,,,1697278547,
9870,transfer,0.0,0xf89c94f43b36719046b55e2ae60bacbfc0db1c6a,0x0000006f43b26ba724ae3ddb0c55536d64e5f985,1697278547,
9870,sale,1.19,,,1696979723,
9870,transfer,0.0,0x0000006f43b26ba724ae3ddb0c55536d64e5f985,0xf89c94f43b36719046b55e2ae60bacbfc0db1c6a,1696979723,
9870,transfer,0.0,0x50e01433711f0cde93d09856405f64a579fa5244,0x0000006f43b26ba724ae3ddb0c55536d64e5f985,1696853879,
9870,sale,1.19,,,1696853879,
9870,transfer,0.0,0x4cec924686aa44056eb36064abe887d6af0d7cff,0x50e01433711f0cde93d09856405f64a579fa5244,1696622027,
9870,sale,1.23,,,1696622027,
9870,sale,1.2129,,,1696618847,
9870,transfer,0.0,0x924baf1e2bbc58e9cfe333d4c7074886a6af1afe,0x4cec924686aa44056eb36064abe887d6af0d7cff,1696618847,
9870,transfer,0.0,0x620b70123fb810f6c653da7644b5dd0b6312e4d8,0x924baf1e2bbc58e9cfe333d4c7074886a6af1afe,1675360283,
9870,transfer,0.0,0x924baf1e2bbc58e9cfe333d4c7074886a6af1afe,0x620b70123fb810f6c653da7644b5dd0b6312e4d8,1646108059,
9870,transfer,0.0,0x987d2ae070ee7efb41b5a970f16bc3be02550f50,0x924baf1e2bbc58e9cfe333d4c7074886a6af1afe,1635020150,
9870,transfer,0.0,0xed4b870b183f58ca022c20500221c98aef1937e6,0x987d2ae070ee7efb41b5a970f16bc3be02550f50,1634530169,
9870,sale,1.18,,,1634530169,
9870,mint,0.0,0x0000000000000000000000000000000000000000,0xed4b870b183f58ca022c20500221c98aef1937e6,1634523213,
9855,sale,1.18,,,1747387043,
9855,transfer,0.0,0x6b8be925ed8277fe4d27820ae4677e76ebf4c255,0x0d89b6d9e03caeb4ead90445b8f9851bff3b8454,1747387043,
9855,sale,4.0495,,,1739708963,
9855,transfer,0.0,0xdfa515b3ba7c0a90a3a33f571692e6303f963909,0x6b8be925ed8277fe4d27820ae4677e76ebf4c255,1739708963,
9855,sale,4.55,,,1739490611,
9855,transfer,0.0,0xed9d8181519ea319bba78831ec5b1260aff122a2,0xdfa515b3ba7c0a90a3a33f571692e6303f963909,1739490611,
9855,transfer,0.0,0x29469395eaf6f95920e59f858042f0e28d98a20b,0xed9d8181519ea319bba78831ec5b1260aff122a2,1739486423,
9855,sale,4.568,,,1739475179,
9855,transfer,0.0,0xaa211df9dec064e00fe274b635076c8961922fbe,0x29469395eaf6f95920e59f858042f0e28d98a20b,1739470703,
9855,sale,4.5,,,1739470703,
9855,sale,4.3,,,1739418731,
9855,transfer,0.0,0x29469395eaf6f95920e59f858042f0e28d98a20b,0xaa211df9dec064e00fe274b635076c8961922fbe,1739418731,
9855,sale,3.749,,,1739240447,
9855,sale,3.739,,,1739138279,
9855,sale,3.8369,,,1738883195,
9855,transfer,0.0,0x64178cb8054e231a355bfc5db740f0268b5ca0d2,0x29469395eaf6f95920e59f858042f0e28d98a20b,1738872995,
9855,sale,3.89,,,1738871867,
9855,transfer,0.0,0xe5d89fe4811a248c23f93976d95f18759961efad,0x64178cb8054e231a355bfc5db740f0268b5ca0d2,1738871867,
9855,transfer,0.0,0x620b70123fb810f6c653da7644b5dd0b6312e4d8,0xe5d89fe4811a248c23f93976d95f18759961efad,1738870715,
9855,transfer,0.0,0xe5d89fe4811a248c23f93976d95f18759961efad,0x620b70123fb810f6c653da7644b5dd0b6312e4d8,1732997603,
9855,transfer,0.0,0x958ab8695f33cc5beccbcb90b5a6c11b5f705e39,0xe5d89fe4811a248c23f93976d95f18759961efad,1719252647,
9855,transfer,0.0,0x7e5ccbf79f81baf0430a9ed8208580c7157f143c,0xe2840826c43c25e88a5ef43ff790d7105889dd6e,1705992635,
9855,transfer,0.0,0xe2840826c43c25e88a5ef43ff790d7105889dd6e,0x958ab8695f33cc5beccbcb90b5a6c11b5f705e39,1705992635,
9855,sale,2.74,,,1705992599,
9855,transfer,0.0,0x67adc609fd1a6d12d7f223b7d215d7df1027f988,0x7e5ccbf79f81baf0430a9ed8208580c7157f143c,1705992599,
9855,transfer,0.0,0x77e3e957082ca648c1c5b0f3e6aec00ab1245186,0x67adc609fd1a6d12d7f223b7d215d7df1027f988,1698823679,
9855,sale,1.4888,,,1698823679,
9855,transfer,0.0,0x16c40905ba8feed84a82f984b1cb33a8e31a9012,0x77e3e957082ca648c1c5b0f3e6aec00ab1245186,1698761591,
9855,sale,1.48,,,1698761591,
9855,transfer,0.0,0x23d9b679260f64136ad995ed43f8abc95b89a795,0x16c40905ba8feed84a82f984b1cb33a8e31a9012,1697868455,
9855,sale,1.215,,,1697868455,
9855,sale,1.2,,,1697805755,
9855,transfer,0.0,0x8d6eab0bb32c6105b458f7dc1bf9d80efbc0d188,0x23d9b679260f64136ad995ed43f8abc95b89a795,1697805755,
9855,sale,1.2,,,1697804147,
9855,transfer,0.0,0xfa0e027fcb7ce300879f3729432cd505826eaabc,0x8d6eab0bb32c6105b458f7dc1bf9d80efbc0d188,1697804147,
9855,transfer,0.0,0x20fd90479a72e9399c4dca2e4423c87db67f0f00,0xfa0e027fcb7ce300879f3729432cd505826eaabc,1697801435,
9855,sale,1.2,,,1697801435,
9855,sale,4.4268,,,1678675439,
9855,transfer,0.0,0x51b384872428fb424d8e193ee8733e960a9256e0,0x20fd90479a72e9399c4dca2e4423c87db67f0f00,1678675439,
9855,transfer,0.0,0x88a66fd0c5d8cbac251f95381a032748341e7fc3,0x51b384872428fb424d8e193ee8733e960a9256e0,1678566947,
9855,sale,4.16,,,1678566947,
9855,transfer,0.0,0x229e09d943a94c162a662ba0ffbcad21521b477a,0x88a66fd0c5d8cbac251f95381a032748341e7fc3,1678433771,
9855,transfer,0.0,0x88a66fd0c5d8cbac251f95381a032748341e7fc3,0x229e09d943a94c162a662ba0ffbcad21521b477a,1666311335,
9855,transfer,0.0,0x0a36f4bf39ed7d4718bd1b8dd759c19986ccd1a7,0x88a66fd0c5d8cbac251f95381a032748341e7fc3,1666311167,
9855,transfer,0.0,0x88a66fd0c5d8cbac251f95381a032748341e7fc3,0x0a36f4bf39ed7d4718bd1b8dd759c19986ccd1a7,1661224241,
9855,sale,6.739,,,1661159858,
9855,transfer,0.0,0x34ccc716fa3f6c667dae0e6d9b1e0a9418873b8a,0x88a66fd0c5d8cbac251f95381a032748341e7fc3,1661159858,
9855,transfer,0.0,0xaa3eca80ca17c1b5b7382ce67b285ceae730fbbf,0x34ccc716fa3f6c667dae0e6d9b1e0a9418873b8a,1645324356,
9855,mint,0.0,0x0000000000000000000000000000000000000000,0xaa3eca80ca17c1b5b7382ce67b285ceae730fbbf,1634523213,
