identifier,transaction_count,avg_price_eth,max_price_eth,min_price_eth,total_volume_eth,unique_buyers,unique_sellers
9989,0,0.0,0.0,0.0,0.0,0,0
9983,0,0.0,0.0,0.0,0.0,0,0
9966,0,0.0,0.0,0.0,0.0,0,0
9972,0,0.0,0.0,0.0,0.0,0,0
9984,0,0.0,0.0,0.0,0.0,0,0
9985,0,0.0,0.0,0.0,0.0,0,0
9967,0,0.0,0.0,0.0,0.0,0,0
9996,0,0.0,0.0,0.0,0.0,0,0
9969,0,0.0,0.0,0.0,0.0,0,0
9978,0,0.0,0.0,0.0,0.0,0,0
9987,0,0.0,0.0,0.0,0.0,0,0
9980,0,0.0,0.0,0.0,0.0,0,0
9973,0,0.0,0.0,0.0,0.0,0,0
9965,0,0.0,0.0,0.0,0.0,0,0
9992,0,0.0,0.0,0.0,0.0,0,0
9981,0,0.0,0.0,0.0,0.0,0,0
9995,0,0.0,0.0,0.0,0.0,0,0
9982,0,0.0,0.0,0.0,0.0,0,0
9999,0,0.0,0.0,0.0,0.0,0,0
9993,0,0.0,0.0,0.0,0.0,0,0
9990,0,0.0,0.0,0.0,0.0,0,0
9975,0,0.0,0.0,0.0,0.0,0,0
9976,0,0.0,0.0,0.0,0.0,0,0
9974,0,0.0,0.0,0.0,0.0,0,0
9986,0,0.0,0.0,0.0,0.0,0,0
9970,0,0.0,0.0,0.0,0.0,0,0
9998,0,0.0,0.0,0.0,0.0,0,0
9979,0,0.0,0.0,0.0,0.0,0,0
9994,0,0.0,0.0,0.0,0.0,0,0
9988,0,0.0,0.0,0.0,0.0,0,0
9997,0,0.0,0.0,0.0,0.0,0,0
9968,0,0.0,0.0,0.0,0.0,0,0
9991,0,0.0,0.0,0.0,0.0,0,0
9977,0,0.0,0.0,0.0,0.0,0,0
9971,0,0.0,0.0,0.0,0.0,0,0
9956,0,0.0,0.0,0.0,0.0,0,0
9930,0,0.0,0.0,0.0,0.0,0,0
9934,0,0.0,0.0,0.0,0.0,0,0
9915,0,0.0,0.0,0.0,0.0,0,0
9958,0,0.0,0.0,0.0,0.0,0,0
9943,0,0.0,0.0,0.0,0.0,0,0
9961,0,0.0,0.0,0.0,0.0,0,0
9921,0,0.0,0.0,0.0,0.0,0,0
9935,0,0.0,0.0,0.0,0.0,0,0
9925,0,0.0,0.0,0.0,0.0,0,0
9954,0,0.0,0.0,0.0,0.0,0,0
9913,0,0.0,0.0,0.0,0.0,0,0
9922,0,0.0,0.0,0.0,0.0,0,0
9963,0,0.0,0.0,0.0,0.0,0,0
9936,0,0.0,0.0,0.0,0.0,0,0
9946,0,0.0,0.0,0.0,0.0,0,0
9910,0,0.0,0.0,0.0,0.0,0,0
9944,0,0.0,0.0,0.0,0.0,0,0
9909,0,0.0,0.0,0.0,0.0,0,0
9928,0,0.0,0.0,0.0,0.0,0,0
9932,0,0.0,0.0,0.0,0.0,0,0
9938,0,0.0,0.0,0.0,0.0,0,0
9951,0,0.0,0.0,0.0,0.0,0,0
9911,0,0.0,0.0,0.0,0.0,0,0
9919,0,0.0,0.0,0.0,0.0,0,0
9942,0,0.0,0.0,0.0,0.0,0,0
9908,0,0.0,0.0,0.0,0.0,0,0
9940,0,0.0,0.0,0.0,0.0,0,0
9941,0,0.0,0.0,0.0,0.0,0,0
9953,0,0.0,0.0,0.0,0.0,0,0
9920,0,0.0,0.0,0.0,0.0,0,0
9947,0,0.0,0.0,0.0,0.0,0,0
9952,0,0.0,0.0,0.0,0.0,0,0
9955,0,0.0,0.0,0.0,0.0,0,0
9912,0,0.0,0.0,0.0,0.0,0,0
9916,0,0.0,0.0,0.0,0.0,0,0
9964,0,0.0,0.0,0.0,0.0,0,0
9933,0,0.0,0.0,0.0,0.0,0,0
9923,0,0.0,0.0,0.0,0.0,0,0
9957,0,0.0,0.0,0.0,0.0,0,0
9924,0,0.0,0.0,0.0,0.0,0,0
9950,0,0.0,0.0,0.0,0.0,0,0
9929,0,0.0,0.0,0.0,0.0,0,0
9939,0,0.0,0.0,0.0,0.0,0,0
9948,0,0.0,0.0,0.0,0.0,0,0
9962,0,0.0,0.0,0.0,0.0,0,0
9960,0,0.0,0.0,0.0,0.0,0,0
9937,0,0.0,0.0,0.0,0.0,0,0
9926,0,0.0,0.0,0.0,0.0,0,0
9931,0,0.0,0.0,0.0,0.0,0,0
9949,0,0.0,0.0,0.0,0.0,0,0
9927,0,0.0,0.0,0.0,0.0,0,0
9945,0,0.0,0.0,0.0,0.0,0,0
9959,0,0.0,0.0,0.0,0.0,0,0
9918,0,0.0,0.0,0.0,0.0,0,0
9914,0,0.0,0.0,0.0,0.0,0,0
9917,0,0.0,0.0,0.0,0.0,0,0
9872,0,0.0,0.0,0.0,0.0,0,0
9888,0,0.0,0.0,0.0,0.0,0,0
9903,0,0.0,0.0,0.0,0.0,0,0
9871,0,0.0,0.0,0.0,0.0,0,0
9886,0,0.0,0.0,0.0,0.0,0,0
9875,0,0.0,0.0,0.0,0.0,0,0
9873,0,0.0,0.0,0.0,0.0,0,0
9890,0,0.0,0.0,0.0,0.0,0,0
9889,0,0.0,0.0,0.0,0.0,0,0
9866,0,0.0,0.0,0.0,0.0,0,0
9885,0,0.0,0.0,0.0,0.0,0,0
9904,0,0.0,0.0,0.0,0.0,0,0
9898,0,0.0,0.0,0.0,0.0,0,0
9870,0,0.0,0.0,0.0,0.0,0,0
9874,0,0.0,0.0,0.0,0.0,0,0
9882,0,0.0,0.0,0.0,0.0,0,0
9867,0,0.0,0.0,0.0,0.0,0,0
9880,0,0.0,0.0,0.0,0.0,0,0
9895,0,0.0,0.0,0.0,0.0,0,0
9879,0,0.0,0.0,0.0,0.0,0,0
9906,0,0.0,0.0,0.0,0.0,0,0
9896,0,0.0,0.0,0.0,0.0,0,0
9892,0,0.0,0.0,0.0,0.0,0,0
9884,0,0.0,0.0,0.0,0.0,0,0
9905,0,0.0,0.0,0.0,0.0,0,0
9893,0,0.0,0.0,0.0,0.0,0,0
9894,0,0.0,0.0,0.0,0.0,0,0
9891,0,0.0,0.0,0.0,0.0,0,0
9865,0,0.0,0.0,0.0,0.0,0,0
9907,0,0.0,0.0,0.0,0.0,0,0
9877,0,0.0,0.0,0.0,0.0,0,0
9868,0,0.0,0.0,0.0,0.0,0,0
9902,0,0.0,0.0,0.0,0.0,0,0
9876,0,0.0,0.0,0.0,0.0,0,0
9881,0,0.0,0.0,0.0,0.0,0,0
9887,0,0.0,0.0,0.0,0.0,0,0
9899,0,0.0,0.0,0.0,0.0,0,0
9897,0,0.0,0.0,0.0,0.0,0,0
9869,0,0.0,0.0,0.0,0.0,0,0
9900,0,0.0,0.0,0.0,0.0,0,0
9901,0,0.0,0.0,0.0,0.0,0,0
9878,0,0.0,0.0,0.0,0.0,0,0
9883,0,0.0,0.0,0.0,0.0,0,0
9832,0,0.0,0.0,0.0,0.0,0,0
9824,0,0.0,0.0,0.0,0.0,0,0
9826,0,0.0,0.0,0.0,0.0,0,0
9828,0,0.0,0.0,0.0,0.0,0,0
9836,0,0.0,0.0,0.0,0.0,0,0
9847,0,0.0,0.0,0.0,0.0,0,0
9864,0,0.0,0.0,0.0,0.0,0,0
9831,0,0.0,0.0,0.0,0.0,0,0
9859,0,0.0,0.0,0.0,0.0,0,0
9838,0,0.0,0.0,0.0,0.0,0,0
9845,0,0.0,0.0,0.0,0.0,0,0
9857,0,0.0,0.0,0.0,0.0,0,0
9830,0,0.0,0.0,0.0,0.0,0,0
9848,0,0.0,0.0,0.0,0.0,0,0
9862,0,0.0,0.0,0.0,0.0,0,0
9860,0,0.0,0.0,0.0,0.0,0,0
9851,0,0.0,0.0,0.0,0.0,0,0
9823,0,0.0,0.0,0.0,0.0,0,0
9833,0,0.0,0.0,0.0,0.0,0,0
9856,0,0.0,0.0,0.0,0.0,0,0
9846,0,0.0,0.0,0.0,0.0,0,0
9837,0,0.0,0.0,0.0,0.0,0,0
9858,0,0.0,0.0,0.0,0.0,0,0
9853,0,0.0,0.0,0.0,0.0,0,0
9850,0,0.0,0.0,0.0,0.0,0,0
9840,0,0.0,0.0,0.0,0.0,0,0
9829,0,0.0,0.0,0.0,0.0,0,0
9825,0,0.0,0.0,0.0,0.0,0,0
9827,0,0.0,0.0,0.0,0.0,0,0
9852,0,0.0,0.0,0.0,0.0,0,0
9834,0,0.0,0.0,0.0,0.0,0,0
9861,0,0.0,0.0,0.0,0.0,0,0
9844,0,0.0,0.0,0.0,0.0,0,0
9841,0,0.0,0.0,0.0,0.0,0,0
9835,0,0.0,0.0,0.0,0.0,0,0
9855,0,0.0,0.0,0.0,0.0,0,0
9842,0,0.0,0.0,0.0,0.0,0,0
9849,0,0.0,0.0,0.0,0.0,0,0
9863,0,0.0,0.0,0.0,0.0,0,0
9839,0,0.0,0.0,0.0,0.0,0,0
9843,0,0.0,0.0,0.0,0.0,0,0
9854,0,0.0,0.0,0.0,0.0,0,0
9796,0,0.0,0.0,0.0,0.0,0,0
9813,0,0.0,0.0,0.0,0.0,0,0
9811,0,0.0,0.0,0.0,0.0,0,0
9800,0,0.0,0.0,0.0,0.0,0,0
9812,0,0.0,0.0,0.0,0.0,0,0
9791,0,0.0,0.0,0.0,0.0,0,0
9806,0,0.0,0.0,0.0,0.0,0,0
9810,0,0.0,0.0,0.0,0.0,0,0
9792,0,0.0,0.0,0.0,0.0,0,0
9789,0,0.0,0.0,0.0,0.0,0,0
9808,0,0.0,0.0,0.0,0.0,0,0
9790,0,0.0,0.0,0.0,0.0,0,0
9785,0,0.0,0.0,0.0,0.0,0,0
9798,0,0.0,0.0,0.0,0.0,0,0
9818,0,0.0,0.0,0.0,0.0,0,0
9799,0,0.0,0.0,0.0,0.0,0,0
9794,0,0.0,0.0,0.0,0.0,0,0
9815,0,0.0,0.0,0.0,0.0,0,0
9816,0,0.0,0.0,0.0,0.0,0,0
9797,0,0.0,0.0,0.0,0.0,0,0
9787,0,0.0,0.0,0.0,0.0,0,0
9817,0,0.0,0.0,0.0,0.0,0,0
9795,0,0.0,0.0,0.0,0.0,0,0
9801,0,0.0,0.0,0.0,0.0,0,0
9807,0,0.0,0.0,0.0,0.0,0,0
9821,0,0.0,0.0,0.0,0.0,0,0
9819,0,0.0,0.0,0.0,0.0,0,0
9814,0,0.0,0.0,0.0,0.0,0,0
9803,0,0.0,0.0,0.0,0.0,0,0
9805,0,0.0,0.0,0.0,0.0,0,0
9793,0,0.0,0.0,0.0,0.0,0,0
9804,0,0.0,0.0,0.0,0.0,0,0
9802,0,0.0,0.0,0.0,0.0,0,0
9786,0,0.0,0.0,0.0,0.0,0,0
9788,0,0.0,0.0,0.0,0.0,0,0
9809,0,0.0,0.0,0.0,0.0,0,0
9822,0,0.0,0.0,0.0,0.0,0,0
9820,0,0.0,0.0,0.0,0.0,0,0
9755,0,0.0,0.0,0.0,0.0,0,0
9753,0,0.0,0.0,0.0,0.0,0,0
9783,0,0.0,0.0,0.0,0.0,0,0
9752,0,0.0,0.0,0.0,0.0,0,0
9747,0,0.0,0.0,0.0,0.0,0,0
9763,0,0.0,0.0,0.0,0.0,0,0
9748,0,0.0,0.0,0.0,0.0,0,0
9768,0,0.0,0.0,0.0,0.0,0,0
9775,0,0.0,0.0,0.0,0.0,0,0
9757,0,0.0,0.0,0.0,0.0,0,0
9770,0,0.0,0.0,0.0,0.0,0,0
9767,0,0.0,0.0,0.0,0.0,0,0
9765,0,0.0,0.0,0.0,0.0,0,0
9758,0,0.0,0.0,0.0,0.0,0,0
9781,0,0.0,0.0,0.0,0.0,0,0
9769,0,0.0,0.0,0.0,0.0,0,0
9784,0,0.0,0.0,0.0,0.0,0,0
9750,0,0.0,0.0,0.0,0.0,0,0
9759,0,0.0,0.0,0.0,0.0,0,0
9778,0,0.0,0.0,0.0,0.0,0,0
9756,0,0.0,0.0,0.0,0.0,0,0
9760,0,0.0,0.0,0.0,0.0,0,0
9764,0,0.0,0.0,0.0,0.0,0,0
9774,0,0.0,0.0,0.0,0.0,0,0
9754,0,0.0,0.0,0.0,0.0,0,0
9777,0,0.0,0.0,0.0,0.0,0,0
9746,0,0.0,0.0,0.0,0.0,0,0
9751,0,0.0,0.0,0.0,0.0,0,0
9782,0,0.0,0.0,0.0,0.0,0,0
9771,0,0.0,0.0,0.0,0.0,0,0
9762,0,0.0,0.0,0.0,0.0,0,0
9776,0,0.0,0.0,0.0,0.0,0,0
9780,0,0.0,0.0,0.0,0.0,0,0
9772,0,0.0,0.0,0.0,0.0,0,0
9749,0,0.0,0.0,0.0,0.0,0,0
9766,0,0.0,0.0,0.0,0.0,0,0
9779,0,0.0,0.0,0.0,0.0,0,0
9761,0,0.0,0.0,0.0,0.0,0,0
9773,0,0.0,0.0,0.0,0.0,0,0
9731,0,0.0,0.0,0.0,0.0,0,0
9729,0,0.0,0.0,0.0,0.0,0,0
9732,0,0.0,0.0,0.0,0.0,0,0
9691,0,0.0,0.0,0.0,0.0,0,0
9701,0,0.0,0.0,0.0,0.0,0,0
9706,0,0.0,0.0,0.0,0.0,0,0
9705,0,0.0,0.0,0.0,0.0,0,0
9743,0,0.0,0.0,0.0,0.0,0,0
9730,0,0.0,0.0,0.0,0.0,0,0
9711,0,0.0,0.0,0.0,0.0,0,0
9696,0,0.0,0.0,0.0,0.0,0,0
9713,0,0.0,0.0,0.0,0.0,0,0
9702,0,0.0,0.0,0.0,0.0,0,0
9704,0,0.0,0.0,0.0,0.0,0,0
9693,0,0.0,0.0,0.0,0.0,0,0
9707,0,0.0,0.0,0.0,0.0,0,0
9712,0,0.0,0.0,0.0,0.0,0,0
9699,0,0.0,0.0,0.0,0.0,0,0
9689,0,0.0,0.0,0.0,0.0,0,0
9727,0,0.0,0.0,0.0,0.0,0,0
9709,0,0.0,0.0,0.0,0.0,0,0
9733,0,0.0,0.0,0.0,0.0,0,0
9687,0,0.0,0.0,0.0,0.0,0,0
9708,0,0.0,0.0,0.0,0.0,0,0
9710,0,0.0,0.0,0.0,0.0,0,0
9728,0,0.0,0.0,0.0,0.0,0,0
9742,0,0.0,0.0,0.0,0.0,0,0
9745,0,0.0,0.0,0.0,0.0,0,0
9739,0,0.0,0.0,0.0,0.0,0,0
9726,0,0.0,0.0,0.0,0.0,0,0
9737,0,0.0,0.0,0.0,0.0,0,0
9738,0,0.0,0.0,0.0,0.0,0,0
9741,0,0.0,0.0,0.0,0.0,0,0
9740,0,0.0,0.0,0.0,0.0,0,0
9695,0,0.0,0.0,0.0,0.0,0,0
9722,0,0.0,0.0,0.0,0.0,0,0
9720,0,0.0,0.0,0.0,0.0,0,0
9716,0,0.0,0.0,0.0,0.0,0,0
9700,0,0.0,0.0,0.0,0.0,0,0
9719,0,0.0,0.0,0.0,0.0,0,0
9717,0,0.0,0.0,0.0,0.0,0,0
9744,0,0.0,0.0,0.0,0.0,0,0
9688,0,0.0,0.0,0.0,0.0,0,0
9715,0,0.0,0.0,0.0,0.0,0,0
9718,0,0.0,0.0,0.0,0.0,0,0
9686,0,0.0,0.0,0.0,0.0,0,0
9694,0,0.0,0.0,0.0,0.0,0,0
9697,0,0.0,0.0,0.0,0.0,0,0
9714,0,0.0,0.0,0.0,0.0,0,0
9734,0,0.0,0.0,0.0,0.0,0,0
9725,0,0.0,0.0,0.0,0.0,0,0
9736,0,0.0,0.0,0.0,0.0,0,0
9724,0,0.0,0.0,0.0,0.0,0,0
9690,0,0.0,0.0,0.0,0.0,0,0
9698,0,0.0,0.0,0.0,0.0,0,0
9723,0,0.0,0.0,0.0,0.0,0,0
9735,0,0.0,0.0,0.0,0.0,0,0
9692,0,0.0,0.0,0.0,0.0,0,0
9721,0,0.0,0.0,0.0,0.0,0,0
9703,0,0.0,0.0,0.0,0.0,0,0
9663,0,0.0,0.0,0.0,0.0,0,0
9673,0,0.0,0.0,0.0,0.0,0,0
9680,0,0.0,0.0,0.0,0.0,0,0
9671,0,0.0,0.0,0.0,0.0,0,0
9652,0,0.0,0.0,0.0,0.0,0,0
9647,0,0.0,0.0,0.0,0.0,0,0
9641,0,0.0,0.0,0.0,0.0,0,0
9649,0,0.0,0.0,0.0,0.0,0,0
9654,0,0.0,0.0,0.0,0.0,0,0
9672,0,0.0,0.0,0.0,0.0,0,0
9670,0,0.0,0.0,0.0,0.0,0,0
9657,0,0.0,0.0,0.0,0.0,0,0
9677,0,0.0,0.0,0.0,0.0,0,0
9667,0,0.0,0.0,0.0,0.0,0,0
9664,0,0.0,0.0,0.0,0.0,0,0
9648,0,0.0,0.0,0.0,0.0,0,0
9679,0,0.0,0.0,0.0,0.0,0,0
9643,0,0.0,0.0,0.0,0.0,0,0
9681,0,0.0,0.0,0.0,0.0,0,0
9658,0,0.0,0.0,0.0,0.0,0,0
9669,0,0.0,0.0,0.0,0.0,0,0
9665,0,0.0,0.0,0.0,0.0,0,0
9645,0,0.0,0.0,0.0,0.0,0,0
9684,0,0.0,0.0,0.0,0.0,0,0
9656,0,0.0,0.0,0.0,0.0,0,0
9650,0,0.0,0.0,0.0,0.0,0,0
9653,0,0.0,0.0,0.0,0.0,0,0
9659,0,0.0,0.0,0.0,0.0,0,0
9661,0,0.0,0.0,0.0,0.0,0,0
9682,0,0.0,0.0,0.0,0.0,0,0
9651,0,0.0,0.0,0.0,0.0,0,0
9662,0,0.0,0.0,0.0,0.0,0,0
9642,0,0.0,0.0,0.0,0.0,0,0
9678,0,0.0,0.0,0.0,0.0,0,0
9660,0,0.0,0.0,0.0,0.0,0,0
9646,0,0.0,0.0,0.0,0.0,0,0
9674,0,0.0,0.0,0.0,0.0,0,0
9683,0,0.0,0.0,0.0,0.0,0,0
9655,0,0.0,0.0,0.0,0.0,0,0
9644,0,0.0,0.0,0.0,0.0,0,0
9675,0,0.0,0.0,0.0,0.0,0,0
9666,0,0.0,0.0,0.0,0.0,0,0
9668,0,0.0,0.0,0.0,0.0,0,0
9685,0,0.0,0.0,0.0,0.0,0,0
9676,0,0.0,0.0,0.0,0.0,0,0
9637,0,0.0,0.0,0.0,0.0,0,0
9634,0,0.0,0.0,0.0,0.0,0,0
9630,0,0.0,0.0,0.0,0.0,0,0
9613,0,0.0,0.0,0.0,0.0,0,0
9619,0,0.0,0.0,0.0,0.0,0,0
9625,0,0.0,0.0,0.0,0.0,0,0
9622,0,0.0,0.0,0.0,0.0,0,0
9614,0,0.0,0.0,0.0,0.0,0,0
9640,0,0.0,0.0,0.0,0.0,0,0
9620,0,0.0,0.0,0.0,0.0,0,0
9632,0,0.0,0.0,0.0,0.0,0,0
9635,0,0.0,0.0,0.0,0.0,0,0
9610,0,0.0,0.0,0.0,0.0,0,0
9631,0,0.0,0.0,0.0,0.0,0,0
9616,0,0.0,0.0,0.0,0.0,0,0
9602,0,0.0,0.0,0.0,0.0,0,0
9623,0,0.0,0.0,0.0,0.0,0,0
9608,0,0.0,0.0,0.0,0.0,0,0
9611,0,0.0,0.0,0.0,0.0,0,0
9604,0,0.0,0.0,0.0,0.0,0,0
9629,0,0.0,0.0,0.0,0.0,0,0
9627,0,0.0,0.0,0.0,0.0,0,0
9607,0,0.0,0.0,0.0,0.0,0,0
9621,0,0.0,0.0,0.0,0.0,0,0
9605,0,0.0,0.0,0.0,0.0,0,0
9636,0,0.0,0.0,0.0,0.0,0,0
9633,0,0.0,0.0,0.0,0.0,0,0
9617,0,0.0,0.0,0.0,0.0,0,0
9639,0,0.0,0.0,0.0,0.0,0,0
9606,0,0.0,0.0,0.0,0.0,0,0
9628,0,0.0,0.0,0.0,0.0,0,0
9618,0,0.0,0.0,0.0,0.0,0,0
9615,0,0.0,0.0,0.0,0.0,0,0
9609,0,0.0,0.0,0.0,0.0,0,0
9624,0,0.0,0.0,0.0,0.0,0,0
9603,0,0.0,0.0,0.0,0.0,0,0
9638,0,0.0,0.0,0.0,0.0,0,0
9626,0,0.0,0.0,0.0,0.0,0,0
9612,0,0.0,0.0,0.0,0.0,0,0
9593,0,0.0,0.0,0.0,0.0,0,0
9596,0,0.0,0.0,0.0,0.0,0,0
9564,0,0.0,0.0,0.0,0.0,0,0
9570,0,0.0,0.0,0.0,0.0,0,0
9592,0,0.0,0.0,0.0,0.0,0,0
9578,0,0.0,0.0,0.0,0.0,0,0
9584,0,0.0,0.0,0.0,0.0,0,0
9549,0,0.0,0.0,0.0,0.0,0,0
9572,0,0.0,0.0,0.0,0.0,0,0
9589,0,0.0,0.0,0.0,0.0,0,0
9546,0,0.0,0.0,0.0,0.0,0,0
9554,0,0.0,0.0,0.0,0.0,0,0
9595,0,0.0,0.0,0.0,0.0,0,0
9581,0,0.0,0.0,0.0,0.0,0,0
9550,0,0.0,0.0,0.0,0.0,0,0
9579,0,0.0,0.0,0.0,0.0,0,0
9585,0,0.0,0.0,0.0,0.0,0,0
9555,0,0.0,0.0,0.0,0.0,0,0
9558,0,0.0,0.0,0.0,0.0,0,0
9568,0,0.0,0.0,0.0,0.0,0,0
9599,0,0.0,0.0,0.0,0.0,0,0
9590,0,0.0,0.0,0.0,0.0,0,0
9563,0,0.0,0.0,0.0,0.0,0,0
9583,0,0.0,0.0,0.0,0.0,0,0
9562,0,0.0,0.0,0.0,0.0,0,0
9551,0,0.0,0.0,0.0,0.0,0,0
9556,0,0.0,0.0,0.0,0.0,0,0
9561,0,0.0,0.0,0.0,0.0,0,0
9574,0,0.0,0.0,0.0,0.0,0,0
9588,0,0.0,0.0,0.0,0.0,0,0
9591,0,0.0,0.0,0.0,0.0,0,0
9580,0,0.0,0.0,0.0,0.0,0,0
9566,0,0.0,0.0,0.0,0.0,0,0
9557,0,0.0,0.0,0.0,0.0,0,0
9567,0,0.0,0.0,0.0,0.0,0,0
9575,0,0.0,0.0,0.0,0.0,0,0
9560,0,0.0,0.0,0.0,0.0,0,0
9601,0,0.0,0.0,0.0,0.0,0,0
9552,0,0.0,0.0,0.0,0.0,0,0
9594,0,0.0,0.0,0.0,0.0,0,0
9553,0,0.0,0.0,0.0,0.0,0,0
9586,0,0.0,0.0,0.0,0.0,0,0
9547,0,0.0,0.0,0.0,0.0,0,0
9587,0,0.0,0.0,0.0,0.0,0,0
9577,0,0.0,0.0,0.0,0.0,0,0
9576,0,0.0,0.0,0.0,0.0,0,0
9573,0,0.0,0.0,0.0,0.0,0,0
9597,0,0.0,0.0,0.0,0.0,0,0
9569,0,0.0,0.0,0.0,0.0,0,0
9565,0,0.0,0.0,0.0,0.0,0,0
9598,0,0.0,0.0,0.0,0.0,0,0
9559,0,0.0,0.0,0.0,0.0,0,0
9582,0,0.0,0.0,0.0,0.0,0,0
9548,0,0.0,0.0,0.0,0.0,0,0
9571,0,0.0,0.0,0.0,0.0,0,0
9600,0,0.0,0.0,0.0,0.0,0,0
9531,0,0.0,0.0,0.0,0.0,0,0
9520,0,0.0,0.0,0.0,0.0,0,0
9535,0,0.0,0.0,0.0,0.0,0,0
9536,0,0.0,0.0,0.0,0.0,0,0
9539,0,0.0,0.0,0.0,0.0,0,0
9534,0,0.0,0.0,0.0,0.0,0,0
9522,0,0.0,0.0,0.0,0.0,0,0
9533,0,0.0,0.0,0.0,0.0,0,0
9513,0,0.0,0.0,0.0,0.0,0,0
9527,0,0.0,0.0,0.0,0.0,0,0
9517,0,0.0,0.0,0.0,0.0,0,0
9529,0,0.0,0.0,0.0,0.0,0,0
9532,0,0.0,0.0,0.0,0.0,0,0
9540,0,0.0,0.0,0.0,0.0,0,0
9516,0,0.0,0.0,0.0,0.0,0,0
9541,0,0.0,0.0,0.0,0.0,0,0
9545,0,0.0,0.0,0.0,0.0,0,0
9519,0,0.0,0.0,0.0,0.0,0,0
9537,0,0.0,0.0,0.0,0.0,0,0
9526,0,0.0,0.0,0.0,0.0,0,0
9524,0,0.0,0.0,0.0,0.0,0,0
9523,0,0.0,0.0,0.0,0.0,0,0
9525,0,0.0,0.0,0.0,0.0,0,0
9528,0,0.0,0.0,0.0,0.0,0,0
9530,0,0.0,0.0,0.0,0.0,0,0
9514,0,0.0,0.0,0.0,0.0,0,0
9521,0,0.0,0.0,0.0,0.0,0,0
9515,0,0.0,0.0,0.0,0.0,0,0
9538,0,0.0,0.0,0.0,0.0,0,0
9544,0,0.0,0.0,0.0,0.0,0,0
9542,0,0.0,0.0,0.0,0.0,0,0
9518,0,0.0,0.0,0.0,0.0,0,0
9543,0,0.0,0.0,0.0,0.0,0,0
9497,0,0.0,0.0,0.0,0.0,0,0
9511,0,0.0,0.0,0.0,0.0,0,0
9461,0,0.0,0.0,0.0,0.0,0,0
9457,0,0.0,0.0,0.0,0.0,0,0
9493,0,0.0,0.0,0.0,0.0,0,0
9502,0,0.0,0.0,0.0,0.0,0,0
9488,0,0.0,0.0,0.0,0.0,0,0
9479,0,0.0,0.0,0.0,0.0,0,0
9482,0,0.0,0.0,0.0,0.0,0,0
9476,0,0.0,0.0,0.0,0.0,0,0
9474,0,0.0,0.0,0.0,0.0,0,0
9480,0,0.0,0.0,0.0,0.0,0,0
9508,0,0.0,0.0,0.0,0.0,0,0
9490,0,0.0,0.0,0.0,0.0,0,0
9483,0,0.0,0.0,0.0,0.0,0,0
9500,0,0.0,0.0,0.0,0.0,0,0
9498,0,0.0,0.0,0.0,0.0,0,0
9462,0,0.0,0.0,0.0,0.0,0,0
9512,0,0.0,0.0,0.0,0.0,0,0
9485,0,0.0,0.0,0.0,0.0,0,0
9510,0,0.0,0.0,0.0,0.0,0,0
9477,0,0.0,0.0,0.0,0.0,0,0
9503,0,0.0,0.0,0.0,0.0,0,0
9459,0,0.0,0.0,0.0,0.0,0,0
9509,0,0.0,0.0,0.0,0.0,0,0
9506,0,0.0,0.0,0.0,0.0,0,0
9467,0,0.0,0.0,0.0,0.0,0,0
9454,0,0.0,0.0,0.0,0.0,0,0
9468,0,0.0,0.0,0.0,0.0,0,0
9466,0,0.0,0.0,0.0,0.0,0,0
9475,0,0.0,0.0,0.0,0.0,0,0
9499,0,0.0,0.0,0.0,0.0,0,0
9472,0,0.0,0.0,0.0,0.0,0,0
9452,0,0.0,0.0,0.0,0.0,0,0
9495,0,0.0,0.0,0.0,0.0,0,0
9496,0,0.0,0.0,0.0,0.0,0,0
9484,0,0.0,0.0,0.0,0.0,0,0
9481,0,0.0,0.0,0.0,0.0,0,0
9473,0,0.0,0.0,0.0,0.0,0,0
9507,0,0.0,0.0,0.0,0.0,0,0
9470,0,0.0,0.0,0.0,0.0,0,0
9464,0,0.0,0.0,0.0,0.0,0,0
9501,0,0.0,0.0,0.0,0.0,0,0
9491,0,0.0,0.0,0.0,0.0,0,0
9453,0,0.0,0.0,0.0,0.0,0,0
9471,0,0.0,0.0,0.0,0.0,0,0
9492,0,0.0,0.0,0.0,0.0,0,0
9455,0,0.0,0.0,0.0,0.0,0,0
9487,0,0.0,0.0,0.0,0.0,0,0
9494,0,0.0,0.0,0.0,0.0,0,0
9458,0,0.0,0.0,0.0,0.0,0,0
9469,0,0.0,0.0,0.0,0.0,0,0
9463,0,0.0,0.0,0.0,0.0,0,0
9504,0,0.0,0.0,0.0,0.0,0,0
9486,0,0.0,0.0,0.0,0.0,0,0
9465,0,0.0,0.0,0.0,0.0,0,0
9460,0,0.0,0.0,0.0,0.0,0,0
9478,0,0.0,0.0,0.0,0.0,0,0
9505,0,0.0,0.0,0.0,0.0,0,0
9489,0,0.0,0.0,0.0,0.0,0,0
9456,0,0.0,0.0,0.0,0.0,0,0
9434,0,0.0,0.0,0.0,0.0,0,0
9446,0,0.0,0.0,0.0,0.0,0,0
9438,0,0.0,0.0,0.0,0.0,0,0
9445,0,0.0,0.0,0.0,0.0,0,0
9447,0,0.0,0.0,0.0,0.0,0,0
9444,0,0.0,0.0,0.0,0.0,0,0
9433,0,0.0,0.0,0.0,0.0,0,0
9442,0,0.0,0.0,0.0,0.0,0,0
9440,0,0.0,0.0,0.0,0.0,0,0
9448,0,0.0,0.0,0.0,0.0,0,0
9436,0,0.0,0.0,0.0,0.0,0,0
9443,0,0.0,0.0,0.0,0.0,0,0
9441,0,0.0,0.0,0.0,0.0,0,0
9451,0,0.0,0.0,0.0,0.0,0,0
9432,0,0.0,0.0,0.0,0.0,0,0
9439,0,0.0,0.0,0.0,0.0,0,0
9449,0,0.0,0.0,0.0,0.0,0,0
9450,0,0.0,0.0,0.0,0.0,0,0
9437,0,0.0,0.0,0.0,0.0,0,0
9435,0,0.0,0.0,0.0,0.0,0,0
9421,0,0.0,0.0,0.0,0.0,0,0
9422,0,0.0,0.0,0.0,0.0,0,0
9423,0,0.0,0.0,0.0,0.0,0,0
9415,0,0.0,0.0,0.0,0.0,0,0
9424,0,0.0,0.0,0.0,0.0,0,0
9430,0,0.0,0.0,0.0,0.0,0,0
9428,0,0.0,0.0,0.0,0.0,0,0
9414,0,0.0,0.0,0.0,0.0,0,0
9419,0,0.0,0.0,0.0,0.0,0,0
9427,0,0.0,0.0,0.0,0.0,0,0
9426,0,0.0,0.0,0.0,0.0,0,0
9418,0,0.0,0.0,0.0,0.0,0,0
9416,0,0.0,0.0,0.0,0.0,0,0
9420,0,0.0,0.0,0.0,0.0,0,0
9429,0,0.0,0.0,0.0,0.0,0,0
9425,0,0.0,0.0,0.0,0.0,0,0
9417,0,0.0,0.0,0.0,0.0,0,0
9431,0,0.0,0.0,0.0,0.0,0,0
9372,0,0.0,0.0,0.0,0.0,0,0
9389,0,0.0,0.0,0.0,0.0,0,0
9387,0,0.0,0.0,0.0,0.0,0,0
9395,0,0.0,0.0,0.0,0.0,0,0
9398,0,0.0,0.0,0.0,0.0,0,0
9368,0,0.0,0.0,0.0,0.0,0,0
9405,0,0.0,0.0,0.0,0.0,0,0
9391,0,0.0,0.0,0.0,0.0,0,0
9377,0,0.0,0.0,0.0,0.0,0,0
9399,0,0.0,0.0,0.0,0.0,0,0
9384,0,0.0,0.0,0.0,0.0,0,0
9400,0,0.0,0.0,0.0,0.0,0,0
9403,0,0.0,0.0,0.0,0.0,0,0
9409,0,0.0,0.0,0.0,0.0,0,0
9382,0,0.0,0.0,0.0,0.0,0,0
9383,0,0.0,0.0,0.0,0.0,0,0
9406,0,0.0,0.0,0.0,0.0,0,0
9374,0,0.0,0.0,0.0,0.0,0,0
9385,0,0.0,0.0,0.0,0.0,0,0
9380,0,0.0,0.0,0.0,0.0,0,0
9407,0,0.0,0.0,0.0,0.0,0,0
9404,0,0.0,0.0,0.0,0.0,0,0
9378,0,0.0,0.0,0.0,0.0,0,0
9388,0,0.0,0.0,0.0,0.0,0,0
9397,0,0.0,0.0,0.0,0.0,0,0
9386,0,0.0,0.0,0.0,0.0,0,0
9376,0,0.0,0.0,0.0,0.0,0,0
9370,0,0.0,0.0,0.0,0.0,0,0
9379,0,0.0,0.0,0.0,0.0,0,0
9373,0,0.0,0.0,0.0,0.0,0,0
9411,0,0.0,0.0,0.0,0.0,0,0
9381,0,0.0,0.0,0.0,0.0,0,0
9410,0,0.0,0.0,0.0,0.0,0,0
9375,0,0.0,0.0,0.0,0.0,0,0
9393,0,0.0,0.0,0.0,0.0,0,0
9401,0,0.0,0.0,0.0,0.0,0,0
9413,0,0.0,0.0,0.0,0.0,0,0
9390,0,0.0,0.0,0.0,0.0,0,0
9408,0,0.0,0.0,0.0,0.0,0,0
9369,0,0.0,0.0,0.0,0.0,0,0
9412,0,0.0,0.0,0.0,0.0,0,0
9396,0,0.0,0.0,0.0,0.0,0,0
9392,0,0.0,0.0,0.0,0.0,0,0
9402,0,0.0,0.0,0.0,0.0,0,0
9371,0,0.0,0.0,0.0,0.0,0,0
9394,0,0.0,0.0,0.0,0.0,0,0
9326,0,0.0,0.0,0.0,0.0,0,0
9334,0,0.0,0.0,0.0,0.0,0,0
9328,0,0.0,0.0,0.0,0.0,0,0
9342,0,0.0,0.0,0.0,0.0,0,0
9350,0,0.0,0.0,0.0,0.0,0,0
9341,0,0.0,0.0,0.0,0.0,0,0
9361,0,0.0,0.0,0.0,0.0,0,0
9335,0,0.0,0.0,0.0,0.0,0,0
9367,0,0.0,0.0,0.0,0.0,0,0
9320,0,0.0,0.0,0.0,0.0,0,0
9305,0,0.0,0.0,0.0,0.0,0,0
9309,0,0.0,0.0,0.0,0.0,0,0
9338,0,0.0,0.0,0.0,0.0,0,0
9359,0,0.0,0.0,0.0,0.0,0,0
9356,0,0.0,0.0,0.0,0.0,0,0
9314,0,0.0,0.0,0.0,0.0,0,0
9360,0,0.0,0.0,0.0,0.0,0,0
9306,0,0.0,0.0,0.0,0.0,0,0
9351,0,0.0,0.0,0.0,0.0,0,0
9363,0,0.0,0.0,0.0,0.0,0,0
9365,0,0.0,0.0,0.0,0.0,0,0
9311,0,0.0,0.0,0.0,0.0,0,0
9324,0,0.0,0.0,0.0,0.0,0,0
9358,0,0.0,0.0,0.0,0.0,0,0
9327,0,0.0,0.0,0.0,0.0,0,0
9331,0,0.0,0.0,0.0,0.0,0,0
9354,0,0.0,0.0,0.0,0.0,0,0
9307,0,0.0,0.0,0.0,0.0,0,0
9317,0,0.0,0.0,0.0,0.0,0,0
9315,0,0.0,0.0,0.0,0.0,0,0
9322,0,0.0,0.0,0.0,0.0,0,0
9339,0,0.0,0.0,0.0,0.0,0,0
9332,0,0.0,0.0,0.0,0.0,0,0
9340,0,0.0,0.0,0.0,0.0,0,0
9352,0,0.0,0.0,0.0,0.0,0,0
9321,0,0.0,0.0,0.0,0.0,0,0
9344,0,0.0,0.0,0.0,0.0,0,0
9346,0,0.0,0.0,0.0,0.0,0,0
9313,0,0.0,0.0,0.0,0.0,0,0
9347,0,0.0,0.0,0.0,0.0,0,0
9308,0,0.0,0.0,0.0,0.0,0,0
9349,0,0.0,0.0,0.0,0.0,0,0
9337,0,0.0,0.0,0.0,0.0,0,0
9357,0,0.0,0.0,0.0,0.0,0,0
9362,0,0.0,0.0,0.0,0.0,0,0
9353,0,0.0,0.0,0.0,0.0,0,0
9323,0,0.0,0.0,0.0,0.0,0,0
9348,0,0.0,0.0,0.0,0.0,0,0
9336,0,0.0,0.0,0.0,0.0,0,0
9318,0,0.0,0.0,0.0,0.0,0,0
9355,0,0.0,0.0,0.0,0.0,0,0
9364,0,0.0,0.0,0.0,0.0,0,0
9319,0,0.0,0.0,0.0,0.0,0,0
9333,0,0.0,0.0,0.0,0.0,0,0
9329,0,0.0,0.0,0.0,0.0,0,0
9345,0,0.0,0.0,0.0,0.0,0,0
9343,0,0.0,0.0,0.0,0.0,0,0
9312,0,0.0,0.0,0.0,0.0,0,0
9325,0,0.0,0.0,0.0,0.0,0,0
9310,0,0.0,0.0,0.0,0.0,0,0
9316,0,0.0,0.0,0.0,0.0,0,0
9330,0,0.0,0.0,0.0,0.0,0,0
9366,0,0.0,0.0,0.0,0.0,0,0
9301,0,0.0,0.0,0.0,0.0,0,0
9294,0,0.0,0.0,0.0,0.0,0,0
9285,0,0.0,0.0,0.0,0.0,0,0
9302,0,0.0,0.0,0.0,0.0,0,0
9295,0,0.0,0.0,0.0,0.0,0,0
9292,0,0.0,0.0,0.0,0.0,0,0
9299,0,0.0,0.0,0.0,0.0,0,0
9287,0,0.0,0.0,0.0,0.0,0,0
9284,0,0.0,0.0,0.0,0.0,0,0
9288,0,0.0,0.0,0.0,0.0,0,0
9303,0,0.0,0.0,0.0,0.0,0,0
9291,0,0.0,0.0,0.0,0.0,0,0
9296,0,0.0,0.0,0.0,0.0,0,0
9281,0,0.0,0.0,0.0,0.0,0,0
9282,0,0.0,0.0,0.0,0.0,0,0
9298,0,0.0,0.0,0.0,0.0,0,0
9300,0,0.0,0.0,0.0,0.0,0,0
9304,0,0.0,0.0,0.0,0.0,0,0
9293,0,0.0,0.0,0.0,0.0,0,0
9286,0,0.0,0.0,0.0,0.0,0,0
9290,0,0.0,0.0,0.0,0.0,0,0
9279,0,0.0,0.0,0.0,0.0,0,0
9297,0,0.0,0.0,0.0,0.0,0,0
9278,0,0.0,0.0,0.0,0.0,0,0
9283,0,0.0,0.0,0.0,0.0,0,0
9289,0,0.0,0.0,0.0,0.0,0,0
9280,0,0.0,0.0,0.0,0.0,0,0
9272,0,0.0,0.0,0.0,0.0,0,0
9270,0,0.0,0.0,0.0,0.0,0,0
9277,0,0.0,0.0,0.0,0.0,0,0
9271,0,0.0,0.0,0.0,0.0,0,0
9273,0,0.0,0.0,0.0,0.0,0,0
9274,0,0.0,0.0,0.0,0.0,0,0
9275,0,0.0,0.0,0.0,0.0,0,0
9269,0,0.0,0.0,0.0,0.0,0,0
9276,0,0.0,0.0,0.0,0.0,0,0
9262,0,0.0,0.0,0.0,0.0,0,0
9253,0,0.0,0.0,0.0,0.0,0,0
9265,0,0.0,0.0,0.0,0.0,0,0
9267,0,0.0,0.0,0.0,0.0,0,0
9256,0,0.0,0.0,0.0,0.0,0,0
9261,0,0.0,0.0,0.0,0.0,0,0
9266,0,0.0,0.0,0.0,0.0,0,0
9257,0,0.0,0.0,0.0,0.0,0,0
9264,0,0.0,0.0,0.0,0.0,0,0
9260,0,0.0,0.0,0.0,0.0,0,0
9251,0,0.0,0.0,0.0,0.0,0,0
9250,0,0.0,0.0,0.0,0.0,0,0
9268,0,0.0,0.0,0.0,0.0,0,0
9254,0,0.0,0.0,0.0,0.0,0,0
9249,0,0.0,0.0,0.0,0.0,0,0
9259,0,0.0,0.0,0.0,0.0,0,0
9255,0,0.0,0.0,0.0,0.0,0,0
9258,0,0.0,0.0,0.0,0.0,0,0
9263,0,0.0,0.0,0.0,0.0,0,0
9252,0,0.0,0.0,0.0,0.0,0,0
9232,0,0.0,0.0,0.0,0.0,0,0
9231,0,0.0,0.0,0.0,0.0,0,0
9248,0,0.0,0.0,0.0,0.0,0,0
9243,0,0.0,0.0,0.0,0.0,0,0
9244,0,0.0,0.0,0.0,0.0,0,0
9237,0,0.0,0.0,0.0,0.0,0,0
9242,0,0.0,0.0,0.0,0.0,0,0
9238,0,0.0,0.0,0.0,0.0,0,0
9240,0,0.0,0.0,0.0,0.0,0,0
9246,0,0.0,0.0,0.0,0.0,0,0
9241,0,0.0,0.0,0.0,0.0,0,0
9235,0,0.0,0.0,0.0,0.0,0,0
9247,0,0.0,0.0,0.0,0.0,0,0
9245,0,0.0,0.0,0.0,0.0,0,0
9233,0,0.0,0.0,0.0,0.0,0,0
9239,0,0.0,0.0,0.0,0.0,0,0
9236,0,0.0,0.0,0.0,0.0,0,0
9234,0,0.0,0.0,0.0,0.0,0,0
9198,0,0.0,0.0,0.0,0.0,0,0
9215,0,0.0,0.0,0.0,0.0,0,0
9224,0,0.0,0.0,0.0,0.0,0,0
9194,0,0.0,0.0,0.0,0.0,0,0
9218,0,0.0,0.0,0.0,0.0,0,0
9226,0,0.0,0.0,0.0,0.0,0,0
9220,0,0.0,0.0,0.0,0.0,0,0
9195,0,0.0,0.0,0.0,0.0,0,0
9203,0,0.0,0.0,0.0,0.0,0,0
9197,0,0.0,0.0,0.0,0.0,0,0
9199,0,0.0,0.0,0.0,0.0,0,0
9219,0,0.0,0.0,0.0,0.0,0,0
9201,0,0.0,0.0,0.0,0.0,0,0
9210,0,0.0,0.0,0.0,0.0,0,0
9225,0,0.0,0.0,0.0,0.0,0,0
9202,0,0.0,0.0,0.0,0.0,0,0
9196,0,0.0,0.0,0.0,0.0,0,0
9223,0,0.0,0.0,0.0,0.0,0,0
9211,0,0.0,0.0,0.0,0.0,0,0
9205,0,0.0,0.0,0.0,0.0,0,0
9222,0,0.0,0.0,0.0,0.0,0,0
9213,0,0.0,0.0,0.0,0.0,0,0
9228,0,0.0,0.0,0.0,0.0,0,0
9230,0,0.0,0.0,0.0,0.0,0,0
9229,0,0.0,0.0,0.0,0.0,0,0
9206,0,0.0,0.0,0.0,0.0,0,0
9209,0,0.0,0.0,0.0,0.0,0,0
9204,0,0.0,0.0,0.0,0.0,0,0
9208,0,0.0,0.0,0.0,0.0,0,0
9227,0,0.0,0.0,0.0,0.0,0,0
9221,0,0.0,0.0,0.0,0.0,0,0
9207,0,0.0,0.0,0.0,0.0,0,0
9193,0,0.0,0.0,0.0,0.0,0,0
9214,0,0.0,0.0,0.0,0.0,0,0
9200,0,0.0,0.0,0.0,0.0,0,0
9217,0,0.0,0.0,0.0,0.0,0,0
9212,0,0.0,0.0,0.0,0.0,0,0
9216,0,0.0,0.0,0.0,0.0,0,0
9180,0,0.0,0.0,0.0,0.0,0,0
9165,0,0.0,0.0,0.0,0.0,0,0
9156,0,0.0,0.0,0.0,0.0,0,0
9160,0,0.0,0.0,0.0,0.0,0,0
9158,0,0.0,0.0,0.0,0.0,0,0
9164,0,0.0,0.0,0.0,0.0,0,0
9144,0,0.0,0.0,0.0,0.0,0,0
9152,0,0.0,0.0,0.0,0.0,0,0
9181,0,0.0,0.0,0.0,0.0,0,0
9134,0,0.0,0.0,0.0,0.0,0,0
9128,0,0.0,0.0,0.0,0.0,0,0
9139,0,0.0,0.0,0.0,0.0,0,0
9188,0,0.0,0.0,0.0,0.0,0,0
9145,0,0.0,0.0,0.0,0.0,0,0
9183,0,0.0,0.0,0.0,0.0,0,0
9178,0,0.0,0.0,0.0,0.0,0,0
9190,0,0.0,0.0,0.0,0.0,0,0
9126,0,0.0,0.0,0.0,0.0,0,0
9187,0,0.0,0.0,0.0,0.0,0,0
9184,0,0.0,0.0,0.0,0.0,0,0
9131,0,0.0,0.0,0.0,0.0,0,0
9173,0,0.0,0.0,0.0,0.0,0,0
9143,0,0.0,0.0,0.0,0.0,0,0
9171,0,0.0,0.0,0.0,0.0,0,0
9176,0,0.0,0.0,0.0,0.0,0,0
9166,0,0.0,0.0,0.0,0.0,0,0
9136,0,0.0,0.0,0.0,0.0,0,0
9191,0,0.0,0.0,0.0,0.0,0,0
9175,0,0.0,0.0,0.0,0.0,0,0
9141,0,0.0,0.0,0.0,0.0,0,0
9133,0,0.0,0.0,0.0,0.0,0,0
9182,0,0.0,0.0,0.0,0.0,0,0
9169,0,0.0,0.0,0.0,0.0,0,0
9172,0,0.0,0.0,0.0,0.0,0,0
9177,0,0.0,0.0,0.0,0.0,0,0
9150,0,0.0,0.0,0.0,0.0,0,0
9167,0,0.0,0.0,0.0,0.0,0,0
9168,0,0.0,0.0,0.0,0.0,0,0
9153,0,0.0,0.0,0.0,0.0,0,0
9130,0,0.0,0.0,0.0,0.0,0,0
9174,0,0.0,0.0,0.0,0.0,0,0
9129,0,0.0,0.0,0.0,0.0,0,0
9140,0,0.0,0.0,0.0,0.0,0,0
9162,0,0.0,0.0,0.0,0.0,0,0
9186,0,0.0,0.0,0.0,0.0,0,0
9138,0,0.0,0.0,0.0,0.0,0,0
9159,0,0.0,0.0,0.0,0.0,0,0
9137,0,0.0,0.0,0.0,0.0,0,0
9154,0,0.0,0.0,0.0,0.0,0,0
9151,0,0.0,0.0,0.0,0.0,0,0
9161,0,0.0,0.0,0.0,0.0,0,0
9189,0,0.0,0.0,0.0,0.0,0,0
9149,0,0.0,0.0,0.0,0.0,0,0
9147,0,0.0,0.0,0.0,0.0,0,0
9163,0,0.0,0.0,0.0,0.0,0,0
9127,0,0.0,0.0,0.0,0.0,0,0
9155,0,0.0,0.0,0.0,0.0,0,0
9132,0,0.0,0.0,0.0,0.0,0,0
9192,0,0.0,0.0,0.0,0.0,0,0
9142,0,0.0,0.0,0.0,0.0,0,0
9170,0,0.0,0.0,0.0,0.0,0,0
9135,0,0.0,0.0,0.0,0.0,0,0
9148,0,0.0,0.0,0.0,0.0,0,0
9185,0,0.0,0.0,0.0,0.0,0,0
9157,0,0.0,0.0,0.0,0.0,0,0
9146,0,0.0,0.0,0.0,0.0,0,0
9179,0,0.0,0.0,0.0,0.0,0,0
9125,0,0.0,0.0,0.0,0.0,0,0
9120,0,0.0,0.0,0.0,0.0,0,0
9114,0,0.0,0.0,0.0,0.0,0,0
9112,0,0.0,0.0,0.0,0.0,0,0
9119,0,0.0,0.0,0.0,0.0,0,0
9117,0,0.0,0.0,0.0,0.0,0,0
9111,0,0.0,0.0,0.0,0.0,0,0
9121,0,0.0,0.0,0.0,0.0,0,0
9118,0,0.0,0.0,0.0,0.0,0,0
9110,0,0.0,0.0,0.0,0.0,0,0
9116,0,0.0,0.0,0.0,0.0,0,0
9113,0,0.0,0.0,0.0,0.0,0,0
9123,0,0.0,0.0,0.0,0.0,0,0
9124,0,0.0,0.0,0.0,0.0,0,0
9122,0,0.0,0.0,0.0,0.0,0,0
9115,0,0.0,0.0,0.0,0.0,0,0
9086,0,0.0,0.0,0.0,0.0,0,0
9082,0,0.0,0.0,0.0,0.0,0,0
9081,0,0.0,0.0,0.0,0.0,0,0
9097,0,0.0,0.0,0.0,0.0,0,0
9108,0,0.0,0.0,0.0,0.0,0,0
9084,0,0.0,0.0,0.0,0.0,0,0
9095,0,0.0,0.0,0.0,0.0,0,0
9100,0,0.0,0.0,0.0,0.0,0,0
9087,0,0.0,0.0,0.0,0.0,0,0
9101,0,0.0,0.0,0.0,0.0,0,0
9102,0,0.0,0.0,0.0,0.0,0,0
9090,0,0.0,0.0,0.0,0.0,0,0
9078,0,0.0,0.0,0.0,0.0,0,0
9106,0,0.0,0.0,0.0,0.0,0,0
9091,0,0.0,0.0,0.0,0.0,0,0
9109,0,0.0,0.0,0.0,0.0,0,0
9093,0,0.0,0.0,0.0,0.0,0,0
9099,0,0.0,0.0,0.0,0.0,0,0
9083,0,0.0,0.0,0.0,0.0,0,0
9096,0,0.0,0.0,0.0,0.0,0,0
9085,0,0.0,0.0,0.0,0.0,0,0
9092,0,0.0,0.0,0.0,0.0,0,0
9089,0,0.0,0.0,0.0,0.0,0,0
9104,0,0.0,0.0,0.0,0.0,0,0
9088,0,0.0,0.0,0.0,0.0,0,0
9094,0,0.0,0.0,0.0,0.0,0,0
9098,0,0.0,0.0,0.0,0.0,0,0
9105,0,0.0,0.0,0.0,0.0,0,0
9079,0,0.0,0.0,0.0,0.0,0,0
9103,0,0.0,0.0,0.0,0.0,0,0
9107,0,0.0,0.0,0.0,0.0,0,0
9080,0,0.0,0.0,0.0,0.0,0,0
9056,0,0.0,0.0,0.0,0.0,0,0
9062,0,0.0,0.0,0.0,0.0,0,0
9067,0,0.0,0.0,0.0,0.0,0,0
9075,0,0.0,0.0,0.0,0.0,0,0
9057,0,0.0,0.0,0.0,0.0,0,0
9076,0,0.0,0.0,0.0,0.0,0,0
9068,0,0.0,0.0,0.0,0.0,0,0
9058,0,0.0,0.0,0.0,0.0,0,0
9060,0,0.0,0.0,0.0,0.0,0,0
9061,0,0.0,0.0,0.0,0.0,0,0
9054,0,0.0,0.0,0.0,0.0,0,0
9069,0,0.0,0.0,0.0,0.0,0,0
9055,0,0.0,0.0,0.0,0.0,0,0
9070,0,0.0,0.0,0.0,0.0,0,0
9063,0,0.0,0.0,0.0,0.0,0,0
9072,0,0.0,0.0,0.0,0.0,0,0
9065,0,0.0,0.0,0.0,0.0,0,0
9077,0,0.0,0.0,0.0,0.0,0,0
9064,0,0.0,0.0,0.0,0.0,0,0
9071,0,0.0,0.0,0.0,0.0,0,0
9074,0,0.0,0.0,0.0,0.0,0,0
9066,0,0.0,0.0,0.0,0.0,0,0
9073,0,0.0,0.0,0.0,0.0,0,0
9059,0,0.0,0.0,0.0,0.0,0,0
9030,0,0.0,0.0,0.0,0.0,0,0
9029,0,0.0,0.0,0.0,0.0,0,0
9035,0,0.0,0.0,0.0,0.0,0,0
9053,0,0.0,0.0,0.0,0.0,0,0
9027,0,0.0,0.0,0.0,0.0,0,0
9032,0,0.0,0.0,0.0,0.0,0,0
9044,0,0.0,0.0,0.0,0.0,0,0
9037,0,0.0,0.0,0.0,0.0,0,0
9024,0,0.0,0.0,0.0,0.0,0,0
9031,0,0.0,0.0,0.0,0.0,0,0
9026,0,0.0,0.0,0.0,0.0,0,0
9023,0,0.0,0.0,0.0,0.0,0,0
9050,0,0.0,0.0,0.0,0.0,0,0
9051,0,0.0,0.0,0.0,0.0,0,0
9043,0,0.0,0.0,0.0,0.0,0,0
9038,0,0.0,0.0,0.0,0.0,0,0
9046,0,0.0,0.0,0.0,0.0,0,0
9034,0,0.0,0.0,0.0,0.0,0,0
9028,0,0.0,0.0,0.0,0.0,0,0
9040,0,0.0,0.0,0.0,0.0,0,0
9025,0,0.0,0.0,0.0,0.0,0,0
9033,0,0.0,0.0,0.0,0.0,0,0
9045,0,0.0,0.0,0.0,0.0,0,0
9048,0,0.0,0.0,0.0,0.0,0,0
9041,0,0.0,0.0,0.0,0.0,0,0
9047,0,0.0,0.0,0.0,0.0,0,0
9052,0,0.0,0.0,0.0,0.0,0,0
9039,0,0.0,0.0,0.0,0.0,0,0
9036,0,0.0,0.0,0.0,0.0,0,0
9042,0,0.0,0.0,0.0,0.0,0,0
9049,0,0.0,0.0,0.0,0.0,0,0
9020,0,0.0,0.0,0.0,0.0,0,0
9019,0,0.0,0.0,0.0,0.0,0,0
9021,0,0.0,0.0,0.0,0.0,0,0
9018,0,0.0,0.0,0.0,0.0,0,0
9022,0,0.0,0.0,0.0,0.0,0,0
9017,0,0.0,0.0,0.0,0.0,0,0
9008,0,0.0,0.0,0.0,0.0,0,0
9012,0,0.0,0.0,0.0,0.0,0,0
9007,0,0.0,0.0,0.0,0.0,0,0
9014,0,0.0,0.0,0.0,0.0,0,0
9010,0,0.0,0.0,0.0,0.0,0,0
9006,0,0.0,0.0,0.0,0.0,0,0
9016,0,0.0,0.0,0.0,0.0,0,0
9015,0,0.0,0.0,0.0,0.0,0,0
9009,0,0.0,0.0,0.0,0.0,0,0
9011,0,0.0,0.0,0.0,0.0,0,0
9013,0,0.0,0.0,0.0,0.0,0,0
9002,0,0.0,0.0,0.0,0.0,0,0
9005,0,0.0,0.0,0.0,0.0,0,0
9004,0,0.0,0.0,0.0,0.0,0,0
9003,0,0.0,0.0,0.0,0.0,0,0
8979,0,0.0,0.0,0.0,0.0,0,0
8994,0,0.0,0.0,0.0,0.0,0,0
8968,0,0.0,0.0,0.0,0.0,0,0
8960,0,0.0,0.0,0.0,0.0,0,0
8958,0,0.0,0.0,0.0,0.0,0,0
8965,0,0.0,0.0,0.0,0.0,0,0
8993,0,0.0,0.0,0.0,0.0,0,0
8976,0,0.0,0.0,0.0,0.0,0,0
8992,0,0.0,0.0,0.0,0.0,0,0
9000,0,0.0,0.0,0.0,0.0,0,0
8980,0,0.0,0.0,0.0,0.0,0,0
8995,0,0.0,0.0,0.0,0.0,0,0
8963,0,0.0,0.0,0.0,0.0,0,0
8990,0,0.0,0.0,0.0,0.0,0,0
8966,0,0.0,0.0,0.0,0.0,0,0
8974,0,0.0,0.0,0.0,0.0,0,0
8971,0,0.0,0.0,0.0,0.0,0,0
8972,0,0.0,0.0,0.0,0.0,0,0
8964,0,0.0,0.0,0.0,0.0,0,0
8967,0,0.0,0.0,0.0,0.0,0,0
8997,0,0.0,0.0,0.0,0.0,0,0
8988,0,0.0,0.0,0.0,0.0,0,0
8978,0,0.0,0.0,0.0,0.0,0,0
8999,0,0.0,0.0,0.0,0.0,0,0
8973,0,0.0,0.0,0.0,0.0,0,0
8989,0,0.0,0.0,0.0,0.0,0,0
8986,0,0.0,0.0,0.0,0.0,0,0
8982,0,0.0,0.0,0.0,0.0,0,0
9001,0,0.0,0.0,0.0,0.0,0,0
8983,0,0.0,0.0,0.0,0.0,0,0
8957,0,0.0,0.0,0.0,0.0,0,0
8977,0,0.0,0.0,0.0,0.0,0,0
8962,0,0.0,0.0,0.0,0.0,0,0
8984,0,0.0,0.0,0.0,0.0,0,0
8987,0,0.0,0.0,0.0,0.0,0,0
8969,0,0.0,0.0,0.0,0.0,0,0
8959,0,0.0,0.0,0.0,0.0,0,0
8981,0,0.0,0.0,0.0,0.0,0,0
8975,0,0.0,0.0,0.0,0.0,0,0
8998,0,0.0,0.0,0.0,0.0,0,0
8970,0,0.0,0.0,0.0,0.0,0,0
8985,0,0.0,0.0,0.0,0.0,0,0
8961,0,0.0,0.0,0.0,0.0,0,0
8996,0,0.0,0.0,0.0,0.0,0,0
8991,0,0.0,0.0,0.0,0.0,0,0
8933,0,0.0,0.0,0.0,0.0,0,0
8922,0,0.0,0.0,0.0,0.0,0,0
8926,0,0.0,0.0,0.0,0.0,0,0
8928,0,0.0,0.0,0.0,0.0,0,0
8945,0,0.0,0.0,0.0,0.0,0,0
8909,0,0.0,0.0,0.0,0.0,0,0
8905,0,0.0,0.0,0.0,0.0,0,0
8924,0,0.0,0.0,0.0,0.0,0,0
8914,0,0.0,0.0,0.0,0.0,0,0
8950,0,0.0,0.0,0.0,0.0,0,0
8947,0,0.0,0.0,0.0,0.0,0,0
8911,0,0.0,0.0,0.0,0.0,0,0
8920,0,0.0,0.0,0.0,0.0,0,0
8916,0,0.0,0.0,0.0,0.0,0,0
8912,0,0.0,0.0,0.0,0.0,0,0
8915,0,0.0,0.0,0.0,0.0,0,0
8936,0,0.0,0.0,0.0,0.0,0,0
8948,0,0.0,0.0,0.0,0.0,0,0
8906,0,0.0,0.0,0.0,0.0,0,0
8952,0,0.0,0.0,0.0,0.0,0,0
8907,0,0.0,0.0,0.0,0.0,0,0
8931,0,0.0,0.0,0.0,0.0,0,0
8902,0,0.0,0.0,0.0,0.0,0,0
8938,0,0.0,0.0,0.0,0.0,0,0
8925,0,0.0,0.0,0.0,0.0,0,0
8903,0,0.0,0.0,0.0,0.0,0,0
8917,0,0.0,0.0,0.0,0.0,0,0
8954,0,0.0,0.0,0.0,0.0,0,0
8918,0,0.0,0.0,0.0,0.0,0,0
8942,0,0.0,0.0,0.0,0.0,0,0
8939,0,0.0,0.0,0.0,0.0,0,0
8923,0,0.0,0.0,0.0,0.0,0,0
8934,0,0.0,0.0,0.0,0.0,0,0
8951,0,0.0,0.0,0.0,0.0,0,0
8953,0,0.0,0.0,0.0,0.0,0,0
8904,0,0.0,0.0,0.0,0.0,0,0
8955,0,0.0,0.0,0.0,0.0,0,0
8940,0,0.0,0.0,0.0,0.0,0,0
8927,0,0.0,0.0,0.0,0.0,0,0
8921,0,0.0,0.0,0.0,0.0,0,0
8937,0,0.0,0.0,0.0,0.0,0,0
8935,0,0.0,0.0,0.0,0.0,0,0
8930,0,0.0,0.0,0.0,0.0,0,0
8908,0,0.0,0.0,0.0,0.0,0,0
8956,0,0.0,0.0,0.0,0.0,0,0
8929,0,0.0,0.0,0.0,0.0,0,0
8932,0,0.0,0.0,0.0,0.0,0,0
8944,0,0.0,0.0,0.0,0.0,0,0
8910,0,0.0,0.0,0.0,0.0,0,0
8913,0,0.0,0.0,0.0,0.0,0,0
8919,0,0.0,0.0,0.0,0.0,0,0
8949,0,0.0,0.0,0.0,0.0,0,0
8943,0,0.0,0.0,0.0,0.0,0,0
8941,0,0.0,0.0,0.0,0.0,0,0
8946,0,0.0,0.0,0.0,0.0,0,0
8859,0,0.0,0.0,0.0,0.0,0,0
8865,0,0.0,0.0,0.0,0.0,0,0
8849,0,0.0,0.0,0.0,0.0,0,0
8873,0,0.0,0.0,0.0,0.0,0,0
8876,0,0.0,0.0,0.0,0.0,0,0
8883,0,0.0,0.0,0.0,0.0,0,0
8900,0,0.0,0.0,0.0,0.0,0,0
8886,0,0.0,0.0,0.0,0.0,0,0
8872,0,0.0,0.0,0.0,0.0,0,0
8857,0,0.0,0.0,0.0,0.0,0,0
8892,0,0.0,0.0,0.0,0.0,0,0
8879,0,0.0,0.0,0.0,0.0,0,0
8898,0,0.0,0.0,0.0,0.0,0,0
8895,0,0.0,0.0,0.0,0.0,0,0
8877,0,0.0,0.0,0.0,0.0,0,0
8851,0,0.0,0.0,0.0,0.0,0,0
8899,0,0.0,0.0,0.0,0.0,0,0
8889,0,0.0,0.0,0.0,0.0,0,0
8897,0,0.0,0.0,0.0,0.0,0,0
8893,0,0.0,0.0,0.0,0.0,0,0
8888,0,0.0,0.0,0.0,0.0,0,0
8863,0,0.0,0.0,0.0,0.0,0,0
8880,0,0.0,0.0,0.0,0.0,0,0
8894,0,0.0,0.0,0.0,0.0,0,0
8875,0,0.0,0.0,0.0,0.0,0,0
8890,0,0.0,0.0,0.0,0.0,0,0
8856,0,0.0,0.0,0.0,0.0,0,0
8861,0,0.0,0.0,0.0,0.0,0,0
8854,0,0.0,0.0,0.0,0.0,0,0
8855,0,0.0,0.0,0.0,0.0,0,0
8848,0,0.0,0.0,0.0,0.0,0,0
8885,0,0.0,0.0,0.0,0.0,0,0
8858,0,0.0,0.0,0.0,0.0,0,0
8896,0,0.0,0.0,0.0,0.0,0,0
8852,0,0.0,0.0,0.0,0.0,0,0
8869,0,0.0,0.0,0.0,0.0,0,0
8864,0,0.0,0.0,0.0,0.0,0,0
8862,0,0.0,0.0,0.0,0.0,0,0
8871,0,0.0,0.0,0.0,0.0,0,0
8850,0,0.0,0.0,0.0,0.0,0,0
8881,0,0.0,0.0,0.0,0.0,0,0
8853,0,0.0,0.0,0.0,0.0,0,0
8870,0,0.0,0.0,0.0,0.0,0,0
8884,0,0.0,0.0,0.0,0.0,0,0
8891,0,0.0,0.0,0.0,0.0,0,0
8887,0,0.0,0.0,0.0,0.0,0,0
8901,0,0.0,0.0,0.0,0.0,0,0
8867,0,0.0,0.0,0.0,0.0,0,0
8882,0,0.0,0.0,0.0,0.0,0,0
8874,0,0.0,0.0,0.0,0.0,0,0
8878,0,0.0,0.0,0.0,0.0,0,0
8866,0,0.0,0.0,0.0,0.0,0,0
8868,0,0.0,0.0,0.0,0.0,0,0
8847,0,0.0,0.0,0.0,0.0,0,0
8845,0,0.0,0.0,0.0,0.0,0,0
8844,0,0.0,0.0,0.0,0.0,0,0
8843,0,0.0,0.0,0.0,0.0,0,0
8846,0,0.0,0.0,0.0,0.0,0,0
8830,0,0.0,0.0,0.0,0.0,0,0
8829,0,0.0,0.0,0.0,0.0,0,0
8817,0,0.0,0.0,0.0,0.0,0,0
8838,0,0.0,0.0,0.0,0.0,0,0
8825,0,0.0,0.0,0.0,0.0,0,0
8841,0,0.0,0.0,0.0,0.0,0,0
8827,0,0.0,0.0,0.0,0.0,0,0
8831,0,0.0,0.0,0.0,0.0,0,0
8836,0,0.0,0.0,0.0,0.0,0,0
8822,0,0.0,0.0,0.0,0.0,0,0
8819,0,0.0,0.0,0.0,0.0,0,0
8833,0,0.0,0.0,0.0,0.0,0,0
8820,0,0.0,0.0,0.0,0.0,0,0
8815,0,0.0,0.0,0.0,0.0,0,0
8821,0,0.0,0.0,0.0,0.0,0,0
8834,0,0.0,0.0,0.0,0.0,0,0
8840,0,0.0,0.0,0.0,0.0,0,0
8824,0,0.0,0.0,0.0,0.0,0,0
8835,0,0.0,0.0,0.0,0.0,0,0
8839,0,0.0,0.0,0.0,0.0,0,0
8816,0,0.0,0.0,0.0,0.0,0,0
8828,0,0.0,0.0,0.0,0.0,0,0
8837,0,0.0,0.0,0.0,0.0,0,0
8814,0,0.0,0.0,0.0,0.0,0,0
8823,0,0.0,0.0,0.0,0.0,0,0
8842,0,0.0,0.0,0.0,0.0,0,0
8818,0,0.0,0.0,0.0,0.0,0,0
8826,0,0.0,0.0,0.0,0.0,0,0
8832,0,0.0,0.0,0.0,0.0,0,0
8811,0,0.0,0.0,0.0,0.0,0,0
8813,0,0.0,0.0,0.0,0.0,0,0
8797,0,0.0,0.0,0.0,0.0,0,0
8805,0,0.0,0.0,0.0,0.0,0,0
8798,0,0.0,0.0,0.0,0.0,0,0
8804,0,0.0,0.0,0.0,0.0,0,0
8802,0,0.0,0.0,0.0,0.0,0,0
8803,0,0.0,0.0,0.0,0.0,0,0
8809,0,0.0,0.0,0.0,0.0,0,0
8810,0,0.0,0.0,0.0,0.0,0,0
8799,0,0.0,0.0,0.0,0.0,0,0
8807,0,0.0,0.0,0.0,0.0,0,0
8812,0,0.0,0.0,0.0,0.0,0,0
8800,0,0.0,0.0,0.0,0.0,0,0
8801,0,0.0,0.0,0.0,0.0,0,0
8806,0,0.0,0.0,0.0,0.0,0,0
8808,0,0.0,0.0,0.0,0.0,0,0
8793,0,0.0,0.0,0.0,0.0,0,0
8796,0,0.0,0.0,0.0,0.0,0,0
8794,0,0.0,0.0,0.0,0.0,0,0
8792,0,0.0,0.0,0.0,0.0,0,0
8795,0,0.0,0.0,0.0,0.0,0,0
8780,0,0.0,0.0,0.0,0.0,0,0
8775,0,0.0,0.0,0.0,0.0,0,0
8783,0,0.0,0.0,0.0,0.0,0,0
8788,0,0.0,0.0,0.0,0.0,0,0
8787,0,0.0,0.0,0.0,0.0,0,0
8790,0,0.0,0.0,0.0,0.0,0,0
8772,0,0.0,0.0,0.0,0.0,0,0
8782,0,0.0,0.0,0.0,0.0,0,0
8763,0,0.0,0.0,0.0,0.0,0,0
8784,0,0.0,0.0,0.0,0.0,0,0
8791,0,0.0,0.0,0.0,0.0,0,0
8776,0,0.0,0.0,0.0,0.0,0,0
8765,0,0.0,0.0,0.0,0.0,0,0
8774,0,0.0,0.0,0.0,0.0,0,0
8785,0,0.0,0.0,0.0,0.0,0,0
8770,0,0.0,0.0,0.0,0.0,0,0
8762,0,0.0,0.0,0.0,0.0,0,0
8779,0,0.0,0.0,0.0,0.0,0,0
8764,0,0.0,0.0,0.0,0.0,0,0
8768,0,0.0,0.0,0.0,0.0,0,0
8758,0,0.0,0.0,0.0,0.0,0,0
8781,0,0.0,0.0,0.0,0.0,0,0
8777,0,0.0,0.0,0.0,0.0,0,0
8778,0,0.0,0.0,0.0,0.0,0,0
8786,0,0.0,0.0,0.0,0.0,0,0
8759,0,0.0,0.0,0.0,0.0,0,0
8789,0,0.0,0.0,0.0,0.0,0,0
8767,0,0.0,0.0,0.0,0.0,0,0
8766,0,0.0,0.0,0.0,0.0,0,0
8769,0,0.0,0.0,0.0,0.0,0,0
8773,0,0.0,0.0,0.0,0.0,0,0
8761,0,0.0,0.0,0.0,0.0,0,0
8771,0,0.0,0.0,0.0,0.0,0,0
8760,0,0.0,0.0,0.0,0.0,0,0
8706,0,0.0,0.0,0.0,0.0,0,0
8757,0,0.0,0.0,0.0,0.0,0,0
8729,0,0.0,0.0,0.0,0.0,0,0
8713,0,0.0,0.0,0.0,0.0,0,0
8694,0,0.0,0.0,0.0,0.0,0,0
8741,0,0.0,0.0,0.0,0.0,0,0
8692,0,0.0,0.0,0.0,0.0,0,0
8749,0,0.0,0.0,0.0,0.0,0,0
8737,0,0.0,0.0,0.0,0.0,0,0
8718,0,0.0,0.0,0.0,0.0,0,0
8725,0,0.0,0.0,0.0,0.0,0,0
8695,0,0.0,0.0,0.0,0.0,0,0
8697,0,0.0,0.0,0.0,0.0,0,0
8754,0,0.0,0.0,0.0,0.0,0,0
8742,0,0.0,0.0,0.0,0.0,0,0
8753,0,0.0,0.0,0.0,0.0,0,0
8730,0,0.0,0.0,0.0,0.0,0,0
8721,0,0.0,0.0,0.0,0.0,0,0
8696,0,0.0,0.0,0.0,0.0,0,0
8703,0,0.0,0.0,0.0,0.0,0,0
8710,0,0.0,0.0,0.0,0.0,0,0
8712,0,0.0,0.0,0.0,0.0,0,0
8755,0,0.0,0.0,0.0,0.0,0,0
8735,0,0.0,0.0,0.0,0.0,0,0
8723,0,0.0,0.0,0.0,0.0,0,0
8711,0,0.0,0.0,0.0,0.0,0,0
8732,0,0.0,0.0,0.0,0.0,0,0
8702,0,0.0,0.0,0.0,0.0,0,0
8756,0,0.0,0.0,0.0,0.0,0,0
8746,0,0.0,0.0,0.0,0.0,0,0
8740,0,0.0,0.0,0.0,0.0,0,0
8699,0,0.0,0.0,0.0,0.0,0,0
8714,0,0.0,0.0,0.0,0.0,0,0
8739,0,0.0,0.0,0.0,0.0,0,0
8700,0,0.0,0.0,0.0,0.0,0,0
8728,0,0.0,0.0,0.0,0.0,0,0
8716,0,0.0,0.0,0.0,0.0,0,0
8744,0,0.0,0.0,0.0,0.0,0,0
8722,0,0.0,0.0,0.0,0.0,0,0
8745,0,0.0,0.0,0.0,0.0,0,0
8727,0,0.0,0.0,0.0,0.0,0,0
8720,0,0.0,0.0,0.0,0.0,0,0
8750,0,0.0,0.0,0.0,0.0,0,0
8707,0,0.0,0.0,0.0,0.0,0,0
8752,0,0.0,0.0,0.0,0.0,0,0
8734,0,0.0,0.0,0.0,0.0,0,0
8709,0,0.0,0.0,0.0,0.0,0,0
8705,0,0.0,0.0,0.0,0.0,0,0
8701,0,0.0,0.0,0.0,0.0,0,0
8715,0,0.0,0.0,0.0,0.0,0,0
8738,0,0.0,0.0,0.0,0.0,0,0
8733,0,0.0,0.0,0.0,0.0,0,0
8747,0,0.0,0.0,0.0,0.0,0,0
8748,0,0.0,0.0,0.0,0.0,0,0
8726,0,0.0,0.0,0.0,0.0,0,0
8724,0,0.0,0.0,0.0,0.0,0,0
8698,0,0.0,0.0,0.0,0.0,0,0
8731,0,0.0,0.0,0.0,0.0,0,0
8751,0,0.0,0.0,0.0,0.0,0,0
8719,0,0.0,0.0,0.0,0.0,0,0
8708,0,0.0,0.0,0.0,0.0,0,0
8736,0,0.0,0.0,0.0,0.0,0,0
8717,0,0.0,0.0,0.0,0.0,0,0
8704,0,0.0,0.0,0.0,0.0,0,0
8743,0,0.0,0.0,0.0,0.0,0,0
8693,0,0.0,0.0,0.0,0.0,0,0
8682,0,0.0,0.0,0.0,0.0,0,0
8671,0,0.0,0.0,0.0,0.0,0,0
8669,0,0.0,0.0,0.0,0.0,0,0
8690,0,0.0,0.0,0.0,0.0,0,0
8672,0,0.0,0.0,0.0,0.0,0,0
8691,0,0.0,0.0,0.0,0.0,0,0
8684,0,0.0,0.0,0.0,0.0,0,0
8688,0,0.0,0.0,0.0,0.0,0,0
8666,0,0.0,0.0,0.0,0.0,0,0
8687,0,0.0,0.0,0.0,0.0,0,0
8674,0,0.0,0.0,0.0,0.0,0,0
8667,0,0.0,0.0,0.0,0.0,0,0
8683,0,0.0,0.0,0.0,0.0,0,0
8679,0,0.0,0.0,0.0,0.0,0,0
8686,0,0.0,0.0,0.0,0.0,0,0
8689,0,0.0,0.0,0.0,0.0,0,0
8675,0,0.0,0.0,0.0,0.0,0,0
8676,0,0.0,0.0,0.0,0.0,0,0
8678,0,0.0,0.0,0.0,0.0,0,0
8670,0,0.0,0.0,0.0,0.0,0,0
8685,0,0.0,0.0,0.0,0.0,0,0
8677,0,0.0,0.0,0.0,0.0,0,0
8681,0,0.0,0.0,0.0,0.0,0,0
8680,0,0.0,0.0,0.0,0.0,0,0
8673,0,0.0,0.0,0.0,0.0,0,0
8668,0,0.0,0.0,0.0,0.0,0,0
8615,0,0.0,0.0,0.0,0.0,0,0
8631,0,0.0,0.0,0.0,0.0,0,0
8622,0,0.0,0.0,0.0,0.0,0,0
8618,0,0.0,0.0,0.0,0.0,0,0
8608,0,0.0,0.0,0.0,0.0,0,0
8656,0,0.0,0.0,0.0,0.0,0,0
8635,0,0.0,0.0,0.0,0.0,0,0
8620,0,0.0,0.0,0.0,0.0,0,0
8642,0,0.0,0.0,0.0,0.0,0,0
8621,0,0.0,0.0,0.0,0.0,0,0
8663,0,0.0,0.0,0.0,0.0,0,0
8627,0,0.0,0.0,0.0,0.0,0,0
8606,0,0.0,0.0,0.0,0.0,0,0
8654,0,0.0,0.0,0.0,0.0,0,0
8646,0,0.0,0.0,0.0,0.0,0,0
8607,0,0.0,0.0,0.0,0.0,0,0
8639,0,0.0,0.0,0.0,0.0,0,0
8619,0,0.0,0.0,0.0,0.0,0,0
8649,0,0.0,0.0,0.0,0.0,0,0
8614,0,0.0,0.0,0.0,0.0,0,0
8644,0,0.0,0.0,0.0,0.0,0,0
8625,0,0.0,0.0,0.0,0.0,0,0
8612,0,0.0,0.0,0.0,0.0,0,0
8609,0,0.0,0.0,0.0,0.0,0,0
8641,0,0.0,0.0,0.0,0.0,0,0
8617,0,0.0,0.0,0.0,0.0,0,0
8632,0,0.0,0.0,0.0,0.0,0,0
8636,0,0.0,0.0,0.0,0.0,0,0
8658,0,0.0,0.0,0.0,0.0,0,0
8651,0,0.0,0.0,0.0,0.0,0,0
8657,0,0.0,0.0,0.0,0.0,0,0
8637,0,0.0,0.0,0.0,0.0,0,0
8624,0,0.0,0.0,0.0,0.0,0,0
8634,0,0.0,0.0,0.0,0.0,0,0
8623,0,0.0,0.0,0.0,0.0,0,0
8629,0,0.0,0.0,0.0,0.0,0,0
8665,0,0.0,0.0,0.0,0.0,0,0
8648,0,0.0,0.0,0.0,0.0,0,0
8611,0,0.0,0.0,0.0,0.0,0,0
8661,0,0.0,0.0,0.0,0.0,0,0
8653,0,0.0,0.0,0.0,0.0,0,0
8633,0,0.0,0.0,0.0,0.0,0,0
8640,0,0.0,0.0,0.0,0.0,0,0
8659,0,0.0,0.0,0.0,0.0,0,0
8605,0,0.0,0.0,0.0,0.0,0,0
8616,0,0.0,0.0,0.0,0.0,0,0
8638,0,0.0,0.0,0.0,0.0,0,0
8664,0,0.0,0.0,0.0,0.0,0,0
8652,0,0.0,0.0,0.0,0.0,0,0
8613,0,0.0,0.0,0.0,0.0,0,0
8626,0,0.0,0.0,0.0,0.0,0,0
8662,0,0.0,0.0,0.0,0.0,0,0
8660,0,0.0,0.0,0.0,0.0,0,0
8604,0,0.0,0.0,0.0,0.0,0,0
8650,0,0.0,0.0,0.0,0.0,0,0
8630,0,0.0,0.0,0.0,0.0,0,0
8645,0,0.0,0.0,0.0,0.0,0,0
8628,0,0.0,0.0,0.0,0.0,0,0
8655,0,0.0,0.0,0.0,0.0,0,0
8610,0,0.0,0.0,0.0,0.0,0,0
8647,0,0.0,0.0,0.0,0.0,0,0
8643,0,0.0,0.0,0.0,0.0,0,0
8595,0,0.0,0.0,0.0,0.0,0,0
8594,0,0.0,0.0,0.0,0.0,0,0
8603,0,0.0,0.0,0.0,0.0,0,0
8597,0,0.0,0.0,0.0,0.0,0,0
8599,0,0.0,0.0,0.0,0.0,0,0
8600,0,0.0,0.0,0.0,0.0,0,0
8598,0,0.0,0.0,0.0,0.0,0,0
8602,0,0.0,0.0,0.0,0.0,0,0
8593,0,0.0,0.0,0.0,0.0,0,0
8596,0,0.0,0.0,0.0,0.0,0,0
8601,0,0.0,0.0,0.0,0.0,0,0
8562,0,0.0,0.0,0.0,0.0,0,0
8588,0,0.0,0.0,0.0,0.0,0,0
8563,0,0.0,0.0,0.0,0.0,0,0
8573,0,0.0,0.0,0.0,0.0,0,0
8546,0,0.0,0.0,0.0,0.0,0,0
8560,0,0.0,0.0,0.0,0.0,0,0
8592,0,0.0,0.0,0.0,0.0,0,0
8538,0,0.0,0.0,0.0,0.0,0,0
8543,0,0.0,0.0,0.0,0.0,0,0
8559,0,0.0,0.0,0.0,0.0,0,0
8558,0,0.0,0.0,0.0,0.0,0,0
8572,0,0.0,0.0,0.0,0.0,0,0
8545,0,0.0,0.0,0.0,0.0,0,0
8565,0,0.0,0.0,0.0,0.0,0,0
8587,0,0.0,0.0,0.0,0.0,0,0
8574,0,0.0,0.0,0.0,0.0,0,0
8584,0,0.0,0.0,0.0,0.0,0,0
8585,0,0.0,0.0,0.0,0.0,0,0
8542,0,0.0,0.0,0.0,0.0,0,0
8568,0,0.0,0.0,0.0,0.0,0,0
8544,0,0.0,0.0,0.0,0.0,0,0
8567,0,0.0,0.0,0.0,0.0,0,0
8578,0,0.0,0.0,0.0,0.0,0,0
8569,0,0.0,0.0,0.0,0.0,0,0
8571,0,0.0,0.0,0.0,0.0,0,0
8555,0,0.0,0.0,0.0,0.0,0,0
8553,0,0.0,0.0,0.0,0.0,0,0
8547,0,0.0,0.0,0.0,0.0,0,0
8590,0,0.0,0.0,0.0,0.0,0,0
8575,0,0.0,0.0,0.0,0.0,0,0
8566,0,0.0,0.0,0.0,0.0,0,0
8591,0,0.0,0.0,0.0,0.0,0,0
8561,0,0.0,0.0,0.0,0.0,0,0
8548,0,0.0,0.0,0.0,0.0,0,0
8552,0,0.0,0.0,0.0,0.0,0,0
8551,0,0.0,0.0,0.0,0.0,0,0
8580,0,0.0,0.0,0.0,0.0,0,0
8576,0,0.0,0.0,0.0,0.0,0,0
8581,0,0.0,0.0,0.0,0.0,0,0
8564,0,0.0,0.0,0.0,0.0,0,0
8554,0,0.0,0.0,0.0,0.0,0,0
8577,0,0.0,0.0,0.0,0.0,0,0
8589,0,0.0,0.0,0.0,0.0,0,0
8556,0,0.0,0.0,0.0,0.0,0,0
8539,0,0.0,0.0,0.0,0.0,0,0
8583,0,0.0,0.0,0.0,0.0,0,0
8541,0,0.0,0.0,0.0,0.0,0,0
8586,0,0.0,0.0,0.0,0.0,0,0
8550,0,0.0,0.0,0.0,0.0,0,0
8540,0,0.0,0.0,0.0,0.0,0,0
8570,0,0.0,0.0,0.0,0.0,0,0
8579,0,0.0,0.0,0.0,0.0,0,0
8582,0,0.0,0.0,0.0,0.0,0,0
8549,0,0.0,0.0,0.0,0.0,0,0
8557,0,0.0,0.0,0.0,0.0,0,0
8516,0,0.0,0.0,0.0,0.0,0,0
8532,0,0.0,0.0,0.0,0.0,0,0
8522,0,0.0,0.0,0.0,0.0,0,0
8525,0,0.0,0.0,0.0,0.0,0,0
8531,0,0.0,0.0,0.0,0.0,0,0
8523,0,0.0,0.0,0.0,0.0,0,0
8535,0,0.0,0.0,0.0,0.0,0,0
8521,0,0.0,0.0,0.0,0.0,0,0
8519,0,0.0,0.0,0.0,0.0,0,0
8520,0,0.0,0.0,0.0,0.0,0,0
8533,0,0.0,0.0,0.0,0.0,0,0
8513,0,0.0,0.0,0.0,0.0,0,0
8527,0,0.0,0.0,0.0,0.0,0,0
8530,0,0.0,0.0,0.0,0.0,0,0
8518,0,0.0,0.0,0.0,0.0,0,0
8512,0,0.0,0.0,0.0,0.0,0,0
8515,0,0.0,0.0,0.0,0.0,0,0
8534,0,0.0,0.0,0.0,0.0,0,0
8529,0,0.0,0.0,0.0,0.0,0,0
8536,0,0.0,0.0,0.0,0.0,0,0
8526,0,0.0,0.0,0.0,0.0,0,0
8537,0,0.0,0.0,0.0,0.0,0,0
8517,0,0.0,0.0,0.0,0.0,0,0
8524,0,0.0,0.0,0.0,0.0,0,0
8514,0,0.0,0.0,0.0,0.0,0,0
8528,0,0.0,0.0,0.0,0.0,0,0
8511,0,0.0,0.0,0.0,0.0,0,0
8480,0,0.0,0.0,0.0,0.0,0,0
8470,0,0.0,0.0,0.0,0.0,0,0
8465,0,0.0,0.0,0.0,0.0,0,0
8502,0,0.0,0.0,0.0,0.0,0,0
8510,0,0.0,0.0,0.0,0.0,0,0
8501,0,0.0,0.0,0.0,0.0,0,0
8474,0,0.0,0.0,0.0,0.0,0,0
8509,0,0.0,0.0,0.0,0.0,0,0
8475,0,0.0,0.0,0.0,0.0,0,0
8493,0,0.0,0.0,0.0,0.0,0,0
8508,0,0.0,0.0,0.0,0.0,0,0
8489,0,0.0,0.0,0.0,0.0,0,0
8468,0,0.0,0.0,0.0,0.0,0,0
8504,0,0.0,0.0,0.0,0.0,0,0
8481,0,0.0,0.0,0.0,0.0,0,0
8506,0,0.0,0.0,0.0,0.0,0,0
8476,0,0.0,0.0,0.0,0.0,0,0
8498,0,0.0,0.0,0.0,0.0,0,0
8486,0,0.0,0.0,0.0,0.0,0,0
8492,0,0.0,0.0,0.0,0.0,0,0
8469,0,0.0,0.0,0.0,0.0,0,0
8494,0,0.0,0.0,0.0,0.0,0,0
8466,0,0.0,0.0,0.0,0.0,0,0
8477,0,0.0,0.0,0.0,0.0,0,0
8484,0,0.0,0.0,0.0,0.0,0,0
8507,0,0.0,0.0,0.0,0.0,0,0
8488,0,0.0,0.0,0.0,0.0,0,0
8473,0,0.0,0.0,0.0,0.0,0,0
8500,0,0.0,0.0,0.0,0.0,0,0
8496,0,0.0,0.0,0.0,0.0,0,0
8487,0,0.0,0.0,0.0,0.0,0,0
8495,0,0.0,0.0,0.0,0.0,0,0
8467,0,0.0,0.0,0.0,0.0,0,0
8472,0,0.0,0.0,0.0,0.0,0,0
8485,0,0.0,0.0,0.0,0.0,0,0
8491,0,0.0,0.0,0.0,0.0,0,0
8490,0,0.0,0.0,0.0,0.0,0,0
8478,0,0.0,0.0,0.0,0.0,0,0
8497,0,0.0,0.0,0.0,0.0,0,0
8505,0,0.0,0.0,0.0,0.0,0,0
8471,0,0.0,0.0,0.0,0.0,0,0
8479,0,0.0,0.0,0.0,0.0,0,0
8499,0,0.0,0.0,0.0,0.0,0,0
8503,0,0.0,0.0,0.0,0.0,0,0
8483,0,0.0,0.0,0.0,0.0,0,0
8482,0,0.0,0.0,0.0,0.0,0,0
8457,0,0.0,0.0,0.0,0.0,0,0
8459,0,0.0,0.0,0.0,0.0,0,0
8460,0,0.0,0.0,0.0,0.0,0,0
8450,0,0.0,0.0,0.0,0.0,0,0
8461,0,0.0,0.0,0.0,0.0,0,0
8456,0,0.0,0.0,0.0,0.0,0,0
8448,0,0.0,0.0,0.0,0.0,0,0
8463,0,0.0,0.0,0.0,0.0,0,0
8455,0,0.0,0.0,0.0,0.0,0,0
8447,0,0.0,0.0,0.0,0.0,0,0
8449,0,0.0,0.0,0.0,0.0,0,0
8458,0,0.0,0.0,0.0,0.0,0,0
8464,0,0.0,0.0,0.0,0.0,0,0
8452,0,0.0,0.0,0.0,0.0,0,0
8451,0,0.0,0.0,0.0,0.0,0,0
8454,0,0.0,0.0,0.0,0.0,0,0
8453,0,0.0,0.0,0.0,0.0,0,0
8462,0,0.0,0.0,0.0,0.0,0,0
8439,0,0.0,0.0,0.0,0.0,0,0
8433,0,0.0,0.0,0.0,0.0,0,0
8428,0,0.0,0.0,0.0,0.0,0,0
8424,0,0.0,0.0,0.0,0.0,0,0
8431,0,0.0,0.0,0.0,0.0,0,0
8427,0,0.0,0.0,0.0,0.0,0,0
8426,0,0.0,0.0,0.0,0.0,0,0
8429,0,0.0,0.0,0.0,0.0,0,0
8444,0,0.0,0.0,0.0,0.0,0,0
8408,0,0.0,0.0,0.0,0.0,0,0
8422,0,0.0,0.0,0.0,0.0,0,0
8420,0,0.0,0.0,0.0,0.0,0,0
8430,0,0.0,0.0,0.0,0.0,0,0
8438,0,0.0,0.0,0.0,0.0,0,0
8443,0,0.0,0.0,0.0,0.0,0,0
8446,0,0.0,0.0,0.0,0.0,0,0
8410,0,0.0,0.0,0.0,0.0,0,0
8445,0,0.0,0.0,0.0,0.0,0,0
8421,0,0.0,0.0,0.0,0.0,0,0
8436,0,0.0,0.0,0.0,0.0,0,0
8440,0,0.0,0.0,0.0,0.0,0,0
8417,0,0.0,0.0,0.0,0.0,0,0
8414,0,0.0,0.0,0.0,0.0,0,0
8418,0,0.0,0.0,0.0,0.0,0,0
8412,0,0.0,0.0,0.0,0.0,0,0
8442,0,0.0,0.0,0.0,0.0,0,0
8434,0,0.0,0.0,0.0,0.0,0,0
8416,0,0.0,0.0,0.0,0.0,0,0
8425,0,0.0,0.0,0.0,0.0,0,0
8411,0,0.0,0.0,0.0,0.0,0,0
8409,0,0.0,0.0,0.0,0.0,0,0
8423,0,0.0,0.0,0.0,0.0,0,0
8441,0,0.0,0.0,0.0,0.0,0,0
8419,0,0.0,0.0,0.0,0.0,0,0
8432,0,0.0,0.0,0.0,0.0,0,0
8437,0,0.0,0.0,0.0,0.0,0,0
8407,0,0.0,0.0,0.0,0.0,0,0
8415,0,0.0,0.0,0.0,0.0,0,0
8413,0,0.0,0.0,0.0,0.0,0,0
8435,0,0.0,0.0,0.0,0.0,0,0
8401,0,0.0,0.0,0.0,0.0,0,0
8400,0,0.0,0.0,0.0,0.0,0,0
8403,0,0.0,0.0,0.0,0.0,0,0
8374,0,0.0,0.0,0.0,0.0,0,0
8380,0,0.0,0.0,0.0,0.0,0,0
8391,0,0.0,0.0,0.0,0.0,0,0
8399,0,0.0,0.0,0.0,0.0,0,0
8390,0,0.0,0.0,0.0,0.0,0,0
8396,0,0.0,0.0,0.0,0.0,0,0
8389,0,0.0,0.0,0.0,0.0,0,0
8383,0,0.0,0.0,0.0,0.0,0,0
8376,0,0.0,0.0,0.0,0.0,0,0
8393,0,0.0,0.0,0.0,0.0,0,0
8367,0,0.0,0.0,0.0,0.0,0,0
8384,0,0.0,0.0,0.0,0.0,0,0
8378,0,0.0,0.0,0.0,0.0,0,0
8375,0,0.0,0.0,0.0,0.0,0,0
8381,0,0.0,0.0,0.0,0.0,0,0
8406,0,0.0,0.0,0.0,0.0,0,0
8398,0,0.0,0.0,0.0,0.0,0,0
8397,0,0.0,0.0,0.0,0.0,0,0
8395,0,0.0,0.0,0.0,0.0,0,0
8368,0,0.0,0.0,0.0,0.0,0,0
8394,0,0.0,0.0,0.0,0.0,0,0
8392,0,0.0,0.0,0.0,0.0,0,0
8382,0,0.0,0.0,0.0,0.0,0,0
8385,0,0.0,0.0,0.0,0.0,0,0
8372,0,0.0,0.0,0.0,0.0,0,0
8404,0,0.0,0.0,0.0,0.0,0,0
8388,0,0.0,0.0,0.0,0.0,0,0
8379,0,0.0,0.0,0.0,0.0,0,0
8405,0,0.0,0.0,0.0,0.0,0,0
8373,0,0.0,0.0,0.0,0.0,0,0
8370,0,0.0,0.0,0.0,0.0,0,0
8377,0,0.0,0.0,0.0,0.0,0,0
8369,0,0.0,0.0,0.0,0.0,0,0
8402,0,0.0,0.0,0.0,0.0,0,0
8387,0,0.0,0.0,0.0,0.0,0,0
8371,0,0.0,0.0,0.0,0.0,0,0
8386,0,0.0,0.0,0.0,0.0,0,0
8366,0,0.0,0.0,0.0,0.0,0,0
8363,0,0.0,0.0,0.0,0.0,0,0
8361,0,0.0,0.0,0.0,0.0,0,0
8365,0,0.0,0.0,0.0,0.0,0,0
8358,0,0.0,0.0,0.0,0.0,0,0
8364,0,0.0,0.0,0.0,0.0,0,0
8362,0,0.0,0.0,0.0,0.0,0,0
8360,0,0.0,0.0,0.0,0.0,0,0
8359,0,0.0,0.0,0.0,0.0,0,0
8347,0,0.0,0.0,0.0,0.0,0,0
8349,0,0.0,0.0,0.0,0.0,0,0
8355,0,0.0,0.0,0.0,0.0,0,0
8348,0,0.0,0.0,0.0,0.0,0,0
8354,0,0.0,0.0,0.0,0.0,0,0
8350,0,0.0,0.0,0.0,0.0,0,0
8344,0,0.0,0.0,0.0,0.0,0,0
8356,0,0.0,0.0,0.0,0.0,0,0
8345,0,0.0,0.0,0.0,0.0,0,0
8339,0,0.0,0.0,0.0,0.0,0,0
8342,0,0.0,0.0,0.0,0.0,0,0
8353,0,0.0,0.0,0.0,0.0,0,0
8341,0,0.0,0.0,0.0,0.0,0,0
8351,0,0.0,0.0,0.0,0.0,0,0
8346,0,0.0,0.0,0.0,0.0,0,0
8352,0,0.0,0.0,0.0,0.0,0,0
8357,0,0.0,0.0,0.0,0.0,0,0
8340,0,0.0,0.0,0.0,0.0,0,0
8343,0,0.0,0.0,0.0,0.0,0,0
8298,0,0.0,0.0,0.0,0.0,0,0
8310,0,0.0,0.0,0.0,0.0,0,0
8309,0,0.0,0.0,0.0,0.0,0,0
8311,0,0.0,0.0,0.0,0.0,0,0
8336,0,0.0,0.0,0.0,0.0,0,0
8325,0,0.0,0.0,0.0,0.0,0,0
8304,0,0.0,0.0,0.0,0.0,0,0
8333,0,0.0,0.0,0.0,0.0,0,0
8318,0,0.0,0.0,0.0,0.0,0,0
8306,0,0.0,0.0,0.0,0.0,0,0
8320,0,0.0,0.0,0.0,0.0,0,0
8321,0,0.0,0.0,0.0,0.0,0,0
8314,0,0.0,0.0,0.0,0.0,0,0
8326,0,0.0,0.0,0.0,0.0,0,0
8331,0,0.0,0.0,0.0,0.0,0,0
8312,0,0.0,0.0,0.0,0.0,0,0
8335,0,0.0,0.0,0.0,0.0,0,0
8329,0,0.0,0.0,0.0,0.0,0,0
8330,0,0.0,0.0,0.0,0.0,0,0
8322,0,0.0,0.0,0.0,0.0,0,0
8315,0,0.0,0.0,0.0,0.0,0,0
8300,0,0.0,0.0,0.0,0.0,0,0
8317,0,0.0,0.0,0.0,0.0,0,0
8297,0,0.0,0.0,0.0,0.0,0,0
8332,0,0.0,0.0,0.0,0.0,0,0
8328,0,0.0,0.0,0.0,0.0,0,0
8338,0,0.0,0.0,0.0,0.0,0,0
8302,0,0.0,0.0,0.0,0.0,0,0
8301,0,0.0,0.0,0.0,0.0,0,0
8308,0,0.0,0.0,0.0,0.0,0,0
8307,0,0.0,0.0,0.0,0.0,0,0
8313,0,0.0,0.0,0.0,0.0,0,0
8334,0,0.0,0.0,0.0,0.0,0,0
8303,0,0.0,0.0,0.0,0.0,0,0
8299,0,0.0,0.0,0.0,0.0,0,0
8337,0,0.0,0.0,0.0,0.0,0,0
8305,0,0.0,0.0,0.0,0.0,0,0
8319,0,0.0,0.0,0.0,0.0,0,0
8324,0,0.0,0.0,0.0,0.0,0,0
8323,0,0.0,0.0,0.0,0.0,0,0
8316,0,0.0,0.0,0.0,0.0,0,0
8327,0,0.0,0.0,0.0,0.0,0,0
8260,0,0.0,0.0,0.0,0.0,0,0
8294,0,0.0,0.0,0.0,0.0,0,0
8276,0,0.0,0.0,0.0,0.0,0,0
8264,0,0.0,0.0,0.0,0.0,0,0
8272,0,0.0,0.0,0.0,0.0,0,0
8274,0,0.0,0.0,0.0,0.0,0,0
8295,0,0.0,0.0,0.0,0.0,0,0
8283,0,0.0,0.0,0.0,0.0,0,0
8266,0,0.0,0.0,0.0,0.0,0,0
8273,0,0.0,0.0,0.0,0.0,0,0
8281,0,0.0,0.0,0.0,0.0,0,0
8287,0,0.0,0.0,0.0,0.0,0,0
8296,0,0.0,0.0,0.0,0.0,0,0
8280,0,0.0,0.0,0.0,0.0,0,0
8278,0,0.0,0.0,0.0,0.0,0,0
8267,0,0.0,0.0,0.0,0.0,0,0
8262,0,0.0,0.0,0.0,0.0,0,0
8268,0,0.0,0.0,0.0,0.0,0,0
8284,0,0.0,0.0,0.0,0.0,0,0
8270,0,0.0,0.0,0.0,0.0,0,0
8277,0,0.0,0.0,0.0,0.0,0,0
8289,0,0.0,0.0,0.0,0.0,0,0
8292,0,0.0,0.0,0.0,0.0,0,0
8275,0,0.0,0.0,0.0,0.0,0,0
8285,0,0.0,0.0,0.0,0.0,0,0
8282,0,0.0,0.0,0.0,0.0,0,0
8286,0,0.0,0.0,0.0,0.0,0,0
8261,0,0.0,0.0,0.0,0.0,0,0
8263,0,0.0,0.0,0.0,0.0,0,0
8293,0,0.0,0.0,0.0,0.0,0,0
8269,0,0.0,0.0,0.0,0.0,0,0
8265,0,0.0,0.0,0.0,0.0,0,0
8279,0,0.0,0.0,0.0,0.0,0,0
8291,0,0.0,0.0,0.0,0.0,0,0
8271,0,0.0,0.0,0.0,0.0,0,0
8290,0,0.0,0.0,0.0,0.0,0,0
8288,0,0.0,0.0,0.0,0.0,0,0
8226,0,0.0,0.0,0.0,0.0,0,0
8236,0,0.0,0.0,0.0,0.0,0,0
8238,0,0.0,0.0,0.0,0.0,0,0
8233,0,0.0,0.0,0.0,0.0,0,0
8231,0,0.0,0.0,0.0,0.0,0,0
8257,0,0.0,0.0,0.0,0.0,0,0
8239,0,0.0,0.0,0.0,0.0,0,0
8249,0,0.0,0.0,0.0,0.0,0,0
8241,0,0.0,0.0,0.0,0.0,0,0
8250,0,0.0,0.0,0.0,0.0,0,0
8232,0,0.0,0.0,0.0,0.0,0,0
8247,0,0.0,0.0,0.0,0.0,0,0
8237,0,0.0,0.0,0.0,0.0,0,0
8242,0,0.0,0.0,0.0,0.0,0,0
8256,0,0.0,0.0,0.0,0.0,0,0
8230,0,0.0,0.0,0.0,0.0,0,0
8228,0,0.0,0.0,0.0,0.0,0,0
8229,0,0.0,0.0,0.0,0.0,0,0
8258,0,0.0,0.0,0.0,0.0,0,0
8227,0,0.0,0.0,0.0,0.0,0,0
8255,0,0.0,0.0,0.0,0.0,0,0
8252,0,0.0,0.0,0.0,0.0,0,0
8254,0,0.0,0.0,0.0,0.0,0,0
8253,0,0.0,0.0,0.0,0.0,0,0
8245,0,0.0,0.0,0.0,0.0,0,0
8244,0,0.0,0.0,0.0,0.0,0,0
8248,0,0.0,0.0,0.0,0.0,0,0
8234,0,0.0,0.0,0.0,0.0,0,0
8235,0,0.0,0.0,0.0,0.0,0,0
8240,0,0.0,0.0,0.0,0.0,0,0
8243,0,0.0,0.0,0.0,0.0,0,0
8259,0,0.0,0.0,0.0,0.0,0,0
8246,0,0.0,0.0,0.0,0.0,0,0
8251,0,0.0,0.0,0.0,0.0,0,0
8194,0,0.0,0.0,0.0,0.0,0,0
8215,0,0.0,0.0,0.0,0.0,0,0
8185,0,0.0,0.0,0.0,0.0,0,0
8195,0,0.0,0.0,0.0,0.0,0,0
8202,0,0.0,0.0,0.0,0.0,0,0
8214,0,0.0,0.0,0.0,0.0,0,0
8225,0,0.0,0.0,0.0,0.0,0,0
8206,0,0.0,0.0,0.0,0.0,0,0
8188,0,0.0,0.0,0.0,0.0,0,0
8220,0,0.0,0.0,0.0,0.0,0,0
8211,0,0.0,0.0,0.0,0.0,0,0
8221,0,0.0,0.0,0.0,0.0,0,0
8191,0,0.0,0.0,0.0,0.0,0,0
8186,0,0.0,0.0,0.0,0.0,0,0
8217,0,0.0,0.0,0.0,0.0,0,0
8218,0,0.0,0.0,0.0,0.0,0,0
8190,0,0.0,0.0,0.0,0.0,0,0
8198,0,0.0,0.0,0.0,0.0,0,0
8201,0,0.0,0.0,0.0,0.0,0,0
8197,0,0.0,0.0,0.0,0.0,0,0
8192,0,0.0,0.0,0.0,0.0,0,0
8200,0,0.0,0.0,0.0,0.0,0,0
8204,0,0.0,0.0,0.0,0.0,0,0
8199,0,0.0,0.0,0.0,0.0,0,0
8210,0,0.0,0.0,0.0,0.0,0,0
8203,0,0.0,0.0,0.0,0.0,0,0
8183,0,0.0,0.0,0.0,0.0,0,0
8193,0,0.0,0.0,0.0,0.0,0,0
8222,0,0.0,0.0,0.0,0.0,0,0
8207,0,0.0,0.0,0.0,0.0,0,0
8216,0,0.0,0.0,0.0,0.0,0,0
8187,0,0.0,0.0,0.0,0.0,0,0
8189,0,0.0,0.0,0.0,0.0,0,0
8213,0,0.0,0.0,0.0,0.0,0,0
8196,0,0.0,0.0,0.0,0.0,0,0
8208,0,0.0,0.0,0.0,0.0,0,0
8219,0,0.0,0.0,0.0,0.0,0,0
8223,0,0.0,0.0,0.0,0.0,0,0
8224,0,0.0,0.0,0.0,0.0,0,0
8205,0,0.0,0.0,0.0,0.0,0,0
8184,0,0.0,0.0,0.0,0.0,0,0
8209,0,0.0,0.0,0.0,0.0,0,0
8212,0,0.0,0.0,0.0,0.0,0,0
8147,0,0.0,0.0,0.0,0.0,0,0
8144,0,0.0,0.0,0.0,0.0,0,0
8157,0,0.0,0.0,0.0,0.0,0,0
8143,0,0.0,0.0,0.0,0.0,0,0
8173,0,0.0,0.0,0.0,0.0,0,0
8176,0,0.0,0.0,0.0,0.0,0,0
8160,0,0.0,0.0,0.0,0.0,0,0
8149,0,0.0,0.0,0.0,0.0,0,0
8169,0,0.0,0.0,0.0,0.0,0,0
8179,0,0.0,0.0,0.0,0.0,0,0
8168,0,0.0,0.0,0.0,0.0,0,0
8163,0,0.0,0.0,0.0,0.0,0,0
8142,0,0.0,0.0,0.0,0.0,0,0
8180,0,0.0,0.0,0.0,0.0,0,0
8150,0,0.0,0.0,0.0,0.0,0,0
8175,0,0.0,0.0,0.0,0.0,0,0
8162,0,0.0,0.0,0.0,0.0,0,0
8141,0,0.0,0.0,0.0,0.0,0,0
8167,0,0.0,0.0,0.0,0.0,0,0
8181,0,0.0,0.0,0.0,0.0,0,0
8158,0,0.0,0.0,0.0,0.0,0,0
8148,0,0.0,0.0,0.0,0.0,0,0
8154,0,0.0,0.0,0.0,0.0,0,0
8170,0,0.0,0.0,0.0,0.0,0,0
8165,0,0.0,0.0,0.0,0.0,0,0
8156,0,0.0,0.0,0.0,0.0,0,0
8159,0,0.0,0.0,0.0,0.0,0,0
8161,0,0.0,0.0,0.0,0.0,0,0
8171,0,0.0,0.0,0.0,0.0,0,0
8177,0,0.0,0.0,0.0,0.0,0,0
8153,0,0.0,0.0,0.0,0.0,0,0
8152,0,0.0,0.0,0.0,0.0,0,0
8182,0,0.0,0.0,0.0,0.0,0,0
8151,0,0.0,0.0,0.0,0.0,0,0
8145,0,0.0,0.0,0.0,0.0,0,0
8146,0,0.0,0.0,0.0,0.0,0,0
8178,0,0.0,0.0,0.0,0.0,0,0
8164,0,0.0,0.0,0.0,0.0,0,0
8155,0,0.0,0.0,0.0,0.0,0,0
8174,0,0.0,0.0,0.0,0.0,0,0
8166,0,0.0,0.0,0.0,0.0,0,0
8172,0,0.0,0.0,0.0,0.0,0,0
8140,0,0.0,0.0,0.0,0.0,0,0
8135,0,0.0,0.0,0.0,0.0,0,0
8131,0,0.0,0.0,0.0,0.0,0,0
8134,0,0.0,0.0,0.0,0.0,0,0
8132,0,0.0,0.0,0.0,0.0,0,0
8129,0,0.0,0.0,0.0,0.0,0,0
8130,0,0.0,0.0,0.0,0.0,0,0
8138,0,0.0,0.0,0.0,0.0,0,0
8139,0,0.0,0.0,0.0,0.0,0,0
8137,0,0.0,0.0,0.0,0.0,0,0
8136,0,0.0,0.0,0.0,0.0,0,0
8128,0,0.0,0.0,0.0,0.0,0,0
8133,0,0.0,0.0,0.0,0.0,0,0
8124,0,0.0,0.0,0.0,0.0,0,0
8108,0,0.0,0.0,0.0,0.0,0,0
8105,0,0.0,0.0,0.0,0.0,0,0
8119,0,0.0,0.0,0.0,0.0,0,0
8110,0,0.0,0.0,0.0,0.0,0,0
8106,0,0.0,0.0,0.0,0.0,0,0
8111,0,0.0,0.0,0.0,0.0,0,0
8114,0,0.0,0.0,0.0,0.0,0,0
8115,0,0.0,0.0,0.0,0.0,0,0
8098,0,0.0,0.0,0.0,0.0,0,0
8117,0,0.0,0.0,0.0,0.0,0,0
8116,0,0.0,0.0,0.0,0.0,0,0
8101,0,0.0,0.0,0.0,0.0,0,0
8103,0,0.0,0.0,0.0,0.0,0,0
8120,0,0.0,0.0,0.0,0.0,0,0
8107,0,0.0,0.0,0.0,0.0,0,0
8121,0,0.0,0.0,0.0,0.0,0,0
8118,0,0.0,0.0,0.0,0.0,0,0
8125,0,0.0,0.0,0.0,0.0,0,0
8122,0,0.0,0.0,0.0,0.0,0,0
8123,0,0.0,0.0,0.0,0.0,0,0
8113,0,0.0,0.0,0.0,0.0,0,0
8112,0,0.0,0.0,0.0,0.0,0,0
8126,0,0.0,0.0,0.0,0.0,0,0
8127,0,0.0,0.0,0.0,0.0,0,0
8102,0,0.0,0.0,0.0,0.0,0,0
8100,0,0.0,0.0,0.0,0.0,0,0
8099,0,0.0,0.0,0.0,0.0,0,0
8109,0,0.0,0.0,0.0,0.0,0,0
8104,0,0.0,0.0,0.0,0.0,0,0
8091,0,0.0,0.0,0.0,0.0,0,0
8087,0,0.0,0.0,0.0,0.0,0,0
8089,0,0.0,0.0,0.0,0.0,0,0
8083,0,0.0,0.0,0.0,0.0,0,0
8081,0,0.0,0.0,0.0,0.0,0,0
8094,0,0.0,0.0,0.0,0.0,0,0
8088,0,0.0,0.0,0.0,0.0,0,0
8080,0,0.0,0.0,0.0,0.0,0,0
8082,0,0.0,0.0,0.0,0.0,0,0
8092,0,0.0,0.0,0.0,0.0,0,0
8096,0,0.0,0.0,0.0,0.0,0,0
8093,0,0.0,0.0,0.0,0.0,0,0
8086,0,0.0,0.0,0.0,0.0,0,0
8095,0,0.0,0.0,0.0,0.0,0,0
8084,0,0.0,0.0,0.0,0.0,0,0
8097,0,0.0,0.0,0.0,0.0,0,0
8079,0,0.0,0.0,0.0,0.0,0,0
8090,0,0.0,0.0,0.0,0.0,0,0
8085,0,0.0,0.0,0.0,0.0,0,0
8066,0,0.0,0.0,0.0,0.0,0,0
8067,0,0.0,0.0,0.0,0.0,0,0
8075,0,0.0,0.0,0.0,0.0,0,0
8070,0,0.0,0.0,0.0,0.0,0,0
8078,0,0.0,0.0,0.0,0.0,0,0
8053,0,0.0,0.0,0.0,0.0,0,0
8054,0,0.0,0.0,0.0,0.0,0,0
8057,0,0.0,0.0,0.0,0.0,0,0
8058,0,0.0,0.0,0.0,0.0,0,0
8072,0,0.0,0.0,0.0,0.0,0,0
8059,0,0.0,0.0,0.0,0.0,0,0
8074,0,0.0,0.0,0.0,0.0,0,0
8061,0,0.0,0.0,0.0,0.0,0,0
8076,0,0.0,0.0,0.0,0.0,0,0
8069,0,0.0,0.0,0.0,0.0,0,0
8077,0,0.0,0.0,0.0,0.0,0,0
8060,0,0.0,0.0,0.0,0.0,0,0
8073,0,0.0,0.0,0.0,0.0,0,0
8064,0,0.0,0.0,0.0,0.0,0,0
8071,0,0.0,0.0,0.0,0.0,0,0
8063,0,0.0,0.0,0.0,0.0,0,0
8065,0,0.0,0.0,0.0,0.0,0,0
8062,0,0.0,0.0,0.0,0.0,0,0
8055,0,0.0,0.0,0.0,0.0,0,0
8068,0,0.0,0.0,0.0,0.0,0,0
8056,0,0.0,0.0,0.0,0.0,0,0
8048,0,0.0,0.0,0.0,0.0,0,0
8044,0,0.0,0.0,0.0,0.0,0,0
8029,0,0.0,0.0,0.0,0.0,0,0
8019,0,0.0,0.0,0.0,0.0,0,0
8010,0,0.0,0.0,0.0,0.0,0,0
8032,0,0.0,0.0,0.0,0.0,0,0
8043,0,0.0,0.0,0.0,0.0,0,0
8023,0,0.0,0.0,0.0,0.0,0,0
8051,0,0.0,0.0,0.0,0.0,0,0
8024,0,0.0,0.0,0.0,0.0,0,0
8016,0,0.0,0.0,0.0,0.0,0,0
8026,0,0.0,0.0,0.0,0.0,0,0
8036,0,0.0,0.0,0.0,0.0,0,0
8014,0,0.0,0.0,0.0,0.0,0,0
8050,0,0.0,0.0,0.0,0.0,0,0
8009,0,0.0,0.0,0.0,0.0,0,0
8035,0,0.0,0.0,0.0,0.0,0,0
8041,0,0.0,0.0,0.0,0.0,0,0
8028,0,0.0,0.0,0.0,0.0,0,0
8011,0,0.0,0.0,0.0,0.0,0,0
8037,0,0.0,0.0,0.0,0.0,0,0
8020,0,0.0,0.0,0.0,0.0,0,0
8025,0,0.0,0.0,0.0,0.0,0,0
8027,0,0.0,0.0,0.0,0.0,0,0
8021,0,0.0,0.0,0.0,0.0,0,0
8030,0,0.0,0.0,0.0,0.0,0,0
8038,0,0.0,0.0,0.0,0.0,0,0
8047,0,0.0,0.0,0.0,0.0,0,0
8017,0,0.0,0.0,0.0,0.0,0,0
8046,0,0.0,0.0,0.0,0.0,0,0
8040,0,0.0,0.0,0.0,0.0,0,0
8052,0,0.0,0.0,0.0,0.0,0,0
8033,0,0.0,0.0,0.0,0.0,0,0
8018,0,0.0,0.0,0.0,0.0,0,0
8042,0,0.0,0.0,0.0,0.0,0,0
8015,0,0.0,0.0,0.0,0.0,0,0
8045,0,0.0,0.0,0.0,0.0,0,0
8039,0,0.0,0.0,0.0,0.0,0,0
8031,0,0.0,0.0,0.0,0.0,0,0
8049,0,0.0,0.0,0.0,0.0,0,0
8013,0,0.0,0.0,0.0,0.0,0,0
8022,0,0.0,0.0,0.0,0.0,0,0
8034,0,0.0,0.0,0.0,0.0,0,0
8012,0,0.0,0.0,0.0,0.0,0,0
7998,0,0.0,0.0,0.0,0.0,0,0
7995,0,0.0,0.0,0.0,0.0,0,0
8004,0,0.0,0.0,0.0,0.0,0,0
7981,0,0.0,0.0,0.0,0.0,0,0
8001,0,0.0,0.0,0.0,0.0,0,0
7978,0,0.0,0.0,0.0,0.0,0,0
7997,0,0.0,0.0,0.0,0.0,0,0
8007,0,0.0,0.0,0.0,0.0,0,0
7993,0,0.0,0.0,0.0,0.0,0,0
7989,0,0.0,0.0,0.0,0.0,0,0
7984,0,0.0,0.0,0.0,0.0,0,0
7977,0,0.0,0.0,0.0,0.0,0,0
7990,0,0.0,0.0,0.0,0.0,0,0
7994,0,0.0,0.0,0.0,0.0,0,0
7975,0,0.0,0.0,0.0,0.0,0,0
7996,0,0.0,0.0,0.0,0.0,0,0
7980,0,0.0,0.0,0.0,0.0,0,0
7979,0,0.0,0.0,0.0,0.0,0,0
8003,0,0.0,0.0,0.0,0.0,0,0
7992,0,0.0,0.0,0.0,0.0,0,0
7986,0,0.0,0.0,0.0,0.0,0,0
8000,0,0.0,0.0,0.0,0.0,0,0
7987,0,0.0,0.0,0.0,0.0,0,0
7999,0,0.0,0.0,0.0,0.0,0,0
7976,0,0.0,0.0,0.0,0.0,0,0
7991,0,0.0,0.0,0.0,0.0,0,0
7974,0,0.0,0.0,0.0,0.0,0,0
7988,0,0.0,0.0,0.0,0.0,0,0
7982,0,0.0,0.0,0.0,0.0,0,0
7985,0,0.0,0.0,0.0,0.0,0,0
8008,0,0.0,0.0,0.0,0.0,0,0
8005,0,0.0,0.0,0.0,0.0,0,0
8002,0,0.0,0.0,0.0,0.0,0,0
8006,0,0.0,0.0,0.0,0.0,0,0
7983,0,0.0,0.0,0.0,0.0,0,0
7971,0,0.0,0.0,0.0,0.0,0,0
7968,0,0.0,0.0,0.0,0.0,0,0
7966,0,0.0,0.0,0.0,0.0,0,0
7964,0,0.0,0.0,0.0,0.0,0,0
7965,0,0.0,0.0,0.0,0.0,0,0
7973,0,0.0,0.0,0.0,0.0,0,0
7970,0,0.0,0.0,0.0,0.0,0,0
7962,0,0.0,0.0,0.0,0.0,0,0
7969,0,0.0,0.0,0.0,0.0,0,0
7967,0,0.0,0.0,0.0,0.0,0,0
7961,0,0.0,0.0,0.0,0.0,0,0
7963,0,0.0,0.0,0.0,0.0,0,0
7972,0,0.0,0.0,0.0,0.0,0,0
7960,0,0.0,0.0,0.0,0.0,0,0
7930,0,0.0,0.0,0.0,0.0,0,0
7950,0,0.0,0.0,0.0,0.0,0,0
7929,0,0.0,0.0,0.0,0.0,0,0
7931,0,0.0,0.0,0.0,0.0,0,0
7932,0,0.0,0.0,0.0,0.0,0,0
7945,0,0.0,0.0,0.0,0.0,0,0
7957,0,0.0,0.0,0.0,0.0,0,0
7942,0,0.0,0.0,0.0,0.0,0,0
7934,0,0.0,0.0,0.0,0.0,0,0
7952,0,0.0,0.0,0.0,0.0,0,0
7925,0,0.0,0.0,0.0,0.0,0,0
7939,0,0.0,0.0,0.0,0.0,0,0
7937,0,0.0,0.0,0.0,0.0,0,0
7956,0,0.0,0.0,0.0,0.0,0,0
7953,0,0.0,0.0,0.0,0.0,0,0
7949,0,0.0,0.0,0.0,0.0,0,0
7927,0,0.0,0.0,0.0,0.0,0,0
7940,0,0.0,0.0,0.0,0.0,0,0
7926,0,0.0,0.0,0.0,0.0,0,0
7935,0,0.0,0.0,0.0,0.0,0,0
7948,0,0.0,0.0,0.0,0.0,0,0
7958,0,0.0,0.0,0.0,0.0,0,0
7944,0,0.0,0.0,0.0,0.0,0,0
7941,0,0.0,0.0,0.0,0.0,0,0
7959,0,0.0,0.0,0.0,0.0,0,0
7922,0,0.0,0.0,0.0,0.0,0,0
7955,0,0.0,0.0,0.0,0.0,0,0
7943,0,0.0,0.0,0.0,0.0,0,0
7951,0,0.0,0.0,0.0,0.0,0,0
7924,0,0.0,0.0,0.0,0.0,0,0
7928,0,0.0,0.0,0.0,0.0,0,0
7938,0,0.0,0.0,0.0,0.0,0,0
7923,0,0.0,0.0,0.0,0.0,0,0
7936,0,0.0,0.0,0.0,0.0,0,0
7954,0,0.0,0.0,0.0,0.0,0,0
7947,0,0.0,0.0,0.0,0.0,0,0
7933,0,0.0,0.0,0.0,0.0,0,0
7946,0,0.0,0.0,0.0,0.0,0,0
7914,0,0.0,0.0,0.0,0.0,0,0
7903,0,0.0,0.0,0.0,0.0,0,0
7916,0,0.0,0.0,0.0,0.0,0,0
7904,0,0.0,0.0,0.0,0.0,0,0
7917,0,0.0,0.0,0.0,0.0,0,0
7910,0,0.0,0.0,0.0,0.0,0,0
7909,0,0.0,0.0,0.0,0.0,0,0
7902,0,0.0,0.0,0.0,0.0,0,0
7919,0,0.0,0.0,0.0,0.0,0,0
7912,0,0.0,0.0,0.0,0.0,0,0
7911,0,0.0,0.0,0.0,0.0,0,0
7921,0,0.0,0.0,0.0,0.0,0,0
7918,0,0.0,0.0,0.0,0.0,0,0
7908,0,0.0,0.0,0.0,0.0,0,0
7913,0,0.0,0.0,0.0,0.0,0,0
7907,0,0.0,0.0,0.0,0.0,0,0
7906,0,0.0,0.0,0.0,0.0,0,0
7920,0,0.0,0.0,0.0,0.0,0,0
7915,0,0.0,0.0,0.0,0.0,0,0
7905,0,0.0,0.0,0.0,0.0,0,0
7894,0,0.0,0.0,0.0,0.0,0,0
7900,0,0.0,0.0,0.0,0.0,0,0
7895,0,0.0,0.0,0.0,0.0,0,0
7896,0,0.0,0.0,0.0,0.0,0,0
7901,0,0.0,0.0,0.0,0.0,0,0
7897,0,0.0,0.0,0.0,0.0,0,0
7898,0,0.0,0.0,0.0,0.0,0,0
7899,0,0.0,0.0,0.0,0.0,0,0
7887,0,0.0,0.0,0.0,0.0,0,0
7892,0,0.0,0.0,0.0,0.0,0,0
7886,0,0.0,0.0,0.0,0.0,0,0
7893,0,0.0,0.0,0.0,0.0,0,0
7888,0,0.0,0.0,0.0,0.0,0,0
7883,0,0.0,0.0,0.0,0.0,0,0
7889,0,0.0,0.0,0.0,0.0,0,0
7891,0,0.0,0.0,0.0,0.0,0,0
7890,0,0.0,0.0,0.0,0.0,0,0
7885,0,0.0,0.0,0.0,0.0,0,0
7884,0,0.0,0.0,0.0,0.0,0,0
7882,0,0.0,0.0,0.0,0.0,0,0
7876,0,0.0,0.0,0.0,0.0,0,0
7869,0,0.0,0.0,0.0,0.0,0,0
7877,0,0.0,0.0,0.0,0.0,0,0
7880,0,0.0,0.0,0.0,0.0,0,0
7874,0,0.0,0.0,0.0,0.0,0,0
7868,0,0.0,0.0,0.0,0.0,0,0
7873,0,0.0,0.0,0.0,0.0,0,0
7872,0,0.0,0.0,0.0,0.0,0,0
7870,0,0.0,0.0,0.0,0.0,0,0
7878,0,0.0,0.0,0.0,0.0,0,0
7875,0,0.0,0.0,0.0,0.0,0,0
7879,0,0.0,0.0,0.0,0.0,0,0
7867,0,0.0,0.0,0.0,0.0,0,0
7871,0,0.0,0.0,0.0,0.0,0,0
7881,0,0.0,0.0,0.0,0.0,0,0
7866,0,0.0,0.0,0.0,0.0,0,0
7844,0,0.0,0.0,0.0,0.0,0,0
7840,0,0.0,0.0,0.0,0.0,0,0
7850,0,0.0,0.0,0.0,0.0,0,0
7858,0,0.0,0.0,0.0,0.0,0,0
7863,0,0.0,0.0,0.0,0.0,0,0
7854,0,0.0,0.0,0.0,0.0,0,0
7861,0,0.0,0.0,0.0,0.0,0,0
7860,0,0.0,0.0,0.0,0.0,0,0
7857,0,0.0,0.0,0.0,0.0,0,0
7845,0,0.0,0.0,0.0,0.0,0,0
7846,0,0.0,0.0,0.0,0.0,0,0
7839,0,0.0,0.0,0.0,0.0,0,0
7842,0,0.0,0.0,0.0,0.0,0,0
7847,0,0.0,0.0,0.0,0.0,0,0
7864,0,0.0,0.0,0.0,0.0,0,0
7853,0,0.0,0.0,0.0,0.0,0,0
7859,0,0.0,0.0,0.0,0.0,0,0
7865,0,0.0,0.0,0.0,0.0,0,0
7852,0,0.0,0.0,0.0,0.0,0,0
7855,0,0.0,0.0,0.0,0.0,0,0
7856,0,0.0,0.0,0.0,0.0,0,0
7851,0,0.0,0.0,0.0,0.0,0,0
7849,0,0.0,0.0,0.0,0.0,0,0
7848,0,0.0,0.0,0.0,0.0,0,0
7841,0,0.0,0.0,0.0,0.0,0,0
7843,0,0.0,0.0,0.0,0.0,0,0
7862,0,0.0,0.0,0.0,0.0,0,0
7829,0,0.0,0.0,0.0,0.0,0,0
7815,0,0.0,0.0,0.0,0.0,0,0
7833,0,0.0,0.0,0.0,0.0,0,0
7835,0,0.0,0.0,0.0,0.0,0,0
7826,0,0.0,0.0,0.0,0.0,0,0
7825,0,0.0,0.0,0.0,0.0,0,0
7830,0,0.0,0.0,0.0,0.0,0,0
7832,0,0.0,0.0,0.0,0.0,0,0
7816,0,0.0,0.0,0.0,0.0,0,0
7820,0,0.0,0.0,0.0,0.0,0,0
7828,0,0.0,0.0,0.0,0.0,0,0
7836,0,0.0,0.0,0.0,0.0,0,0
7837,0,0.0,0.0,0.0,0.0,0,0
7831,0,0.0,0.0,0.0,0.0,0,0
7838,0,0.0,0.0,0.0,0.0,0,0
7819,0,0.0,0.0,0.0,0.0,0,0
7823,0,0.0,0.0,0.0,0.0,0,0
7834,0,0.0,0.0,0.0,0.0,0,0
7824,0,0.0,0.0,0.0,0.0,0,0
7821,0,0.0,0.0,0.0,0.0,0,0
7818,0,0.0,0.0,0.0,0.0,0,0
7817,0,0.0,0.0,0.0,0.0,0,0
7827,0,0.0,0.0,0.0,0.0,0,0
7822,0,0.0,0.0,0.0,0.0,0,0
7743,0,0.0,0.0,0.0,0.0,0,0
7757,0,0.0,0.0,0.0,0.0,0,0
7773,0,0.0,0.0,0.0,0.0,0,0
7771,0,0.0,0.0,0.0,0.0,0,0
7764,0,0.0,0.0,0.0,0.0,0,0
7760,0,0.0,0.0,0.0,0.0,0,0
7748,0,0.0,0.0,0.0,0.0,0,0
7772,0,0.0,0.0,0.0,0.0,0,0
7795,0,0.0,0.0,0.0,0.0,0,0
7738,0,0.0,0.0,0.0,0.0,0,0
7740,0,0.0,0.0,0.0,0.0,0,0
7813,0,0.0,0.0,0.0,0.0,0,0
7803,0,0.0,0.0,0.0,0.0,0,0
7767,0,0.0,0.0,0.0,0.0,0,0
7789,0,0.0,0.0,0.0,0.0,0,0
7778,0,0.0,0.0,0.0,0.0,0,0
7779,0,0.0,0.0,0.0,0.0,0,0
7770,0,0.0,0.0,0.0,0.0,0,0
7752,0,0.0,0.0,0.0,0.0,0,0
7742,0,0.0,0.0,0.0,0.0,0,0
7766,0,0.0,0.0,0.0,0.0,0,0
7791,0,0.0,0.0,0.0,0.0,0,0
7774,0,0.0,0.0,0.0,0.0,0,0
7750,0,0.0,0.0,0.0,0.0,0,0
7804,0,0.0,0.0,0.0,0.0,0,0
7784,0,0.0,0.0,0.0,0.0,0,0
7782,0,0.0,0.0,0.0,0.0,0,0
7756,0,0.0,0.0,0.0,0.0,0,0
7746,0,0.0,0.0,0.0,0.0,0,0
7747,0,0.0,0.0,0.0,0.0,0,0
7753,0,0.0,0.0,0.0,0.0,0,0
7785,0,0.0,0.0,0.0,0.0,0,0
7737,0,0.0,0.0,0.0,0.0,0,0
7798,0,0.0,0.0,0.0,0.0,0,0
7812,0,0.0,0.0,0.0,0.0,0,0
7793,0,0.0,0.0,0.0,0.0,0,0
7801,0,0.0,0.0,0.0,0.0,0,0
7777,0,0.0,0.0,0.0,0.0,0,0
7759,0,0.0,0.0,0.0,0.0,0,0
7809,0,0.0,0.0,0.0,0.0,0,0
7800,0,0.0,0.0,0.0,0.0,0,0
7802,0,0.0,0.0,0.0,0.0,0,0
7761,0,0.0,0.0,0.0,0.0,0,0
7792,0,0.0,0.0,0.0,0.0,0,0
7811,0,0.0,0.0,0.0,0.0,0,0
7751,0,0.0,0.0,0.0,0.0,0,0
7796,0,0.0,0.0,0.0,0.0,0,0
7749,0,0.0,0.0,0.0,0.0,0,0
7781,0,0.0,0.0,0.0,0.0,0,0
7775,0,0.0,0.0,0.0,0.0,0,0
7807,0,0.0,0.0,0.0,0.0,0,0
7787,0,0.0,0.0,0.0,0.0,0,0
7769,0,0.0,0.0,0.0,0.0,0,0
7790,0,0.0,0.0,0.0,0.0,0,0
7741,0,0.0,0.0,0.0,0.0,0,0
7810,0,0.0,0.0,0.0,0.0,0,0
7806,0,0.0,0.0,0.0,0.0,0,0
7758,0,0.0,0.0,0.0,0.0,0,0
7745,0,0.0,0.0,0.0,0.0,0,0
7783,0,0.0,0.0,0.0,0.0,0,0
7776,0,0.0,0.0,0.0,0.0,0,0
7799,0,0.0,0.0,0.0,0.0,0,0
7797,0,0.0,0.0,0.0,0.0,0,0
7755,0,0.0,0.0,0.0,0.0,0,0
7739,0,0.0,0.0,0.0,0.0,0,0
7794,0,0.0,0.0,0.0,0.0,0,0
7765,0,0.0,0.0,0.0,0.0,0,0
7808,0,0.0,0.0,0.0,0.0,0,0
7805,0,0.0,0.0,0.0,0.0,0,0
7763,0,0.0,0.0,0.0,0.0,0,0
7754,0,0.0,0.0,0.0,0.0,0,0
7762,0,0.0,0.0,0.0,0.0,0,0
7780,0,0.0,0.0,0.0,0.0,0,0
7788,0,0.0,0.0,0.0,0.0,0,0
7814,0,0.0,0.0,0.0,0.0,0,0
7768,0,0.0,0.0,0.0,0.0,0,0
7786,0,0.0,0.0,0.0,0.0,0,0
7744,0,0.0,0.0,0.0,0.0,0,0
7699,0,0.0,0.0,0.0,0.0,0,0
7716,0,0.0,0.0,0.0,0.0,0,0
7702,0,0.0,0.0,0.0,0.0,0,0
7704,0,0.0,0.0,0.0,0.0,0,0
7731,0,0.0,0.0,0.0,0.0,0,0
7688,0,0.0,0.0,0.0,0.0,0,0
7719,0,0.0,0.0,0.0,0.0,0,0
7690,0,0.0,0.0,0.0,0.0,0,0
7712,0,0.0,0.0,0.0,0.0,0,0
7687,0,0.0,0.0,0.0,0.0,0,0
7683,0,0.0,0.0,0.0,0.0,0,0
7727,0,0.0,0.0,0.0,0.0,0,0
7732,0,0.0,0.0,0.0,0.0,0,0
7720,0,0.0,0.0,0.0,0.0,0,0
7673,0,0.0,0.0,0.0,0.0,0,0
7680,0,0.0,0.0,0.0,0.0,0,0
7685,0,0.0,0.0,0.0,0.0,0,0
7672,0,0.0,0.0,0.0,0.0,0,0
7678,0,0.0,0.0,0.0,0.0,0,0
7677,0,0.0,0.0,0.0,0.0,0,0
7697,0,0.0,0.0,0.0,0.0,0,0
7718,0,0.0,0.0,0.0,0.0,0,0
7703,0,0.0,0.0,0.0,0.0,0,0
7691,0,0.0,0.0,0.0,0.0,0,0
7696,0,0.0,0.0,0.0,0.0,0,0
7698,0,0.0,0.0,0.0,0.0,0,0
7728,0,0.0,0.0,0.0,0.0,0,0
7710,0,0.0,0.0,0.0,0.0,0,0
7717,0,0.0,0.0,0.0,0.0,0,0
7701,0,0.0,0.0,0.0,0.0,0,0
7721,0,0.0,0.0,0.0,0.0,0,0
7700,0,0.0,0.0,0.0,0.0,0,0
7684,0,0.0,0.0,0.0,0.0,0,0
7729,0,0.0,0.0,0.0,0.0,0,0
7726,0,0.0,0.0,0.0,0.0,0,0
7671,0,0.0,0.0,0.0,0.0,0,0
7695,0,0.0,0.0,0.0,0.0,0,0
7735,0,0.0,0.0,0.0,0.0,0,0
7733,0,0.0,0.0,0.0,0.0,0,0
7692,0,0.0,0.0,0.0,0.0,0,0
7693,0,0.0,0.0,0.0,0.0,0,0
7705,0,0.0,0.0,0.0,0.0,0,0
7682,0,0.0,0.0,0.0,0.0,0,0
7714,0,0.0,0.0,0.0,0.0,0,0
7689,0,0.0,0.0,0.0,0.0,0,0
7676,0,0.0,0.0,0.0,0.0,0,0
7707,0,0.0,0.0,0.0,0.0,0,0
7686,0,0.0,0.0,0.0,0.0,0,0
7681,0,0.0,0.0,0.0,0.0,0,0
7730,0,0.0,0.0,0.0,0.0,0,0
7736,0,0.0,0.0,0.0,0.0,0,0
7715,0,0.0,0.0,0.0,0.0,0,0
7713,0,0.0,0.0,0.0,0.0,0,0
7679,0,0.0,0.0,0.0,0.0,0,0
7734,0,0.0,0.0,0.0,0.0,0,0
7709,0,0.0,0.0,0.0,0.0,0,0
7674,0,0.0,0.0,0.0,0.0,0,0
7706,0,0.0,0.0,0.0,0.0,0,0
7725,0,0.0,0.0,0.0,0.0,0,0
7708,0,0.0,0.0,0.0,0.0,0,0
7675,0,0.0,0.0,0.0,0.0,0,0
7724,0,0.0,0.0,0.0,0.0,0,0
7722,0,0.0,0.0,0.0,0.0,0,0
7711,0,0.0,0.0,0.0,0.0,0,0
7723,0,0.0,0.0,0.0,0.0,0,0
7694,0,0.0,0.0,0.0,0.0,0,0
7667,0,0.0,0.0,0.0,0.0,0,0
7670,0,0.0,0.0,0.0,0.0,0,0
7669,0,0.0,0.0,0.0,0.0,0,0
7666,0,0.0,0.0,0.0,0.0,0,0
7668,0,0.0,0.0,0.0,0.0,0,0
7665,0,0.0,0.0,0.0,0.0,0,0
7663,0,0.0,0.0,0.0,0.0,0,0
7664,0,0.0,0.0,0.0,0.0,0,0
7647,0,0.0,0.0,0.0,0.0,0,0
7653,0,0.0,0.0,0.0,0.0,0,0
7650,0,0.0,0.0,0.0,0.0,0,0
7655,0,0.0,0.0,0.0,0.0,0,0
7660,0,0.0,0.0,0.0,0.0,0,0
7661,0,0.0,0.0,0.0,0.0,0,0
7648,0,0.0,0.0,0.0,0.0,0,0
7644,0,0.0,0.0,0.0,0.0,0,0
7659,0,0.0,0.0,0.0,0.0,0,0
7643,0,0.0,0.0,0.0,0.0,0,0
7649,0,0.0,0.0,0.0,0.0,0,0
7656,0,0.0,0.0,0.0,0.0,0,0
7654,0,0.0,0.0,0.0,0.0,0,0
7646,0,0.0,0.0,0.0,0.0,0,0
7645,0,0.0,0.0,0.0,0.0,0,0
7662,0,0.0,0.0,0.0,0.0,0,0
7657,0,0.0,0.0,0.0,0.0,0,0
7658,0,0.0,0.0,0.0,0.0,0,0
7652,0,0.0,0.0,0.0,0.0,0,0
7651,0,0.0,0.0,0.0,0.0,0,0
7638,0,0.0,0.0,0.0,0.0,0,0
7639,0,0.0,0.0,0.0,0.0,0,0
7640,0,0.0,0.0,0.0,0.0,0,0
7637,0,0.0,0.0,0.0,0.0,0,0
7641,0,0.0,0.0,0.0,0.0,0,0
7642,0,0.0,0.0,0.0,0.0,0,0
7635,0,0.0,0.0,0.0,0.0,0,0
7636,0,0.0,0.0,0.0,0.0,0,0
7610,0,0.0,0.0,0.0,0.0,0,0
7612,0,0.0,0.0,0.0,0.0,0,0
7613,0,0.0,0.0,0.0,0.0,0,0
7620,0,0.0,0.0,0.0,0.0,0,0
7611,0,0.0,0.0,0.0,0.0,0,0
7605,0,0.0,0.0,0.0,0.0,0,0
7618,0,0.0,0.0,0.0,0.0,0,0
7628,0,0.0,0.0,0.0,0.0,0,0
7603,0,0.0,0.0,0.0,0.0,0,0
7624,0,0.0,0.0,0.0,0.0,0,0
7604,0,0.0,0.0,0.0,0.0,0,0
7625,0,0.0,0.0,0.0,0.0,0,0
7626,0,0.0,0.0,0.0,0.0,0,0
7616,0,0.0,0.0,0.0,0.0,0,0
7597,0,0.0,0.0,0.0,0.0,0,0
7609,0,0.0,0.0,0.0,0.0,0,0
7632,0,0.0,0.0,0.0,0.0,0,0
7631,0,0.0,0.0,0.0,0.0,0,0
7600,0,0.0,0.0,0.0,0.0,0,0
7615,0,0.0,0.0,0.0,0.0,0,0
7630,0,0.0,0.0,0.0,0.0,0,0
7599,0,0.0,0.0,0.0,0.0,0,0
7622,0,0.0,0.0,0.0,0.0,0,0
7602,0,0.0,0.0,0.0,0.0,0,0
7629,0,0.0,0.0,0.0,0.0,0,0
7621,0,0.0,0.0,0.0,0.0,0,0
7627,0,0.0,0.0,0.0,0.0,0,0
7617,0,0.0,0.0,0.0,0.0,0,0
7633,0,0.0,0.0,0.0,0.0,0,0
7601,0,0.0,0.0,0.0,0.0,0,0
7598,0,0.0,0.0,0.0,0.0,0,0
7606,0,0.0,0.0,0.0,0.0,0,0
7619,0,0.0,0.0,0.0,0.0,0,0
7623,0,0.0,0.0,0.0,0.0,0,0
7608,0,0.0,0.0,0.0,0.0,0,0
7596,0,0.0,0.0,0.0,0.0,0,0
7614,0,0.0,0.0,0.0,0.0,0,0
7607,0,0.0,0.0,0.0,0.0,0,0
7634,0,0.0,0.0,0.0,0.0,0,0
7588,0,0.0,0.0,0.0,0.0,0,0
7576,0,0.0,0.0,0.0,0.0,0,0
7578,0,0.0,0.0,0.0,0.0,0,0
7587,0,0.0,0.0,0.0,0.0,0,0
7575,0,0.0,0.0,0.0,0.0,0,0
7592,0,0.0,0.0,0.0,0.0,0,0
7590,0,0.0,0.0,0.0,0.0,0,0
7593,0,0.0,0.0,0.0,0.0,0,0
7580,0,0.0,0.0,0.0,0.0,0,0
7594,0,0.0,0.0,0.0,0.0,0,0
7583,0,0.0,0.0,0.0,0.0,0,0
7582,0,0.0,0.0,0.0,0.0,0,0
7574,0,0.0,0.0,0.0,0.0,0,0
7589,0,0.0,0.0,0.0,0.0,0,0
7591,0,0.0,0.0,0.0,0.0,0,0
7579,0,0.0,0.0,0.0,0.0,0,0
7584,0,0.0,0.0,0.0,0.0,0,0
7581,0,0.0,0.0,0.0,0.0,0,0
7585,0,0.0,0.0,0.0,0.0,0,0
7577,0,0.0,0.0,0.0,0.0,0,0
7586,0,0.0,0.0,0.0,0.0,0,0
7595,0,0.0,0.0,0.0,0.0,0,0
7549,0,0.0,0.0,0.0,0.0,0,0
7569,0,0.0,0.0,0.0,0.0,0,0
7548,0,0.0,0.0,0.0,0.0,0,0
7545,0,0.0,0.0,0.0,0.0,0,0
7567,0,0.0,0.0,0.0,0.0,0,0
7556,0,0.0,0.0,0.0,0.0,0,0
7547,0,0.0,0.0,0.0,0.0,0,0
7561,0,0.0,0.0,0.0,0.0,0,0
7573,0,0.0,0.0,0.0,0.0,0,0
7557,0,0.0,0.0,0.0,0.0,0,0
7542,0,0.0,0.0,0.0,0.0,0,0
7564,0,0.0,0.0,0.0,0.0,0,0
7565,0,0.0,0.0,0.0,0.0,0,0
7563,0,0.0,0.0,0.0,0.0,0,0
7540,0,0.0,0.0,0.0,0.0,0,0
7539,0,0.0,0.0,0.0,0.0,0,0
7553,0,0.0,0.0,0.0,0.0,0,0
7546,0,0.0,0.0,0.0,0.0,0,0
7570,0,0.0,0.0,0.0,0.0,0,0
7543,0,0.0,0.0,0.0,0.0,0,0
7551,0,0.0,0.0,0.0,0.0,0,0
7554,0,0.0,0.0,0.0,0.0,0,0
7566,0,0.0,0.0,0.0,0.0,0,0
7568,0,0.0,0.0,0.0,0.0,0,0
7572,0,0.0,0.0,0.0,0.0,0,0
7544,0,0.0,0.0,0.0,0.0,0,0
7552,0,0.0,0.0,0.0,0.0,0,0
7541,0,0.0,0.0,0.0,0.0,0,0
7571,0,0.0,0.0,0.0,0.0,0,0
7560,0,0.0,0.0,0.0,0.0,0,0
7562,0,0.0,0.0,0.0,0.0,0,0
7555,0,0.0,0.0,0.0,0.0,0,0
7559,0,0.0,0.0,0.0,0.0,0,0
7558,0,0.0,0.0,0.0,0.0,0,0
7550,0,0.0,0.0,0.0,0.0,0,0
7536,0,0.0,0.0,0.0,0.0,0,0
7534,0,0.0,0.0,0.0,0.0,0,0
7530,0,0.0,0.0,0.0,0.0,0,0
7532,0,0.0,0.0,0.0,0.0,0,0
7531,0,0.0,0.0,0.0,0.0,0,0
7538,0,0.0,0.0,0.0,0.0,0,0
7529,0,0.0,0.0,0.0,0.0,0,0
7533,0,0.0,0.0,0.0,0.0,0,0
7537,0,0.0,0.0,0.0,0.0,0,0
7535,0,0.0,0.0,0.0,0.0,0,0
7525,0,0.0,0.0,0.0,0.0,0,0
7526,0,0.0,0.0,0.0,0.0,0,0
7522,0,0.0,0.0,0.0,0.0,0,0
7518,0,0.0,0.0,0.0,0.0,0,0
7524,0,0.0,0.0,0.0,0.0,0,0
7528,0,0.0,0.0,0.0,0.0,0,0
7515,0,0.0,0.0,0.0,0.0,0,0
7516,0,0.0,0.0,0.0,0.0,0,0
7520,0,0.0,0.0,0.0,0.0,0,0
7519,0,0.0,0.0,0.0,0.0,0,0
7521,0,0.0,0.0,0.0,0.0,0,0
7517,0,0.0,0.0,0.0,0.0,0,0
7514,0,0.0,0.0,0.0,0.0,0,0
7527,0,0.0,0.0,0.0,0.0,0,0
7523,0,0.0,0.0,0.0,0.0,0,0
7513,0,0.0,0.0,0.0,0.0,0,0
7512,0,0.0,0.0,0.0,0.0,0,0
7495,0,0.0,0.0,0.0,0.0,0,0
7509,0,0.0,0.0,0.0,0.0,0,0
7482,0,0.0,0.0,0.0,0.0,0,0
7508,0,0.0,0.0,0.0,0.0,0,0
7503,0,0.0,0.0,0.0,0.0,0,0
7492,0,0.0,0.0,0.0,0.0,0,0
7494,0,0.0,0.0,0.0,0.0,0,0
7511,0,0.0,0.0,0.0,0.0,0,0
7500,0,0.0,0.0,0.0,0.0,0,0
7499,0,0.0,0.0,0.0,0.0,0,0
7505,0,0.0,0.0,0.0,0.0,0,0
7486,0,0.0,0.0,0.0,0.0,0,0
7491,0,0.0,0.0,0.0,0.0,0,0
7493,0,0.0,0.0,0.0,0.0,0,0
7501,0,0.0,0.0,0.0,0.0,0,0
7490,0,0.0,0.0,0.0,0.0,0,0
7489,0,0.0,0.0,0.0,0.0,0,0
7510,0,0.0,0.0,0.0,0.0,0,0
7484,0,0.0,0.0,0.0,0.0,0,0
7483,0,0.0,0.0,0.0,0.0,0,0
7506,0,0.0,0.0,0.0,0.0,0,0
7487,0,0.0,0.0,0.0,0.0,0,0
7498,0,0.0,0.0,0.0,0.0,0,0
7488,0,0.0,0.0,0.0,0.0,0,0
7485,0,0.0,0.0,0.0,0.0,0,0
7496,0,0.0,0.0,0.0,0.0,0,0
7502,0,0.0,0.0,0.0,0.0,0,0
7504,0,0.0,0.0,0.0,0.0,0,0
7507,0,0.0,0.0,0.0,0.0,0,0
7497,0,0.0,0.0,0.0,0.0,0,0
7467,0,0.0,0.0,0.0,0.0,0,0
7473,0,0.0,0.0,0.0,0.0,0,0
7466,0,0.0,0.0,0.0,0.0,0,0
7474,0,0.0,0.0,0.0,0.0,0,0
7480,0,0.0,0.0,0.0,0.0,0,0
7475,0,0.0,0.0,0.0,0.0,0,0
7465,0,0.0,0.0,0.0,0.0,0,0
7471,0,0.0,0.0,0.0,0.0,0,0
7469,0,0.0,0.0,0.0,0.0,0,0
7481,0,0.0,0.0,0.0,0.0,0,0
7478,0,0.0,0.0,0.0,0.0,0,0
7468,0,0.0,0.0,0.0,0.0,0,0
7477,0,0.0,0.0,0.0,0.0,0,0
7470,0,0.0,0.0,0.0,0.0,0,0
7464,0,0.0,0.0,0.0,0.0,0,0
7472,0,0.0,0.0,0.0,0.0,0,0
7476,0,0.0,0.0,0.0,0.0,0,0
7479,0,0.0,0.0,0.0,0.0,0,0
7463,0,0.0,0.0,0.0,0.0,0,0
7451,0,0.0,0.0,0.0,0.0,0,0
7446,0,0.0,0.0,0.0,0.0,0,0
7448,0,0.0,0.0,0.0,0.0,0,0
7450,0,0.0,0.0,0.0,0.0,0,0
7441,0,0.0,0.0,0.0,0.0,0,0
7459,0,0.0,0.0,0.0,0.0,0,0
7461,0,0.0,0.0,0.0,0.0,0,0
7444,0,0.0,0.0,0.0,0.0,0,0
7458,0,0.0,0.0,0.0,0.0,0,0
7460,0,0.0,0.0,0.0,0.0,0,0
7452,0,0.0,0.0,0.0,0.0,0,0
7462,0,0.0,0.0,0.0,0.0,0,0
7445,0,0.0,0.0,0.0,0.0,0,0
7453,0,0.0,0.0,0.0,0.0,0,0
7449,0,0.0,0.0,0.0,0.0,0,0
7457,0,0.0,0.0,0.0,0.0,0,0
7454,0,0.0,0.0,0.0,0.0,0,0
7447,0,0.0,0.0,0.0,0.0,0,0
7456,0,0.0,0.0,0.0,0.0,0,0
7442,0,0.0,0.0,0.0,0.0,0,0
7455,0,0.0,0.0,0.0,0.0,0,0
7443,0,0.0,0.0,0.0,0.0,0,0
7436,0,0.0,0.0,0.0,0.0,0,0
7431,0,0.0,0.0,0.0,0.0,0,0
7439,0,0.0,0.0,0.0,0.0,0,0
7438,0,0.0,0.0,0.0,0.0,0,0
7437,0,0.0,0.0,0.0,0.0,0,0
7434,0,0.0,0.0,0.0,0.0,0,0
7435,0,0.0,0.0,0.0,0.0,0,0
7432,0,0.0,0.0,0.0,0.0,0,0
7433,0,0.0,0.0,0.0,0.0,0,0
7440,0,0.0,0.0,0.0,0.0,0,0
7430,0,0.0,0.0,0.0,0.0,0,0
7427,0,0.0,0.0,0.0,0.0,0,0
7429,0,0.0,0.0,0.0,0.0,0,0
7428,0,0.0,0.0,0.0,0.0,0,0
7425,0,0.0,0.0,0.0,0.0,0,0
7426,0,0.0,0.0,0.0,0.0,0,0
7424,0,0.0,0.0,0.0,0.0,0,0
7422,0,0.0,0.0,0.0,0.0,0,0
7423,0,0.0,0.0,0.0,0.0,0,0
7409,0,0.0,0.0,0.0,0.0,0,0
7414,0,0.0,0.0,0.0,0.0,0,0
7419,0,0.0,0.0,0.0,0.0,0,0
7411,0,0.0,0.0,0.0,0.0,0,0
7417,0,0.0,0.0,0.0,0.0,0,0
7410,0,0.0,0.0,0.0,0.0,0,0
7415,0,0.0,0.0,0.0,0.0,0,0
7418,0,0.0,0.0,0.0,0.0,0,0
7407,0,0.0,0.0,0.0,0.0,0,0
7413,0,0.0,0.0,0.0,0.0,0,0
7421,0,0.0,0.0,0.0,0.0,0,0
7408,0,0.0,0.0,0.0,0.0,0,0
7420,0,0.0,0.0,0.0,0.0,0,0
7416,0,0.0,0.0,0.0,0.0,0,0
7412,0,0.0,0.0,0.0,0.0,0,0
7395,0,0.0,0.0,0.0,0.0,0,0
7401,0,0.0,0.0,0.0,0.0,0,0
7405,0,0.0,0.0,0.0,0.0,0,0
7398,0,0.0,0.0,0.0,0.0,0,0
7397,0,0.0,0.0,0.0,0.0,0,0
7406,0,0.0,0.0,0.0,0.0,0,0
7402,0,0.0,0.0,0.0,0.0,0,0
7404,0,0.0,0.0,0.0,0.0,0,0
7403,0,0.0,0.0,0.0,0.0,0,0
7399,0,0.0,0.0,0.0,0.0,0,0
7394,0,0.0,0.0,0.0,0.0,0,0
7400,0,0.0,0.0,0.0,0.0,0,0
7396,0,0.0,0.0,0.0,0.0,0,0
7388,0,0.0,0.0,0.0,0.0,0,0
7375,0,0.0,0.0,0.0,0.0,0,0
7366,0,0.0,0.0,0.0,0.0,0,0
7368,0,0.0,0.0,0.0,0.0,0,0
7357,0,0.0,0.0,0.0,0.0,0,0
7373,0,0.0,0.0,0.0,0.0,0,0
7390,0,0.0,0.0,0.0,0.0,0,0
7363,0,0.0,0.0,0.0,0.0,0,0
7346,0,0.0,0.0,0.0,0.0,0,0
7354,0,0.0,0.0,0.0,0.0,0,0
7356,0,0.0,0.0,0.0,0.0,0,0
7367,0,0.0,0.0,0.0,0.0,0,0
7391,0,0.0,0.0,0.0,0.0,0,0
7377,0,0.0,0.0,0.0,0.0,0,0
7361,0,0.0,0.0,0.0,0.0,0,0
7364,0,0.0,0.0,0.0,0.0,0,0
7358,0,0.0,0.0,0.0,0.0,0,0
7374,0,0.0,0.0,0.0,0.0,0,0
7350,0,0.0,0.0,0.0,0.0,0,0
7359,0,0.0,0.0,0.0,0.0,0,0
7383,0,0.0,0.0,0.0,0.0,0,0
7384,0,0.0,0.0,0.0,0.0,0,0
7392,0,0.0,0.0,0.0,0.0,0,0
7382,0,0.0,0.0,0.0,0.0,0,0
7347,0,0.0,0.0,0.0,0.0,0,0
7360,0,0.0,0.0,0.0,0.0,0,0
7389,0,0.0,0.0,0.0,0.0,0,0
7387,0,0.0,0.0,0.0,0.0,0,0
7385,0,0.0,0.0,0.0,0.0,0,0
7379,0,0.0,0.0,0.0,0.0,0,0
7370,0,0.0,0.0,0.0,0.0,0,0
7365,0,0.0,0.0,0.0,0.0,0,0
7351,0,0.0,0.0,0.0,0.0,0,0
7371,0,0.0,0.0,0.0,0.0,0,0
7355,0,0.0,0.0,0.0,0.0,0,0
7376,0,0.0,0.0,0.0,0.0,0,0
7348,0,0.0,0.0,0.0,0.0,0,0
7381,0,0.0,0.0,0.0,0.0,0,0
7349,0,0.0,0.0,0.0,0.0,0,0
7378,0,0.0,0.0,0.0,0.0,0,0
7380,0,0.0,0.0,0.0,0.0,0,0
7353,0,0.0,0.0,0.0,0.0,0,0
7393,0,0.0,0.0,0.0,0.0,0,0
7344,0,0.0,0.0,0.0,0.0,0,0
7352,0,0.0,0.0,0.0,0.0,0,0
7386,0,0.0,0.0,0.0,0.0,0,0
7372,0,0.0,0.0,0.0,0.0,0,0
7369,0,0.0,0.0,0.0,0.0,0,0
7345,0,0.0,0.0,0.0,0.0,0,0
7343,0,0.0,0.0,0.0,0.0,0,0
7362,0,0.0,0.0,0.0,0.0,0,0
7328,0,0.0,0.0,0.0,0.0,0,0
7331,0,0.0,0.0,0.0,0.0,0,0
7342,0,0.0,0.0,0.0,0.0,0,0
7330,0,0.0,0.0,0.0,0.0,0,0
7335,0,0.0,0.0,0.0,0.0,0,0
7329,0,0.0,0.0,0.0,0.0,0,0
7336,0,0.0,0.0,0.0,0.0,0,0
7337,0,0.0,0.0,0.0,0.0,0,0
7333,0,0.0,0.0,0.0,0.0,0,0
7338,0,0.0,0.0,0.0,0.0,0,0
7341,0,0.0,0.0,0.0,0.0,0,0
7339,0,0.0,0.0,0.0,0.0,0,0
7332,0,0.0,0.0,0.0,0.0,0,0
7334,0,0.0,0.0,0.0,0.0,0,0
7340,0,0.0,0.0,0.0,0.0,0,0
7324,0,0.0,0.0,0.0,0.0,0,0
7325,0,0.0,0.0,0.0,0.0,0,0
7323,0,0.0,0.0,0.0,0.0,0,0
7327,0,0.0,0.0,0.0,0.0,0,0
7326,0,0.0,0.0,0.0,0.0,0,0
7303,0,0.0,0.0,0.0,0.0,0,0
7310,0,0.0,0.0,0.0,0.0,0,0
7321,0,0.0,0.0,0.0,0.0,0,0
7305,0,0.0,0.0,0.0,0.0,0,0
7315,0,0.0,0.0,0.0,0.0,0,0
7299,0,0.0,0.0,0.0,0.0,0,0
7318,0,0.0,0.0,0.0,0.0,0,0
7311,0,0.0,0.0,0.0,0.0,0,0
7314,0,0.0,0.0,0.0,0.0,0,0
7295,0,0.0,0.0,0.0,0.0,0,0
7301,0,0.0,0.0,0.0,0.0,0,0
7317,0,0.0,0.0,0.0,0.0,0,0
7297,0,0.0,0.0,0.0,0.0,0,0
7308,0,0.0,0.0,0.0,0.0,0,0
7307,0,0.0,0.0,0.0,0.0,0,0
7313,0,0.0,0.0,0.0,0.0,0,0
7294,0,0.0,0.0,0.0,0.0,0,0
7319,0,0.0,0.0,0.0,0.0,0,0
7316,0,0.0,0.0,0.0,0.0,0,0
7320,0,0.0,0.0,0.0,0.0,0,0
7298,0,0.0,0.0,0.0,0.0,0,0
7302,0,0.0,0.0,0.0,0.0,0,0
7312,0,0.0,0.0,0.0,0.0,0,0
7322,0,0.0,0.0,0.0,0.0,0,0
7296,0,0.0,0.0,0.0,0.0,0,0
7309,0,0.0,0.0,0.0,0.0,0,0
7300,0,0.0,0.0,0.0,0.0,0,0
7304,0,0.0,0.0,0.0,0.0,0,0
7306,0,0.0,0.0,0.0,0.0,0,0
7292,0,0.0,0.0,0.0,0.0,0,0
7289,0,0.0,0.0,0.0,0.0,0,0
7290,0,0.0,0.0,0.0,0.0,0,0
7287,0,0.0,0.0,0.0,0.0,0,0
7293,0,0.0,0.0,0.0,0.0,0,0
7291,0,0.0,0.0,0.0,0.0,0,0
7288,0,0.0,0.0,0.0,0.0,0,0
7271,0,0.0,0.0,0.0,0.0,0,0
7286,0,0.0,0.0,0.0,0.0,0,0
7285,0,0.0,0.0,0.0,0.0,0,0
7261,0,0.0,0.0,0.0,0.0,0,0
7264,0,0.0,0.0,0.0,0.0,0,0
7272,0,0.0,0.0,0.0,0.0,0,0
7275,0,0.0,0.0,0.0,0.0,0,0
7268,0,0.0,0.0,0.0,0.0,0,0
7262,0,0.0,0.0,0.0,0.0,0,0
7274,0,0.0,0.0,0.0,0.0,0,0
7277,0,0.0,0.0,0.0,0.0,0,0
7280,0,0.0,0.0,0.0,0.0,0,0
7283,0,0.0,0.0,0.0,0.0,0,0
7276,0,0.0,0.0,0.0,0.0,0,0
7265,0,0.0,0.0,0.0,0.0,0,0
7281,0,0.0,0.0,0.0,0.0,0,0
7273,0,0.0,0.0,0.0,0.0,0,0
7279,0,0.0,0.0,0.0,0.0,0,0
7270,0,0.0,0.0,0.0,0.0,0,0
7267,0,0.0,0.0,0.0,0.0,0,0
7284,0,0.0,0.0,0.0,0.0,0,0
7282,0,0.0,0.0,0.0,0.0,0,0
7263,0,0.0,0.0,0.0,0.0,0,0
7266,0,0.0,0.0,0.0,0.0,0,0
7278,0,0.0,0.0,0.0,0.0,0,0
7269,0,0.0,0.0,0.0,0.0,0,0
7251,0,0.0,0.0,0.0,0.0,0,0
7241,0,0.0,0.0,0.0,0.0,0,0
7256,0,0.0,0.0,0.0,0.0,0,0
7239,0,0.0,0.0,0.0,0.0,0,0
7247,0,0.0,0.0,0.0,0.0,0,0
7246,0,0.0,0.0,0.0,0.0,0,0
7249,0,0.0,0.0,0.0,0.0,0,0
7252,0,0.0,0.0,0.0,0.0,0,0
7255,0,0.0,0.0,0.0,0.0,0,0
7237,0,0.0,0.0,0.0,0.0,0,0
7253,0,0.0,0.0,0.0,0.0,0,0
7259,0,0.0,0.0,0.0,0.0,0,0
7260,0,0.0,0.0,0.0,0.0,0,0
7240,0,0.0,0.0,0.0,0.0,0,0
7258,0,0.0,0.0,0.0,0.0,0,0
7250,0,0.0,0.0,0.0,0.0,0,0
7243,0,0.0,0.0,0.0,0.0,0,0
7245,0,0.0,0.0,0.0,0.0,0,0
7242,0,0.0,0.0,0.0,0.0,0,0
7248,0,0.0,0.0,0.0,0.0,0,0
7238,0,0.0,0.0,0.0,0.0,0,0
7244,0,0.0,0.0,0.0,0.0,0,0
7257,0,0.0,0.0,0.0,0.0,0,0
7254,0,0.0,0.0,0.0,0.0,0,0
7234,0,0.0,0.0,0.0,0.0,0,0
7226,0,0.0,0.0,0.0,0.0,0,0
7224,0,0.0,0.0,0.0,0.0,0,0
7222,0,0.0,0.0,0.0,0.0,0,0
7214,0,0.0,0.0,0.0,0.0,0,0
7209,0,0.0,0.0,0.0,0.0,0,0
7204,0,0.0,0.0,0.0,0.0,0,0
7231,0,0.0,0.0,0.0,0.0,0,0
7213,0,0.0,0.0,0.0,0.0,0,0
7218,0,0.0,0.0,0.0,0.0,0,0
7232,0,0.0,0.0,0.0,0.0,0,0
7206,0,0.0,0.0,0.0,0.0,0,0
7233,0,0.0,0.0,0.0,0.0,0,0
7203,0,0.0,0.0,0.0,0.0,0,0
7225,0,0.0,0.0,0.0,0.0,0,0
7216,0,0.0,0.0,0.0,0.0,0,0
7211,0,0.0,0.0,0.0,0.0,0,0
7235,0,0.0,0.0,0.0,0.0,0,0
7205,0,0.0,0.0,0.0,0.0,0,0
7215,0,0.0,0.0,0.0,0.0,0,0
7228,0,0.0,0.0,0.0,0.0,0,0
7230,0,0.0,0.0,0.0,0.0,0,0
7227,0,0.0,0.0,0.0,0.0,0,0
7220,0,0.0,0.0,0.0,0.0,0,0
7207,0,0.0,0.0,0.0,0.0,0,0
7210,0,0.0,0.0,0.0,0.0,0,0
7236,0,0.0,0.0,0.0,0.0,0,0
7208,0,0.0,0.0,0.0,0.0,0,0
7229,0,0.0,0.0,0.0,0.0,0,0
7217,0,0.0,0.0,0.0,0.0,0,0
7219,0,0.0,0.0,0.0,0.0,0,0
7223,0,0.0,0.0,0.0,0.0,0,0
7212,0,0.0,0.0,0.0,0.0,0,0
7221,0,0.0,0.0,0.0,0.0,0,0
7194,0,0.0,0.0,0.0,0.0,0,0
7196,0,0.0,0.0,0.0,0.0,0,0
7193,0,0.0,0.0,0.0,0.0,0,0
7199,0,0.0,0.0,0.0,0.0,0,0
7197,0,0.0,0.0,0.0,0.0,0,0
7190,0,0.0,0.0,0.0,0.0,0,0
7198,0,0.0,0.0,0.0,0.0,0,0
7192,0,0.0,0.0,0.0,0.0,0,0
7191,0,0.0,0.0,0.0,0.0,0,0
7195,0,0.0,0.0,0.0,0.0,0,0
7202,0,0.0,0.0,0.0,0.0,0,0
7201,0,0.0,0.0,0.0,0.0,0,0
7200,0,0.0,0.0,0.0,0.0,0,0
7189,0,0.0,0.0,0.0,0.0,0,0
7186,0,0.0,0.0,0.0,0.0,0,0
7187,0,0.0,0.0,0.0,0.0,0,0
7183,0,0.0,0.0,0.0,0.0,0,0
7185,0,0.0,0.0,0.0,0.0,0,0
7184,0,0.0,0.0,0.0,0.0,0,0
7188,0,0.0,0.0,0.0,0.0,0,0
7160,0,0.0,0.0,0.0,0.0,0,0
7177,0,0.0,0.0,0.0,0.0,0,0
7153,0,0.0,0.0,0.0,0.0,0,0
7158,0,0.0,0.0,0.0,0.0,0,0
7166,0,0.0,0.0,0.0,0.0,0,0
7182,0,0.0,0.0,0.0,0.0,0,0
7159,0,0.0,0.0,0.0,0.0,0,0
7170,0,0.0,0.0,0.0,0.0,0,0
7157,0,0.0,0.0,0.0,0.0,0,0
7179,0,0.0,0.0,0.0,0.0,0,0
7151,0,0.0,0.0,0.0,0.0,0,0
7173,0,0.0,0.0,0.0,0.0,0,0
7181,0,0.0,0.0,0.0,0.0,0,0
7156,0,0.0,0.0,0.0,0.0,0,0
7168,0,0.0,0.0,0.0,0.0,0,0
7174,0,0.0,0.0,0.0,0.0,0,0
7162,0,0.0,0.0,0.0,0.0,0,0
7150,0,0.0,0.0,0.0,0.0,0,0
7175,0,0.0,0.0,0.0,0.0,0,0
7171,0,0.0,0.0,0.0,0.0,0,0
7176,0,0.0,0.0,0.0,0.0,0,0
7152,0,0.0,0.0,0.0,0.0,0,0
7172,0,0.0,0.0,0.0,0.0,0,0
7165,0,0.0,0.0,0.0,0.0,0,0
7164,0,0.0,0.0,0.0,0.0,0,0
7161,0,0.0,0.0,0.0,0.0,0,0
7180,0,0.0,0.0,0.0,0.0,0,0
7167,0,0.0,0.0,0.0,0.0,0,0
7154,0,0.0,0.0,0.0,0.0,0,0
7178,0,0.0,0.0,0.0,0.0,0,0
7155,0,0.0,0.0,0.0,0.0,0,0
7163,0,0.0,0.0,0.0,0.0,0,0
7169,0,0.0,0.0,0.0,0.0,0,0
7133,0,0.0,0.0,0.0,0.0,0,0
7144,0,0.0,0.0,0.0,0.0,0,0
7131,0,0.0,0.0,0.0,0.0,0,0
7128,0,0.0,0.0,0.0,0.0,0,0
7140,0,0.0,0.0,0.0,0.0,0,0
7132,0,0.0,0.0,0.0,0.0,0,0
7129,0,0.0,0.0,0.0,0.0,0,0
7145,0,0.0,0.0,0.0,0.0,0,0
7141,0,0.0,0.0,0.0,0.0,0,0
7116,0,0.0,0.0,0.0,0.0,0,0
7142,0,0.0,0.0,0.0,0.0,0,0
7126,0,0.0,0.0,0.0,0.0,0,0
7120,0,0.0,0.0,0.0,0.0,0,0
7147,0,0.0,0.0,0.0,0.0,0,0
7135,0,0.0,0.0,0.0,0.0,0,0
7117,0,0.0,0.0,0.0,0.0,0,0
7143,0,0.0,0.0,0.0,0.0,0,0
7134,0,0.0,0.0,0.0,0.0,0,0
7137,0,0.0,0.0,0.0,0.0,0,0
7149,0,0.0,0.0,0.0,0.0,0,0
7114,0,0.0,0.0,0.0,0.0,0,0
7130,0,0.0,0.0,0.0,0.0,0,0
7123,0,0.0,0.0,0.0,0.0,0,0
7118,0,0.0,0.0,0.0,0.0,0,0
7139,0,0.0,0.0,0.0,0.0,0,0
7125,0,0.0,0.0,0.0,0.0,0,0
7136,0,0.0,0.0,0.0,0.0,0,0
7138,0,0.0,0.0,0.0,0.0,0,0
7121,0,0.0,0.0,0.0,0.0,0,0
7124,0,0.0,0.0,0.0,0.0,0,0
7113,0,0.0,0.0,0.0,0.0,0,0
7146,0,0.0,0.0,0.0,0.0,0,0
7127,0,0.0,0.0,0.0,0.0,0,0
7119,0,0.0,0.0,0.0,0.0,0,0
7115,0,0.0,0.0,0.0,0.0,0,0
7122,0,0.0,0.0,0.0,0.0,0,0
7148,0,0.0,0.0,0.0,0.0,0,0
7112,0,0.0,0.0,0.0,0.0,0,0
7109,0,0.0,0.0,0.0,0.0,0,0
7110,0,0.0,0.0,0.0,0.0,0,0
7111,0,0.0,0.0,0.0,0.0,0,0
7088,0,0.0,0.0,0.0,0.0,0,0
7093,0,0.0,0.0,0.0,0.0,0,0
7098,0,0.0,0.0,0.0,0.0,0,0
7101,0,0.0,0.0,0.0,0.0,0,0
7095,0,0.0,0.0,0.0,0.0,0,0
7084,0,0.0,0.0,0.0,0.0,0,0
7081,0,0.0,0.0,0.0,0.0,0,0
7090,0,0.0,0.0,0.0,0.0,0,0
7079,0,0.0,0.0,0.0,0.0,0,0
7096,0,0.0,0.0,0.0,0.0,0,0
7078,0,0.0,0.0,0.0,0.0,0,0
7085,0,0.0,0.0,0.0,0.0,0,0
7080,0,0.0,0.0,0.0,0.0,0,0
7108,0,0.0,0.0,0.0,0.0,0,0
7076,0,0.0,0.0,0.0,0.0,0,0
7091,0,0.0,0.0,0.0,0.0,0,0
7100,0,0.0,0.0,0.0,0.0,0,0
7102,0,0.0,0.0,0.0,0.0,0,0
7077,0,0.0,0.0,0.0,0.0,0,0
7105,0,0.0,0.0,0.0,0.0,0,0
7092,0,0.0,0.0,0.0,0.0,0,0
7107,0,0.0,0.0,0.0,0.0,0,0
7075,0,0.0,0.0,0.0,0.0,0,0
7104,0,0.0,0.0,0.0,0.0,0,0
7103,0,0.0,0.0,0.0,0.0,0,0
7089,0,0.0,0.0,0.0,0.0,0,0
7087,0,0.0,0.0,0.0,0.0,0,0
7097,0,0.0,0.0,0.0,0.0,0,0
7099,0,0.0,0.0,0.0,0.0,0,0
7083,0,0.0,0.0,0.0,0.0,0,0
7094,0,0.0,0.0,0.0,0.0,0,0
7086,0,0.0,0.0,0.0,0.0,0,0
7106,0,0.0,0.0,0.0,0.0,0,0
7082,0,0.0,0.0,0.0,0.0,0,0
7061,0,0.0,0.0,0.0,0.0,0,0
7063,0,0.0,0.0,0.0,0.0,0,0
7049,0,0.0,0.0,0.0,0.0,0,0
7052,0,0.0,0.0,0.0,0.0,0,0
7068,0,0.0,0.0,0.0,0.0,0,0
7057,0,0.0,0.0,0.0,0.0,0,0
7060,0,0.0,0.0,0.0,0.0,0,0
7051,0,0.0,0.0,0.0,0.0,0,0
7070,0,0.0,0.0,0.0,0.0,0,0
7065,0,0.0,0.0,0.0,0.0,0,0
7055,0,0.0,0.0,0.0,0.0,0,0
7067,0,0.0,0.0,0.0,0.0,0,0
7050,0,0.0,0.0,0.0,0.0,0,0
7058,0,0.0,0.0,0.0,0.0,0,0
7062,0,0.0,0.0,0.0,0.0,0,0
7059,0,0.0,0.0,0.0,0.0,0,0
7048,0,0.0,0.0,0.0,0.0,0,0
7074,0,0.0,0.0,0.0,0.0,0,0
7053,0,0.0,0.0,0.0,0.0,0,0
7072,0,0.0,0.0,0.0,0.0,0,0
7056,0,0.0,0.0,0.0,0.0,0,0
7069,0,0.0,0.0,0.0,0.0,0,0
7071,0,0.0,0.0,0.0,0.0,0,0
7054,0,0.0,0.0,0.0,0.0,0,0
7064,0,0.0,0.0,0.0,0.0,0,0
7073,0,0.0,0.0,0.0,0.0,0,0
7066,0,0.0,0.0,0.0,0.0,0,0
7045,0,0.0,0.0,0.0,0.0,0,0
7043,0,0.0,0.0,0.0,0.0,0,0
7040,0,0.0,0.0,0.0,0.0,0,0
7021,0,0.0,0.0,0.0,0.0,0,0
7025,0,0.0,0.0,0.0,0.0,0,0
7037,0,0.0,0.0,0.0,0.0,0,0
7026,0,0.0,0.0,0.0,0.0,0,0
7041,0,0.0,0.0,0.0,0.0,0,0
7028,0,0.0,0.0,0.0,0.0,0,0
7033,0,0.0,0.0,0.0,0.0,0,0
7039,0,0.0,0.0,0.0,0.0,0,0
7046,0,0.0,0.0,0.0,0.0,0,0
7031,0,0.0,0.0,0.0,0.0,0,0
7032,0,0.0,0.0,0.0,0.0,0,0
7042,0,0.0,0.0,0.0,0.0,0,0
7027,0,0.0,0.0,0.0,0.0,0,0
7044,0,0.0,0.0,0.0,0.0,0,0
7020,0,0.0,0.0,0.0,0.0,0,0
7036,0,0.0,0.0,0.0,0.0,0,0
7023,0,0.0,0.0,0.0,0.0,0,0
7030,0,0.0,0.0,0.0,0.0,0,0
7024,0,0.0,0.0,0.0,0.0,0,0
7047,0,0.0,0.0,0.0,0.0,0,0
7038,0,0.0,0.0,0.0,0.0,0,0
7029,0,0.0,0.0,0.0,0.0,0,0
7022,0,0.0,0.0,0.0,0.0,0,0
7035,0,0.0,0.0,0.0,0.0,0,0
7034,0,0.0,0.0,0.0,0.0,0,0
7016,0,0.0,0.0,0.0,0.0,0,0
7008,0,0.0,0.0,0.0,0.0,0,0
7012,0,0.0,0.0,0.0,0.0,0,0
7011,0,0.0,0.0,0.0,0.0,0,0
7015,0,0.0,0.0,0.0,0.0,0,0
7006,0,0.0,0.0,0.0,0.0,0,0
7014,0,0.0,0.0,0.0,0.0,0,0
7003,0,0.0,0.0,0.0,0.0,0,0
7009,0,0.0,0.0,0.0,0.0,0,0
7010,0,0.0,0.0,0.0,0.0,0,0
7004,0,0.0,0.0,0.0,0.0,0,0
7013,0,0.0,0.0,0.0,0.0,0,0
7018,0,0.0,0.0,0.0,0.0,0,0
7017,0,0.0,0.0,0.0,0.0,0,0
7005,0,0.0,0.0,0.0,0.0,0,0
7007,0,0.0,0.0,0.0,0.0,0,0
7019,0,0.0,0.0,0.0,0.0,0,0
7002,0,0.0,0.0,0.0,0.0,0,0
6994,0,0.0,0.0,0.0,0.0,0,0
6989,0,0.0,0.0,0.0,0.0,0,0
6995,0,0.0,0.0,0.0,0.0,0,0
6997,0,0.0,0.0,0.0,0.0,0,0
6990,0,0.0,0.0,0.0,0.0,0,0
7001,0,0.0,0.0,0.0,0.0,0,0
6986,0,0.0,0.0,0.0,0.0,0,0
6998,0,0.0,0.0,0.0,0.0,0,0
6984,0,0.0,0.0,0.0,0.0,0,0
6999,0,0.0,0.0,0.0,0.0,0,0
6993,0,0.0,0.0,0.0,0.0,0,0
6987,0,0.0,0.0,0.0,0.0,0,0
6988,0,0.0,0.0,0.0,0.0,0,0
6982,0,0.0,0.0,0.0,0.0,0,0
6985,0,0.0,0.0,0.0,0.0,0,0
7000,0,0.0,0.0,0.0,0.0,0,0
6996,0,0.0,0.0,0.0,0.0,0,0
6983,0,0.0,0.0,0.0,0.0,0,0
6991,0,0.0,0.0,0.0,0.0,0,0
6992,0,0.0,0.0,0.0,0.0,0,0
6962,0,0.0,0.0,0.0,0.0,0,0
6966,0,0.0,0.0,0.0,0.0,0,0
6969,0,0.0,0.0,0.0,0.0,0,0
6971,0,0.0,0.0,0.0,0.0,0,0
6967,0,0.0,0.0,0.0,0.0,0,0
6964,0,0.0,0.0,0.0,0.0,0,0
6981,0,0.0,0.0,0.0,0.0,0,0
6975,0,0.0,0.0,0.0,0.0,0,0
6979,0,0.0,0.0,0.0,0.0,0,0
6977,0,0.0,0.0,0.0,0.0,0,0
6972,0,0.0,0.0,0.0,0.0,0,0
6960,0,0.0,0.0,0.0,0.0,0,0
6973,0,0.0,0.0,0.0,0.0,0,0
6978,0,0.0,0.0,0.0,0.0,0,0
6959,0,0.0,0.0,0.0,0.0,0,0
6963,0,0.0,0.0,0.0,0.0,0,0
6974,0,0.0,0.0,0.0,0.0,0,0
6965,0,0.0,0.0,0.0,0.0,0,0
6961,0,0.0,0.0,0.0,0.0,0,0
6968,0,0.0,0.0,0.0,0.0,0,0
6976,0,0.0,0.0,0.0,0.0,0,0
6980,0,0.0,0.0,0.0,0.0,0,0
6970,0,0.0,0.0,0.0,0.0,0,0
6929,0,0.0,0.0,0.0,0.0,0,0
6926,0,0.0,0.0,0.0,0.0,0,0
6936,0,0.0,0.0,0.0,0.0,0,0
6938,0,0.0,0.0,0.0,0.0,0,0
6940,0,0.0,0.0,0.0,0.0,0,0
6954,0,0.0,0.0,0.0,0.0,0,0
6949,0,0.0,0.0,0.0,0.0,0,0
6952,0,0.0,0.0,0.0,0.0,0,0
6943,0,0.0,0.0,0.0,0.0,0,0
6935,0,0.0,0.0,0.0,0.0,0,0
6955,0,0.0,0.0,0.0,0.0,0,0
6928,0,0.0,0.0,0.0,0.0,0,0
6948,0,0.0,0.0,0.0,0.0,0,0
6953,0,0.0,0.0,0.0,0.0,0,0
6932,0,0.0,0.0,0.0,0.0,0,0
6937,0,0.0,0.0,0.0,0.0,0,0
6950,0,0.0,0.0,0.0,0.0,0,0
6931,0,0.0,0.0,0.0,0.0,0,0
6944,0,0.0,0.0,0.0,0.0,0,0
6951,0,0.0,0.0,0.0,0.0,0,0
6927,0,0.0,0.0,0.0,0.0,0,0
6941,0,0.0,0.0,0.0,0.0,0,0
6942,0,0.0,0.0,0.0,0.0,0,0
6934,0,0.0,0.0,0.0,0.0,0,0
6939,0,0.0,0.0,0.0,0.0,0,0
6930,0,0.0,0.0,0.0,0.0,0,0
6957,0,0.0,0.0,0.0,0.0,0,0
6956,0,0.0,0.0,0.0,0.0,0,0
6933,0,0.0,0.0,0.0,0.0,0,0
6945,0,0.0,0.0,0.0,0.0,0,0
6947,0,0.0,0.0,0.0,0.0,0,0
6946,0,0.0,0.0,0.0,0.0,0,0
6958,0,0.0,0.0,0.0,0.0,0,0
6906,0,0.0,0.0,0.0,0.0,0,0
6915,0,0.0,0.0,0.0,0.0,0,0
6895,0,0.0,0.0,0.0,0.0,0,0
6908,0,0.0,0.0,0.0,0.0,0,0
6905,0,0.0,0.0,0.0,0.0,0,0
6912,0,0.0,0.0,0.0,0.0,0,0
6900,0,0.0,0.0,0.0,0.0,0,0
6923,0,0.0,0.0,0.0,0.0,0,0
6913,0,0.0,0.0,0.0,0.0,0,0
6911,0,0.0,0.0,0.0,0.0,0,0
6914,0,0.0,0.0,0.0,0.0,0,0
6918,0,0.0,0.0,0.0,0.0,0,0
6909,0,0.0,0.0,0.0,0.0,0,0
6920,0,0.0,0.0,0.0,0.0,0,0
6903,0,0.0,0.0,0.0,0.0,0,0
6916,0,0.0,0.0,0.0,0.0,0,0
6898,0,0.0,0.0,0.0,0.0,0,0
6881,0,0.0,0.0,0.0,0.0,0,0
6890,0,0.0,0.0,0.0,0.0,0,0
6924,0,0.0,0.0,0.0,0.0,0,0
6893,0,0.0,0.0,0.0,0.0,0,0
6921,0,0.0,0.0,0.0,0.0,0,0
6899,0,0.0,0.0,0.0,0.0,0,0
6902,0,0.0,0.0,0.0,0.0,0,0
6892,0,0.0,0.0,0.0,0.0,0,0
6879,0,0.0,0.0,0.0,0.0,0,0
6897,0,0.0,0.0,0.0,0.0,0,0
6884,0,0.0,0.0,0.0,0.0,0,0
6887,0,0.0,0.0,0.0,0.0,0,0
6907,0,0.0,0.0,0.0,0.0,0,0
6896,0,0.0,0.0,0.0,0.0,0,0
6910,0,0.0,0.0,0.0,0.0,0,0
6922,0,0.0,0.0,0.0,0.0,0,0
6919,0,0.0,0.0,0.0,0.0,0,0
6880,0,0.0,0.0,0.0,0.0,0,0
6878,0,0.0,0.0,0.0,0.0,0,0
6882,0,0.0,0.0,0.0,0.0,0,0
6888,0,0.0,0.0,0.0,0.0,0,0
6904,0,0.0,0.0,0.0,0.0,0,0
6917,0,0.0,0.0,0.0,0.0,0,0
6925,0,0.0,0.0,0.0,0.0,0,0
6885,0,0.0,0.0,0.0,0.0,0,0
6883,0,0.0,0.0,0.0,0.0,0,0
6894,0,0.0,0.0,0.0,0.0,0,0
6891,0,0.0,0.0,0.0,0.0,0,0
6901,0,0.0,0.0,0.0,0.0,0,0
6889,0,0.0,0.0,0.0,0.0,0,0
6886,0,0.0,0.0,0.0,0.0,0,0
6855,0,0.0,0.0,0.0,0.0,0,0
6853,0,0.0,0.0,0.0,0.0,0,0
6846,0,0.0,0.0,0.0,0.0,0,0
6850,0,0.0,0.0,0.0,0.0,0,0
6874,0,0.0,0.0,0.0,0.0,0,0
6877,0,0.0,0.0,0.0,0.0,0,0
6875,0,0.0,0.0,0.0,0.0,0,0
6847,0,0.0,0.0,0.0,0.0,0,0
6852,0,0.0,0.0,0.0,0.0,0,0
6845,0,0.0,0.0,0.0,0.0,0,0
6844,0,0.0,0.0,0.0,0.0,0,0
6859,0,0.0,0.0,0.0,0.0,0,0
6857,0,0.0,0.0,0.0,0.0,0,0
6865,0,0.0,0.0,0.0,0.0,0,0
6863,0,0.0,0.0,0.0,0.0,0,0
6871,0,0.0,0.0,0.0,0.0,0,0
6848,0,0.0,0.0,0.0,0.0,0,0
6841,0,0.0,0.0,0.0,0.0,0,0
6849,0,0.0,0.0,0.0,0.0,0,0
6860,0,0.0,0.0,0.0,0.0,0,0
6862,0,0.0,0.0,0.0,0.0,0,0
6864,0,0.0,0.0,0.0,0.0,0,0
6842,0,0.0,0.0,0.0,0.0,0,0
6869,0,0.0,0.0,0.0,0.0,0,0
6851,0,0.0,0.0,0.0,0.0,0,0
6854,0,0.0,0.0,0.0,0.0,0,0
6872,0,0.0,0.0,0.0,0.0,0,0
6873,0,0.0,0.0,0.0,0.0,0,0
6876,0,0.0,0.0,0.0,0.0,0,0
6843,0,0.0,0.0,0.0,0.0,0,0
6868,0,0.0,0.0,0.0,0.0,0,0
6870,0,0.0,0.0,0.0,0.0,0,0
6867,0,0.0,0.0,0.0,0.0,0,0
6861,0,0.0,0.0,0.0,0.0,0,0
6858,0,0.0,0.0,0.0,0.0,0,0
6866,0,0.0,0.0,0.0,0.0,0,0
6856,0,0.0,0.0,0.0,0.0,0,0
6840,0,0.0,0.0,0.0,0.0,0,0
6839,0,0.0,0.0,0.0,0.0,0,0
6838,0,0.0,0.0,0.0,0.0,0,0
6836,0,0.0,0.0,0.0,0.0,0,0
6837,0,0.0,0.0,0.0,0.0,0,0
6835,0,0.0,0.0,0.0,0.0,0,0
6831,0,0.0,0.0,0.0,0.0,0,0
6804,0,0.0,0.0,0.0,0.0,0,0
6833,0,0.0,0.0,0.0,0.0,0,0
6813,0,0.0,0.0,0.0,0.0,0,0
6817,0,0.0,0.0,0.0,0.0,0,0
6802,0,0.0,0.0,0.0,0.0,0,0
6826,0,0.0,0.0,0.0,0.0,0,0
6821,0,0.0,0.0,0.0,0.0,0,0
6811,0,0.0,0.0,0.0,0.0,0,0
6830,0,0.0,0.0,0.0,0.0,0,0
6812,0,0.0,0.0,0.0,0.0,0,0
6809,0,0.0,0.0,0.0,0.0,0,0
6823,0,0.0,0.0,0.0,0.0,0,0
6820,0,0.0,0.0,0.0,0.0,0,0
6829,0,0.0,0.0,0.0,0.0,0,0
6816,0,0.0,0.0,0.0,0.0,0,0
6818,0,0.0,0.0,0.0,0.0,0,0
6827,0,0.0,0.0,0.0,0.0,0,0
6819,0,0.0,0.0,0.0,0.0,0,0
6815,0,0.0,0.0,0.0,0.0,0,0
6828,0,0.0,0.0,0.0,0.0,0,0
6808,0,0.0,0.0,0.0,0.0,0,0
6824,0,0.0,0.0,0.0,0.0,0,0
6806,0,0.0,0.0,0.0,0.0,0,0
6814,0,0.0,0.0,0.0,0.0,0,0
6807,0,0.0,0.0,0.0,0.0,0,0
6805,0,0.0,0.0,0.0,0.0,0,0
6803,0,0.0,0.0,0.0,0.0,0,0
6822,0,0.0,0.0,0.0,0.0,0,0
6834,0,0.0,0.0,0.0,0.0,0,0
6825,0,0.0,0.0,0.0,0.0,0,0
6810,0,0.0,0.0,0.0,0.0,0,0
6832,0,0.0,0.0,0.0,0.0,0,0
6775,0,0.0,0.0,0.0,0.0,0,0
6785,0,0.0,0.0,0.0,0.0,0,0
6793,0,0.0,0.0,0.0,0.0,0,0
6761,0,0.0,0.0,0.0,0.0,0,0
6776,0,0.0,0.0,0.0,0.0,0,0
6768,0,0.0,0.0,0.0,0.0,0,0
6763,0,0.0,0.0,0.0,0.0,0,0
6783,0,0.0,0.0,0.0,0.0,0,0
6773,0,0.0,0.0,0.0,0.0,0,0
6798,0,0.0,0.0,0.0,0.0,0,0
6784,0,0.0,0.0,0.0,0.0,0,0
6788,0,0.0,0.0,0.0,0.0,0,0
6772,0,0.0,0.0,0.0,0.0,0,0
6800,0,0.0,0.0,0.0,0.0,0,0
6801,0,0.0,0.0,0.0,0.0,0,0
6791,0,0.0,0.0,0.0,0.0,0,0
6779,0,0.0,0.0,0.0,0.0,0,0
6786,0,0.0,0.0,0.0,0.0,0,0
6789,0,0.0,0.0,0.0,0.0,0,0
6795,0,0.0,0.0,0.0,0.0,0,0
6769,0,0.0,0.0,0.0,0.0,0,0
6770,0,0.0,0.0,0.0,0.0,0,0
6771,0,0.0,0.0,0.0,0.0,0,0
6796,0,0.0,0.0,0.0,0.0,0,0
6781,0,0.0,0.0,0.0,0.0,0,0
6782,0,0.0,0.0,0.0,0.0,0,0
6774,0,0.0,0.0,0.0,0.0,0,0
6765,0,0.0,0.0,0.0,0.0,0,0
6797,0,0.0,0.0,0.0,0.0,0,0
6794,0,0.0,0.0,0.0,0.0,0,0
6766,0,0.0,0.0,0.0,0.0,0,0
6799,0,0.0,0.0,0.0,0.0,0,0
6764,0,0.0,0.0,0.0,0.0,0,0
6787,0,0.0,0.0,0.0,0.0,0,0
6767,0,0.0,0.0,0.0,0.0,0,0
6790,0,0.0,0.0,0.0,0.0,0,0
6762,0,0.0,0.0,0.0,0.0,0,0
6780,0,0.0,0.0,0.0,0.0,0,0
6777,0,0.0,0.0,0.0,0.0,0,0
6778,0,0.0,0.0,0.0,0.0,0,0
6792,0,0.0,0.0,0.0,0.0,0,0
6752,0,0.0,0.0,0.0,0.0,0,0
6744,0,0.0,0.0,0.0,0.0,0,0
6758,0,0.0,0.0,0.0,0.0,0,0
6746,0,0.0,0.0,0.0,0.0,0,0
6757,0,0.0,0.0,0.0,0.0,0,0
6741,0,0.0,0.0,0.0,0.0,0,0
6735,0,0.0,0.0,0.0,0.0,0,0
6740,0,0.0,0.0,0.0,0.0,0,0
6754,0,0.0,0.0,0.0,0.0,0,0
6739,0,0.0,0.0,0.0,0.0,0,0
6750,0,0.0,0.0,0.0,0.0,0,0
6748,0,0.0,0.0,0.0,0.0,0,0
6736,0,0.0,0.0,0.0,0.0,0,0
6737,0,0.0,0.0,0.0,0.0,0,0
6759,0,0.0,0.0,0.0,0.0,0,0
6738,0,0.0,0.0,0.0,0.0,0,0
6749,0,0.0,0.0,0.0,0.0,0,0
6742,0,0.0,0.0,0.0,0.0,0,0
6755,0,0.0,0.0,0.0,0.0,0,0
6753,0,0.0,0.0,0.0,0.0,0,0
6751,0,0.0,0.0,0.0,0.0,0,0
6756,0,0.0,0.0,0.0,0.0,0,0
6743,0,0.0,0.0,0.0,0.0,0,0
6760,0,0.0,0.0,0.0,0.0,0,0
6747,0,0.0,0.0,0.0,0.0,0,0
6745,0,0.0,0.0,0.0,0.0,0,0
6723,0,0.0,0.0,0.0,0.0,0,0
6722,0,0.0,0.0,0.0,0.0,0,0
6718,0,0.0,0.0,0.0,0.0,0,0
6713,0,0.0,0.0,0.0,0.0,0,0
6733,0,0.0,0.0,0.0,0.0,0,0
6727,0,0.0,0.0,0.0,0.0,0,0
6730,0,0.0,0.0,0.0,0.0,0,0
6707,0,0.0,0.0,0.0,0.0,0,0
6709,0,0.0,0.0,0.0,0.0,0,0
6719,0,0.0,0.0,0.0,0.0,0,0
6720,0,0.0,0.0,0.0,0.0,0,0
6710,0,0.0,0.0,0.0,0.0,0,0
6708,0,0.0,0.0,0.0,0.0,0,0
6712,0,0.0,0.0,0.0,0.0,0,0
6726,0,0.0,0.0,0.0,0.0,0,0
6721,0,0.0,0.0,0.0,0.0,0,0
6717,0,0.0,0.0,0.0,0.0,0,0
6732,0,0.0,0.0,0.0,0.0,0,0
6734,0,0.0,0.0,0.0,0.0,0,0
6715,0,0.0,0.0,0.0,0.0,0,0
6716,0,0.0,0.0,0.0,0.0,0,0
6731,0,0.0,0.0,0.0,0.0,0,0
6728,0,0.0,0.0,0.0,0.0,0,0
6711,0,0.0,0.0,0.0,0.0,0,0
6725,0,0.0,0.0,0.0,0.0,0,0
6724,0,0.0,0.0,0.0,0.0,0,0
6714,0,0.0,0.0,0.0,0.0,0,0
6729,0,0.0,0.0,0.0,0.0,0,0
6702,0,0.0,0.0,0.0,0.0,0,0
6691,0,0.0,0.0,0.0,0.0,0,0
6692,0,0.0,0.0,0.0,0.0,0,0
6706,0,0.0,0.0,0.0,0.0,0,0
6690,0,0.0,0.0,0.0,0.0,0,0
6693,0,0.0,0.0,0.0,0.0,0,0
6695,0,0.0,0.0,0.0,0.0,0,0
6694,0,0.0,0.0,0.0,0.0,0,0
6704,0,0.0,0.0,0.0,0.0,0,0
6703,0,0.0,0.0,0.0,0.0,0,0
6698,0,0.0,0.0,0.0,0.0,0,0
6697,0,0.0,0.0,0.0,0.0,0,0
6699,0,0.0,0.0,0.0,0.0,0,0
6684,0,0.0,0.0,0.0,0.0,0,0
6701,0,0.0,0.0,0.0,0.0,0,0
6705,0,0.0,0.0,0.0,0.0,0,0
6689,0,0.0,0.0,0.0,0.0,0,0
6685,0,0.0,0.0,0.0,0.0,0,0
6688,0,0.0,0.0,0.0,0.0,0,0
6683,0,0.0,0.0,0.0,0.0,0,0
6687,0,0.0,0.0,0.0,0.0,0,0
6700,0,0.0,0.0,0.0,0.0,0,0
6696,0,0.0,0.0,0.0,0.0,0,0
6686,0,0.0,0.0,0.0,0.0,0,0
6677,0,0.0,0.0,0.0,0.0,0,0
6675,0,0.0,0.0,0.0,0.0,0,0
6678,0,0.0,0.0,0.0,0.0,0,0
6673,0,0.0,0.0,0.0,0.0,0,0
6674,0,0.0,0.0,0.0,0.0,0,0
6672,0,0.0,0.0,0.0,0.0,0,0
6679,0,0.0,0.0,0.0,0.0,0,0
6676,0,0.0,0.0,0.0,0.0,0,0
6682,0,0.0,0.0,0.0,0.0,0,0
6680,0,0.0,0.0,0.0,0.0,0,0
6681,0,0.0,0.0,0.0,0.0,0,0
6670,0,0.0,0.0,0.0,0.0,0,0
6660,0,0.0,0.0,0.0,0.0,0,0
6664,0,0.0,0.0,0.0,0.0,0,0
6652,0,0.0,0.0,0.0,0.0,0,0
6656,0,0.0,0.0,0.0,0.0,0,0
6651,0,0.0,0.0,0.0,0.0,0,0
6666,0,0.0,0.0,0.0,0.0,0,0
6665,0,0.0,0.0,0.0,0.0,0,0
6650,0,0.0,0.0,0.0,0.0,0,0
6658,0,0.0,0.0,0.0,0.0,0,0
6659,0,0.0,0.0,0.0,0.0,0,0
6662,0,0.0,0.0,0.0,0.0,0,0
6653,0,0.0,0.0,0.0,0.0,0,0
6668,0,0.0,0.0,0.0,0.0,0,0
6655,0,0.0,0.0,0.0,0.0,0,0
6661,0,0.0,0.0,0.0,0.0,0,0
6671,0,0.0,0.0,0.0,0.0,0,0
6648,0,0.0,0.0,0.0,0.0,0,0
6649,0,0.0,0.0,0.0,0.0,0,0
6654,0,0.0,0.0,0.0,0.0,0,0
6669,0,0.0,0.0,0.0,0.0,0,0
6663,0,0.0,0.0,0.0,0.0,0,0
6657,0,0.0,0.0,0.0,0.0,0,0
6667,0,0.0,0.0,0.0,0.0,0,0
6636,0,0.0,0.0,0.0,0.0,0,0
6647,0,0.0,0.0,0.0,0.0,0,0
6637,0,0.0,0.0,0.0,0.0,0,0
6639,0,0.0,0.0,0.0,0.0,0,0
6646,0,0.0,0.0,0.0,0.0,0,0
6645,0,0.0,0.0,0.0,0.0,0,0
6643,0,0.0,0.0,0.0,0.0,0,0
6632,0,0.0,0.0,0.0,0.0,0,0
6638,0,0.0,0.0,0.0,0.0,0,0
6633,0,0.0,0.0,0.0,0.0,0,0
6635,0,0.0,0.0,0.0,0.0,0,0
6642,0,0.0,0.0,0.0,0.0,0,0
6644,0,0.0,0.0,0.0,0.0,0,0
6634,0,0.0,0.0,0.0,0.0,0,0
6641,0,0.0,0.0,0.0,0.0,0,0
6640,0,0.0,0.0,0.0,0.0,0,0
6631,0,0.0,0.0,0.0,0.0,0,0
6630,0,0.0,0.0,0.0,0.0,0,0
6629,0,0.0,0.0,0.0,0.0,0,0
6627,0,0.0,0.0,0.0,0.0,0,0
6628,0,0.0,0.0,0.0,0.0,0,0
6626,0,0.0,0.0,0.0,0.0,0,0
6625,0,0.0,0.0,0.0,0.0,0,0
6614,0,0.0,0.0,0.0,0.0,0,0
6623,0,0.0,0.0,0.0,0.0,0,0
6617,0,0.0,0.0,0.0,0.0,0,0
6616,0,0.0,0.0,0.0,0.0,0,0
6615,0,0.0,0.0,0.0,0.0,0,0
6621,0,0.0,0.0,0.0,0.0,0,0
6613,0,0.0,0.0,0.0,0.0,0,0
6624,0,0.0,0.0,0.0,0.0,0,0
6620,0,0.0,0.0,0.0,0.0,0,0
6618,0,0.0,0.0,0.0,0.0,0,0
6619,0,0.0,0.0,0.0,0.0,0,0
6622,0,0.0,0.0,0.0,0.0,0,0
6606,0,0.0,0.0,0.0,0.0,0,0
6612,0,0.0,0.0,0.0,0.0,0,0
6610,0,0.0,0.0,0.0,0.0,0,0
6609,0,0.0,0.0,0.0,0.0,0,0
6603,0,0.0,0.0,0.0,0.0,0,0
6604,0,0.0,0.0,0.0,0.0,0,0
6607,0,0.0,0.0,0.0,0.0,0,0
6608,0,0.0,0.0,0.0,0.0,0,0
6611,0,0.0,0.0,0.0,0.0,0,0
6605,0,0.0,0.0,0.0,0.0,0,0
6599,0,0.0,0.0,0.0,0.0,0,0
6597,0,0.0,0.0,0.0,0.0,0,0
6602,0,0.0,0.0,0.0,0.0,0,0
6601,0,0.0,0.0,0.0,0.0,0,0
6596,0,0.0,0.0,0.0,0.0,0,0
6598,0,0.0,0.0,0.0,0.0,0,0
6600,0,0.0,0.0,0.0,0.0,0,0
6591,0,0.0,0.0,0.0,0.0,0,0
6578,0,0.0,0.0,0.0,0.0,0,0
6588,0,0.0,0.0,0.0,0.0,0,0
6579,0,0.0,0.0,0.0,0.0,0,0
6590,0,0.0,0.0,0.0,0.0,0,0
6581,0,0.0,0.0,0.0,0.0,0,0
6583,0,0.0,0.0,0.0,0.0,0,0
6576,0,0.0,0.0,0.0,0.0,0,0
6589,0,0.0,0.0,0.0,0.0,0,0
6594,0,0.0,0.0,0.0,0.0,0,0
6580,0,0.0,0.0,0.0,0.0,0,0
6586,0,0.0,0.0,0.0,0.0,0,0
6573,0,0.0,0.0,0.0,0.0,0,0
6593,0,0.0,0.0,0.0,0.0,0,0
6587,0,0.0,0.0,0.0,0.0,0,0
6595,0,0.0,0.0,0.0,0.0,0,0
6577,0,0.0,0.0,0.0,0.0,0,0
6592,0,0.0,0.0,0.0,0.0,0,0
6574,0,0.0,0.0,0.0,0.0,0,0
6575,0,0.0,0.0,0.0,0.0,0,0
6582,0,0.0,0.0,0.0,0.0,0,0
6584,0,0.0,0.0,0.0,0.0,0,0
6585,0,0.0,0.0,0.0,0.0,0,0
6564,0,0.0,0.0,0.0,0.0,0,0
6566,0,0.0,0.0,0.0,0.0,0,0
6572,0,0.0,0.0,0.0,0.0,0,0
6559,0,0.0,0.0,0.0,0.0,0,0
6570,0,0.0,0.0,0.0,0.0,0,0
6557,0,0.0,0.0,0.0,0.0,0,0
6560,0,0.0,0.0,0.0,0.0,0,0
6568,0,0.0,0.0,0.0,0.0,0,0
6569,0,0.0,0.0,0.0,0.0,0,0
6571,0,0.0,0.0,0.0,0.0,0,0
6565,0,0.0,0.0,0.0,0.0,0,0
6561,0,0.0,0.0,0.0,0.0,0,0
6567,0,0.0,0.0,0.0,0.0,0,0
6563,0,0.0,0.0,0.0,0.0,0,0
6562,0,0.0,0.0,0.0,0.0,0,0
6558,0,0.0,0.0,0.0,0.0,0,0
6550,0,0.0,0.0,0.0,0.0,0,0
6549,0,0.0,0.0,0.0,0.0,0,0
6552,0,0.0,0.0,0.0,0.0,0,0
6548,0,0.0,0.0,0.0,0.0,0,0
6544,0,0.0,0.0,0.0,0.0,0,0
6553,0,0.0,0.0,0.0,0.0,0,0
6554,0,0.0,0.0,0.0,0.0,0,0
6555,0,0.0,0.0,0.0,0.0,0,0
6556,0,0.0,0.0,0.0,0.0,0,0
6547,0,0.0,0.0,0.0,0.0,0,0
6551,0,0.0,0.0,0.0,0.0,0,0
6546,0,0.0,0.0,0.0,0.0,0,0
6545,0,0.0,0.0,0.0,0.0,0,0
6541,0,0.0,0.0,0.0,0.0,0,0
6539,0,0.0,0.0,0.0,0.0,0,0
6542,0,0.0,0.0,0.0,0.0,0,0
6540,0,0.0,0.0,0.0,0.0,0,0
6543,0,0.0,0.0,0.0,0.0,0,0
6538,0,0.0,0.0,0.0,0.0,0,0
6533,0,0.0,0.0,0.0,0.0,0,0
6526,0,0.0,0.0,0.0,0.0,0,0
6536,0,0.0,0.0,0.0,0.0,0,0
6537,0,0.0,0.0,0.0,0.0,0,0
6528,0,0.0,0.0,0.0,0.0,0,0
6529,0,0.0,0.0,0.0,0.0,0,0
6534,0,0.0,0.0,0.0,0.0,0,0
6525,0,0.0,0.0,0.0,0.0,0,0
6530,0,0.0,0.0,0.0,0.0,0,0
6532,0,0.0,0.0,0.0,0.0,0,0
6531,0,0.0,0.0,0.0,0.0,0,0
6535,0,0.0,0.0,0.0,0.0,0,0
6527,0,0.0,0.0,0.0,0.0,0,0
6517,0,0.0,0.0,0.0,0.0,0,0
6512,0,0.0,0.0,0.0,0.0,0,0
6506,0,0.0,0.0,0.0,0.0,0,0
6495,0,0.0,0.0,0.0,0.0,0,0
6516,0,0.0,0.0,0.0,0.0,0,0
6502,0,0.0,0.0,0.0,0.0,0,0
6524,0,0.0,0.0,0.0,0.0,0,0
6503,0,0.0,0.0,0.0,0.0,0,0
6505,0,0.0,0.0,0.0,0.0,0,0
6499,0,0.0,0.0,0.0,0.0,0,0
6501,0,0.0,0.0,0.0,0.0,0,0
6509,0,0.0,0.0,0.0,0.0,0,0
6500,0,0.0,0.0,0.0,0.0,0,0
6514,0,0.0,0.0,0.0,0.0,0,0
6508,0,0.0,0.0,0.0,0.0,0,0
6515,0,0.0,0.0,0.0,0.0,0,0
6510,0,0.0,0.0,0.0,0.0,0,0
6518,0,0.0,0.0,0.0,0.0,0,0
6498,0,0.0,0.0,0.0,0.0,0,0
6504,0,0.0,0.0,0.0,0.0,0,0
6520,0,0.0,0.0,0.0,0.0,0,0
6522,0,0.0,0.0,0.0,0.0,0,0
6519,0,0.0,0.0,0.0,0.0,0,0
6523,0,0.0,0.0,0.0,0.0,0,0
6497,0,0.0,0.0,0.0,0.0,0,0
6511,0,0.0,0.0,0.0,0.0,0,0
6521,0,0.0,0.0,0.0,0.0,0,0
6496,0,0.0,0.0,0.0,0.0,0,0
6513,0,0.0,0.0,0.0,0.0,0,0
6507,0,0.0,0.0,0.0,0.0,0,0
6483,0,0.0,0.0,0.0,0.0,0,0
6481,0,0.0,0.0,0.0,0.0,0,0
6489,0,0.0,0.0,0.0,0.0,0,0
6491,0,0.0,0.0,0.0,0.0,0,0
6465,0,0.0,0.0,0.0,0.0,0,0
6485,0,0.0,0.0,0.0,0.0,0,0
6492,0,0.0,0.0,0.0,0.0,0,0
6472,0,0.0,0.0,0.0,0.0,0,0
6480,0,0.0,0.0,0.0,0.0,0,0
6488,0,0.0,0.0,0.0,0.0,0,0
6471,0,0.0,0.0,0.0,0.0,0,0
6477,0,0.0,0.0,0.0,0.0,0,0
6473,0,0.0,0.0,0.0,0.0,0,0
6476,0,0.0,0.0,0.0,0.0,0,0
6494,0,0.0,0.0,0.0,0.0,0,0
6468,0,0.0,0.0,0.0,0.0,0,0
6487,0,0.0,0.0,0.0,0.0,0,0
6493,0,0.0,0.0,0.0,0.0,0,0
6464,0,0.0,0.0,0.0,0.0,0,0
6486,0,0.0,0.0,0.0,0.0,0,0
6484,0,0.0,0.0,0.0,0.0,0,0
6478,0,0.0,0.0,0.0,0.0,0,0
6467,0,0.0,0.0,0.0,0.0,0,0
6466,0,0.0,0.0,0.0,0.0,0,0
6479,0,0.0,0.0,0.0,0.0,0,0
6482,0,0.0,0.0,0.0,0.0,0,0
6475,0,0.0,0.0,0.0,0.0,0,0
6474,0,0.0,0.0,0.0,0.0,0,0
6470,0,0.0,0.0,0.0,0.0,0,0
6469,0,0.0,0.0,0.0,0.0,0,0
6490,0,0.0,0.0,0.0,0.0,0,0
6457,0,0.0,0.0,0.0,0.0,0,0
6438,0,0.0,0.0,0.0,0.0,0,0
6460,0,0.0,0.0,0.0,0.0,0,0
6454,0,0.0,0.0,0.0,0.0,0,0
6443,0,0.0,0.0,0.0,0.0,0,0
6436,0,0.0,0.0,0.0,0.0,0,0
6444,0,0.0,0.0,0.0,0.0,0,0
6440,0,0.0,0.0,0.0,0.0,0,0
6456,0,0.0,0.0,0.0,0.0,0,0
6449,0,0.0,0.0,0.0,0.0,0,0
6450,0,0.0,0.0,0.0,0.0,0,0
6445,0,0.0,0.0,0.0,0.0,0,0
6452,0,0.0,0.0,0.0,0.0,0,0
6462,0,0.0,0.0,0.0,0.0,0,0
6446,0,0.0,0.0,0.0,0.0,0,0
6441,0,0.0,0.0,0.0,0.0,0,0
6447,0,0.0,0.0,0.0,0.0,0,0
6442,0,0.0,0.0,0.0,0.0,0,0
6459,0,0.0,0.0,0.0,0.0,0,0
6448,0,0.0,0.0,0.0,0.0,0,0
6437,0,0.0,0.0,0.0,0.0,0,0
6463,0,0.0,0.0,0.0,0.0,0,0
6455,0,0.0,0.0,0.0,0.0,0,0
6461,0,0.0,0.0,0.0,0.0,0,0
6458,0,0.0,0.0,0.0,0.0,0,0
6439,0,0.0,0.0,0.0,0.0,0,0
6453,0,0.0,0.0,0.0,0.0,0,0
6451,0,0.0,0.0,0.0,0.0,0,0
6416,0,0.0,0.0,0.0,0.0,0,0
6392,0,0.0,0.0,0.0,0.0,0,0
6390,0,0.0,0.0,0.0,0.0,0,0
6402,0,0.0,0.0,0.0,0.0,0,0
6403,0,0.0,0.0,0.0,0.0,0,0
6393,0,0.0,0.0,0.0,0.0,0,0
6394,0,0.0,0.0,0.0,0.0,0,0
6428,0,0.0,0.0,0.0,0.0,0,0
6423,0,0.0,0.0,0.0,0.0,0,0
6410,0,0.0,0.0,0.0,0.0,0,0
6414,0,0.0,0.0,0.0,0.0,0,0
6431,0,0.0,0.0,0.0,0.0,0,0
6398,0,0.0,0.0,0.0,0.0,0,0
6420,0,0.0,0.0,0.0,0.0,0,0
6409,0,0.0,0.0,0.0,0.0,0,0
6434,0,0.0,0.0,0.0,0.0,0,0
6411,0,0.0,0.0,0.0,0.0,0,0
6425,0,0.0,0.0,0.0,0.0,0,0
6424,0,0.0,0.0,0.0,0.0,0,0
6404,0,0.0,0.0,0.0,0.0,0,0
6433,0,0.0,0.0,0.0,0.0,0,0
6435,0,0.0,0.0,0.0,0.0,0,0
6406,0,0.0,0.0,0.0,0.0,0,0
6432,0,0.0,0.0,0.0,0.0,0,0
6412,0,0.0,0.0,0.0,0.0,0,0
6430,0,0.0,0.0,0.0,0.0,0,0
6401,0,0.0,0.0,0.0,0.0,0,0
6399,0,0.0,0.0,0.0,0.0,0,0
6389,0,0.0,0.0,0.0,0.0,0,0
6396,0,0.0,0.0,0.0,0.0,0,0
6419,0,0.0,0.0,0.0,0.0,0,0
6397,0,0.0,0.0,0.0,0.0,0,0
6405,0,0.0,0.0,0.0,0.0,0,0
6426,0,0.0,0.0,0.0,0.0,0,0
6408,0,0.0,0.0,0.0,0.0,0,0
6395,0,0.0,0.0,0.0,0.0,0,0
6415,0,0.0,0.0,0.0,0.0,0,0
6427,0,0.0,0.0,0.0,0.0,0,0
6422,0,0.0,0.0,0.0,0.0,0,0
6400,0,0.0,0.0,0.0,0.0,0,0
6391,0,0.0,0.0,0.0,0.0,0,0
6421,0,0.0,0.0,0.0,0.0,0,0
6388,0,0.0,0.0,0.0,0.0,0,0
6387,0,0.0,0.0,0.0,0.0,0,0
6407,0,0.0,0.0,0.0,0.0,0,0
6413,0,0.0,0.0,0.0,0.0,0,0
6417,0,0.0,0.0,0.0,0.0,0,0
6418,0,0.0,0.0,0.0,0.0,0,0
6429,0,0.0,0.0,0.0,0.0,0,0
6338,0,0.0,0.0,0.0,0.0,0,0
6339,0,0.0,0.0,0.0,0.0,0,0
6367,0,0.0,0.0,0.0,0.0,0,0
6350,0,0.0,0.0,0.0,0.0,0,0
6368,0,0.0,0.0,0.0,0.0,0,0
6340,0,0.0,0.0,0.0,0.0,0,0
6345,0,0.0,0.0,0.0,0.0,0,0
6366,0,0.0,0.0,0.0,0.0,0,0
6343,0,0.0,0.0,0.0,0.0,0,0
6377,0,0.0,0.0,0.0,0.0,0,0
6371,0,0.0,0.0,0.0,0.0,0,0
6378,0,0.0,0.0,0.0,0.0,0,0
6344,0,0.0,0.0,0.0,0.0,0,0
6362,0,0.0,0.0,0.0,0.0,0,0
6347,0,0.0,0.0,0.0,0.0,0,0
6373,0,0.0,0.0,0.0,0.0,0,0
6356,0,0.0,0.0,0.0,0.0,0,0
6379,0,0.0,0.0,0.0,0.0,0,0
6382,0,0.0,0.0,0.0,0.0,0,0
6353,0,0.0,0.0,0.0,0.0,0,0
6384,0,0.0,0.0,0.0,0.0,0,0
6341,0,0.0,0.0,0.0,0.0,0,0
6360,0,0.0,0.0,0.0,0.0,0,0
6364,0,0.0,0.0,0.0,0.0,0,0
6358,0,0.0,0.0,0.0,0.0,0,0
6375,0,0.0,0.0,0.0,0.0,0,0
6365,0,0.0,0.0,0.0,0.0,0,0
6361,0,0.0,0.0,0.0,0.0,0,0
6380,0,0.0,0.0,0.0,0.0,0,0
6349,0,0.0,0.0,0.0,0.0,0,0
6342,0,0.0,0.0,0.0,0.0,0,0
6359,0,0.0,0.0,0.0,0.0,0,0
6337,0,0.0,0.0,0.0,0.0,0,0
6370,0,0.0,0.0,0.0,0.0,0,0
6352,0,0.0,0.0,0.0,0.0,0,0
6386,0,0.0,0.0,0.0,0.0,0,0
6369,0,0.0,0.0,0.0,0.0,0,0
6376,0,0.0,0.0,0.0,0.0,0,0
6385,0,0.0,0.0,0.0,0.0,0,0
6381,0,0.0,0.0,0.0,0.0,0,0
6372,0,0.0,0.0,0.0,0.0,0,0
6351,0,0.0,0.0,0.0,0.0,0,0
6357,0,0.0,0.0,0.0,0.0,0,0
6348,0,0.0,0.0,0.0,0.0,0,0
6355,0,0.0,0.0,0.0,0.0,0,0
6374,0,0.0,0.0,0.0,0.0,0,0
6363,0,0.0,0.0,0.0,0.0,0,0
6346,0,0.0,0.0,0.0,0.0,0,0
6383,0,0.0,0.0,0.0,0.0,0,0
6354,0,0.0,0.0,0.0,0.0,0,0
6331,0,0.0,0.0,0.0,0.0,0,0
6336,0,0.0,0.0,0.0,0.0,0,0
6333,0,0.0,0.0,0.0,0.0,0,0
6327,0,0.0,0.0,0.0,0.0,0,0
6334,0,0.0,0.0,0.0,0.0,0,0
6330,0,0.0,0.0,0.0,0.0,0,0
6332,0,0.0,0.0,0.0,0.0,0,0
6329,0,0.0,0.0,0.0,0.0,0,0
6328,0,0.0,0.0,0.0,0.0,0,0
6335,0,0.0,0.0,0.0,0.0,0,0
6325,0,0.0,0.0,0.0,0.0,0,0
6326,0,0.0,0.0,0.0,0.0,0,0
6312,0,0.0,0.0,0.0,0.0,0,0
6322,0,0.0,0.0,0.0,0.0,0,0
6309,0,0.0,0.0,0.0,0.0,0,0
6302,0,0.0,0.0,0.0,0.0,0,0
6315,0,0.0,0.0,0.0,0.0,0,0
6301,0,0.0,0.0,0.0,0.0,0,0
6310,0,0.0,0.0,0.0,0.0,0,0
6308,0,0.0,0.0,0.0,0.0,0,0
6321,0,0.0,0.0,0.0,0.0,0,0
6303,0,0.0,0.0,0.0,0.0,0,0
6323,0,0.0,0.0,0.0,0.0,0,0
6324,0,0.0,0.0,0.0,0.0,0,0
6307,0,0.0,0.0,0.0,0.0,0,0
6300,0,0.0,0.0,0.0,0.0,0,0
6306,0,0.0,0.0,0.0,0.0,0,0
6319,0,0.0,0.0,0.0,0.0,0,0
6314,0,0.0,0.0,0.0,0.0,0,0
6316,0,0.0,0.0,0.0,0.0,0,0
6320,0,0.0,0.0,0.0,0.0,0,0
6311,0,0.0,0.0,0.0,0.0,0,0
6304,0,0.0,0.0,0.0,0.0,0,0
6317,0,0.0,0.0,0.0,0.0,0,0
6313,0,0.0,0.0,0.0,0.0,0,0
6305,0,0.0,0.0,0.0,0.0,0,0
6318,0,0.0,0.0,0.0,0.0,0,0
6292,0,0.0,0.0,0.0,0.0,0,0
6289,0,0.0,0.0,0.0,0.0,0,0
6280,0,0.0,0.0,0.0,0.0,0,0
6296,0,0.0,0.0,0.0,0.0,0,0
6283,0,0.0,0.0,0.0,0.0,0,0
6295,0,0.0,0.0,0.0,0.0,0,0
6293,0,0.0,0.0,0.0,0.0,0,0
6281,0,0.0,0.0,0.0,0.0,0,0
6285,0,0.0,0.0,0.0,0.0,0,0
6294,0,0.0,0.0,0.0,0.0,0,0
6286,0,0.0,0.0,0.0,0.0,0,0
6299,0,0.0,0.0,0.0,0.0,0,0
6284,0,0.0,0.0,0.0,0.0,0,0
6290,0,0.0,0.0,0.0,0.0,0,0
6287,0,0.0,0.0,0.0,0.0,0,0
6291,0,0.0,0.0,0.0,0.0,0,0
6288,0,0.0,0.0,0.0,0.0,0,0
6298,0,0.0,0.0,0.0,0.0,0,0
6297,0,0.0,0.0,0.0,0.0,0,0
6282,0,0.0,0.0,0.0,0.0,0,0
6267,0,0.0,0.0,0.0,0.0,0,0
6257,0,0.0,0.0,0.0,0.0,0,0
6245,0,0.0,0.0,0.0,0.0,0,0
6265,0,0.0,0.0,0.0,0.0,0,0
6278,0,0.0,0.0,0.0,0.0,0,0
6251,0,0.0,0.0,0.0,0.0,0,0
6240,0,0.0,0.0,0.0,0.0,0,0
6276,0,0.0,0.0,0.0,0.0,0,0
6255,0,0.0,0.0,0.0,0.0,0,0
6254,0,0.0,0.0,0.0,0.0,0,0
6277,0,0.0,0.0,0.0,0.0,0,0
6268,0,0.0,0.0,0.0,0.0,0,0
6259,0,0.0,0.0,0.0,0.0,0,0
6258,0,0.0,0.0,0.0,0.0,0,0
6253,0,0.0,0.0,0.0,0.0,0,0
6249,0,0.0,0.0,0.0,0.0,0,0
6274,0,0.0,0.0,0.0,0.0,0,0
6246,0,0.0,0.0,0.0,0.0,0,0
6252,0,0.0,0.0,0.0,0.0,0,0
6264,0,0.0,0.0,0.0,0.0,0,0
6266,0,0.0,0.0,0.0,0.0,0,0
6272,0,0.0,0.0,0.0,0.0,0,0
6270,0,0.0,0.0,0.0,0.0,0,0
6269,0,0.0,0.0,0.0,0.0,0,0
6279,0,0.0,0.0,0.0,0.0,0,0
6273,0,0.0,0.0,0.0,0.0,0,0
6263,0,0.0,0.0,0.0,0.0,0,0
6256,0,0.0,0.0,0.0,0.0,0,0
6244,0,0.0,0.0,0.0,0.0,0,0
6261,0,0.0,0.0,0.0,0.0,0,0
6243,0,0.0,0.0,0.0,0.0,0,0
6260,0,0.0,0.0,0.0,0.0,0,0
6248,0,0.0,0.0,0.0,0.0,0,0
6242,0,0.0,0.0,0.0,0.0,0,0
6250,0,0.0,0.0,0.0,0.0,0,0
6275,0,0.0,0.0,0.0,0.0,0,0
6247,0,0.0,0.0,0.0,0.0,0,0
6241,0,0.0,0.0,0.0,0.0,0,0
6271,0,0.0,0.0,0.0,0.0,0,0
6262,0,0.0,0.0,0.0,0.0,0,0
6239,0,0.0,0.0,0.0,0.0,0,0
6230,0,0.0,0.0,0.0,0.0,0,0
6217,0,0.0,0.0,0.0,0.0,0,0
6238,0,0.0,0.0,0.0,0.0,0,0
6212,0,0.0,0.0,0.0,0.0,0,0
6236,0,0.0,0.0,0.0,0.0,0,0
6219,0,0.0,0.0,0.0,0.0,0,0
6226,0,0.0,0.0,0.0,0.0,0,0
6231,0,0.0,0.0,0.0,0.0,0,0
6211,0,0.0,0.0,0.0,0.0,0,0
6220,0,0.0,0.0,0.0,0.0,0,0
6225,0,0.0,0.0,0.0,0.0,0,0
6207,0,0.0,0.0,0.0,0.0,0,0
6237,0,0.0,0.0,0.0,0.0,0,0
6203,0,0.0,0.0,0.0,0.0,0,0
6216,0,0.0,0.0,0.0,0.0,0,0
6204,0,0.0,0.0,0.0,0.0,0,0
6229,0,0.0,0.0,0.0,0.0,0,0
6235,0,0.0,0.0,0.0,0.0,0,0
6214,0,0.0,0.0,0.0,0.0,0,0
6210,0,0.0,0.0,0.0,0.0,0,0
6222,0,0.0,0.0,0.0,0.0,0,0
6232,0,0.0,0.0,0.0,0.0,0,0
6205,0,0.0,0.0,0.0,0.0,0,0
6221,0,0.0,0.0,0.0,0.0,0,0
6227,0,0.0,0.0,0.0,0.0,0,0
6228,0,0.0,0.0,0.0,0.0,0,0
6233,0,0.0,0.0,0.0,0.0,0,0
6218,0,0.0,0.0,0.0,0.0,0,0
6206,0,0.0,0.0,0.0,0.0,0,0
6209,0,0.0,0.0,0.0,0.0,0,0
6224,0,0.0,0.0,0.0,0.0,0,0
6213,0,0.0,0.0,0.0,0.0,0,0
6208,0,0.0,0.0,0.0,0.0,0,0
6215,0,0.0,0.0,0.0,0.0,0,0
6234,0,0.0,0.0,0.0,0.0,0,0
6223,0,0.0,0.0,0.0,0.0,0,0
6183,0,0.0,0.0,0.0,0.0,0,0
6178,0,0.0,0.0,0.0,0.0,0,0
6181,0,0.0,0.0,0.0,0.0,0,0
6170,0,0.0,0.0,0.0,0.0,0,0
6162,0,0.0,0.0,0.0,0.0,0,0
6199,0,0.0,0.0,0.0,0.0,0,0
6169,0,0.0,0.0,0.0,0.0,0,0
6185,0,0.0,0.0,0.0,0.0,0,0
6161,0,0.0,0.0,0.0,0.0,0,0
6191,0,0.0,0.0,0.0,0.0,0,0
6167,0,0.0,0.0,0.0,0.0,0,0
6172,0,0.0,0.0,0.0,0.0,0,0
6188,0,0.0,0.0,0.0,0.0,0,0
6179,0,0.0,0.0,0.0,0.0,0,0
6182,0,0.0,0.0,0.0,0.0,0,0
6171,0,0.0,0.0,0.0,0.0,0,0
6197,0,0.0,0.0,0.0,0.0,0,0
6192,0,0.0,0.0,0.0,0.0,0,0
6201,0,0.0,0.0,0.0,0.0,0,0
6193,0,0.0,0.0,0.0,0.0,0,0
6177,0,0.0,0.0,0.0,0.0,0,0
6186,0,0.0,0.0,0.0,0.0,0,0
6180,0,0.0,0.0,0.0,0.0,0,0
6189,0,0.0,0.0,0.0,0.0,0,0
6174,0,0.0,0.0,0.0,0.0,0,0
6175,0,0.0,0.0,0.0,0.0,0,0
6176,0,0.0,0.0,0.0,0.0,0,0
6202,0,0.0,0.0,0.0,0.0,0,0
6165,0,0.0,0.0,0.0,0.0,0,0
6164,0,0.0,0.0,0.0,0.0,0,0
6190,0,0.0,0.0,0.0,0.0,0,0
6187,0,0.0,0.0,0.0,0.0,0,0
6163,0,0.0,0.0,0.0,0.0,0,0
6194,0,0.0,0.0,0.0,0.0,0,0
6195,0,0.0,0.0,0.0,0.0,0,0
6198,0,0.0,0.0,0.0,0.0,0,0
6200,0,0.0,0.0,0.0,0.0,0,0
6173,0,0.0,0.0,0.0,0.0,0,0
6196,0,0.0,0.0,0.0,0.0,0,0
6168,0,0.0,0.0,0.0,0.0,0,0
6166,0,0.0,0.0,0.0,0.0,0,0
6184,0,0.0,0.0,0.0,0.0,0,0
6154,0,0.0,0.0,0.0,0.0,0,0
6147,0,0.0,0.0,0.0,0.0,0,0
6159,0,0.0,0.0,0.0,0.0,0,0
6155,0,0.0,0.0,0.0,0.0,0,0
6142,0,0.0,0.0,0.0,0.0,0,0
6153,0,0.0,0.0,0.0,0.0,0,0
6148,0,0.0,0.0,0.0,0.0,0,0
6160,0,0.0,0.0,0.0,0.0,0,0
6152,0,0.0,0.0,0.0,0.0,0,0
6158,0,0.0,0.0,0.0,0.0,0,0
6144,0,0.0,0.0,0.0,0.0,0,0
6150,0,0.0,0.0,0.0,0.0,0,0
6141,0,0.0,0.0,0.0,0.0,0,0
6149,0,0.0,0.0,0.0,0.0,0,0
6157,0,0.0,0.0,0.0,0.0,0,0
6143,0,0.0,0.0,0.0,0.0,0,0
6146,0,0.0,0.0,0.0,0.0,0,0
6156,0,0.0,0.0,0.0,0.0,0,0
6151,0,0.0,0.0,0.0,0.0,0,0
6145,0,0.0,0.0,0.0,0.0,0,0
6118,0,0.0,0.0,0.0,0.0,0,0
6125,0,0.0,0.0,0.0,0.0,0,0
6119,0,0.0,0.0,0.0,0.0,0,0
6138,0,0.0,0.0,0.0,0.0,0,0
6115,0,0.0,0.0,0.0,0.0,0,0
6126,0,0.0,0.0,0.0,0.0,0,0
6132,0,0.0,0.0,0.0,0.0,0,0
6130,0,0.0,0.0,0.0,0.0,0,0
6117,0,0.0,0.0,0.0,0.0,0,0
6123,0,0.0,0.0,0.0,0.0,0,0
6121,0,0.0,0.0,0.0,0.0,0,0
6133,0,0.0,0.0,0.0,0.0,0,0
6131,0,0.0,0.0,0.0,0.0,0,0
6116,0,0.0,0.0,0.0,0.0,0,0
6128,0,0.0,0.0,0.0,0.0,0,0
6140,0,0.0,0.0,0.0,0.0,0,0
6139,0,0.0,0.0,0.0,0.0,0,0
6129,0,0.0,0.0,0.0,0.0,0,0
6124,0,0.0,0.0,0.0,0.0,0,0
6136,0,0.0,0.0,0.0,0.0,0,0
6137,0,0.0,0.0,0.0,0.0,0,0
6122,0,0.0,0.0,0.0,0.0,0,0
6120,0,0.0,0.0,0.0,0.0,0,0
6127,0,0.0,0.0,0.0,0.0,0,0
6134,0,0.0,0.0,0.0,0.0,0,0
6135,0,0.0,0.0,0.0,0.0,0,0
6114,0,0.0,0.0,0.0,0.0,0,0
6110,0,0.0,0.0,0.0,0.0,0,0
6109,0,0.0,0.0,0.0,0.0,0,0
6112,0,0.0,0.0,0.0,0.0,0,0
6108,0,0.0,0.0,0.0,0.0,0,0
6107,0,0.0,0.0,0.0,0.0,0,0
6113,0,0.0,0.0,0.0,0.0,0,0
6106,0,0.0,0.0,0.0,0.0,0,0
6111,0,0.0,0.0,0.0,0.0,0,0
6095,0,0.0,0.0,0.0,0.0,0,0
6101,0,0.0,0.0,0.0,0.0,0,0
6096,0,0.0,0.0,0.0,0.0,0,0
6098,0,0.0,0.0,0.0,0.0,0,0
6105,0,0.0,0.0,0.0,0.0,0,0
6103,0,0.0,0.0,0.0,0.0,0,0
6104,0,0.0,0.0,0.0,0.0,0,0
6100,0,0.0,0.0,0.0,0.0,0,0
6094,0,0.0,0.0,0.0,0.0,0,0
6102,0,0.0,0.0,0.0,0.0,0,0
6099,0,0.0,0.0,0.0,0.0,0,0
6093,0,0.0,0.0,0.0,0.0,0,0
6097,0,0.0,0.0,0.0,0.0,0,0
6070,0,0.0,0.0,0.0,0.0,0,0
6084,0,0.0,0.0,0.0,0.0,0,0
6087,0,0.0,0.0,0.0,0.0,0,0
6082,0,0.0,0.0,0.0,0.0,0,0
6080,0,0.0,0.0,0.0,0.0,0,0
6074,0,0.0,0.0,0.0,0.0,0,0
6089,0,0.0,0.0,0.0,0.0,0,0
6091,0,0.0,0.0,0.0,0.0,0,0
6083,0,0.0,0.0,0.0,0.0,0,0
6079,0,0.0,0.0,0.0,0.0,0,0
6088,0,0.0,0.0,0.0,0.0,0,0
6085,0,0.0,0.0,0.0,0.0,0,0
6072,0,0.0,0.0,0.0,0.0,0,0
6081,0,0.0,0.0,0.0,0.0,0,0
6073,0,0.0,0.0,0.0,0.0,0,0
6071,0,0.0,0.0,0.0,0.0,0,0
6090,0,0.0,0.0,0.0,0.0,0,0
6078,0,0.0,0.0,0.0,0.0,0,0
6076,0,0.0,0.0,0.0,0.0,0,0
6075,0,0.0,0.0,0.0,0.0,0,0
6077,0,0.0,0.0,0.0,0.0,0,0
6086,0,0.0,0.0,0.0,0.0,0,0
6092,0,0.0,0.0,0.0,0.0,0,0
6053,0,0.0,0.0,0.0,0.0,0,0
6056,0,0.0,0.0,0.0,0.0,0,0
6061,0,0.0,0.0,0.0,0.0,0,0
6050,0,0.0,0.0,0.0,0.0,0,0
6068,0,0.0,0.0,0.0,0.0,0,0
6043,0,0.0,0.0,0.0,0.0,0,0
6041,0,0.0,0.0,0.0,0.0,0,0
6046,0,0.0,0.0,0.0,0.0,0,0
6059,0,0.0,0.0,0.0,0.0,0,0
6045,0,0.0,0.0,0.0,0.0,0,0
6067,0,0.0,0.0,0.0,0.0,0,0
6052,0,0.0,0.0,0.0,0.0,0,0
6057,0,0.0,0.0,0.0,0.0,0,0
6051,0,0.0,0.0,0.0,0.0,0,0
6049,0,0.0,0.0,0.0,0.0,0,0
6040,0,0.0,0.0,0.0,0.0,0,0
6064,0,0.0,0.0,0.0,0.0,0,0
6042,0,0.0,0.0,0.0,0.0,0,0
6058,0,0.0,0.0,0.0,0.0,0,0
6054,0,0.0,0.0,0.0,0.0,0,0
6062,0,0.0,0.0,0.0,0.0,0,0
6060,0,0.0,0.0,0.0,0.0,0,0
6044,0,0.0,0.0,0.0,0.0,0,0
6066,0,0.0,0.0,0.0,0.0,0,0
6063,0,0.0,0.0,0.0,0.0,0,0
6055,0,0.0,0.0,0.0,0.0,0,0
6065,0,0.0,0.0,0.0,0.0,0,0
6048,0,0.0,0.0,0.0,0.0,0,0
6069,0,0.0,0.0,0.0,0.0,0,0
6047,0,0.0,0.0,0.0,0.0,0,0
6034,0,0.0,0.0,0.0,0.0,0,0
6018,0,0.0,0.0,0.0,0.0,0,0
6037,0,0.0,0.0,0.0,0.0,0,0
6033,0,0.0,0.0,0.0,0.0,0,0
6031,0,0.0,0.0,0.0,0.0,0,0
6035,0,0.0,0.0,0.0,0.0,0,0
6019,0,0.0,0.0,0.0,0.0,0,0
6029,0,0.0,0.0,0.0,0.0,0,0
6021,0,0.0,0.0,0.0,0.0,0,0
6039,0,0.0,0.0,0.0,0.0,0,0
6028,0,0.0,0.0,0.0,0.0,0,0
6027,0,0.0,0.0,0.0,0.0,0,0
6036,0,0.0,0.0,0.0,0.0,0,0
6023,0,0.0,0.0,0.0,0.0,0,0
6030,0,0.0,0.0,0.0,0.0,0,0
6032,0,0.0,0.0,0.0,0.0,0,0
6038,0,0.0,0.0,0.0,0.0,0,0
6024,0,0.0,0.0,0.0,0.0,0,0
6025,0,0.0,0.0,0.0,0.0,0,0
6020,0,0.0,0.0,0.0,0.0,0,0
6026,0,0.0,0.0,0.0,0.0,0,0
6022,0,0.0,0.0,0.0,0.0,0,0
6016,0,0.0,0.0,0.0,0.0,0,0
6015,0,0.0,0.0,0.0,0.0,0,0
6017,0,0.0,0.0,0.0,0.0,0,0
5999,0,0.0,0.0,0.0,0.0,0,0
6002,0,0.0,0.0,0.0,0.0,0,0
6007,0,0.0,0.0,0.0,0.0,0,0
5994,0,0.0,0.0,0.0,0.0,0,0
5992,0,0.0,0.0,0.0,0.0,0,0
6003,0,0.0,0.0,0.0,0.0,0,0
6001,0,0.0,0.0,0.0,0.0,0,0
6009,0,0.0,0.0,0.0,0.0,0,0
5990,0,0.0,0.0,0.0,0.0,0,0
6008,0,0.0,0.0,0.0,0.0,0,0
6004,0,0.0,0.0,0.0,0.0,0,0
6011,0,0.0,0.0,0.0,0.0,0,0
5988,0,0.0,0.0,0.0,0.0,0,0
6006,0,0.0,0.0,0.0,0.0,0,0
5998,0,0.0,0.0,0.0,0.0,0,0
6000,0,0.0,0.0,0.0,0.0,0,0
5993,0,0.0,0.0,0.0,0.0,0,0
6005,0,0.0,0.0,0.0,0.0,0,0
5991,0,0.0,0.0,0.0,0.0,0,0
6014,0,0.0,0.0,0.0,0.0,0,0
6012,0,0.0,0.0,0.0,0.0,0,0
5989,0,0.0,0.0,0.0,0.0,0,0
5995,0,0.0,0.0,0.0,0.0,0,0
5987,0,0.0,0.0,0.0,0.0,0,0
6013,0,0.0,0.0,0.0,0.0,0,0
5996,0,0.0,0.0,0.0,0.0,0,0
6010,0,0.0,0.0,0.0,0.0,0,0
5997,0,0.0,0.0,0.0,0.0,0,0
5979,0,0.0,0.0,0.0,0.0,0,0
5982,0,0.0,0.0,0.0,0.0,0,0
5980,0,0.0,0.0,0.0,0.0,0,0
5984,0,0.0,0.0,0.0,0.0,0,0
5986,0,0.0,0.0,0.0,0.0,0,0
5972,0,0.0,0.0,0.0,0.0,0,0
5981,0,0.0,0.0,0.0,0.0,0,0
5974,0,0.0,0.0,0.0,0.0,0,0
5973,0,0.0,0.0,0.0,0.0,0,0
5985,0,0.0,0.0,0.0,0.0,0,0
5976,0,0.0,0.0,0.0,0.0,0,0
5983,0,0.0,0.0,0.0,0.0,0,0
5975,0,0.0,0.0,0.0,0.0,0,0
5977,0,0.0,0.0,0.0,0.0,0,0
5978,0,0.0,0.0,0.0,0.0,0,0
5971,0,0.0,0.0,0.0,0.0,0,0
5964,0,0.0,0.0,0.0,0.0,0,0
5967,0,0.0,0.0,0.0,0.0,0,0
5970,0,0.0,0.0,0.0,0.0,0,0
5952,0,0.0,0.0,0.0,0.0,0,0
5963,0,0.0,0.0,0.0,0.0,0,0
5966,0,0.0,0.0,0.0,0.0,0,0
5951,0,0.0,0.0,0.0,0.0,0,0
5962,0,0.0,0.0,0.0,0.0,0,0
5968,0,0.0,0.0,0.0,0.0,0,0
5957,0,0.0,0.0,0.0,0.0,0,0
5960,0,0.0,0.0,0.0,0.0,0,0
5953,0,0.0,0.0,0.0,0.0,0,0
5961,0,0.0,0.0,0.0,0.0,0,0
5947,0,0.0,0.0,0.0,0.0,0,0
5969,0,0.0,0.0,0.0,0.0,0,0
5965,0,0.0,0.0,0.0,0.0,0,0
5955,0,0.0,0.0,0.0,0.0,0,0
5954,0,0.0,0.0,0.0,0.0,0,0
5949,0,0.0,0.0,0.0,0.0,0,0
5950,0,0.0,0.0,0.0,0.0,0,0
5958,0,0.0,0.0,0.0,0.0,0,0
5948,0,0.0,0.0,0.0,0.0,0,0
5959,0,0.0,0.0,0.0,0.0,0,0
5956,0,0.0,0.0,0.0,0.0,0,0
5946,0,0.0,0.0,0.0,0.0,0,0
5942,0,0.0,0.0,0.0,0.0,0,0
5945,0,0.0,0.0,0.0,0.0,0,0
5944,0,0.0,0.0,0.0,0.0,0,0
5943,0,0.0,0.0,0.0,0.0,0,0
5929,0,0.0,0.0,0.0,0.0,0,0
5923,0,0.0,0.0,0.0,0.0,0,0
5933,0,0.0,0.0,0.0,0.0,0,0
5927,0,0.0,0.0,0.0,0.0,0,0
5926,0,0.0,0.0,0.0,0.0,0,0
5924,0,0.0,0.0,0.0,0.0,0,0
5934,0,0.0,0.0,0.0,0.0,0,0
5940,0,0.0,0.0,0.0,0.0,0,0
5932,0,0.0,0.0,0.0,0.0,0,0
5931,0,0.0,0.0,0.0,0.0,0,0
5937,0,0.0,0.0,0.0,0.0,0,0
5941,0,0.0,0.0,0.0,0.0,0,0
5935,0,0.0,0.0,0.0,0.0,0,0
5928,0,0.0,0.0,0.0,0.0,0,0
5939,0,0.0,0.0,0.0,0.0,0,0
5930,0,0.0,0.0,0.0,0.0,0,0
5938,0,0.0,0.0,0.0,0.0,0,0
5921,0,0.0,0.0,0.0,0.0,0,0
5922,0,0.0,0.0,0.0,0.0,0,0
5925,0,0.0,0.0,0.0,0.0,0,0
5936,0,0.0,0.0,0.0,0.0,0,0
5920,0,0.0,0.0,0.0,0.0,0,0
5913,0,0.0,0.0,0.0,0.0,0,0
5909,0,0.0,0.0,0.0,0.0,0,0
5907,0,0.0,0.0,0.0,0.0,0,0
5916,0,0.0,0.0,0.0,0.0,0,0
5910,0,0.0,0.0,0.0,0.0,0,0
5906,0,0.0,0.0,0.0,0.0,0,0
5919,0,0.0,0.0,0.0,0.0,0,0
5915,0,0.0,0.0,0.0,0.0,0,0
5908,0,0.0,0.0,0.0,0.0,0,0
5914,0,0.0,0.0,0.0,0.0,0,0
5918,0,0.0,0.0,0.0,0.0,0,0
5905,0,0.0,0.0,0.0,0.0,0,0
5917,0,0.0,0.0,0.0,0.0,0,0
5911,0,0.0,0.0,0.0,0.0,0,0
5912,0,0.0,0.0,0.0,0.0,0,0
5879,0,0.0,0.0,0.0,0.0,0,0
5883,0,0.0,0.0,0.0,0.0,0,0
5890,0,0.0,0.0,0.0,0.0,0,0
5892,0,0.0,0.0,0.0,0.0,0,0
5891,0,0.0,0.0,0.0,0.0,0,0
5882,0,0.0,0.0,0.0,0.0,0,0
5901,0,0.0,0.0,0.0,0.0,0,0
5896,0,0.0,0.0,0.0,0.0,0,0
5881,0,0.0,0.0,0.0,0.0,0,0
5903,0,0.0,0.0,0.0,0.0,0,0
5885,0,0.0,0.0,0.0,0.0,0,0
5884,0,0.0,0.0,0.0,0.0,0,0
5895,0,0.0,0.0,0.0,0.0,0,0
5888,0,0.0,0.0,0.0,0.0,0,0
5898,0,0.0,0.0,0.0,0.0,0,0
5893,0,0.0,0.0,0.0,0.0,0,0
5900,0,0.0,0.0,0.0,0.0,0,0
5878,0,0.0,0.0,0.0,0.0,0,0
5902,0,0.0,0.0,0.0,0.0,0,0
5897,0,0.0,0.0,0.0,0.0,0,0
5899,0,0.0,0.0,0.0,0.0,0,0
5889,0,0.0,0.0,0.0,0.0,0,0
5887,0,0.0,0.0,0.0,0.0,0,0
5904,0,0.0,0.0,0.0,0.0,0,0
5894,0,0.0,0.0,0.0,0.0,0,0
5886,0,0.0,0.0,0.0,0.0,0,0
5880,0,0.0,0.0,0.0,0.0,0,0
5876,0,0.0,0.0,0.0,0.0,0,0
5877,0,0.0,0.0,0.0,0.0,0,0
5875,0,0.0,0.0,0.0,0.0,0,0
5874,0,0.0,0.0,0.0,0.0,0,0
5871,0,0.0,0.0,0.0,0.0,0,0
5872,0,0.0,0.0,0.0,0.0,0,0
5873,0,0.0,0.0,0.0,0.0,0,0
5850,0,0.0,0.0,0.0,0.0,0,0
5867,0,0.0,0.0,0.0,0.0,0,0
5847,0,0.0,0.0,0.0,0.0,0,0
5835,0,0.0,0.0,0.0,0.0,0,0
5840,0,0.0,0.0,0.0,0.0,0,0
5826,0,0.0,0.0,0.0,0.0,0,0
5851,0,0.0,0.0,0.0,0.0,0,0
5857,0,0.0,0.0,0.0,0.0,0,0
5858,0,0.0,0.0,0.0,0.0,0,0
5863,0,0.0,0.0,0.0,0.0,0,0
5842,0,0.0,0.0,0.0,0.0,0,0
5828,0,0.0,0.0,0.0,0.0,0,0
5869,0,0.0,0.0,0.0,0.0,0,0
5859,0,0.0,0.0,0.0,0.0,0,0
5831,0,0.0,0.0,0.0,0.0,0,0
5844,0,0.0,0.0,0.0,0.0,0,0
5861,0,0.0,0.0,0.0,0.0,0,0
5853,0,0.0,0.0,0.0,0.0,0,0
5830,0,0.0,0.0,0.0,0.0,0,0
5866,0,0.0,0.0,0.0,0.0,0,0
5841,0,0.0,0.0,0.0,0.0,0,0
5852,0,0.0,0.0,0.0,0.0,0,0
5845,0,0.0,0.0,0.0,0.0,0,0
5843,0,0.0,0.0,0.0,0.0,0,0
5856,0,0.0,0.0,0.0,0.0,0,0
5824,0,0.0,0.0,0.0,0.0,0,0
5825,0,0.0,0.0,0.0,0.0,0,0
5827,0,0.0,0.0,0.0,0.0,0,0
5854,0,0.0,0.0,0.0,0.0,0,0
5839,0,0.0,0.0,0.0,0.0,0,0
5865,0,0.0,0.0,0.0,0.0,0,0
5848,0,0.0,0.0,0.0,0.0,0,0
5829,0,0.0,0.0,0.0,0.0,0,0
5870,0,0.0,0.0,0.0,0.0,0,0
5864,0,0.0,0.0,0.0,0.0,0,0
5846,0,0.0,0.0,0.0,0.0,0,0
5833,0,0.0,0.0,0.0,0.0,0,0
5860,0,0.0,0.0,0.0,0.0,0,0
5834,0,0.0,0.0,0.0,0.0,0,0
5832,0,0.0,0.0,0.0,0.0,0,0
5868,0,0.0,0.0,0.0,0.0,0,0
5838,0,0.0,0.0,0.0,0.0,0,0
5855,0,0.0,0.0,0.0,0.0,0,0
5836,0,0.0,0.0,0.0,0.0,0,0
5837,0,0.0,0.0,0.0,0.0,0,0
5862,0,0.0,0.0,0.0,0.0,0,0
5849,0,0.0,0.0,0.0,0.0,0,0
5823,0,0.0,0.0,0.0,0.0,0,0
5822,0,0.0,0.0,0.0,0.0,0,0
5821,0,0.0,0.0,0.0,0.0,0,0
5810,0,0.0,0.0,0.0,0.0,0,0
5812,0,0.0,0.0,0.0,0.0,0,0
5820,0,0.0,0.0,0.0,0.0,0,0
5809,0,0.0,0.0,0.0,0.0,0,0
5806,0,0.0,0.0,0.0,0.0,0,0
5807,0,0.0,0.0,0.0,0.0,0,0
5816,0,0.0,0.0,0.0,0.0,0,0
5802,0,0.0,0.0,0.0,0.0,0,0
5804,0,0.0,0.0,0.0,0.0,0,0
5803,0,0.0,0.0,0.0,0.0,0,0
5813,0,0.0,0.0,0.0,0.0,0,0
5815,0,0.0,0.0,0.0,0.0,0,0
5808,0,0.0,0.0,0.0,0.0,0,0
5805,0,0.0,0.0,0.0,0.0,0,0
5817,0,0.0,0.0,0.0,0.0,0,0
5814,0,0.0,0.0,0.0,0.0,0,0
5811,0,0.0,0.0,0.0,0.0,0,0
5819,0,0.0,0.0,0.0,0.0,0,0
5801,0,0.0,0.0,0.0,0.0,0,0
5818,0,0.0,0.0,0.0,0.0,0,0
5792,0,0.0,0.0,0.0,0.0,0,0
5799,0,0.0,0.0,0.0,0.0,0,0
5781,0,0.0,0.0,0.0,0.0,0,0
5794,0,0.0,0.0,0.0,0.0,0,0
5789,0,0.0,0.0,0.0,0.0,0,0
5785,0,0.0,0.0,0.0,0.0,0,0
5784,0,0.0,0.0,0.0,0.0,0,0
5786,0,0.0,0.0,0.0,0.0,0,0
5796,0,0.0,0.0,0.0,0.0,0,0
5782,0,0.0,0.0,0.0,0.0,0,0
5788,0,0.0,0.0,0.0,0.0,0,0
5793,0,0.0,0.0,0.0,0.0,0,0
5790,0,0.0,0.0,0.0,0.0,0,0
5800,0,0.0,0.0,0.0,0.0,0,0
5797,0,0.0,0.0,0.0,0.0,0,0
5798,0,0.0,0.0,0.0,0.0,0,0
5795,0,0.0,0.0,0.0,0.0,0,0
5783,0,0.0,0.0,0.0,0.0,0,0
5791,0,0.0,0.0,0.0,0.0,0,0
5787,0,0.0,0.0,0.0,0.0,0,0
5759,0,0.0,0.0,0.0,0.0,0,0
5774,0,0.0,0.0,0.0,0.0,0,0
5767,0,0.0,0.0,0.0,0.0,0,0
5748,0,0.0,0.0,0.0,0.0,0,0
5762,0,0.0,0.0,0.0,0.0,0,0
5747,0,0.0,0.0,0.0,0.0,0,0
5761,0,0.0,0.0,0.0,0.0,0,0
5768,0,0.0,0.0,0.0,0.0,0,0
5756,0,0.0,0.0,0.0,0.0,0,0
5776,0,0.0,0.0,0.0,0.0,0,0
5749,0,0.0,0.0,0.0,0.0,0,0
5777,0,0.0,0.0,0.0,0.0,0,0
5753,0,0.0,0.0,0.0,0.0,0,0
5754,0,0.0,0.0,0.0,0.0,0,0
5772,0,0.0,0.0,0.0,0.0,0,0
5755,0,0.0,0.0,0.0,0.0,0,0
5771,0,0.0,0.0,0.0,0.0,0,0
5779,0,0.0,0.0,0.0,0.0,0,0
5751,0,0.0,0.0,0.0,0.0,0,0
5780,0,0.0,0.0,0.0,0.0,0,0
5764,0,0.0,0.0,0.0,0.0,0,0
5757,0,0.0,0.0,0.0,0.0,0,0
5773,0,0.0,0.0,0.0,0.0,0,0
5750,0,0.0,0.0,0.0,0.0,0,0
5770,0,0.0,0.0,0.0,0.0,0,0
5763,0,0.0,0.0,0.0,0.0,0,0
5778,0,0.0,0.0,0.0,0.0,0,0
5758,0,0.0,0.0,0.0,0.0,0,0
5766,0,0.0,0.0,0.0,0.0,0,0
5765,0,0.0,0.0,0.0,0.0,0,0
5752,0,0.0,0.0,0.0,0.0,0,0
5746,0,0.0,0.0,0.0,0.0,0,0
5775,0,0.0,0.0,0.0,0.0,0,0
5769,0,0.0,0.0,0.0,0.0,0,0
5760,0,0.0,0.0,0.0,0.0,0,0
5740,0,0.0,0.0,0.0,0.0,0,0
5731,0,0.0,0.0,0.0,0.0,0,0
5729,0,0.0,0.0,0.0,0.0,0,0
5737,0,0.0,0.0,0.0,0.0,0,0
5739,0,0.0,0.0,0.0,0.0,0,0
5718,0,0.0,0.0,0.0,0.0,0,0
5741,0,0.0,0.0,0.0,0.0,0,0
5732,0,0.0,0.0,0.0,0.0,0,0
5723,0,0.0,0.0,0.0,0.0,0,0
5738,0,0.0,0.0,0.0,0.0,0,0
5745,0,0.0,0.0,0.0,0.0,0,0
5721,0,0.0,0.0,0.0,0.0,0,0
5744,0,0.0,0.0,0.0,0.0,0,0
5722,0,0.0,0.0,0.0,0.0,0,0
5724,0,0.0,0.0,0.0,0.0,0,0
5726,0,0.0,0.0,0.0,0.0,0,0
5733,0,0.0,0.0,0.0,0.0,0,0
5720,0,0.0,0.0,0.0,0.0,0,0
5719,0,0.0,0.0,0.0,0.0,0,0
5742,0,0.0,0.0,0.0,0.0,0,0
5735,0,0.0,0.0,0.0,0.0,0,0
5734,0,0.0,0.0,0.0,0.0,0,0
5727,0,0.0,0.0,0.0,0.0,0,0
5730,0,0.0,0.0,0.0,0.0,0,0
5725,0,0.0,0.0,0.0,0.0,0,0
5736,0,0.0,0.0,0.0,0.0,0,0
5728,0,0.0,0.0,0.0,0.0,0,0
5743,0,0.0,0.0,0.0,0.0,0,0
5700,0,0.0,0.0,0.0,0.0,0,0
5698,0,0.0,0.0,0.0,0.0,0,0
5697,0,0.0,0.0,0.0,0.0,0,0
5713,0,0.0,0.0,0.0,0.0,0,0
5702,0,0.0,0.0,0.0,0.0,0,0
5708,0,0.0,0.0,0.0,0.0,0,0
5706,0,0.0,0.0,0.0,0.0,0,0
5711,0,0.0,0.0,0.0,0.0,0,0
5709,0,0.0,0.0,0.0,0.0,0,0
5715,0,0.0,0.0,0.0,0.0,0,0
5703,0,0.0,0.0,0.0,0.0,0,0
5705,0,0.0,0.0,0.0,0.0,0,0
5699,0,0.0,0.0,0.0,0.0,0,0
5701,0,0.0,0.0,0.0,0.0,0,0
5696,0,0.0,0.0,0.0,0.0,0,0
5717,0,0.0,0.0,0.0,0.0,0,0
5712,0,0.0,0.0,0.0,0.0,0,0
5716,0,0.0,0.0,0.0,0.0,0,0
5707,0,0.0,0.0,0.0,0.0,0,0
5704,0,0.0,0.0,0.0,0.0,0,0
5714,0,0.0,0.0,0.0,0.0,0,0
5710,0,0.0,0.0,0.0,0.0,0,0
5654,0,0.0,0.0,0.0,0.0,0,0
5658,0,0.0,0.0,0.0,0.0,0,0
5647,0,0.0,0.0,0.0,0.0,0,0
5675,0,0.0,0.0,0.0,0.0,0,0
5676,0,0.0,0.0,0.0,0.0,0,0
5648,0,0.0,0.0,0.0,0.0,0,0
5645,0,0.0,0.0,0.0,0.0,0,0
5660,0,0.0,0.0,0.0,0.0,0,0
5693,0,0.0,0.0,0.0,0.0,0,0
5670,0,0.0,0.0,0.0,0.0,0,0
5694,0,0.0,0.0,0.0,0.0,0,0
5692,0,0.0,0.0,0.0,0.0,0,0
5655,0,0.0,0.0,0.0,0.0,0,0
5681,0,0.0,0.0,0.0,0.0,0,0
5677,0,0.0,0.0,0.0,0.0,0,0
5689,0,0.0,0.0,0.0,0.0,0,0
5665,0,0.0,0.0,0.0,0.0,0,0
5662,0,0.0,0.0,0.0,0.0,0,0
5683,0,0.0,0.0,0.0,0.0,0,0
5656,0,0.0,0.0,0.0,0.0,0,0
5684,0,0.0,0.0,0.0,0.0,0,0
5666,0,0.0,0.0,0.0,0.0,0,0
5667,0,0.0,0.0,0.0,0.0,0,0
5690,0,0.0,0.0,0.0,0.0,0,0
5687,0,0.0,0.0,0.0,0.0,0,0
5651,0,0.0,0.0,0.0,0.0,0,0
5669,0,0.0,0.0,0.0,0.0,0,0
5653,0,0.0,0.0,0.0,0.0,0,0
5671,0,0.0,0.0,0.0,0.0,0,0
5643,0,0.0,0.0,0.0,0.0,0,0
5644,0,0.0,0.0,0.0,0.0,0,0
5673,0,0.0,0.0,0.0,0.0,0,0
5691,0,0.0,0.0,0.0,0.0,0,0
5657,0,0.0,0.0,0.0,0.0,0,0
5678,0,0.0,0.0,0.0,0.0,0,0
5685,0,0.0,0.0,0.0,0.0,0,0
5688,0,0.0,0.0,0.0,0.0,0,0
5663,0,0.0,0.0,0.0,0.0,0,0
5674,0,0.0,0.0,0.0,0.0,0,0
5686,0,0.0,0.0,0.0,0.0,0,0
5679,0,0.0,0.0,0.0,0.0,0,0
5682,0,0.0,0.0,0.0,0.0,0,0
5646,0,0.0,0.0,0.0,0.0,0,0
5649,0,0.0,0.0,0.0,0.0,0,0
5680,0,0.0,0.0,0.0,0.0,0,0
5668,0,0.0,0.0,0.0,0.0,0,0
5672,0,0.0,0.0,0.0,0.0,0,0
5661,0,0.0,0.0,0.0,0.0,0,0
5659,0,0.0,0.0,0.0,0.0,0,0
5664,0,0.0,0.0,0.0,0.0,0,0
5652,0,0.0,0.0,0.0,0.0,0,0
5650,0,0.0,0.0,0.0,0.0,0,0
5695,0,0.0,0.0,0.0,0.0,0,0
5642,0,0.0,0.0,0.0,0.0,0,0
5640,0,0.0,0.0,0.0,0.0,0,0
5641,0,0.0,0.0,0.0,0.0,0,0
5621,0,0.0,0.0,0.0,0.0,0,0
5624,0,0.0,0.0,0.0,0.0,0,0
5620,0,0.0,0.0,0.0,0.0,0,0
5631,0,0.0,0.0,0.0,0.0,0,0
5634,0,0.0,0.0,0.0,0.0,0,0
5625,0,0.0,0.0,0.0,0.0,0,0
5627,0,0.0,0.0,0.0,0.0,0,0
5637,0,0.0,0.0,0.0,0.0,0,0
5626,0,0.0,0.0,0.0,0.0,0,0
5636,0,0.0,0.0,0.0,0.0,0,0
5638,0,0.0,0.0,0.0,0.0,0,0
5623,0,0.0,0.0,0.0,0.0,0,0
5633,0,0.0,0.0,0.0,0.0,0,0
5629,0,0.0,0.0,0.0,0.0,0,0
5639,0,0.0,0.0,0.0,0.0,0,0
5622,0,0.0,0.0,0.0,0.0,0,0
5635,0,0.0,0.0,0.0,0.0,0,0
5632,0,0.0,0.0,0.0,0.0,0,0
5630,0,0.0,0.0,0.0,0.0,0,0
5628,0,0.0,0.0,0.0,0.0,0,0
5600,0,0.0,0.0,0.0,0.0,0,0
5605,0,0.0,0.0,0.0,0.0,0,0
5614,0,0.0,0.0,0.0,0.0,0,0
5603,0,0.0,0.0,0.0,0.0,0,0
5618,0,0.0,0.0,0.0,0.0,0,0
5606,0,0.0,0.0,0.0,0.0,0,0
5612,0,0.0,0.0,0.0,0.0,0,0
5598,0,0.0,0.0,0.0,0.0,0,0
5610,0,0.0,0.0,0.0,0.0,0,0
5602,0,0.0,0.0,0.0,0.0,0,0
5601,0,0.0,0.0,0.0,0.0,0,0
5609,0,0.0,0.0,0.0,0.0,0,0
5619,0,0.0,0.0,0.0,0.0,0,0
5617,0,0.0,0.0,0.0,0.0,0,0
5615,0,0.0,0.0,0.0,0.0,0,0
5616,0,0.0,0.0,0.0,0.0,0,0
5599,0,0.0,0.0,0.0,0.0,0,0
5613,0,0.0,0.0,0.0,0.0,0,0
5608,0,0.0,0.0,0.0,0.0,0,0
5604,0,0.0,0.0,0.0,0.0,0,0
5611,0,0.0,0.0,0.0,0.0,0,0
5607,0,0.0,0.0,0.0,0.0,0,0
5582,0,0.0,0.0,0.0,0.0,0,0
5566,0,0.0,0.0,0.0,0.0,0,0
5567,0,0.0,0.0,0.0,0.0,0,0
5563,0,0.0,0.0,0.0,0.0,0,0
5584,0,0.0,0.0,0.0,0.0,0,0
5568,0,0.0,0.0,0.0,0.0,0,0
5580,0,0.0,0.0,0.0,0.0,0,0
5550,0,0.0,0.0,0.0,0.0,0,0
5558,0,0.0,0.0,0.0,0.0,0,0
5590,0,0.0,0.0,0.0,0.0,0,0
5593,0,0.0,0.0,0.0,0.0,0,0
5560,0,0.0,0.0,0.0,0.0,0,0
5578,0,0.0,0.0,0.0,0.0,0,0
5595,0,0.0,0.0,0.0,0.0,0,0
5579,0,0.0,0.0,0.0,0.0,0,0
5574,0,0.0,0.0,0.0,0.0,0,0
5571,0,0.0,0.0,0.0,0.0,0,0
5570,0,0.0,0.0,0.0,0.0,0,0
5552,0,0.0,0.0,0.0,0.0,0,0
5577,0,0.0,0.0,0.0,0.0,0,0
5565,0,0.0,0.0,0.0,0.0,0,0
5572,0,0.0,0.0,0.0,0.0,0,0
5555,0,0.0,0.0,0.0,0.0,0,0
5556,0,0.0,0.0,0.0,0.0,0,0
5575,0,0.0,0.0,0.0,0.0,0,0
5553,0,0.0,0.0,0.0,0.0,0,0
5591,0,0.0,0.0,0.0,0.0,0,0
5548,0,0.0,0.0,0.0,0.0,0,0
5569,0,0.0,0.0,0.0,0.0,0,0
5583,0,0.0,0.0,0.0,0.0,0,0
5587,0,0.0,0.0,0.0,0.0,0,0
5549,0,0.0,0.0,0.0,0.0,0,0
5551,0,0.0,0.0,0.0,0.0,0,0
5554,0,0.0,0.0,0.0,0.0,0,0
5597,0,0.0,0.0,0.0,0.0,0,0
5562,0,0.0,0.0,0.0,0.0,0,0
5576,0,0.0,0.0,0.0,0.0,0,0
5564,0,0.0,0.0,0.0,0.0,0,0
5561,0,0.0,0.0,0.0,0.0,0,0
5592,0,0.0,0.0,0.0,0.0,0,0
5573,0,0.0,0.0,0.0,0.0,0,0
5596,0,0.0,0.0,0.0,0.0,0,0
5589,0,0.0,0.0,0.0,0.0,0,0
5559,0,0.0,0.0,0.0,0.0,0,0
5586,0,0.0,0.0,0.0,0.0,0,0
5585,0,0.0,0.0,0.0,0.0,0,0
5581,0,0.0,0.0,0.0,0.0,0,0
5594,0,0.0,0.0,0.0,0.0,0,0
5588,0,0.0,0.0,0.0,0.0,0,0
5557,0,0.0,0.0,0.0,0.0,0,0
5544,0,0.0,0.0,0.0,0.0,0,0
5543,0,0.0,0.0,0.0,0.0,0,0
5546,0,0.0,0.0,0.0,0.0,0,0
5547,0,0.0,0.0,0.0,0.0,0,0
5541,0,0.0,0.0,0.0,0.0,0,0
5542,0,0.0,0.0,0.0,0.0,0,0
5545,0,0.0,0.0,0.0,0.0,0,0
5521,0,0.0,0.0,0.0,0.0,0,0
5529,0,0.0,0.0,0.0,0.0,0,0
5523,0,0.0,0.0,0.0,0.0,0,0
5533,0,0.0,0.0,0.0,0.0,0,0
5526,0,0.0,0.0,0.0,0.0,0,0
5524,0,0.0,0.0,0.0,0.0,0,0
5537,0,0.0,0.0,0.0,0.0,0,0
5532,0,0.0,0.0,0.0,0.0,0,0
5522,0,0.0,0.0,0.0,0.0,0,0
5525,0,0.0,0.0,0.0,0.0,0,0
5540,0,0.0,0.0,0.0,0.0,0,0
5531,0,0.0,0.0,0.0,0.0,0,0
5535,0,0.0,0.0,0.0,0.0,0,0
5534,0,0.0,0.0,0.0,0.0,0,0
5539,0,0.0,0.0,0.0,0.0,0,0
5538,0,0.0,0.0,0.0,0.0,0,0
5536,0,0.0,0.0,0.0,0.0,0,0
5530,0,0.0,0.0,0.0,0.0,0,0
5527,0,0.0,0.0,0.0,0.0,0,0
5528,0,0.0,0.0,0.0,0.0,0,0
5518,0,0.0,0.0,0.0,0.0,0,0
5519,0,0.0,0.0,0.0,0.0,0,0
5520,0,0.0,0.0,0.0,0.0,0,0
5496,0,0.0,0.0,0.0,0.0,0,0
5502,0,0.0,0.0,0.0,0.0,0,0
5497,0,0.0,0.0,0.0,0.0,0,0
5506,0,0.0,0.0,0.0,0.0,0,0
5501,0,0.0,0.0,0.0,0.0,0,0
5514,0,0.0,0.0,0.0,0.0,0,0
5490,0,0.0,0.0,0.0,0.0,0,0
5510,0,0.0,0.0,0.0,0.0,0,0
5498,0,0.0,0.0,0.0,0.0,0,0
5493,0,0.0,0.0,0.0,0.0,0,0
5512,0,0.0,0.0,0.0,0.0,0,0
5511,0,0.0,0.0,0.0,0.0,0,0
5492,0,0.0,0.0,0.0,0.0,0,0
5516,0,0.0,0.0,0.0,0.0,0,0
5500,0,0.0,0.0,0.0,0.0,0,0
5508,0,0.0,0.0,0.0,0.0,0,0
5499,0,0.0,0.0,0.0,0.0,0,0
5494,0,0.0,0.0,0.0,0.0,0,0
5495,0,0.0,0.0,0.0,0.0,0,0
5505,0,0.0,0.0,0.0,0.0,0,0
5513,0,0.0,0.0,0.0,0.0,0,0
5507,0,0.0,0.0,0.0,0.0,0,0
5517,0,0.0,0.0,0.0,0.0,0,0
5515,0,0.0,0.0,0.0,0.0,0,0
5503,0,0.0,0.0,0.0,0.0,0,0
5509,0,0.0,0.0,0.0,0.0,0,0
5504,0,0.0,0.0,0.0,0.0,0,0
5491,0,0.0,0.0,0.0,0.0,0,0
5482,0,0.0,0.0,0.0,0.0,0,0
5479,0,0.0,0.0,0.0,0.0,0,0
5474,0,0.0,0.0,0.0,0.0,0,0
5476,0,0.0,0.0,0.0,0.0,0,0
5477,0,0.0,0.0,0.0,0.0,0,0
5488,0,0.0,0.0,0.0,0.0,0,0
5487,0,0.0,0.0,0.0,0.0,0,0
5485,0,0.0,0.0,0.0,0.0,0,0
5475,0,0.0,0.0,0.0,0.0,0,0
5480,0,0.0,0.0,0.0,0.0,0,0
5478,0,0.0,0.0,0.0,0.0,0,0
5483,0,0.0,0.0,0.0,0.0,0,0
5489,0,0.0,0.0,0.0,0.0,0,0
5473,0,0.0,0.0,0.0,0.0,0,0
5481,0,0.0,0.0,0.0,0.0,0,0
5484,0,0.0,0.0,0.0,0.0,0,0
5486,0,0.0,0.0,0.0,0.0,0,0
5471,0,0.0,0.0,0.0,0.0,0,0
5462,0,0.0,0.0,0.0,0.0,0,0
5466,0,0.0,0.0,0.0,0.0,0,0
5464,0,0.0,0.0,0.0,0.0,0,0
5457,0,0.0,0.0,0.0,0.0,0,0
5453,0,0.0,0.0,0.0,0.0,0,0
5461,0,0.0,0.0,0.0,0.0,0,0
5465,0,0.0,0.0,0.0,0.0,0,0
5458,0,0.0,0.0,0.0,0.0,0,0
5472,0,0.0,0.0,0.0,0.0,0,0
5463,0,0.0,0.0,0.0,0.0,0,0
5451,0,0.0,0.0,0.0,0.0,0,0
5456,0,0.0,0.0,0.0,0.0,0,0
5450,0,0.0,0.0,0.0,0.0,0,0
5459,0,0.0,0.0,0.0,0.0,0,0
5460,0,0.0,0.0,0.0,0.0,0,0
5468,0,0.0,0.0,0.0,0.0,0,0
5455,0,0.0,0.0,0.0,0.0,0,0
5467,0,0.0,0.0,0.0,0.0,0,0
5452,0,0.0,0.0,0.0,0.0,0,0
5448,0,0.0,0.0,0.0,0.0,0,0
5447,0,0.0,0.0,0.0,0.0,0,0
5469,0,0.0,0.0,0.0,0.0,0,0
5449,0,0.0,0.0,0.0,0.0,0,0
5454,0,0.0,0.0,0.0,0.0,0,0
5470,0,0.0,0.0,0.0,0.0,0,0
5443,0,0.0,0.0,0.0,0.0,0,0
5444,0,0.0,0.0,0.0,0.0,0,0
5446,0,0.0,0.0,0.0,0.0,0,0
5442,0,0.0,0.0,0.0,0.0,0,0
5445,0,0.0,0.0,0.0,0.0,0,0
5432,0,0.0,0.0,0.0,0.0,0,0
5433,0,0.0,0.0,0.0,0.0,0,0
5427,0,0.0,0.0,0.0,0.0,0,0
5434,0,0.0,0.0,0.0,0.0,0,0
5441,0,0.0,0.0,0.0,0.0,0,0
5426,0,0.0,0.0,0.0,0.0,0,0
5435,0,0.0,0.0,0.0,0.0,0,0
5436,0,0.0,0.0,0.0,0.0,0,0
5440,0,0.0,0.0,0.0,0.0,0,0
5429,0,0.0,0.0,0.0,0.0,0,0
5437,0,0.0,0.0,0.0,0.0,0,0
5425,0,0.0,0.0,0.0,0.0,0,0
5430,0,0.0,0.0,0.0,0.0,0,0
5438,0,0.0,0.0,0.0,0.0,0,0
5428,0,0.0,0.0,0.0,0.0,0,0
5431,0,0.0,0.0,0.0,0.0,0,0
5439,0,0.0,0.0,0.0,0.0,0,0
5424,0,0.0,0.0,0.0,0.0,0,0
5413,0,0.0,0.0,0.0,0.0,0,0
5416,0,0.0,0.0,0.0,0.0,0,0
5409,0,0.0,0.0,0.0,0.0,0,0
5414,0,0.0,0.0,0.0,0.0,0,0
5404,0,0.0,0.0,0.0,0.0,0,0
5405,0,0.0,0.0,0.0,0.0,0,0
5410,0,0.0,0.0,0.0,0.0,0,0
5420,0,0.0,0.0,0.0,0.0,0,0
5403,0,0.0,0.0,0.0,0.0,0,0
5402,0,0.0,0.0,0.0,0.0,0,0
5423,0,0.0,0.0,0.0,0.0,0,0
5422,0,0.0,0.0,0.0,0.0,0,0
5415,0,0.0,0.0,0.0,0.0,0,0
5408,0,0.0,0.0,0.0,0.0,0,0
5412,0,0.0,0.0,0.0,0.0,0,0
5407,0,0.0,0.0,0.0,0.0,0,0
5421,0,0.0,0.0,0.0,0.0,0,0
5417,0,0.0,0.0,0.0,0.0,0,0
5418,0,0.0,0.0,0.0,0.0,0,0
5406,0,0.0,0.0,0.0,0.0,0,0
5419,0,0.0,0.0,0.0,0.0,0,0
5411,0,0.0,0.0,0.0,0.0,0,0
5397,0,0.0,0.0,0.0,0.0,0,0
5398,0,0.0,0.0,0.0,0.0,0,0
5399,0,0.0,0.0,0.0,0.0,0,0
5400,0,0.0,0.0,0.0,0.0,0,0
5396,0,0.0,0.0,0.0,0.0,0,0
5401,0,0.0,0.0,0.0,0.0,0,0
5395,0,0.0,0.0,0.0,0.0,0,0
5394,0,0.0,0.0,0.0,0.0,0,0
5393,0,0.0,0.0,0.0,0.0,0,0
5362,0,0.0,0.0,0.0,0.0,0,0
5367,0,0.0,0.0,0.0,0.0,0,0
5366,0,0.0,0.0,0.0,0.0,0,0
5375,0,0.0,0.0,0.0,0.0,0,0
5330,0,0.0,0.0,0.0,0.0,0,0
5380,0,0.0,0.0,0.0,0.0,0,0
5382,0,0.0,0.0,0.0,0.0,0,0
5356,0,0.0,0.0,0.0,0.0,0,0
5353,0,0.0,0.0,0.0,0.0,0,0
5358,0,0.0,0.0,0.0,0.0,0,0
5360,0,0.0,0.0,0.0,0.0,0,0
5386,0,0.0,0.0,0.0,0.0,0,0
5327,0,0.0,0.0,0.0,0.0,0,0
5324,0,0.0,0.0,0.0,0.0,0,0
5364,0,0.0,0.0,0.0,0.0,0,0
5372,0,0.0,0.0,0.0,0.0,0,0
5328,0,0.0,0.0,0.0,0.0,0,0
5389,0,0.0,0.0,0.0,0.0,0,0
5368,0,0.0,0.0,0.0,0.0,0,0
5363,0,0.0,0.0,0.0,0.0,0,0
5325,0,0.0,0.0,0.0,0.0,0,0
5371,0,0.0,0.0,0.0,0.0,0,0
5331,0,0.0,0.0,0.0,0.0,0,0
5338,0,0.0,0.0,0.0,0.0,0,0
5390,0,0.0,0.0,0.0,0.0,0,0
5343,0,0.0,0.0,0.0,0.0,0,0
5346,0,0.0,0.0,0.0,0.0,0,0
5349,0,0.0,0.0,0.0,0.0,0,0
5323,0,0.0,0.0,0.0,0.0,0,0
5391,0,0.0,0.0,0.0,0.0,0,0
5340,0,0.0,0.0,0.0,0.0,0,0
5350,0,0.0,0.0,0.0,0.0,0,0
5373,0,0.0,0.0,0.0,0.0,0,0
5355,0,0.0,0.0,0.0,0.0,0,0
5388,0,0.0,0.0,0.0,0.0,0,0
5341,0,0.0,0.0,0.0,0.0,0,0
5378,0,0.0,0.0,0.0,0.0,0,0
5385,0,0.0,0.0,0.0,0.0,0,0
5374,0,0.0,0.0,0.0,0.0,0,0
5326,0,0.0,0.0,0.0,0.0,0,0
5365,0,0.0,0.0,0.0,0.0,0,0
5383,0,0.0,0.0,0.0,0.0,0,0
5339,0,0.0,0.0,0.0,0.0,0,0
5357,0,0.0,0.0,0.0,0.0,0,0
5376,0,0.0,0.0,0.0,0.0,0,0
5329,0,0.0,0.0,0.0,0.0,0,0
5377,0,0.0,0.0,0.0,0.0,0,0
5332,0,0.0,0.0,0.0,0.0,0,0
5384,0,0.0,0.0,0.0,0.0,0,0
5345,0,0.0,0.0,0.0,0.0,0,0
5352,0,0.0,0.0,0.0,0.0,0,0
5354,0,0.0,0.0,0.0,0.0,0,0
5379,0,0.0,0.0,0.0,0.0,0,0
5387,0,0.0,0.0,0.0,0.0,0,0
5392,0,0.0,0.0,0.0,0.0,0,0
5334,0,0.0,0.0,0.0,0.0,0,0
5344,0,0.0,0.0,0.0,0.0,0,0
5370,0,0.0,0.0,0.0,0.0,0,0
5336,0,0.0,0.0,0.0,0.0,0,0
5381,0,0.0,0.0,0.0,0.0,0,0
5369,0,0.0,0.0,0.0,0.0,0,0
5347,0,0.0,0.0,0.0,0.0,0,0
5359,0,0.0,0.0,0.0,0.0,0,0
5342,0,0.0,0.0,0.0,0.0,0,0
5351,0,0.0,0.0,0.0,0.0,0,0
5335,0,0.0,0.0,0.0,0.0,0,0
5361,0,0.0,0.0,0.0,0.0,0,0
5337,0,0.0,0.0,0.0,0.0,0,0
5333,0,0.0,0.0,0.0,0.0,0,0
5348,0,0.0,0.0,0.0,0.0,0,0
5310,0,0.0,0.0,0.0,0.0,0,0
5306,0,0.0,0.0,0.0,0.0,0,0
5317,0,0.0,0.0,0.0,0.0,0,0
5314,0,0.0,0.0,0.0,0.0,0,0
5318,0,0.0,0.0,0.0,0.0,0,0
5322,0,0.0,0.0,0.0,0.0,0,0
5319,0,0.0,0.0,0.0,0.0,0,0
5321,0,0.0,0.0,0.0,0.0,0,0
5311,0,0.0,0.0,0.0,0.0,0,0
5320,0,0.0,0.0,0.0,0.0,0,0
5315,0,0.0,0.0,0.0,0.0,0,0
5313,0,0.0,0.0,0.0,0.0,0,0
5312,0,0.0,0.0,0.0,0.0,0,0
5308,0,0.0,0.0,0.0,0.0,0,0
5309,0,0.0,0.0,0.0,0.0,0,0
5316,0,0.0,0.0,0.0,0.0,0,0
5307,0,0.0,0.0,0.0,0.0,0,0
5273,0,0.0,0.0,0.0,0.0,0,0
5293,0,0.0,0.0,0.0,0.0,0,0
5297,0,0.0,0.0,0.0,0.0,0,0
5305,0,0.0,0.0,0.0,0.0,0,0
5287,0,0.0,0.0,0.0,0.0,0,0
5300,0,0.0,0.0,0.0,0.0,0,0
5294,0,0.0,0.0,0.0,0.0,0,0
5274,0,0.0,0.0,0.0,0.0,0,0
5291,0,0.0,0.0,0.0,0.0,0,0
5286,0,0.0,0.0,0.0,0.0,0,0
5280,0,0.0,0.0,0.0,0.0,0,0
5299,0,0.0,0.0,0.0,0.0,0,0
5302,0,0.0,0.0,0.0,0.0,0,0
5288,0,0.0,0.0,0.0,0.0,0,0
5284,0,0.0,0.0,0.0,0.0,0,0
5278,0,0.0,0.0,0.0,0.0,0,0
5296,0,0.0,0.0,0.0,0.0,0,0
5279,0,0.0,0.0,0.0,0.0,0,0
5295,0,0.0,0.0,0.0,0.0,0,0
5275,0,0.0,0.0,0.0,0.0,0,0
5283,0,0.0,0.0,0.0,0.0,0,0
5281,0,0.0,0.0,0.0,0.0,0,0
5276,0,0.0,0.0,0.0,0.0,0,0
5304,0,0.0,0.0,0.0,0.0,0,0
5290,0,0.0,0.0,0.0,0.0,0,0
5285,0,0.0,0.0,0.0,0.0,0,0
5277,0,0.0,0.0,0.0,0.0,0,0
5289,0,0.0,0.0,0.0,0.0,0,0
5282,0,0.0,0.0,0.0,0.0,0,0
5301,0,0.0,0.0,0.0,0.0,0,0
5303,0,0.0,0.0,0.0,0.0,0,0
5292,0,0.0,0.0,0.0,0.0,0,0
5298,0,0.0,0.0,0.0,0.0,0,0
5259,0,0.0,0.0,0.0,0.0,0,0
5262,0,0.0,0.0,0.0,0.0,0,0
5267,0,0.0,0.0,0.0,0.0,0,0
5265,0,0.0,0.0,0.0,0.0,0,0
5261,0,0.0,0.0,0.0,0.0,0,0
5272,0,0.0,0.0,0.0,0.0,0,0
5264,0,0.0,0.0,0.0,0.0,0,0
5271,0,0.0,0.0,0.0,0.0,0,0
5269,0,0.0,0.0,0.0,0.0,0,0
5263,0,0.0,0.0,0.0,0.0,0,0
5268,0,0.0,0.0,0.0,0.0,0,0
5270,0,0.0,0.0,0.0,0.0,0,0
5260,0,0.0,0.0,0.0,0.0,0,0
5266,0,0.0,0.0,0.0,0.0,0,0
5247,0,0.0,0.0,0.0,0.0,0,0
5250,0,0.0,0.0,0.0,0.0,0,0
5237,0,0.0,0.0,0.0,0.0,0,0
5239,0,0.0,0.0,0.0,0.0,0,0
5258,0,0.0,0.0,0.0,0.0,0,0
5240,0,0.0,0.0,0.0,0.0,0,0
5256,0,0.0,0.0,0.0,0.0,0,0
5257,0,0.0,0.0,0.0,0.0,0,0
5245,0,0.0,0.0,0.0,0.0,0,0
5244,0,0.0,0.0,0.0,0.0,0,0
5248,0,0.0,0.0,0.0,0.0,0,0
5255,0,0.0,0.0,0.0,0.0,0,0
5246,0,0.0,0.0,0.0,0.0,0,0
5254,0,0.0,0.0,0.0,0.0,0,0
5241,0,0.0,0.0,0.0,0.0,0,0
5243,0,0.0,0.0,0.0,0.0,0,0
5242,0,0.0,0.0,0.0,0.0,0,0
5251,0,0.0,0.0,0.0,0.0,0,0
5236,0,0.0,0.0,0.0,0.0,0,0
5253,0,0.0,0.0,0.0,0.0,0,0
5238,0,0.0,0.0,0.0,0.0,0,0
5252,0,0.0,0.0,0.0,0.0,0,0
5249,0,0.0,0.0,0.0,0.0,0,0
5227,0,0.0,0.0,0.0,0.0,0,0
5232,0,0.0,0.0,0.0,0.0,0,0
5226,0,0.0,0.0,0.0,0.0,0,0
5230,0,0.0,0.0,0.0,0.0,0,0
5231,0,0.0,0.0,0.0,0.0,0,0
5233,0,0.0,0.0,0.0,0.0,0,0
5234,0,0.0,0.0,0.0,0.0,0,0
5229,0,0.0,0.0,0.0,0.0,0,0
5235,0,0.0,0.0,0.0,0.0,0,0
5228,0,0.0,0.0,0.0,0.0,0,0
5223,0,0.0,0.0,0.0,0.0,0,0
5219,0,0.0,0.0,0.0,0.0,0,0
5222,0,0.0,0.0,0.0,0.0,0,0
5220,0,0.0,0.0,0.0,0.0,0,0
5224,0,0.0,0.0,0.0,0.0,0,0
5225,0,0.0,0.0,0.0,0.0,0,0
5221,0,0.0,0.0,0.0,0.0,0,0
5202,0,0.0,0.0,0.0,0.0,0,0
5174,0,0.0,0.0,0.0,0.0,0,0
5218,0,0.0,0.0,0.0,0.0,0,0
5195,0,0.0,0.0,0.0,0.0,0,0
5198,0,0.0,0.0,0.0,0.0,0,0
5191,0,0.0,0.0,0.0,0.0,0,0
5217,0,0.0,0.0,0.0,0.0,0,0
5209,0,0.0,0.0,0.0,0.0,0,0
5203,0,0.0,0.0,0.0,0.0,0,0
5183,0,0.0,0.0,0.0,0.0,0,0
5185,0,0.0,0.0,0.0,0.0,0,0
5184,0,0.0,0.0,0.0,0.0,0,0
5213,0,0.0,0.0,0.0,0.0,0,0
5196,0,0.0,0.0,0.0,0.0,0,0
5206,0,0.0,0.0,0.0,0.0,0,0
5212,0,0.0,0.0,0.0,0.0,0,0
5190,0,0.0,0.0,0.0,0.0,0,0
5204,0,0.0,0.0,0.0,0.0,0,0
5216,0,0.0,0.0,0.0,0.0,0,0
5188,0,0.0,0.0,0.0,0.0,0,0
5193,0,0.0,0.0,0.0,0.0,0,0
5205,0,0.0,0.0,0.0,0.0,0,0
5194,0,0.0,0.0,0.0,0.0,0,0
5192,0,0.0,0.0,0.0,0.0,0,0
5180,0,0.0,0.0,0.0,0.0,0,0
5199,0,0.0,0.0,0.0,0.0,0,0
5197,0,0.0,0.0,0.0,0.0,0,0
5207,0,0.0,0.0,0.0,0.0,0,0
5181,0,0.0,0.0,0.0,0.0,0,0
5208,0,0.0,0.0,0.0,0.0,0,0
5176,0,0.0,0.0,0.0,0.0,0,0
5186,0,0.0,0.0,0.0,0.0,0,0
5200,0,0.0,0.0,0.0,0.0,0,0
5182,0,0.0,0.0,0.0,0.0,0,0
5187,0,0.0,0.0,0.0,0.0,0,0
5178,0,0.0,0.0,0.0,0.0,0,0
5211,0,0.0,0.0,0.0,0.0,0,0
5179,0,0.0,0.0,0.0,0.0,0,0
5210,0,0.0,0.0,0.0,0.0,0,0
5175,0,0.0,0.0,0.0,0.0,0,0
5177,0,0.0,0.0,0.0,0.0,0,0
5215,0,0.0,0.0,0.0,0.0,0,0
5201,0,0.0,0.0,0.0,0.0,0,0
5189,0,0.0,0.0,0.0,0.0,0,0
5214,0,0.0,0.0,0.0,0.0,0,0
5171,0,0.0,0.0,0.0,0.0,0,0
5173,0,0.0,0.0,0.0,0.0,0,0
5168,0,0.0,0.0,0.0,0.0,0,0
5172,0,0.0,0.0,0.0,0.0,0,0
5167,0,0.0,0.0,0.0,0.0,0,0
5170,0,0.0,0.0,0.0,0.0,0,0
5169,0,0.0,0.0,0.0,0.0,0,0
5125,0,0.0,0.0,0.0,0.0,0,0
5145,0,0.0,0.0,0.0,0.0,0,0
5146,0,0.0,0.0,0.0,0.0,0,0
5155,0,0.0,0.0,0.0,0.0,0,0
5136,0,0.0,0.0,0.0,0.0,0,0
5151,0,0.0,0.0,0.0,0.0,0,0
5135,0,0.0,0.0,0.0,0.0,0,0
5160,0,0.0,0.0,0.0,0.0,0,0
5130,0,0.0,0.0,0.0,0.0,0,0
5141,0,0.0,0.0,0.0,0.0,0,0
5133,0,0.0,0.0,0.0,0.0,0,0
5148,0,0.0,0.0,0.0,0.0,0,0
5124,0,0.0,0.0,0.0,0.0,0,0
5127,0,0.0,0.0,0.0,0.0,0,0
5143,0,0.0,0.0,0.0,0.0,0,0
5138,0,0.0,0.0,0.0,0.0,0,0
5154,0,0.0,0.0,0.0,0.0,0,0
5147,0,0.0,0.0,0.0,0.0,0,0
5149,0,0.0,0.0,0.0,0.0,0,0
5162,0,0.0,0.0,0.0,0.0,0,0
5166,0,0.0,0.0,0.0,0.0,0,0
5159,0,0.0,0.0,0.0,0.0,0,0
5157,0,0.0,0.0,0.0,0.0,0,0
5150,0,0.0,0.0,0.0,0.0,0,0
5122,0,0.0,0.0,0.0,0.0,0,0
5131,0,0.0,0.0,0.0,0.0,0,0
5137,0,0.0,0.0,0.0,0.0,0,0
5161,0,0.0,0.0,0.0,0.0,0,0
5165,0,0.0,0.0,0.0,0.0,0,0
5140,0,0.0,0.0,0.0,0.0,0,0
5158,0,0.0,0.0,0.0,0.0,0,0
5156,0,0.0,0.0,0.0,0.0,0,0
5128,0,0.0,0.0,0.0,0.0,0,0
5129,0,0.0,0.0,0.0,0.0,0,0
5139,0,0.0,0.0,0.0,0.0,0,0
5144,0,0.0,0.0,0.0,0.0,0,0
5163,0,0.0,0.0,0.0,0.0,0,0
5153,0,0.0,0.0,0.0,0.0,0,0
5164,0,0.0,0.0,0.0,0.0,0,0
5142,0,0.0,0.0,0.0,0.0,0,0
5123,0,0.0,0.0,0.0,0.0,0,0
5126,0,0.0,0.0,0.0,0.0,0,0
5134,0,0.0,0.0,0.0,0.0,0,0
5152,0,0.0,0.0,0.0,0.0,0,0
5132,0,0.0,0.0,0.0,0.0,0,0
5120,0,0.0,0.0,0.0,0.0,0,0
5119,0,0.0,0.0,0.0,0.0,0,0
5121,0,0.0,0.0,0.0,0.0,0,0
5118,0,0.0,0.0,0.0,0.0,0,0
5114,0,0.0,0.0,0.0,0.0,0,0
5101,0,0.0,0.0,0.0,0.0,0,0
5107,0,0.0,0.0,0.0,0.0,0,0
5112,0,0.0,0.0,0.0,0.0,0,0
5117,0,0.0,0.0,0.0,0.0,0,0
5108,0,0.0,0.0,0.0,0.0,0,0
5110,0,0.0,0.0,0.0,0.0,0,0
5116,0,0.0,0.0,0.0,0.0,0,0
5103,0,0.0,0.0,0.0,0.0,0,0
5111,0,0.0,0.0,0.0,0.0,0,0
5104,0,0.0,0.0,0.0,0.0,0,0
5115,0,0.0,0.0,0.0,0.0,0,0
5098,0,0.0,0.0,0.0,0.0,0,0
5097,0,0.0,0.0,0.0,0.0,0,0
5106,0,0.0,0.0,0.0,0.0,0,0
5102,0,0.0,0.0,0.0,0.0,0,0
5113,0,0.0,0.0,0.0,0.0,0,0
5105,0,0.0,0.0,0.0,0.0,0,0
5100,0,0.0,0.0,0.0,0.0,0,0
5099,0,0.0,0.0,0.0,0.0,0,0
5109,0,0.0,0.0,0.0,0.0,0,0
5077,0,0.0,0.0,0.0,0.0,0,0
5087,0,0.0,0.0,0.0,0.0,0,0
5083,0,0.0,0.0,0.0,0.0,0,0
5080,0,0.0,0.0,0.0,0.0,0,0
5094,0,0.0,0.0,0.0,0.0,0,0
5081,0,0.0,0.0,0.0,0.0,0,0
5089,0,0.0,0.0,0.0,0.0,0,0
5075,0,0.0,0.0,0.0,0.0,0,0
5084,0,0.0,0.0,0.0,0.0,0,0
5091,0,0.0,0.0,0.0,0.0,0,0
5082,0,0.0,0.0,0.0,0.0,0,0
5096,0,0.0,0.0,0.0,0.0,0,0
5092,0,0.0,0.0,0.0,0.0,0,0
5093,0,0.0,0.0,0.0,0.0,0,0
5095,0,0.0,0.0,0.0,0.0,0,0
5076,0,0.0,0.0,0.0,0.0,0,0
5079,0,0.0,0.0,0.0,0.0,0,0
5078,0,0.0,0.0,0.0,0.0,0,0
5088,0,0.0,0.0,0.0,0.0,0,0
5086,0,0.0,0.0,0.0,0.0,0,0
5074,0,0.0,0.0,0.0,0.0,0,0
5085,0,0.0,0.0,0.0,0.0,0,0
5090,0,0.0,0.0,0.0,0.0,0,0
5071,0,0.0,0.0,0.0,0.0,0,0
5072,0,0.0,0.0,0.0,0.0,0,0
5070,0,0.0,0.0,0.0,0.0,0,0
5066,0,0.0,0.0,0.0,0.0,0,0
5073,0,0.0,0.0,0.0,0.0,0,0
5065,0,0.0,0.0,0.0,0.0,0,0
5068,0,0.0,0.0,0.0,0.0,0,0
5067,0,0.0,0.0,0.0,0.0,0,0
5069,0,0.0,0.0,0.0,0.0,0,0
5056,0,0.0,0.0,0.0,0.0,0,0
5054,0,0.0,0.0,0.0,0.0,0,0
5060,0,0.0,0.0,0.0,0.0,0,0
5055,0,0.0,0.0,0.0,0.0,0,0
5063,0,0.0,0.0,0.0,0.0,0,0
5059,0,0.0,0.0,0.0,0.0,0,0
5058,0,0.0,0.0,0.0,0.0,0,0
5062,0,0.0,0.0,0.0,0.0,0,0
5061,0,0.0,0.0,0.0,0.0,0,0
5057,0,0.0,0.0,0.0,0.0,0,0
5064,0,0.0,0.0,0.0,0.0,0,0
5043,0,0.0,0.0,0.0,0.0,0,0
5030,0,0.0,0.0,0.0,0.0,0,0
5044,0,0.0,0.0,0.0,0.0,0,0
5031,0,0.0,0.0,0.0,0.0,0,0
5037,0,0.0,0.0,0.0,0.0,0,0
5040,0,0.0,0.0,0.0,0.0,0,0
5038,0,0.0,0.0,0.0,0.0,0,0
5032,0,0.0,0.0,0.0,0.0,0,0
5047,0,0.0,0.0,0.0,0.0,0,0
5033,0,0.0,0.0,0.0,0.0,0,0
5050,0,0.0,0.0,0.0,0.0,0,0
5051,0,0.0,0.0,0.0,0.0,0,0
5053,0,0.0,0.0,0.0,0.0,0,0
5041,0,0.0,0.0,0.0,0.0,0,0
5035,0,0.0,0.0,0.0,0.0,0,0
5034,0,0.0,0.0,0.0,0.0,0,0
5052,0,0.0,0.0,0.0,0.0,0,0
5049,0,0.0,0.0,0.0,0.0,0,0
5039,0,0.0,0.0,0.0,0.0,0,0
5036,0,0.0,0.0,0.0,0.0,0,0
5042,0,0.0,0.0,0.0,0.0,0,0
5045,0,0.0,0.0,0.0,0.0,0,0
5048,0,0.0,0.0,0.0,0.0,0,0
5046,0,0.0,0.0,0.0,0.0,0,0
5021,0,0.0,0.0,0.0,0.0,0,0
5029,0,0.0,0.0,0.0,0.0,0,0
5024,0,0.0,0.0,0.0,0.0,0,0
5027,0,0.0,0.0,0.0,0.0,0,0
5020,0,0.0,0.0,0.0,0.0,0,0
5023,0,0.0,0.0,0.0,0.0,0,0
5028,0,0.0,0.0,0.0,0.0,0,0
5025,0,0.0,0.0,0.0,0.0,0,0
5026,0,0.0,0.0,0.0,0.0,0,0
5022,0,0.0,0.0,0.0,0.0,0,0
5017,0,0.0,0.0,0.0,0.0,0,0
5002,0,0.0,0.0,0.0,0.0,0,0
4996,0,0.0,0.0,0.0,0.0,0,0
5000,0,0.0,0.0,0.0,0.0,0,0
5012,0,0.0,0.0,0.0,0.0,0,0
5018,0,0.0,0.0,0.0,0.0,0,0
5010,0,0.0,0.0,0.0,0.0,0,0
4999,0,0.0,0.0,0.0,0.0,0,0
5015,0,0.0,0.0,0.0,0.0,0,0
4995,0,0.0,0.0,0.0,0.0,0,0
5001,0,0.0,0.0,0.0,0.0,0,0
5006,0,0.0,0.0,0.0,0.0,0,0
4987,0,0.0,0.0,0.0,0.0,0,0
4992,0,0.0,0.0,0.0,0.0,0,0
5009,0,0.0,0.0,0.0,0.0,0,0
4990,0,0.0,0.0,0.0,0.0,0,0
4997,0,0.0,0.0,0.0,0.0,0,0
4993,0,0.0,0.0,0.0,0.0,0,0
4985,0,0.0,0.0,0.0,0.0,0,0
4988,0,0.0,0.0,0.0,0.0,0,0
4984,0,0.0,0.0,0.0,0.0,0,0
4998,0,0.0,0.0,0.0,0.0,0,0
4986,0,0.0,0.0,0.0,0.0,0,0
4991,0,0.0,0.0,0.0,0.0,0,0
4994,0,0.0,0.0,0.0,0.0,0,0
5013,0,0.0,0.0,0.0,0.0,0,0
5004,0,0.0,0.0,0.0,0.0,0,0
5003,0,0.0,0.0,0.0,0.0,0,0
5016,0,0.0,0.0,0.0,0.0,0,0
5014,0,0.0,0.0,0.0,0.0,0,0
5005,0,0.0,0.0,0.0,0.0,0,0
5007,0,0.0,0.0,0.0,0.0,0,0
5019,0,0.0,0.0,0.0,0.0,0,0
5011,0,0.0,0.0,0.0,0.0,0,0
4989,0,0.0,0.0,0.0,0.0,0,0
5008,0,0.0,0.0,0.0,0.0,0,0
4981,0,0.0,0.0,0.0,0.0,0,0
4982,0,0.0,0.0,0.0,0.0,0,0
4983,0,0.0,0.0,0.0,0.0,0,0
4962,0,0.0,0.0,0.0,0.0,0,0
4958,0,0.0,0.0,0.0,0.0,0,0
4973,0,0.0,0.0,0.0,0.0,0,0
4977,0,0.0,0.0,0.0,0.0,0,0
4960,0,0.0,0.0,0.0,0.0,0,0
4969,0,0.0,0.0,0.0,0.0,0,0
4959,0,0.0,0.0,0.0,0.0,0,0
4965,0,0.0,0.0,0.0,0.0,0,0
4971,0,0.0,0.0,0.0,0.0,0,0
4976,0,0.0,0.0,0.0,0.0,0,0
4961,0,0.0,0.0,0.0,0.0,0,0
4963,0,0.0,0.0,0.0,0.0,0,0
4955,0,0.0,0.0,0.0,0.0,0,0
4979,0,0.0,0.0,0.0,0.0,0,0
4974,0,0.0,0.0,0.0,0.0,0,0
4956,0,0.0,0.0,0.0,0.0,0,0
4954,0,0.0,0.0,0.0,0.0,0,0
4964,0,0.0,0.0,0.0,0.0,0,0
4970,0,0.0,0.0,0.0,0.0,0,0
4972,0,0.0,0.0,0.0,0.0,0,0
4975,0,0.0,0.0,0.0,0.0,0,0
4968,0,0.0,0.0,0.0,0.0,0,0
4957,0,0.0,0.0,0.0,0.0,0,0
4980,0,0.0,0.0,0.0,0.0,0,0
4978,0,0.0,0.0,0.0,0.0,0,0
4967,0,0.0,0.0,0.0,0.0,0,0
4966,0,0.0,0.0,0.0,0.0,0,0
4942,0,0.0,0.0,0.0,0.0,0,0
4951,0,0.0,0.0,0.0,0.0,0,0
4947,0,0.0,0.0,0.0,0.0,0,0
4943,0,0.0,0.0,0.0,0.0,0,0
4944,0,0.0,0.0,0.0,0.0,0,0
4948,0,0.0,0.0,0.0,0.0,0,0
4945,0,0.0,0.0,0.0,0.0,0,0
4952,0,0.0,0.0,0.0,0.0,0,0
4937,0,0.0,0.0,0.0,0.0,0,0
4953,0,0.0,0.0,0.0,0.0,0,0
4938,0,0.0,0.0,0.0,0.0,0,0
4946,0,0.0,0.0,0.0,0.0,0,0
4950,0,0.0,0.0,0.0,0.0,0,0
4940,0,0.0,0.0,0.0,0.0,0,0
4949,0,0.0,0.0,0.0,0.0,0,0
4939,0,0.0,0.0,0.0,0.0,0,0
4941,0,0.0,0.0,0.0,0.0,0,0
4934,0,0.0,0.0,0.0,0.0,0,0
4936,0,0.0,0.0,0.0,0.0,0,0
4935,0,0.0,0.0,0.0,0.0,0,0
4921,0,0.0,0.0,0.0,0.0,0,0
4927,0,0.0,0.0,0.0,0.0,0,0
4922,0,0.0,0.0,0.0,0.0,0,0
4913,0,0.0,0.0,0.0,0.0,0,0
4924,0,0.0,0.0,0.0,0.0,0,0
4933,0,0.0,0.0,0.0,0.0,0,0
4919,0,0.0,0.0,0.0,0.0,0,0
4932,0,0.0,0.0,0.0,0.0,0,0
4920,0,0.0,0.0,0.0,0.0,0,0
4930,0,0.0,0.0,0.0,0.0,0,0
4915,0,0.0,0.0,0.0,0.0,0,0
4917,0,0.0,0.0,0.0,0.0,0,0
4918,0,0.0,0.0,0.0,0.0,0,0
4923,0,0.0,0.0,0.0,0.0,0,0
4931,0,0.0,0.0,0.0,0.0,0,0
4925,0,0.0,0.0,0.0,0.0,0,0
4916,0,0.0,0.0,0.0,0.0,0,0
4929,0,0.0,0.0,0.0,0.0,0,0
4914,0,0.0,0.0,0.0,0.0,0,0
4928,0,0.0,0.0,0.0,0.0,0,0
4926,0,0.0,0.0,0.0,0.0,0,0
4911,0,0.0,0.0,0.0,0.0,0,0
4912,0,0.0,0.0,0.0,0.0,0,0
4908,0,0.0,0.0,0.0,0.0,0,0
4906,0,0.0,0.0,0.0,0.0,0,0
4903,0,0.0,0.0,0.0,0.0,0,0
4904,0,0.0,0.0,0.0,0.0,0,0
4910,0,0.0,0.0,0.0,0.0,0,0
4907,0,0.0,0.0,0.0,0.0,0,0
4905,0,0.0,0.0,0.0,0.0,0,0
4909,0,0.0,0.0,0.0,0.0,0,0
4902,0,0.0,0.0,0.0,0.0,0,0
4898,0,0.0,0.0,0.0,0.0,0,0
4897,0,0.0,0.0,0.0,0.0,0,0
4900,0,0.0,0.0,0.0,0.0,0,0
4901,0,0.0,0.0,0.0,0.0,0,0
4899,0,0.0,0.0,0.0,0.0,0,0
4876,0,0.0,0.0,0.0,0.0,0,0
4896,0,0.0,0.0,0.0,0.0,0,0
4872,0,0.0,0.0,0.0,0.0,0,0
4879,0,0.0,0.0,0.0,0.0,0,0
4867,0,0.0,0.0,0.0,0.0,0,0
4868,0,0.0,0.0,0.0,0.0,0,0
4889,0,0.0,0.0,0.0,0.0,0,0
4887,0,0.0,0.0,0.0,0.0,0,0
4886,0,0.0,0.0,0.0,0.0,0,0
4884,0,0.0,0.0,0.0,0.0,0,0
4871,0,0.0,0.0,0.0,0.0,0,0
4881,0,0.0,0.0,0.0,0.0,0,0
4893,0,0.0,0.0,0.0,0.0,0,0
4877,0,0.0,0.0,0.0,0.0,0,0
4892,0,0.0,0.0,0.0,0.0,0,0
4883,0,0.0,0.0,0.0,0.0,0,0
4880,0,0.0,0.0,0.0,0.0,0,0
4875,0,0.0,0.0,0.0,0.0,0,0
4888,0,0.0,0.0,0.0,0.0,0,0
4878,0,0.0,0.0,0.0,0.0,0,0
4895,0,0.0,0.0,0.0,0.0,0,0
4869,0,0.0,0.0,0.0,0.0,0,0
4873,0,0.0,0.0,0.0,0.0,0,0
4882,0,0.0,0.0,0.0,0.0,0,0
4870,0,0.0,0.0,0.0,0.0,0,0
4891,0,0.0,0.0,0.0,0.0,0,0
4890,0,0.0,0.0,0.0,0.0,0,0
4874,0,0.0,0.0,0.0,0.0,0,0
4894,0,0.0,0.0,0.0,0.0,0,0
4862,0,0.0,0.0,0.0,0.0,0,0
4865,0,0.0,0.0,0.0,0.0,0,0
4861,0,0.0,0.0,0.0,0.0,0,0
4864,0,0.0,0.0,0.0,0.0,0,0
4863,0,0.0,0.0,0.0,0.0,0,0
4866,0,0.0,0.0,0.0,0.0,0,0
4860,0,0.0,0.0,0.0,0.0,0,0
4859,0,0.0,0.0,0.0,0.0,0,0
4857,0,0.0,0.0,0.0,0.0,0,0
4858,0,0.0,0.0,0.0,0.0,0,0
4855,0,0.0,0.0,0.0,0.0,0,0
4853,0,0.0,0.0,0.0,0.0,0,0
4852,0,0.0,0.0,0.0,0.0,0,0
4842,0,0.0,0.0,0.0,0.0,0,0
4836,0,0.0,0.0,0.0,0.0,0,0
4843,0,0.0,0.0,0.0,0.0,0,0
4839,0,0.0,0.0,0.0,0.0,0,0
4841,0,0.0,0.0,0.0,0.0,0,0
4847,0,0.0,0.0,0.0,0.0,0,0
4840,0,0.0,0.0,0.0,0.0,0,0
4854,0,0.0,0.0,0.0,0.0,0,0
4848,0,0.0,0.0,0.0,0.0,0,0
4837,0,0.0,0.0,0.0,0.0,0,0
4856,0,0.0,0.0,0.0,0.0,0,0
4846,0,0.0,0.0,0.0,0.0,0,0
4845,0,0.0,0.0,0.0,0.0,0,0
4849,0,0.0,0.0,0.0,0.0,0,0
4838,0,0.0,0.0,0.0,0.0,0,0
4844,0,0.0,0.0,0.0,0.0,0,0
4850,0,0.0,0.0,0.0,0.0,0,0
4851,0,0.0,0.0,0.0,0.0,0,0
4835,0,0.0,0.0,0.0,0.0,0,0
4817,0,0.0,0.0,0.0,0.0,0,0
4831,0,0.0,0.0,0.0,0.0,0,0
4820,0,0.0,0.0,0.0,0.0,0,0
4819,0,0.0,0.0,0.0,0.0,0,0
4832,0,0.0,0.0,0.0,0.0,0,0
4813,0,0.0,0.0,0.0,0.0,0,0
4821,0,0.0,0.0,0.0,0.0,0,0
4825,0,0.0,0.0,0.0,0.0,0,0
4827,0,0.0,0.0,0.0,0.0,0,0
4814,0,0.0,0.0,0.0,0.0,0,0
4826,0,0.0,0.0,0.0,0.0,0,0
4834,0,0.0,0.0,0.0,0.0,0,0
4812,0,0.0,0.0,0.0,0.0,0,0
4833,0,0.0,0.0,0.0,0.0,0,0
4815,0,0.0,0.0,0.0,0.0,0,0
4829,0,0.0,0.0,0.0,0.0,0,0
4830,0,0.0,0.0,0.0,0.0,0,0
4816,0,0.0,0.0,0.0,0.0,0,0
4824,0,0.0,0.0,0.0,0.0,0,0
4823,0,0.0,0.0,0.0,0.0,0,0
4818,0,0.0,0.0,0.0,0.0,0,0
4822,0,0.0,0.0,0.0,0.0,0,0
4828,0,0.0,0.0,0.0,0.0,0,0
4810,0,0.0,0.0,0.0,0.0,0,0
4800,0,0.0,0.0,0.0,0.0,0,0
4805,0,0.0,0.0,0.0,0.0,0,0
4797,0,0.0,0.0,0.0,0.0,0,0
4792,0,0.0,0.0,0.0,0.0,0,0
4811,0,0.0,0.0,0.0,0.0,0,0
4791,0,0.0,0.0,0.0,0.0,0,0
4798,0,0.0,0.0,0.0,0.0,0,0
4803,0,0.0,0.0,0.0,0.0,0,0
4790,0,0.0,0.0,0.0,0.0,0,0
4808,0,0.0,0.0,0.0,0.0,0,0
4793,0,0.0,0.0,0.0,0.0,0,0
4795,0,0.0,0.0,0.0,0.0,0,0
4806,0,0.0,0.0,0.0,0.0,0,0
4807,0,0.0,0.0,0.0,0.0,0,0
4801,0,0.0,0.0,0.0,0.0,0,0
4804,0,0.0,0.0,0.0,0.0,0,0
4809,0,0.0,0.0,0.0,0.0,0,0
4796,0,0.0,0.0,0.0,0.0,0,0
4802,0,0.0,0.0,0.0,0.0,0,0
4799,0,0.0,0.0,0.0,0.0,0,0
4794,0,0.0,0.0,0.0,0.0,0,0
4789,0,0.0,0.0,0.0,0.0,0,0
4785,0,0.0,0.0,0.0,0.0,0,0
4786,0,0.0,0.0,0.0,0.0,0,0
4787,0,0.0,0.0,0.0,0.0,0,0
4783,0,0.0,0.0,0.0,0.0,0,0
4788,0,0.0,0.0,0.0,0.0,0,0
4784,0,0.0,0.0,0.0,0.0,0,0
4782,0,0.0,0.0,0.0,0.0,0,0
4776,0,0.0,0.0,0.0,0.0,0,0
4779,0,0.0,0.0,0.0,0.0,0,0
4778,0,0.0,0.0,0.0,0.0,0,0
4775,0,0.0,0.0,0.0,0.0,0,0
4781,0,0.0,0.0,0.0,0.0,0,0
4780,0,0.0,0.0,0.0,0.0,0,0
4777,0,0.0,0.0,0.0,0.0,0,0
4774,0,0.0,0.0,0.0,0.0,0,0
4773,0,0.0,0.0,0.0,0.0,0,0
4767,0,0.0,0.0,0.0,0.0,0,0
4769,0,0.0,0.0,0.0,0.0,0,0
4762,0,0.0,0.0,0.0,0.0,0,0
4768,0,0.0,0.0,0.0,0.0,0,0
4764,0,0.0,0.0,0.0,0.0,0,0
4749,0,0.0,0.0,0.0,0.0,0,0
4748,0,0.0,0.0,0.0,0.0,0,0
4763,0,0.0,0.0,0.0,0.0,0,0
4754,0,0.0,0.0,0.0,0.0,0,0
4772,0,0.0,0.0,0.0,0.0,0,0
4750,0,0.0,0.0,0.0,0.0,0,0
4751,0,0.0,0.0,0.0,0.0,0,0
4770,0,0.0,0.0,0.0,0.0,0,0
4758,0,0.0,0.0,0.0,0.0,0,0
4759,0,0.0,0.0,0.0,0.0,0,0
4765,0,0.0,0.0,0.0,0.0,0,0
4761,0,0.0,0.0,0.0,0.0,0,0
4755,0,0.0,0.0,0.0,0.0,0,0
4752,0,0.0,0.0,0.0,0.0,0,0
4753,0,0.0,0.0,0.0,0.0,0,0
4766,0,0.0,0.0,0.0,0.0,0,0
4746,0,0.0,0.0,0.0,0.0,0,0
4771,0,0.0,0.0,0.0,0.0,0,0
4757,0,0.0,0.0,0.0,0.0,0,0
4756,0,0.0,0.0,0.0,0.0,0,0
4747,0,0.0,0.0,0.0,0.0,0,0
4760,0,0.0,0.0,0.0,0.0,0,0
4735,0,0.0,0.0,0.0,0.0,0,0
4737,0,0.0,0.0,0.0,0.0,0,0
4745,0,0.0,0.0,0.0,0.0,0,0
4742,0,0.0,0.0,0.0,0.0,0,0
4743,0,0.0,0.0,0.0,0.0,0,0
4738,0,0.0,0.0,0.0,0.0,0,0
4741,0,0.0,0.0,0.0,0.0,0,0
4739,0,0.0,0.0,0.0,0.0,0,0
4744,0,0.0,0.0,0.0,0.0,0,0
4736,0,0.0,0.0,0.0,0.0,0,0
4740,0,0.0,0.0,0.0,0.0,0,0
4733,0,0.0,0.0,0.0,0.0,0,0
4718,0,0.0,0.0,0.0,0.0,0,0
4716,0,0.0,0.0,0.0,0.0,0,0
4728,0,0.0,0.0,0.0,0.0,0,0
4730,0,0.0,0.0,0.0,0.0,0,0
4720,0,0.0,0.0,0.0,0.0,0,0
4725,0,0.0,0.0,0.0,0.0,0,0
4721,0,0.0,0.0,0.0,0.0,0,0
4717,0,0.0,0.0,0.0,0.0,0,0
4727,0,0.0,0.0,0.0,0.0,0,0
4729,0,0.0,0.0,0.0,0.0,0,0
4726,0,0.0,0.0,0.0,0.0,0,0
4734,0,0.0,0.0,0.0,0.0,0,0
4722,0,0.0,0.0,0.0,0.0,0,0
4715,0,0.0,0.0,0.0,0.0,0,0
4724,0,0.0,0.0,0.0,0.0,0,0
4732,0,0.0,0.0,0.0,0.0,0,0
4719,0,0.0,0.0,0.0,0.0,0,0
4731,0,0.0,0.0,0.0,0.0,0,0
4723,0,0.0,0.0,0.0,0.0,0,0
4687,0,0.0,0.0,0.0,0.0,0,0
4699,0,0.0,0.0,0.0,0.0,0,0
4693,0,0.0,0.0,0.0,0.0,0,0
4703,0,0.0,0.0,0.0,0.0,0,0
4697,0,0.0,0.0,0.0,0.0,0,0
4686,0,0.0,0.0,0.0,0.0,0,0
4695,0,0.0,0.0,0.0,0.0,0,0
4713,0,0.0,0.0,0.0,0.0,0,0
4708,0,0.0,0.0,0.0,0.0,0,0
4711,0,0.0,0.0,0.0,0.0,0,0
4700,0,0.0,0.0,0.0,0.0,0,0
4712,0,0.0,0.0,0.0,0.0,0,0
4705,0,0.0,0.0,0.0,0.0,0,0
4688,0,0.0,0.0,0.0,0.0,0,0
4704,0,0.0,0.0,0.0,0.0,0,0
4701,0,0.0,0.0,0.0,0.0,0,0
4694,0,0.0,0.0,0.0,0.0,0,0
4692,0,0.0,0.0,0.0,0.0,0,0
4709,0,0.0,0.0,0.0,0.0,0,0
4685,0,0.0,0.0,0.0,0.0,0,0
4714,0,0.0,0.0,0.0,0.0,0,0
4691,0,0.0,0.0,0.0,0.0,0,0
4706,0,0.0,0.0,0.0,0.0,0,0
4689,0,0.0,0.0,0.0,0.0,0,0
4696,0,0.0,0.0,0.0,0.0,0,0
4698,0,0.0,0.0,0.0,0.0,0,0
4707,0,0.0,0.0,0.0,0.0,0,0
4710,0,0.0,0.0,0.0,0.0,0,0
4702,0,0.0,0.0,0.0,0.0,0,0
4690,0,0.0,0.0,0.0,0.0,0,0
4675,0,0.0,0.0,0.0,0.0,0,0
4666,0,0.0,0.0,0.0,0.0,0,0
4659,0,0.0,0.0,0.0,0.0,0,0
4679,0,0.0,0.0,0.0,0.0,0,0
4669,0,0.0,0.0,0.0,0.0,0,0
4681,0,0.0,0.0,0.0,0.0,0,0
4683,0,0.0,0.0,0.0,0.0,0,0
4674,0,0.0,0.0,0.0,0.0,0,0
4663,0,0.0,0.0,0.0,0.0,0,0
4658,0,0.0,0.0,0.0,0.0,0,0
4684,0,0.0,0.0,0.0,0.0,0,0
4676,0,0.0,0.0,0.0,0.0,0,0
4682,0,0.0,0.0,0.0,0.0,0,0
4680,0,0.0,0.0,0.0,0.0,0,0
4673,0,0.0,0.0,0.0,0.0,0,0
4662,0,0.0,0.0,0.0,0.0,0,0
4670,0,0.0,0.0,0.0,0.0,0,0
4672,0,0.0,0.0,0.0,0.0,0,0
4664,0,0.0,0.0,0.0,0.0,0,0
4661,0,0.0,0.0,0.0,0.0,0,0
4671,0,0.0,0.0,0.0,0.0,0,0
4678,0,0.0,0.0,0.0,0.0,0,0
4667,0,0.0,0.0,0.0,0.0,0,0
4668,0,0.0,0.0,0.0,0.0,0,0
4660,0,0.0,0.0,0.0,0.0,0,0
4677,0,0.0,0.0,0.0,0.0,0,0
4665,0,0.0,0.0,0.0,0.0,0,0
4640,0,0.0,0.0,0.0,0.0,0,0
4639,0,0.0,0.0,0.0,0.0,0,0
4645,0,0.0,0.0,0.0,0.0,0,0
4652,0,0.0,0.0,0.0,0.0,0,0
4651,0,0.0,0.0,0.0,0.0,0,0
4638,0,0.0,0.0,0.0,0.0,0,0
4650,0,0.0,0.0,0.0,0.0,0,0
4646,0,0.0,0.0,0.0,0.0,0,0
4649,0,0.0,0.0,0.0,0.0,0,0
4655,0,0.0,0.0,0.0,0.0,0,0
4656,0,0.0,0.0,0.0,0.0,0,0
4641,0,0.0,0.0,0.0,0.0,0,0
4654,0,0.0,0.0,0.0,0.0,0,0
4647,0,0.0,0.0,0.0,0.0,0,0
4644,0,0.0,0.0,0.0,0.0,0,0
4653,0,0.0,0.0,0.0,0.0,0,0
4648,0,0.0,0.0,0.0,0.0,0,0
4643,0,0.0,0.0,0.0,0.0,0,0
4642,0,0.0,0.0,0.0,0.0,0,0
4657,0,0.0,0.0,0.0,0.0,0,0
4614,0,0.0,0.0,0.0,0.0,0,0
4623,0,0.0,0.0,0.0,0.0,0,0
4630,0,0.0,0.0,0.0,0.0,0,0
4633,0,0.0,0.0,0.0,0.0,0,0
4629,0,0.0,0.0,0.0,0.0,0,0
4632,0,0.0,0.0,0.0,0.0,0,0
4634,0,0.0,0.0,0.0,0.0,0,0
4628,0,0.0,0.0,0.0,0.0,0,0
4618,0,0.0,0.0,0.0,0.0,0,0
4627,0,0.0,0.0,0.0,0.0,0,0
4612,0,0.0,0.0,0.0,0.0,0,0
4621,0,0.0,0.0,0.0,0.0,0,0
4625,0,0.0,0.0,0.0,0.0,0,0
4620,0,0.0,0.0,0.0,0.0,0,0
4635,0,0.0,0.0,0.0,0.0,0,0
4615,0,0.0,0.0,0.0,0.0,0,0
4631,0,0.0,0.0,0.0,0.0,0,0
4619,0,0.0,0.0,0.0,0.0,0,0
4626,0,0.0,0.0,0.0,0.0,0,0
4624,0,0.0,0.0,0.0,0.0,0,0
4617,0,0.0,0.0,0.0,0.0,0,0
4613,0,0.0,0.0,0.0,0.0,0,0
4622,0,0.0,0.0,0.0,0.0,0,0
4637,0,0.0,0.0,0.0,0.0,0,0
4616,0,0.0,0.0,0.0,0.0,0,0
4636,0,0.0,0.0,0.0,0.0,0,0
4598,0,0.0,0.0,0.0,0.0,0,0
4593,0,0.0,0.0,0.0,0.0,0,0
4597,0,0.0,0.0,0.0,0.0,0,0
4576,0,0.0,0.0,0.0,0.0,0,0
4571,0,0.0,0.0,0.0,0.0,0,0
4586,0,0.0,0.0,0.0,0.0,0,0
4588,0,0.0,0.0,0.0,0.0,0,0
4577,0,0.0,0.0,0.0,0.0,0,0
4605,0,0.0,0.0,0.0,0.0,0,0
4574,0,0.0,0.0,0.0,0.0,0,0
4582,0,0.0,0.0,0.0,0.0,0,0
4589,0,0.0,0.0,0.0,0.0,0,0
4575,0,0.0,0.0,0.0,0.0,0,0
4579,0,0.0,0.0,0.0,0.0,0,0
4594,0,0.0,0.0,0.0,0.0,0,0
4602,0,0.0,0.0,0.0,0.0,0,0
4585,0,0.0,0.0,0.0,0.0,0,0
4584,0,0.0,0.0,0.0,0.0,0,0
4578,0,0.0,0.0,0.0,0.0,0,0
4607,0,0.0,0.0,0.0,0.0,0,0
4600,0,0.0,0.0,0.0,0.0,0,0
4573,0,0.0,0.0,0.0,0.0,0,0
4591,0,0.0,0.0,0.0,0.0,0,0
4603,0,0.0,0.0,0.0,0.0,0,0
4595,0,0.0,0.0,0.0,0.0,0,0
4604,0,0.0,0.0,0.0,0.0,0,0
4590,0,0.0,0.0,0.0,0.0,0,0
4569,0,0.0,0.0,0.0,0.0,0,0
4611,0,0.0,0.0,0.0,0.0,0,0
4610,0,0.0,0.0,0.0,0.0,0,0
4608,0,0.0,0.0,0.0,0.0,0,0
4587,0,0.0,0.0,0.0,0.0,0,0
4609,0,0.0,0.0,0.0,0.0,0,0
4601,0,0.0,0.0,0.0,0.0,0,0
4572,0,0.0,0.0,0.0,0.0,0,0
4570,0,0.0,0.0,0.0,0.0,0,0
4581,0,0.0,0.0,0.0,0.0,0,0
4592,0,0.0,0.0,0.0,0.0,0,0
4606,0,0.0,0.0,0.0,0.0,0,0
4596,0,0.0,0.0,0.0,0.0,0,0
4580,0,0.0,0.0,0.0,0.0,0,0
4599,0,0.0,0.0,0.0,0.0,0,0
4583,0,0.0,0.0,0.0,0.0,0,0
4568,0,0.0,0.0,0.0,0.0,0,0
4567,0,0.0,0.0,0.0,0.0,0,0
4566,0,0.0,0.0,0.0,0.0,0,0
4560,0,0.0,0.0,0.0,0.0,0,0
4542,0,0.0,0.0,0.0,0.0,0,0
4546,0,0.0,0.0,0.0,0.0,0,0
4557,0,0.0,0.0,0.0,0.0,0,0
4543,0,0.0,0.0,0.0,0.0,0,0
4541,0,0.0,0.0,0.0,0.0,0,0
4549,0,0.0,0.0,0.0,0.0,0,0
4540,0,0.0,0.0,0.0,0.0,0,0
4538,0,0.0,0.0,0.0,0.0,0,0
4553,0,0.0,0.0,0.0,0.0,0,0
4556,0,0.0,0.0,0.0,0.0,0,0
4550,0,0.0,0.0,0.0,0.0,0,0
4554,0,0.0,0.0,0.0,0.0,0,0
4558,0,0.0,0.0,0.0,0.0,0,0
4548,0,0.0,0.0,0.0,0.0,0,0
4562,0,0.0,0.0,0.0,0.0,0,0
4555,0,0.0,0.0,0.0,0.0,0,0
4552,0,0.0,0.0,0.0,0.0,0,0
4559,0,0.0,0.0,0.0,0.0,0,0
4544,0,0.0,0.0,0.0,0.0,0,0
4545,0,0.0,0.0,0.0,0.0,0,0
4564,0,0.0,0.0,0.0,0.0,0,0
4563,0,0.0,0.0,0.0,0.0,0,0
4547,0,0.0,0.0,0.0,0.0,0,0
4551,0,0.0,0.0,0.0,0.0,0,0
4565,0,0.0,0.0,0.0,0.0,0,0
4539,0,0.0,0.0,0.0,0.0,0,0
4561,0,0.0,0.0,0.0,0.0,0,0
4498,0,0.0,0.0,0.0,0.0,0,0
4515,0,0.0,0.0,0.0,0.0,0,0
4536,0,0.0,0.0,0.0,0.0,0,0
4516,0,0.0,0.0,0.0,0.0,0,0
4526,0,0.0,0.0,0.0,0.0,0,0
4510,0,0.0,0.0,0.0,0.0,0,0
4533,0,0.0,0.0,0.0,0.0,0,0
4531,0,0.0,0.0,0.0,0.0,0,0
4537,0,0.0,0.0,0.0,0.0,0,0
4512,0,0.0,0.0,0.0,0.0,0,0
4506,0,0.0,0.0,0.0,0.0,0,0
4534,0,0.0,0.0,0.0,0.0,0,0
4509,0,0.0,0.0,0.0,0.0,0,0
4519,0,0.0,0.0,0.0,0.0,0,0
4501,0,0.0,0.0,0.0,0.0,0,0
4514,0,0.0,0.0,0.0,0.0,0,0
4504,0,0.0,0.0,0.0,0.0,0,0
4532,0,0.0,0.0,0.0,0.0,0,0
4522,0,0.0,0.0,0.0,0.0,0,0
4521,0,0.0,0.0,0.0,0.0,0,0
4502,0,0.0,0.0,0.0,0.0,0,0
4513,0,0.0,0.0,0.0,0.0,0,0
4523,0,0.0,0.0,0.0,0.0,0,0
4529,0,0.0,0.0,0.0,0.0,0,0
4518,0,0.0,0.0,0.0,0.0,0,0
4520,0,0.0,0.0,0.0,0.0,0,0
4524,0,0.0,0.0,0.0,0.0,0,0
4511,0,0.0,0.0,0.0,0.0,0,0
4503,0,0.0,0.0,0.0,0.0,0,0
4507,0,0.0,0.0,0.0,0.0,0,0
4528,0,0.0,0.0,0.0,0.0,0,0
4505,0,0.0,0.0,0.0,0.0,0,0
4527,0,0.0,0.0,0.0,0.0,0,0
4500,0,0.0,0.0,0.0,0.0,0,0
4499,0,0.0,0.0,0.0,0.0,0,0
4517,0,0.0,0.0,0.0,0.0,0,0
4530,0,0.0,0.0,0.0,0.0,0,0
4525,0,0.0,0.0,0.0,0.0,0,0
4535,0,0.0,0.0,0.0,0.0,0,0
4508,0,0.0,0.0,0.0,0.0,0,0
4497,0,0.0,0.0,0.0,0.0,0,0
4493,0,0.0,0.0,0.0,0.0,0,0
4492,0,0.0,0.0,0.0,0.0,0,0
4494,0,0.0,0.0,0.0,0.0,0,0
4495,0,0.0,0.0,0.0,0.0,0,0
4496,0,0.0,0.0,0.0,0.0,0,0
4487,0,0.0,0.0,0.0,0.0,0,0
4490,0,0.0,0.0,0.0,0.0,0,0
4489,0,0.0,0.0,0.0,0.0,0,0
4488,0,0.0,0.0,0.0,0.0,0,0
4491,0,0.0,0.0,0.0,0.0,0,0
4486,0,0.0,0.0,0.0,0.0,0,0
4485,0,0.0,0.0,0.0,0.0,0,0
4484,0,0.0,0.0,0.0,0.0,0,0
4483,0,0.0,0.0,0.0,0.0,0,0
4478,0,0.0,0.0,0.0,0.0,0,0
4467,0,0.0,0.0,0.0,0.0,0,0
4482,0,0.0,0.0,0.0,0.0,0,0
4471,0,0.0,0.0,0.0,0.0,0,0
4474,0,0.0,0.0,0.0,0.0,0,0
4462,0,0.0,0.0,0.0,0.0,0,0
4475,0,0.0,0.0,0.0,0.0,0,0
4465,0,0.0,0.0,0.0,0.0,0,0
4477,0,0.0,0.0,0.0,0.0,0,0
4479,0,0.0,0.0,0.0,0.0,0,0
4466,0,0.0,0.0,0.0,0.0,0,0
4480,0,0.0,0.0,0.0,0.0,0,0
4473,0,0.0,0.0,0.0,0.0,0,0
4469,0,0.0,0.0,0.0,0.0,0,0
4476,0,0.0,0.0,0.0,0.0,0,0
4468,0,0.0,0.0,0.0,0.0,0,0
4470,0,0.0,0.0,0.0,0.0,0,0
4464,0,0.0,0.0,0.0,0.0,0,0
4481,0,0.0,0.0,0.0,0.0,0,0
4472,0,0.0,0.0,0.0,0.0,0,0
4463,0,0.0,0.0,0.0,0.0,0,0
4431,0,0.0,0.0,0.0,0.0,0,0
4443,0,0.0,0.0,0.0,0.0,0,0
4447,0,0.0,0.0,0.0,0.0,0,0
4457,0,0.0,0.0,0.0,0.0,0,0
4445,0,0.0,0.0,0.0,0.0,0,0
4437,0,0.0,0.0,0.0,0.0,0,0
4433,0,0.0,0.0,0.0,0.0,0,0
4455,0,0.0,0.0,0.0,0.0,0,0
4432,0,0.0,0.0,0.0,0.0,0,0
4451,0,0.0,0.0,0.0,0.0,0,0
4456,0,0.0,0.0,0.0,0.0,0,0
4450,0,0.0,0.0,0.0,0.0,0,0
4449,0,0.0,0.0,0.0,0.0,0,0
4430,0,0.0,0.0,0.0,0.0,0,0
4458,0,0.0,0.0,0.0,0.0,0,0
4435,0,0.0,0.0,0.0,0.0,0,0
4442,0,0.0,0.0,0.0,0.0,0,0
4459,0,0.0,0.0,0.0,0.0,0,0
4438,0,0.0,0.0,0.0,0.0,0,0
4453,0,0.0,0.0,0.0,0.0,0,0
4434,0,0.0,0.0,0.0,0.0,0,0
4439,0,0.0,0.0,0.0,0.0,0,0
4454,0,0.0,0.0,0.0,0.0,0,0
4452,0,0.0,0.0,0.0,0.0,0,0
4440,0,0.0,0.0,0.0,0.0,0,0
4436,0,0.0,0.0,0.0,0.0,0,0
4444,0,0.0,0.0,0.0,0.0,0,0
4441,0,0.0,0.0,0.0,0.0,0,0
4429,0,0.0,0.0,0.0,0.0,0,0
4461,0,0.0,0.0,0.0,0.0,0,0
4460,0,0.0,0.0,0.0,0.0,0,0
4446,0,0.0,0.0,0.0,0.0,0,0
4448,0,0.0,0.0,0.0,0.0,0,0
4427,0,0.0,0.0,0.0,0.0,0,0
4412,0,0.0,0.0,0.0,0.0,0,0
4411,0,0.0,0.0,0.0,0.0,0,0
4410,0,0.0,0.0,0.0,0.0,0,0
4415,0,0.0,0.0,0.0,0.0,0,0
4409,0,0.0,0.0,0.0,0.0,0,0
4418,0,0.0,0.0,0.0,0.0,0,0
4416,0,0.0,0.0,0.0,0.0,0,0
4422,0,0.0,0.0,0.0,0.0,0,0
4419,0,0.0,0.0,0.0,0.0,0,0
4423,0,0.0,0.0,0.0,0.0,0,0
4420,0,0.0,0.0,0.0,0.0,0,0
4428,0,0.0,0.0,0.0,0.0,0,0
4425,0,0.0,0.0,0.0,0.0,0,0
4421,0,0.0,0.0,0.0,0.0,0,0
4424,0,0.0,0.0,0.0,0.0,0,0
4417,0,0.0,0.0,0.0,0.0,0,0
4426,0,0.0,0.0,0.0,0.0,0,0
4414,0,0.0,0.0,0.0,0.0,0,0
4413,0,0.0,0.0,0.0,0.0,0,0
4404,0,0.0,0.0,0.0,0.0,0,0
4408,0,0.0,0.0,0.0,0.0,0,0
4403,0,0.0,0.0,0.0,0.0,0,0
4402,0,0.0,0.0,0.0,0.0,0,0
4407,0,0.0,0.0,0.0,0.0,0,0
4401,0,0.0,0.0,0.0,0.0,0,0
4405,0,0.0,0.0,0.0,0.0,0,0
4399,0,0.0,0.0,0.0,0.0,0,0
4398,0,0.0,0.0,0.0,0.0,0,0
4406,0,0.0,0.0,0.0,0.0,0,0
4400,0,0.0,0.0,0.0,0.0,0,0
4393,0,0.0,0.0,0.0,0.0,0,0
4396,0,0.0,0.0,0.0,0.0,0,0
4394,0,0.0,0.0,0.0,0.0,0,0
4397,0,0.0,0.0,0.0,0.0,0,0
4395,0,0.0,0.0,0.0,0.0,0,0
4392,0,0.0,0.0,0.0,0.0,0,0
4375,0,0.0,0.0,0.0,0.0,0,0
4372,0,0.0,0.0,0.0,0.0,0,0
4386,0,0.0,0.0,0.0,0.0,0,0
4376,0,0.0,0.0,0.0,0.0,0,0
4373,0,0.0,0.0,0.0,0.0,0,0
4383,0,0.0,0.0,0.0,0.0,0,0
4379,0,0.0,0.0,0.0,0.0,0,0
4390,0,0.0,0.0,0.0,0.0,0,0
4374,0,0.0,0.0,0.0,0.0,0,0
4389,0,0.0,0.0,0.0,0.0,0,0
4378,0,0.0,0.0,0.0,0.0,0,0
4377,0,0.0,0.0,0.0,0.0,0,0
4387,0,0.0,0.0,0.0,0.0,0,0
4384,0,0.0,0.0,0.0,0.0,0,0
4382,0,0.0,0.0,0.0,0.0,0,0
4381,0,0.0,0.0,0.0,0.0,0,0
4385,0,0.0,0.0,0.0,0.0,0,0
4391,0,0.0,0.0,0.0,0.0,0,0
4380,0,0.0,0.0,0.0,0.0,0,0
4388,0,0.0,0.0,0.0,0.0,0,0
4362,0,0.0,0.0,0.0,0.0,0,0
4354,0,0.0,0.0,0.0,0.0,0,0
4365,0,0.0,0.0,0.0,0.0,0,0
4368,0,0.0,0.0,0.0,0.0,0,0
4345,0,0.0,0.0,0.0,0.0,0,0
4349,0,0.0,0.0,0.0,0.0,0,0
4353,0,0.0,0.0,0.0,0.0,0,0
4352,0,0.0,0.0,0.0,0.0,0,0
4346,0,0.0,0.0,0.0,0.0,0,0
4347,0,0.0,0.0,0.0,0.0,0,0
4359,0,0.0,0.0,0.0,0.0,0,0
4351,0,0.0,0.0,0.0,0.0,0,0
4344,0,0.0,0.0,0.0,0.0,0,0
4348,0,0.0,0.0,0.0,0.0,0,0
4366,0,0.0,0.0,0.0,0.0,0,0
4371,0,0.0,0.0,0.0,0.0,0,0
4356,0,0.0,0.0,0.0,0.0,0,0
4369,0,0.0,0.0,0.0,0.0,0,0
4364,0,0.0,0.0,0.0,0.0,0,0
4355,0,0.0,0.0,0.0,0.0,0,0
4361,0,0.0,0.0,0.0,0.0,0,0
4358,0,0.0,0.0,0.0,0.0,0,0
4367,0,0.0,0.0,0.0,0.0,0,0
4360,0,0.0,0.0,0.0,0.0,0,0
4357,0,0.0,0.0,0.0,0.0,0,0
4363,0,0.0,0.0,0.0,0.0,0,0
4370,0,0.0,0.0,0.0,0.0,0,0
4350,0,0.0,0.0,0.0,0.0,0,0
4343,0,0.0,0.0,0.0,0.0,0,0
4342,0,0.0,0.0,0.0,0.0,0,0
4293,0,0.0,0.0,0.0,0.0,0,0
4331,0,0.0,0.0,0.0,0.0,0,0
4280,0,0.0,0.0,0.0,0.0,0,0
4307,0,0.0,0.0,0.0,0.0,0,0
4322,0,0.0,0.0,0.0,0.0,0,0
4330,0,0.0,0.0,0.0,0.0,0,0
4313,0,0.0,0.0,0.0,0.0,0,0
4332,0,0.0,0.0,0.0,0.0,0,0
4286,0,0.0,0.0,0.0,0.0,0,0
4329,0,0.0,0.0,0.0,0.0,0,0
4296,0,0.0,0.0,0.0,0.0,0,0
4335,0,0.0,0.0,0.0,0.0,0,0
4300,0,0.0,0.0,0.0,0.0,0,0
4341,0,0.0,0.0,0.0,0.0,0,0
4292,0,0.0,0.0,0.0,0.0,0,0
4319,0,0.0,0.0,0.0,0.0,0,0
4282,0,0.0,0.0,0.0,0.0,0,0
4288,0,0.0,0.0,0.0,0.0,0,0
4328,0,0.0,0.0,0.0,0.0,0,0
4316,0,0.0,0.0,0.0,0.0,0,0
4305,0,0.0,0.0,0.0,0.0,0,0
4334,0,0.0,0.0,0.0,0.0,0,0
4327,0,0.0,0.0,0.0,0.0,0,0
4323,0,0.0,0.0,0.0,0.0,0,0
4291,0,0.0,0.0,0.0,0.0,0,0
4298,0,0.0,0.0,0.0,0.0,0,0
4279,0,0.0,0.0,0.0,0.0,0,0
4302,0,0.0,0.0,0.0,0.0,0,0
4320,0,0.0,0.0,0.0,0.0,0,0
4317,0,0.0,0.0,0.0,0.0,0,0
4301,0,0.0,0.0,0.0,0.0,0,0
4284,0,0.0,0.0,0.0,0.0,0,0
4311,0,0.0,0.0,0.0,0.0,0,0
4318,0,0.0,0.0,0.0,0.0,0,0
4326,0,0.0,0.0,0.0,0.0,0,0
4287,0,0.0,0.0,0.0,0.0,0,0
4281,0,0.0,0.0,0.0,0.0,0,0
4297,0,0.0,0.0,0.0,0.0,0,0
4295,0,0.0,0.0,0.0,0.0,0,0
4294,0,0.0,0.0,0.0,0.0,0,0
4306,0,0.0,0.0,0.0,0.0,0,0
4310,0,0.0,0.0,0.0,0.0,0,0
4289,0,0.0,0.0,0.0,0.0,0,0
4337,0,0.0,0.0,0.0,0.0,0,0
4314,0,0.0,0.0,0.0,0.0,0,0
4308,0,0.0,0.0,0.0,0.0,0,0
4312,0,0.0,0.0,0.0,0.0,0,0
4338,0,0.0,0.0,0.0,0.0,0,0
4340,0,0.0,0.0,0.0,0.0,0,0
4324,0,0.0,0.0,0.0,0.0,0,0
4336,0,0.0,0.0,0.0,0.0,0,0
4315,0,0.0,0.0,0.0,0.0,0,0
4321,0,0.0,0.0,0.0,0.0,0,0
4309,0,0.0,0.0,0.0,0.0,0,0
4325,0,0.0,0.0,0.0,0.0,0,0
4283,0,0.0,0.0,0.0,0.0,0,0
4304,0,0.0,0.0,0.0,0.0,0,0
4303,0,0.0,0.0,0.0,0.0,0,0
4299,0,0.0,0.0,0.0,0.0,0,0
4290,0,0.0,0.0,0.0,0.0,0,0
4339,0,0.0,0.0,0.0,0.0,0,0
4333,0,0.0,0.0,0.0,0.0,0,0
4285,0,0.0,0.0,0.0,0.0,0,0
4277,0,0.0,0.0,0.0,0.0,0,0
4241,0,0.0,0.0,0.0,0.0,0,0
4259,0,0.0,0.0,0.0,0.0,0,0
4242,0,0.0,0.0,0.0,0.0,0,0
4260,0,0.0,0.0,0.0,0.0,0,0
4275,0,0.0,0.0,0.0,0.0,0,0
4256,0,0.0,0.0,0.0,0.0,0,0
4271,0,0.0,0.0,0.0,0.0,0,0
4274,0,0.0,0.0,0.0,0.0,0,0
4273,0,0.0,0.0,0.0,0.0,0,0
4272,0,0.0,0.0,0.0,0.0,0,0
4265,0,0.0,0.0,0.0,0.0,0,0
4240,0,0.0,0.0,0.0,0.0,0,0
4252,0,0.0,0.0,0.0,0.0,0,0
4266,0,0.0,0.0,0.0,0.0,0,0
4250,0,0.0,0.0,0.0,0.0,0,0
4247,0,0.0,0.0,0.0,0.0,0,0
4239,0,0.0,0.0,0.0,0.0,0,0
4243,0,0.0,0.0,0.0,0.0,0,0
4269,0,0.0,0.0,0.0,0.0,0,0
4268,0,0.0,0.0,0.0,0.0,0,0
4245,0,0.0,0.0,0.0,0.0,0,0
4248,0,0.0,0.0,0.0,0.0,0,0
4254,0,0.0,0.0,0.0,0.0,0,0
4258,0,0.0,0.0,0.0,0.0,0,0
4244,0,0.0,0.0,0.0,0.0,0,0
4253,0,0.0,0.0,0.0,0.0,0,0
4251,0,0.0,0.0,0.0,0.0,0,0
4276,0,0.0,0.0,0.0,0.0,0,0
4261,0,0.0,0.0,0.0,0.0,0,0
4257,0,0.0,0.0,0.0,0.0,0,0
4255,0,0.0,0.0,0.0,0.0,0,0
4246,0,0.0,0.0,0.0,0.0,0,0
4270,0,0.0,0.0,0.0,0.0,0,0
4263,0,0.0,0.0,0.0,0.0,0,0
4278,0,0.0,0.0,0.0,0.0,0,0
4249,0,0.0,0.0,0.0,0.0,0,0
4262,0,0.0,0.0,0.0,0.0,0,0
4264,0,0.0,0.0,0.0,0.0,0,0
4267,0,0.0,0.0,0.0,0.0,0,0
4238,0,0.0,0.0,0.0,0.0,0,0
4220,0,0.0,0.0,0.0,0.0,0,0
4209,0,0.0,0.0,0.0,0.0,0,0
4224,0,0.0,0.0,0.0,0.0,0,0
4227,0,0.0,0.0,0.0,0.0,0,0
4217,0,0.0,0.0,0.0,0.0,0,0
4212,0,0.0,0.0,0.0,0.0,0,0
4229,0,0.0,0.0,0.0,0.0,0,0
4215,0,0.0,0.0,0.0,0.0,0,0
4234,0,0.0,0.0,0.0,0.0,0,0
4208,0,0.0,0.0,0.0,0.0,0,0
4213,0,0.0,0.0,0.0,0.0,0,0
4228,0,0.0,0.0,0.0,0.0,0,0
4218,0,0.0,0.0,0.0,0.0,0,0
4214,0,0.0,0.0,0.0,0.0,0,0
4222,0,0.0,0.0,0.0,0.0,0,0
4230,0,0.0,0.0,0.0,0.0,0,0
4231,0,0.0,0.0,0.0,0.0,0,0
4235,0,0.0,0.0,0.0,0.0,0,0
4223,0,0.0,0.0,0.0,0.0,0,0
4221,0,0.0,0.0,0.0,0.0,0,0
4226,0,0.0,0.0,0.0,0.0,0,0
4225,0,0.0,0.0,0.0,0.0,0,0
4211,0,0.0,0.0,0.0,0.0,0,0
4216,0,0.0,0.0,0.0,0.0,0,0
4210,0,0.0,0.0,0.0,0.0,0,0
4233,0,0.0,0.0,0.0,0.0,0,0
4232,0,0.0,0.0,0.0,0.0,0,0
4236,0,0.0,0.0,0.0,0.0,0,0
4237,0,0.0,0.0,0.0,0.0,0,0
4219,0,0.0,0.0,0.0,0.0,0,0
4192,0,0.0,0.0,0.0,0.0,0,0
4203,0,0.0,0.0,0.0,0.0,0,0
4197,0,0.0,0.0,0.0,0.0,0,0
4194,0,0.0,0.0,0.0,0.0,0,0
4190,0,0.0,0.0,0.0,0.0,0,0
4189,0,0.0,0.0,0.0,0.0,0,0
4202,0,0.0,0.0,0.0,0.0,0,0
4205,0,0.0,0.0,0.0,0.0,0,0
4198,0,0.0,0.0,0.0,0.0,0,0
4186,0,0.0,0.0,0.0,0.0,0,0
4195,0,0.0,0.0,0.0,0.0,0,0
4187,0,0.0,0.0,0.0,0.0,0,0
4207,0,0.0,0.0,0.0,0.0,0,0
4199,0,0.0,0.0,0.0,0.0,0,0
4196,0,0.0,0.0,0.0,0.0,0,0
4206,0,0.0,0.0,0.0,0.0,0,0
4200,0,0.0,0.0,0.0,0.0,0,0
4191,0,0.0,0.0,0.0,0.0,0,0
4188,0,0.0,0.0,0.0,0.0,0,0
4201,0,0.0,0.0,0.0,0.0,0,0
4204,0,0.0,0.0,0.0,0.0,0,0
4193,0,0.0,0.0,0.0,0.0,0,0
4173,0,0.0,0.0,0.0,0.0,0,0
4181,0,0.0,0.0,0.0,0.0,0,0
4183,0,0.0,0.0,0.0,0.0,0,0
4185,0,0.0,0.0,0.0,0.0,0,0
4178,0,0.0,0.0,0.0,0.0,0,0
4182,0,0.0,0.0,0.0,0.0,0,0
4171,0,0.0,0.0,0.0,0.0,0,0
4172,0,0.0,0.0,0.0,0.0,0,0
4177,0,0.0,0.0,0.0,0.0,0,0
4175,0,0.0,0.0,0.0,0.0,0,0
4180,0,0.0,0.0,0.0,0.0,0,0
4184,0,0.0,0.0,0.0,0.0,0,0
4176,0,0.0,0.0,0.0,0.0,0,0
4174,0,0.0,0.0,0.0,0.0,0,0
4179,0,0.0,0.0,0.0,0.0,0,0
4151,0,0.0,0.0,0.0,0.0,0,0
4167,0,0.0,0.0,0.0,0.0,0,0
4156,0,0.0,0.0,0.0,0.0,0,0
4160,0,0.0,0.0,0.0,0.0,0,0
4165,0,0.0,0.0,0.0,0.0,0,0
4168,0,0.0,0.0,0.0,0.0,0,0
4169,0,0.0,0.0,0.0,0.0,0,0
4157,0,0.0,0.0,0.0,0.0,0,0
4155,0,0.0,0.0,0.0,0.0,0,0
4166,0,0.0,0.0,0.0,0.0,0,0
4153,0,0.0,0.0,0.0,0.0,0,0
4161,0,0.0,0.0,0.0,0.0,0,0
4159,0,0.0,0.0,0.0,0.0,0,0
4152,0,0.0,0.0,0.0,0.0,0,0
4170,0,0.0,0.0,0.0,0.0,0,0
4163,0,0.0,0.0,0.0,0.0,0,0
4154,0,0.0,0.0,0.0,0.0,0,0
4158,0,0.0,0.0,0.0,0.0,0,0
4162,0,0.0,0.0,0.0,0.0,0,0
4164,0,0.0,0.0,0.0,0.0,0,0
4149,0,0.0,0.0,0.0,0.0,0,0
4150,0,0.0,0.0,0.0,0.0,0,0
4139,0,0.0,0.0,0.0,0.0,0,0
4140,0,0.0,0.0,0.0,0.0,0,0
4136,0,0.0,0.0,0.0,0.0,0,0
4144,0,0.0,0.0,0.0,0.0,0,0
4145,0,0.0,0.0,0.0,0.0,0,0
4134,0,0.0,0.0,0.0,0.0,0,0
4138,0,0.0,0.0,0.0,0.0,0,0
4133,0,0.0,0.0,0.0,0.0,0,0
4146,0,0.0,0.0,0.0,0.0,0,0
4132,0,0.0,0.0,0.0,0.0,0,0
4135,0,0.0,0.0,0.0,0.0,0,0
4131,0,0.0,0.0,0.0,0.0,0,0
4137,0,0.0,0.0,0.0,0.0,0,0
4141,0,0.0,0.0,0.0,0.0,0,0
4148,0,0.0,0.0,0.0,0.0,0,0
4143,0,0.0,0.0,0.0,0.0,0,0
4147,0,0.0,0.0,0.0,0.0,0,0
4142,0,0.0,0.0,0.0,0.0,0,0
4130,0,0.0,0.0,0.0,0.0,0,0
4129,0,0.0,0.0,0.0,0.0,0,0
4128,0,0.0,0.0,0.0,0.0,0,0
4124,0,0.0,0.0,0.0,0.0,0,0
4125,0,0.0,0.0,0.0,0.0,0,0
4127,0,0.0,0.0,0.0,0.0,0,0
4126,0,0.0,0.0,0.0,0.0,0,0
4122,0,0.0,0.0,0.0,0.0,0,0
4123,0,0.0,0.0,0.0,0.0,0,0
4113,0,0.0,0.0,0.0,0.0,0,0
4108,0,0.0,0.0,0.0,0.0,0,0
4118,0,0.0,0.0,0.0,0.0,0,0
4111,0,0.0,0.0,0.0,0.0,0,0
4101,0,0.0,0.0,0.0,0.0,0,0
4120,0,0.0,0.0,0.0,0.0,0,0
4115,0,0.0,0.0,0.0,0.0,0,0
4104,0,0.0,0.0,0.0,0.0,0,0
4099,0,0.0,0.0,0.0,0.0,0,0
4114,0,0.0,0.0,0.0,0.0,0,0
4098,0,0.0,0.0,0.0,0.0,0,0
4116,0,0.0,0.0,0.0,0.0,0,0
4106,0,0.0,0.0,0.0,0.0,0,0
4096,0,0.0,0.0,0.0,0.0,0,0
4117,0,0.0,0.0,0.0,0.0,0,0
4105,0,0.0,0.0,0.0,0.0,0,0
4100,0,0.0,0.0,0.0,0.0,0,0
4109,0,0.0,0.0,0.0,0.0,0,0
4112,0,0.0,0.0,0.0,0.0,0,0
4107,0,0.0,0.0,0.0,0.0,0,0
4110,0,0.0,0.0,0.0,0.0,0,0
4103,0,0.0,0.0,0.0,0.0,0,0
4119,0,0.0,0.0,0.0,0.0,0,0
4094,0,0.0,0.0,0.0,0.0,0,0
4095,0,0.0,0.0,0.0,0.0,0,0
4097,0,0.0,0.0,0.0,0.0,0,0
4102,0,0.0,0.0,0.0,0.0,0,0
4121,0,0.0,0.0,0.0,0.0,0,0
4093,0,0.0,0.0,0.0,0.0,0,0
4091,0,0.0,0.0,0.0,0.0,0,0
4090,0,0.0,0.0,0.0,0.0,0,0
4092,0,0.0,0.0,0.0,0.0,0,0
4079,0,0.0,0.0,0.0,0.0,0,0
4087,0,0.0,0.0,0.0,0.0,0,0
4088,0,0.0,0.0,0.0,0.0,0,0
4082,0,0.0,0.0,0.0,0.0,0,0
4089,0,0.0,0.0,0.0,0.0,0,0
4077,0,0.0,0.0,0.0,0.0,0,0
4083,0,0.0,0.0,0.0,0.0,0,0
4078,0,0.0,0.0,0.0,0.0,0,0
4084,0,0.0,0.0,0.0,0.0,0,0
4081,0,0.0,0.0,0.0,0.0,0,0
4086,0,0.0,0.0,0.0,0.0,0,0
4080,0,0.0,0.0,0.0,0.0,0,0
4085,0,0.0,0.0,0.0,0.0,0,0
4070,0,0.0,0.0,0.0,0.0,0,0
4065,0,0.0,0.0,0.0,0.0,0,0
4057,0,0.0,0.0,0.0,0.0,0,0
4055,0,0.0,0.0,0.0,0.0,0,0
4067,0,0.0,0.0,0.0,0.0,0,0
4064,0,0.0,0.0,0.0,0.0,0,0
4075,0,0.0,0.0,0.0,0.0,0,0
4066,0,0.0,0.0,0.0,0.0,0,0
4059,0,0.0,0.0,0.0,0.0,0,0
4072,0,0.0,0.0,0.0,0.0,0,0
4056,0,0.0,0.0,0.0,0.0,0,0
4071,0,0.0,0.0,0.0,0.0,0,0
4061,0,0.0,0.0,0.0,0.0,0,0
4060,0,0.0,0.0,0.0,0.0,0,0
4063,0,0.0,0.0,0.0,0.0,0,0
4074,0,0.0,0.0,0.0,0.0,0,0
4069,0,0.0,0.0,0.0,0.0,0,0
4062,0,0.0,0.0,0.0,0.0,0,0
4068,0,0.0,0.0,0.0,0.0,0,0
4054,0,0.0,0.0,0.0,0.0,0,0
4058,0,0.0,0.0,0.0,0.0,0,0
4076,0,0.0,0.0,0.0,0.0,0,0
4073,0,0.0,0.0,0.0,0.0,0,0
4051,0,0.0,0.0,0.0,0.0,0,0
4053,0,0.0,0.0,0.0,0.0,0,0
4052,0,0.0,0.0,0.0,0.0,0,0
4050,0,0.0,0.0,0.0,0.0,0,0
4032,0,0.0,0.0,0.0,0.0,0,0
4048,0,0.0,0.0,0.0,0.0,0,0
4023,0,0.0,0.0,0.0,0.0,0,0
4045,0,0.0,0.0,0.0,0.0,0,0
4038,0,0.0,0.0,0.0,0.0,0,0
4040,0,0.0,0.0,0.0,0.0,0,0
4015,0,0.0,0.0,0.0,0.0,0,0
4049,0,0.0,0.0,0.0,0.0,0,0
4021,0,0.0,0.0,0.0,0.0,0,0
4047,0,0.0,0.0,0.0,0.0,0,0
4046,0,0.0,0.0,0.0,0.0,0,0
4027,0,0.0,0.0,0.0,0.0,0,0
4019,0,0.0,0.0,0.0,0.0,0,0
4037,0,0.0,0.0,0.0,0.0,0,0
4035,0,0.0,0.0,0.0,0.0,0,0
4017,0,0.0,0.0,0.0,0.0,0,0
4007,0,0.0,0.0,0.0,0.0,0,0
4036,0,0.0,0.0,0.0,0.0,0,0
3999,0,0.0,0.0,0.0,0.0,0,0
4024,0,0.0,0.0,0.0,0.0,0,0
4002,0,0.0,0.0,0.0,0.0,0,0
4031,0,0.0,0.0,0.0,0.0,0,0
4009,0,0.0,0.0,0.0,0.0,0,0
4042,0,0.0,0.0,0.0,0.0,0,0
4010,0,0.0,0.0,0.0,0.0,0,0
4005,0,0.0,0.0,0.0,0.0,0,0
4022,0,0.0,0.0,0.0,0.0,0,0
4004,0,0.0,0.0,0.0,0.0,0,0
4012,0,0.0,0.0,0.0,0.0,0,0
4030,0,0.0,0.0,0.0,0.0,0,0
4026,0,0.0,0.0,0.0,0.0,0,0
4003,0,0.0,0.0,0.0,0.0,0,0
4033,0,0.0,0.0,0.0,0.0,0,0
4025,0,0.0,0.0,0.0,0.0,0,0
4011,0,0.0,0.0,0.0,0.0,0,0
4029,0,0.0,0.0,0.0,0.0,0,0
4043,0,0.0,0.0,0.0,0.0,0,0
4020,0,0.0,0.0,0.0,0.0,0,0
4034,0,0.0,0.0,0.0,0.0,0,0
4018,0,0.0,0.0,0.0,0.0,0,0
4001,0,0.0,0.0,0.0,0.0,0,0
4028,0,0.0,0.0,0.0,0.0,0,0
4041,0,0.0,0.0,0.0,0.0,0,0
4014,0,0.0,0.0,0.0,0.0,0,0
4016,0,0.0,0.0,0.0,0.0,0,0
4044,0,0.0,0.0,0.0,0.0,0,0
4000,0,0.0,0.0,0.0,0.0,0,0
4013,0,0.0,0.0,0.0,0.0,0,0
4039,0,0.0,0.0,0.0,0.0,0,0
4006,0,0.0,0.0,0.0,0.0,0,0
4008,0,0.0,0.0,0.0,0.0,0,0
3960,0,0.0,0.0,0.0,0.0,0,0
3968,0,0.0,0.0,0.0,0.0,0,0
3979,0,0.0,0.0,0.0,0.0,0,0
3986,0,0.0,0.0,0.0,0.0,0,0
3988,0,0.0,0.0,0.0,0.0,0,0
3961,0,0.0,0.0,0.0,0.0,0,0
3993,0,0.0,0.0,0.0,0.0,0,0
3997,0,0.0,0.0,0.0,0.0,0,0
3969,0,0.0,0.0,0.0,0.0,0,0
3959,0,0.0,0.0,0.0,0.0,0,0
3971,0,0.0,0.0,0.0,0.0,0,0
3962,0,0.0,0.0,0.0,0.0,0,0
3982,0,0.0,0.0,0.0,0.0,0,0
3995,0,0.0,0.0,0.0,0.0,0,0
3980,0,0.0,0.0,0.0,0.0,0,0
3990,0,0.0,0.0,0.0,0.0,0,0
3974,0,0.0,0.0,0.0,0.0,0,0
3976,0,0.0,0.0,0.0,0.0,0,0
3983,0,0.0,0.0,0.0,0.0,0,0
3958,0,0.0,0.0,0.0,0.0,0,0
3996,0,0.0,0.0,0.0,0.0,0,0
3972,0,0.0,0.0,0.0,0.0,0,0
3984,0,0.0,0.0,0.0,0.0,0,0
3975,0,0.0,0.0,0.0,0.0,0,0
3963,0,0.0,0.0,0.0,0.0,0,0
3989,0,0.0,0.0,0.0,0.0,0,0
3966,0,0.0,0.0,0.0,0.0,0,0
3964,0,0.0,0.0,0.0,0.0,0,0
3965,0,0.0,0.0,0.0,0.0,0,0
3992,0,0.0,0.0,0.0,0.0,0,0
3978,0,0.0,0.0,0.0,0.0,0,0
3991,0,0.0,0.0,0.0,0.0,0,0
3998,0,0.0,0.0,0.0,0.0,0,0
3977,0,0.0,0.0,0.0,0.0,0,0
3967,0,0.0,0.0,0.0,0.0,0,0
3981,0,0.0,0.0,0.0,0.0,0,0
3994,0,0.0,0.0,0.0,0.0,0,0
3985,0,0.0,0.0,0.0,0.0,0,0
3973,0,0.0,0.0,0.0,0.0,0,0
3987,0,0.0,0.0,0.0,0.0,0,0
3970,0,0.0,0.0,0.0,0.0,0,0
3950,0,0.0,0.0,0.0,0.0,0,0
3952,0,0.0,0.0,0.0,0.0,0,0
3956,0,0.0,0.0,0.0,0.0,0,0
3951,0,0.0,0.0,0.0,0.0,0,0
3949,0,0.0,0.0,0.0,0.0,0,0
3955,0,0.0,0.0,0.0,0.0,0,0
3948,0,0.0,0.0,0.0,0.0,0,0
3957,0,0.0,0.0,0.0,0.0,0,0
3953,0,0.0,0.0,0.0,0.0,0,0
3954,0,0.0,0.0,0.0,0.0,0,0
3944,0,0.0,0.0,0.0,0.0,0,0
3946,0,0.0,0.0,0.0,0.0,0,0
3943,0,0.0,0.0,0.0,0.0,0,0
3942,0,0.0,0.0,0.0,0.0,0,0
3941,0,0.0,0.0,0.0,0.0,0,0
3945,0,0.0,0.0,0.0,0.0,0,0
3947,0,0.0,0.0,0.0,0.0,0,0
3903,0,0.0,0.0,0.0,0.0,0,0
3915,0,0.0,0.0,0.0,0.0,0,0
3914,0,0.0,0.0,0.0,0.0,0,0
3926,0,0.0,0.0,0.0,0.0,0,0
3912,0,0.0,0.0,0.0,0.0,0,0
3928,0,0.0,0.0,0.0,0.0,0,0
3910,0,0.0,0.0,0.0,0.0,0,0
3922,0,0.0,0.0,0.0,0.0,0,0
3938,0,0.0,0.0,0.0,0.0,0,0
3932,0,0.0,0.0,0.0,0.0,0,0
3920,0,0.0,0.0,0.0,0.0,0,0
3936,0,0.0,0.0,0.0,0.0,0,0
3931,0,0.0,0.0,0.0,0.0,0,0
3937,0,0.0,0.0,0.0,0.0,0,0
3916,0,0.0,0.0,0.0,0.0,0,0
3906,0,0.0,0.0,0.0,0.0,0,0
3908,0,0.0,0.0,0.0,0.0,0,0
3939,0,0.0,0.0,0.0,0.0,0,0
3901,0,0.0,0.0,0.0,0.0,0,0
3929,0,0.0,0.0,0.0,0.0,0,0
3918,0,0.0,0.0,0.0,0.0,0,0
3904,0,0.0,0.0,0.0,0.0,0,0
3927,0,0.0,0.0,0.0,0.0,0,0
3909,0,0.0,0.0,0.0,0.0,0,0
3917,0,0.0,0.0,0.0,0.0,0,0
3935,0,0.0,0.0,0.0,0.0,0,0
3921,0,0.0,0.0,0.0,0.0,0,0
3934,0,0.0,0.0,0.0,0.0,0,0
3923,0,0.0,0.0,0.0,0.0,0,0
3925,0,0.0,0.0,0.0,0.0,0,0
3924,0,0.0,0.0,0.0,0.0,0,0
3902,0,0.0,0.0,0.0,0.0,0,0
3930,0,0.0,0.0,0.0,0.0,0,0
3905,0,0.0,0.0,0.0,0.0,0,0
3907,0,0.0,0.0,0.0,0.0,0,0
3919,0,0.0,0.0,0.0,0.0,0,0
3913,0,0.0,0.0,0.0,0.0,0,0
3940,0,0.0,0.0,0.0,0.0,0,0
3911,0,0.0,0.0,0.0,0.0,0,0
3933,0,0.0,0.0,0.0,0.0,0,0
3882,0,0.0,0.0,0.0,0.0,0,0
3891,0,0.0,0.0,0.0,0.0,0,0
3892,0,0.0,0.0,0.0,0.0,0,0
3893,0,0.0,0.0,0.0,0.0,0,0
3887,0,0.0,0.0,0.0,0.0,0,0
3894,0,0.0,0.0,0.0,0.0,0,0
3900,0,0.0,0.0,0.0,0.0,0,0
3885,0,0.0,0.0,0.0,0.0,0,0
3890,0,0.0,0.0,0.0,0.0,0,0
3883,0,0.0,0.0,0.0,0.0,0,0
3879,0,0.0,0.0,0.0,0.0,0,0
3899,0,0.0,0.0,0.0,0.0,0,0
3884,0,0.0,0.0,0.0,0.0,0,0
3897,0,0.0,0.0,0.0,0.0,0,0
3889,0,0.0,0.0,0.0,0.0,0,0
3881,0,0.0,0.0,0.0,0.0,0,0
3895,0,0.0,0.0,0.0,0.0,0,0
3880,0,0.0,0.0,0.0,0.0,0,0
3886,0,0.0,0.0,0.0,0.0,0,0
3898,0,0.0,0.0,0.0,0.0,0,0
3896,0,0.0,0.0,0.0,0.0,0,0
3888,0,0.0,0.0,0.0,0.0,0,0
3875,0,0.0,0.0,0.0,0.0,0,0
3868,0,0.0,0.0,0.0,0.0,0,0
3866,0,0.0,0.0,0.0,0.0,0,0
3849,0,0.0,0.0,0.0,0.0,0,0
3855,0,0.0,0.0,0.0,0.0,0,0
3873,0,0.0,0.0,0.0,0.0,0,0
3872,0,0.0,0.0,0.0,0.0,0,0
3850,0,0.0,0.0,0.0,0.0,0,0
3871,0,0.0,0.0,0.0,0.0,0,0
3870,0,0.0,0.0,0.0,0.0,0,0
3861,0,0.0,0.0,0.0,0.0,0,0
3878,0,0.0,0.0,0.0,0.0,0,0
3877,0,0.0,0.0,0.0,0.0,0,0
3857,0,0.0,0.0,0.0,0.0,0,0
3869,0,0.0,0.0,0.0,0.0,0,0
3867,0,0.0,0.0,0.0,0.0,0,0
3876,0,0.0,0.0,0.0,0.0,0,0
3848,0,0.0,0.0,0.0,0.0,0,0
3854,0,0.0,0.0,0.0,0.0,0,0
3852,0,0.0,0.0,0.0,0.0,0,0
3860,0,0.0,0.0,0.0,0.0,0,0
3851,0,0.0,0.0,0.0,0.0,0,0
3862,0,0.0,0.0,0.0,0.0,0,0
3856,0,0.0,0.0,0.0,0.0,0,0
3859,0,0.0,0.0,0.0,0.0,0,0
3864,0,0.0,0.0,0.0,0.0,0,0
3863,0,0.0,0.0,0.0,0.0,0,0
3858,0,0.0,0.0,0.0,0.0,0,0
3874,0,0.0,0.0,0.0,0.0,0,0
3853,0,0.0,0.0,0.0,0.0,0,0
3865,0,0.0,0.0,0.0,0.0,0,0
3847,0,0.0,0.0,0.0,0.0,0,0
3845,0,0.0,0.0,0.0,0.0,0,0
3846,0,0.0,0.0,0.0,0.0,0,0
3840,0,0.0,0.0,0.0,0.0,0,0
3812,0,0.0,0.0,0.0,0.0,0,0
3828,0,0.0,0.0,0.0,0.0,0,0
3844,0,0.0,0.0,0.0,0.0,0,0
3819,0,0.0,0.0,0.0,0.0,0,0
3817,0,0.0,0.0,0.0,0.0,0,0
3809,0,0.0,0.0,0.0,0.0,0,0
3838,0,0.0,0.0,0.0,0.0,0,0
3835,0,0.0,0.0,0.0,0.0,0,0
3823,0,0.0,0.0,0.0,0.0,0,0
3820,0,0.0,0.0,0.0,0.0,0,0
3822,0,0.0,0.0,0.0,0.0,0,0
3813,0,0.0,0.0,0.0,0.0,0,0
3834,0,0.0,0.0,0.0,0.0,0,0
3808,0,0.0,0.0,0.0,0.0,0,0
3814,0,0.0,0.0,0.0,0.0,0,0
3829,0,0.0,0.0,0.0,0.0,0,0
3839,0,0.0,0.0,0.0,0.0,0,0
3843,0,0.0,0.0,0.0,0.0,0,0
3811,0,0.0,0.0,0.0,0.0,0,0
3841,0,0.0,0.0,0.0,0.0,0,0
3827,0,0.0,0.0,0.0,0.0,0,0
3824,0,0.0,0.0,0.0,0.0,0,0
3821,0,0.0,0.0,0.0,0.0,0,0
3810,0,0.0,0.0,0.0,0.0,0,0
3815,0,0.0,0.0,0.0,0.0,0,0
3826,0,0.0,0.0,0.0,0.0,0,0
3833,0,0.0,0.0,0.0,0.0,0,0
3832,0,0.0,0.0,0.0,0.0,0,0
3836,0,0.0,0.0,0.0,0.0,0,0
3842,0,0.0,0.0,0.0,0.0,0,0
3837,0,0.0,0.0,0.0,0.0,0,0
3818,0,0.0,0.0,0.0,0.0,0,0
3825,0,0.0,0.0,0.0,0.0,0,0
3831,0,0.0,0.0,0.0,0.0,0,0
3816,0,0.0,0.0,0.0,0.0,0,0
3830,0,0.0,0.0,0.0,0.0,0,0
3807,0,0.0,0.0,0.0,0.0,0,0
3790,0,0.0,0.0,0.0,0.0,0,0
3800,0,0.0,0.0,0.0,0.0,0,0
3788,0,0.0,0.0,0.0,0.0,0,0
3797,0,0.0,0.0,0.0,0.0,0,0
3792,0,0.0,0.0,0.0,0.0,0,0
3796,0,0.0,0.0,0.0,0.0,0,0
3794,0,0.0,0.0,0.0,0.0,0,0
3795,0,0.0,0.0,0.0,0.0,0,0
3806,0,0.0,0.0,0.0,0.0,0,0
3802,0,0.0,0.0,0.0,0.0,0,0
3787,0,0.0,0.0,0.0,0.0,0,0
3798,0,0.0,0.0,0.0,0.0,0,0
3785,0,0.0,0.0,0.0,0.0,0,0
3793,0,0.0,0.0,0.0,0.0,0,0
3804,0,0.0,0.0,0.0,0.0,0,0
3805,0,0.0,0.0,0.0,0.0,0,0
3801,0,0.0,0.0,0.0,0.0,0,0
3791,0,0.0,0.0,0.0,0.0,0,0
3803,0,0.0,0.0,0.0,0.0,0,0
3799,0,0.0,0.0,0.0,0.0,0,0
3786,0,0.0,0.0,0.0,0.0,0,0
3789,0,0.0,0.0,0.0,0.0,0,0
3784,0,0.0,0.0,0.0,0.0,0,0
3782,0,0.0,0.0,0.0,0.0,0,0
3783,0,0.0,0.0,0.0,0.0,0,0
3757,0,0.0,0.0,0.0,0.0,0,0
3756,0,0.0,0.0,0.0,0.0,0,0
3769,0,0.0,0.0,0.0,0.0,0,0
3768,0,0.0,0.0,0.0,0.0,0,0
3765,0,0.0,0.0,0.0,0.0,0,0
3778,0,0.0,0.0,0.0,0.0,0,0
3777,0,0.0,0.0,0.0,0.0,0,0
3776,0,0.0,0.0,0.0,0.0,0,0
3773,0,0.0,0.0,0.0,0.0,0,0
3754,0,0.0,0.0,0.0,0.0,0,0
3770,0,0.0,0.0,0.0,0.0,0,0
3755,0,0.0,0.0,0.0,0.0,0,0
3775,0,0.0,0.0,0.0,0.0,0,0
3760,0,0.0,0.0,0.0,0.0,0,0
3761,0,0.0,0.0,0.0,0.0,0,0
3772,0,0.0,0.0,0.0,0.0,0,0
3774,0,0.0,0.0,0.0,0.0,0,0
3771,0,0.0,0.0,0.0,0.0,0,0
3767,0,0.0,0.0,0.0,0.0,0,0
3781,0,0.0,0.0,0.0,0.0,0,0
3753,0,0.0,0.0,0.0,0.0,0,0
3764,0,0.0,0.0,0.0,0.0,0,0
3780,0,0.0,0.0,0.0,0.0,0,0
3766,0,0.0,0.0,0.0,0.0,0,0
3758,0,0.0,0.0,0.0,0.0,0,0
3762,0,0.0,0.0,0.0,0.0,0,0
3763,0,0.0,0.0,0.0,0.0,0,0
3759,0,0.0,0.0,0.0,0.0,0,0
3779,0,0.0,0.0,0.0,0.0,0,0
3750,0,0.0,0.0,0.0,0.0,0,0
3748,0,0.0,0.0,0.0,0.0,0,0
3747,0,0.0,0.0,0.0,0.0,0,0
3742,0,0.0,0.0,0.0,0.0,0,0
3744,0,0.0,0.0,0.0,0.0,0,0
3751,0,0.0,0.0,0.0,0.0,0,0
3745,0,0.0,0.0,0.0,0.0,0,0
3743,0,0.0,0.0,0.0,0.0,0,0
3746,0,0.0,0.0,0.0,0.0,0,0
3741,0,0.0,0.0,0.0,0.0,0,0
3749,0,0.0,0.0,0.0,0.0,0,0
3752,0,0.0,0.0,0.0,0.0,0,0
3735,0,0.0,0.0,0.0,0.0,0,0
3702,0,0.0,0.0,0.0,0.0,0,0
3737,0,0.0,0.0,0.0,0.0,0,0
3729,0,0.0,0.0,0.0,0.0,0,0
3721,0,0.0,0.0,0.0,0.0,0,0
3738,0,0.0,0.0,0.0,0.0,0,0
3712,0,0.0,0.0,0.0,0.0,0,0
3734,0,0.0,0.0,0.0,0.0,0,0
3704,0,0.0,0.0,0.0,0.0,0,0
3736,0,0.0,0.0,0.0,0.0,0,0
3730,0,0.0,0.0,0.0,0.0,0,0
3720,0,0.0,0.0,0.0,0.0,0,0
3710,0,0.0,0.0,0.0,0.0,0,0
3727,0,0.0,0.0,0.0,0.0,0,0
3723,0,0.0,0.0,0.0,0.0,0,0
3719,0,0.0,0.0,0.0,0.0,0,0
3714,0,0.0,0.0,0.0,0.0,0,0
3708,0,0.0,0.0,0.0,0.0,0,0
3700,0,0.0,0.0,0.0,0.0,0,0
3715,0,0.0,0.0,0.0,0.0,0,0
3728,0,0.0,0.0,0.0,0.0,0,0
3705,0,0.0,0.0,0.0,0.0,0,0
3733,0,0.0,0.0,0.0,0.0,0,0
3722,0,0.0,0.0,0.0,0.0,0,0
3706,0,0.0,0.0,0.0,0.0,0,0
3711,0,0.0,0.0,0.0,0.0,0,0
3709,0,0.0,0.0,0.0,0.0,0,0
3732,0,0.0,0.0,0.0,0.0,0,0
3717,0,0.0,0.0,0.0,0.0,0,0
3740,0,0.0,0.0,0.0,0.0,0,0
3701,0,0.0,0.0,0.0,0.0,0,0
3739,0,0.0,0.0,0.0,0.0,0,0
3716,0,0.0,0.0,0.0,0.0,0,0
3718,0,0.0,0.0,0.0,0.0,0,0
3726,0,0.0,0.0,0.0,0.0,0,0
3725,0,0.0,0.0,0.0,0.0,0,0
3724,0,0.0,0.0,0.0,0.0,0,0
3713,0,0.0,0.0,0.0,0.0,0,0
3707,0,0.0,0.0,0.0,0.0,0,0
3731,0,0.0,0.0,0.0,0.0,0,0
3703,0,0.0,0.0,0.0,0.0,0,0
3684,0,0.0,0.0,0.0,0.0,0,0
3685,0,0.0,0.0,0.0,0.0,0,0
3690,0,0.0,0.0,0.0,0.0,0,0
3681,0,0.0,0.0,0.0,0.0,0,0
3694,0,0.0,0.0,0.0,0.0,0,0
3688,0,0.0,0.0,0.0,0.0,0,0
3691,0,0.0,0.0,0.0,0.0,0,0
3698,0,0.0,0.0,0.0,0.0,0,0
3695,0,0.0,0.0,0.0,0.0,0,0
3683,0,0.0,0.0,0.0,0.0,0,0
3680,0,0.0,0.0,0.0,0.0,0,0
3693,0,0.0,0.0,0.0,0.0,0,0
3696,0,0.0,0.0,0.0,0.0,0,0
3697,0,0.0,0.0,0.0,0.0,0,0
3686,0,0.0,0.0,0.0,0.0,0,0
3682,0,0.0,0.0,0.0,0.0,0,0
3689,0,0.0,0.0,0.0,0.0,0,0
3679,0,0.0,0.0,0.0,0.0,0,0
3692,0,0.0,0.0,0.0,0.0,0,0
3699,0,0.0,0.0,0.0,0.0,0,0
3687,0,0.0,0.0,0.0,0.0,0,0
3659,0,0.0,0.0,0.0,0.0,0,0
3678,0,0.0,0.0,0.0,0.0,0,0
3649,0,0.0,0.0,0.0,0.0,0,0
3644,0,0.0,0.0,0.0,0.0,0,0
3628,0,0.0,0.0,0.0,0.0,0,0
3646,0,0.0,0.0,0.0,0.0,0,0
3657,0,0.0,0.0,0.0,0.0,0,0
3655,0,0.0,0.0,0.0,0.0,0,0
3645,0,0.0,0.0,0.0,0.0,0,0
3624,0,0.0,0.0,0.0,0.0,0,0
3622,0,0.0,0.0,0.0,0.0,0,0
3661,0,0.0,0.0,0.0,0.0,0,0
3666,0,0.0,0.0,0.0,0.0,0,0
3652,0,0.0,0.0,0.0,0.0,0,0
3635,0,0.0,0.0,0.0,0.0,0,0
3653,0,0.0,0.0,0.0,0.0,0,0
3654,0,0.0,0.0,0.0,0.0,0,0
3634,0,0.0,0.0,0.0,0.0,0,0
3623,0,0.0,0.0,0.0,0.0,0,0
3640,0,0.0,0.0,0.0,0.0,0,0
3656,0,0.0,0.0,0.0,0.0,0,0
3627,0,0.0,0.0,0.0,0.0,0,0
3672,0,0.0,0.0,0.0,0.0,0,0
3663,0,0.0,0.0,0.0,0.0,0,0
3636,0,0.0,0.0,0.0,0.0,0,0
3667,0,0.0,0.0,0.0,0.0,0,0
3671,0,0.0,0.0,0.0,0.0,0,0
3621,0,0.0,0.0,0.0,0.0,0,0
3675,0,0.0,0.0,0.0,0.0,0,0
3650,0,0.0,0.0,0.0,0.0,0,0
3664,0,0.0,0.0,0.0,0.0,0,0
3662,0,0.0,0.0,0.0,0.0,0,0
3632,0,0.0,0.0,0.0,0.0,0,0
3629,0,0.0,0.0,0.0,0.0,0,0
3639,0,0.0,0.0,0.0,0.0,0,0
3677,0,0.0,0.0,0.0,0.0,0,0
3643,0,0.0,0.0,0.0,0.0,0,0
3670,0,0.0,0.0,0.0,0.0,0,0
3674,0,0.0,0.0,0.0,0.0,0,0
3638,0,0.0,0.0,0.0,0.0,0,0
3668,0,0.0,0.0,0.0,0.0,0,0
3631,0,0.0,0.0,0.0,0.0,0,0
3665,0,0.0,0.0,0.0,0.0,0,0
3660,0,0.0,0.0,0.0,0.0,0,0
3676,0,0.0,0.0,0.0,0.0,0,0
3630,0,0.0,0.0,0.0,0.0,0,0
3625,0,0.0,0.0,0.0,0.0,0,0
3642,0,0.0,0.0,0.0,0.0,0,0
3633,0,0.0,0.0,0.0,0.0,0,0
3658,0,0.0,0.0,0.0,0.0,0,0
3641,0,0.0,0.0,0.0,0.0,0,0
3651,0,0.0,0.0,0.0,0.0,0,0
3647,0,0.0,0.0,0.0,0.0,0,0
3669,0,0.0,0.0,0.0,0.0,0,0
3626,0,0.0,0.0,0.0,0.0,0,0
3637,0,0.0,0.0,0.0,0.0,0,0
3673,0,0.0,0.0,0.0,0.0,0,0
3648,0,0.0,0.0,0.0,0.0,0,0
3615,0,0.0,0.0,0.0,0.0,0,0
3614,0,0.0,0.0,0.0,0.0,0,0
3613,0,0.0,0.0,0.0,0.0,0,0
3618,0,0.0,0.0,0.0,0.0,0,0
3620,0,0.0,0.0,0.0,0.0,0,0
3616,0,0.0,0.0,0.0,0.0,0,0
3619,0,0.0,0.0,0.0,0.0,0,0
3617,0,0.0,0.0,0.0,0.0,0,0
3612,0,0.0,0.0,0.0,0.0,0,0
3611,0,0.0,0.0,0.0,0.0,0,0
3606,0,0.0,0.0,0.0,0.0,0,0
3604,0,0.0,0.0,0.0,0.0,0,0
3601,0,0.0,0.0,0.0,0.0,0,0
3605,0,0.0,0.0,0.0,0.0,0,0
3602,0,0.0,0.0,0.0,0.0,0,0
3603,0,0.0,0.0,0.0,0.0,0,0
3609,0,0.0,0.0,0.0,0.0,0,0
3608,0,0.0,0.0,0.0,0.0,0,0
3607,0,0.0,0.0,0.0,0.0,0,0
3610,0,0.0,0.0,0.0,0.0,0,0
3594,0,0.0,0.0,0.0,0.0,0,0
3581,0,0.0,0.0,0.0,0.0,0,0
3587,0,0.0,0.0,0.0,0.0,0,0
3599,0,0.0,0.0,0.0,0.0,0,0
3592,0,0.0,0.0,0.0,0.0,0,0
3577,0,0.0,0.0,0.0,0.0,0,0
3575,0,0.0,0.0,0.0,0.0,0,0
3595,0,0.0,0.0,0.0,0.0,0,0
3580,0,0.0,0.0,0.0,0.0,0,0
3590,0,0.0,0.0,0.0,0.0,0,0
3585,0,0.0,0.0,0.0,0.0,0,0
3596,0,0.0,0.0,0.0,0.0,0,0
3600,0,0.0,0.0,0.0,0.0,0,0
3579,0,0.0,0.0,0.0,0.0,0,0
3582,0,0.0,0.0,0.0,0.0,0,0
3597,0,0.0,0.0,0.0,0.0,0,0
3583,0,0.0,0.0,0.0,0.0,0,0
3576,0,0.0,0.0,0.0,0.0,0,0
3588,0,0.0,0.0,0.0,0.0,0,0
3598,0,0.0,0.0,0.0,0.0,0,0
3593,0,0.0,0.0,0.0,0.0,0,0
3591,0,0.0,0.0,0.0,0.0,0,0
3586,0,0.0,0.0,0.0,0.0,0,0
3589,0,0.0,0.0,0.0,0.0,0,0
3578,0,0.0,0.0,0.0,0.0,0,0
3584,0,0.0,0.0,0.0,0.0,0,0
3574,0,0.0,0.0,0.0,0.0,0,0
3573,0,0.0,0.0,0.0,0.0,0,0
3571,0,0.0,0.0,0.0,0.0,0,0
3572,0,0.0,0.0,0.0,0.0,0,0
3560,0,0.0,0.0,0.0,0.0,0,0
3553,0,0.0,0.0,0.0,0.0,0,0
3569,0,0.0,0.0,0.0,0.0,0,0
3561,0,0.0,0.0,0.0,0.0,0,0
3562,0,0.0,0.0,0.0,0.0,0,0
3546,0,0.0,0.0,0.0,0.0,0,0
3555,0,0.0,0.0,0.0,0.0,0,0
3558,0,0.0,0.0,0.0,0.0,0,0
3547,0,0.0,0.0,0.0,0.0,0,0
3567,0,0.0,0.0,0.0,0.0,0,0
3568,0,0.0,0.0,0.0,0.0,0,0
3570,0,0.0,0.0,0.0,0.0,0,0
3545,0,0.0,0.0,0.0,0.0,0,0
3549,0,0.0,0.0,0.0,0.0,0,0
3564,0,0.0,0.0,0.0,0.0,0,0
3554,0,0.0,0.0,0.0,0.0,0,0
3565,0,0.0,0.0,0.0,0.0,0,0
3550,0,0.0,0.0,0.0,0.0,0,0
3551,0,0.0,0.0,0.0,0.0,0,0
3557,0,0.0,0.0,0.0,0.0,0,0
3552,0,0.0,0.0,0.0,0.0,0,0
3566,0,0.0,0.0,0.0,0.0,0,0
3548,0,0.0,0.0,0.0,0.0,0,0
3563,0,0.0,0.0,0.0,0.0,0,0
3556,0,0.0,0.0,0.0,0.0,0,0
3559,0,0.0,0.0,0.0,0.0,0,0
3542,0,0.0,0.0,0.0,0.0,0,0
3541,0,0.0,0.0,0.0,0.0,0,0
3524,0,0.0,0.0,0.0,0.0,0,0
3533,0,0.0,0.0,0.0,0.0,0,0
3544,0,0.0,0.0,0.0,0.0,0,0
3530,0,0.0,0.0,0.0,0.0,0,0
3528,0,0.0,0.0,0.0,0.0,0,0
3527,0,0.0,0.0,0.0,0.0,0,0
3534,0,0.0,0.0,0.0,0.0,0,0
3526,0,0.0,0.0,0.0,0.0,0,0
3525,0,0.0,0.0,0.0,0.0,0,0
3523,0,0.0,0.0,0.0,0.0,0,0
3532,0,0.0,0.0,0.0,0.0,0,0
3536,0,0.0,0.0,0.0,0.0,0,0
3539,0,0.0,0.0,0.0,0.0,0,0
3529,0,0.0,0.0,0.0,0.0,0,0
3531,0,0.0,0.0,0.0,0.0,0,0
3538,0,0.0,0.0,0.0,0.0,0,0
3540,0,0.0,0.0,0.0,0.0,0,0
3537,0,0.0,0.0,0.0,0.0,0,0
3535,0,0.0,0.0,0.0,0.0,0,0
3543,0,0.0,0.0,0.0,0.0,0,0
3492,0,0.0,0.0,0.0,0.0,0,0
3518,0,0.0,0.0,0.0,0.0,0,0
3513,0,0.0,0.0,0.0,0.0,0,0
3483,0,0.0,0.0,0.0,0.0,0,0
3511,0,0.0,0.0,0.0,0.0,0,0
3515,0,0.0,0.0,0.0,0.0,0,0
3496,0,0.0,0.0,0.0,0.0,0,0
3500,0,0.0,0.0,0.0,0.0,0,0
3485,0,0.0,0.0,0.0,0.0,0,0
3490,0,0.0,0.0,0.0,0.0,0,0
3521,0,0.0,0.0,0.0,0.0,0,0
3516,0,0.0,0.0,0.0,0.0,0,0
3505,0,0.0,0.0,0.0,0.0,0,0
3497,0,0.0,0.0,0.0,0.0,0,0
3489,0,0.0,0.0,0.0,0.0,0,0
3486,0,0.0,0.0,0.0,0.0,0,0
3519,0,0.0,0.0,0.0,0.0,0,0
3506,0,0.0,0.0,0.0,0.0,0,0
3508,0,0.0,0.0,0.0,0.0,0,0
3514,0,0.0,0.0,0.0,0.0,0,0
3484,0,0.0,0.0,0.0,0.0,0,0
3493,0,0.0,0.0,0.0,0.0,0,0
3498,0,0.0,0.0,0.0,0.0,0,0
3503,0,0.0,0.0,0.0,0.0,0,0
3510,0,0.0,0.0,0.0,0.0,0,0
3501,0,0.0,0.0,0.0,0.0,0,0
3499,0,0.0,0.0,0.0,0.0,0,0
3520,0,0.0,0.0,0.0,0.0,0,0
3517,0,0.0,0.0,0.0,0.0,0,0
3502,0,0.0,0.0,0.0,0.0,0,0
3512,0,0.0,0.0,0.0,0.0,0,0
3495,0,0.0,0.0,0.0,0.0,0,0
3507,0,0.0,0.0,0.0,0.0,0,0
3491,0,0.0,0.0,0.0,0.0,0,0
3487,0,0.0,0.0,0.0,0.0,0,0
3522,0,0.0,0.0,0.0,0.0,0,0
3488,0,0.0,0.0,0.0,0.0,0,0
3509,0,0.0,0.0,0.0,0.0,0,0
3504,0,0.0,0.0,0.0,0.0,0,0
3494,0,0.0,0.0,0.0,0.0,0,0
3478,0,0.0,0.0,0.0,0.0,0,0
3481,0,0.0,0.0,0.0,0.0,0,0
3479,0,0.0,0.0,0.0,0.0,0,0
3482,0,0.0,0.0,0.0,0.0,0,0
3480,0,0.0,0.0,0.0,0.0,0,0
3477,0,0.0,0.0,0.0,0.0,0,0
3474,0,0.0,0.0,0.0,0.0,0,0
3476,0,0.0,0.0,0.0,0.0,0,0
3475,0,0.0,0.0,0.0,0.0,0,0
3473,0,0.0,0.0,0.0,0.0,0,0
3469,0,0.0,0.0,0.0,0.0,0,0
3449,0,0.0,0.0,0.0,0.0,0,0
3450,0,0.0,0.0,0.0,0.0,0,0
3472,0,0.0,0.0,0.0,0.0,0,0
3462,0,0.0,0.0,0.0,0.0,0,0
3468,0,0.0,0.0,0.0,0.0,0,0
3461,0,0.0,0.0,0.0,0.0,0,0
3463,0,0.0,0.0,0.0,0.0,0,0
3447,0,0.0,0.0,0.0,0.0,0,0
3446,0,0.0,0.0,0.0,0.0,0,0
3460,0,0.0,0.0,0.0,0.0,0,0
3459,0,0.0,0.0,0.0,0.0,0,0
3448,0,0.0,0.0,0.0,0.0,0,0
3452,0,0.0,0.0,0.0,0.0,0,0
3456,0,0.0,0.0,0.0,0.0,0,0
3465,0,0.0,0.0,0.0,0.0,0,0
3455,0,0.0,0.0,0.0,0.0,0,0
3454,0,0.0,0.0,0.0,0.0,0,0
3457,0,0.0,0.0,0.0,0.0,0,0
3458,0,0.0,0.0,0.0,0.0,0,0
3466,0,0.0,0.0,0.0,0.0,0,0
3467,0,0.0,0.0,0.0,0.0,0,0
3464,0,0.0,0.0,0.0,0.0,0,0
3470,0,0.0,0.0,0.0,0.0,0,0
3471,0,0.0,0.0,0.0,0.0,0,0
3451,0,0.0,0.0,0.0,0.0,0,0
3453,0,0.0,0.0,0.0,0.0,0,0
3445,0,0.0,0.0,0.0,0.0,0,0
3437,0,0.0,0.0,0.0,0.0,0,0
3419,0,0.0,0.0,0.0,0.0,0,0
3420,0,0.0,0.0,0.0,0.0,0,0
3443,0,0.0,0.0,0.0,0.0,0,0
3415,0,0.0,0.0,0.0,0.0,0,0
3417,0,0.0,0.0,0.0,0.0,0,0
3424,0,0.0,0.0,0.0,0.0,0,0
3433,0,0.0,0.0,0.0,0.0,0,0
3428,0,0.0,0.0,0.0,0.0,0,0
3435,0,0.0,0.0,0.0,0.0,0,0
3442,0,0.0,0.0,0.0,0.0,0,0
3432,0,0.0,0.0,0.0,0.0,0,0
3440,0,0.0,0.0,0.0,0.0,0,0
3444,0,0.0,0.0,0.0,0.0,0,0
3416,0,0.0,0.0,0.0,0.0,0,0
3434,0,0.0,0.0,0.0,0.0,0,0
3431,0,0.0,0.0,0.0,0.0,0,0
3422,0,0.0,0.0,0.0,0.0,0,0
3430,0,0.0,0.0,0.0,0.0,0,0
3426,0,0.0,0.0,0.0,0.0,0,0
3425,0,0.0,0.0,0.0,0.0,0,0
3441,0,0.0,0.0,0.0,0.0,0,0
3429,0,0.0,0.0,0.0,0.0,0,0
3439,0,0.0,0.0,0.0,0.0,0,0
3414,0,0.0,0.0,0.0,0.0,0,0
3421,0,0.0,0.0,0.0,0.0,0,0
3427,0,0.0,0.0,0.0,0.0,0,0
3413,0,0.0,0.0,0.0,0.0,0,0
3438,0,0.0,0.0,0.0,0.0,0,0
3418,0,0.0,0.0,0.0,0.0,0,0
3423,0,0.0,0.0,0.0,0.0,0,0
3436,0,0.0,0.0,0.0,0.0,0,0
3405,0,0.0,0.0,0.0,0.0,0,0
3404,0,0.0,0.0,0.0,0.0,0,0
3412,0,0.0,0.0,0.0,0.0,0,0
3408,0,0.0,0.0,0.0,0.0,0,0
3403,0,0.0,0.0,0.0,0.0,0,0
3406,0,0.0,0.0,0.0,0.0,0,0
3411,0,0.0,0.0,0.0,0.0,0,0
3407,0,0.0,0.0,0.0,0.0,0,0
3409,0,0.0,0.0,0.0,0.0,0,0
3410,0,0.0,0.0,0.0,0.0,0,0
3335,0,0.0,0.0,0.0,0.0,0,0
3366,0,0.0,0.0,0.0,0.0,0,0
3399,0,0.0,0.0,0.0,0.0,0,0
3356,0,0.0,0.0,0.0,0.0,0,0
3344,0,0.0,0.0,0.0,0.0,0,0
3338,0,0.0,0.0,0.0,0.0,0,0
3370,0,0.0,0.0,0.0,0.0,0,0
3337,0,0.0,0.0,0.0,0.0,0,0
3322,0,0.0,0.0,0.0,0.0,0,0
3350,0,0.0,0.0,0.0,0.0,0,0
3324,0,0.0,0.0,0.0,0.0,0,0
3382,0,0.0,0.0,0.0,0.0,0,0
3343,0,0.0,0.0,0.0,0.0,0,0
3361,0,0.0,0.0,0.0,0.0,0,0
3377,0,0.0,0.0,0.0,0.0,0,0
3359,0,0.0,0.0,0.0,0.0,0,0
3376,0,0.0,0.0,0.0,0.0,0,0
3386,0,0.0,0.0,0.0,0.0,0,0
3389,0,0.0,0.0,0.0,0.0,0,0
3388,0,0.0,0.0,0.0,0.0,0,0
3319,0,0.0,0.0,0.0,0.0,0,0
3369,0,0.0,0.0,0.0,0.0,0,0
3355,0,0.0,0.0,0.0,0.0,0,0
3328,0,0.0,0.0,0.0,0.0,0,0
3327,0,0.0,0.0,0.0,0.0,0,0
3373,0,0.0,0.0,0.0,0.0,0,0
3381,0,0.0,0.0,0.0,0.0,0,0
3352,0,0.0,0.0,0.0,0.0,0,0
3372,0,0.0,0.0,0.0,0.0,0,0
3331,0,0.0,0.0,0.0,0.0,0,0
3330,0,0.0,0.0,0.0,0.0,0,0
3402,0,0.0,0.0,0.0,0.0,0,0
3379,0,0.0,0.0,0.0,0.0,0,0
3351,0,0.0,0.0,0.0,0.0,0,0
3375,0,0.0,0.0,0.0,0.0,0,0
3393,0,0.0,0.0,0.0,0.0,0,0
3374,0,0.0,0.0,0.0,0.0,0,0
3365,0,0.0,0.0,0.0,0.0,0,0
3318,0,0.0,0.0,0.0,0.0,0,0
3392,0,0.0,0.0,0.0,0.0,0,0
3378,0,0.0,0.0,0.0,0.0,0,0
3401,0,0.0,0.0,0.0,0.0,0,0
3364,0,0.0,0.0,0.0,0.0,0,0
3332,0,0.0,0.0,0.0,0.0,0,0
3387,0,0.0,0.0,0.0,0.0,0,0
3394,0,0.0,0.0,0.0,0.0,0,0
3353,0,0.0,0.0,0.0,0.0,0,0
3395,0,0.0,0.0,0.0,0.0,0,0
3323,0,0.0,0.0,0.0,0.0,0,0
3380,0,0.0,0.0,0.0,0.0,0,0
3357,0,0.0,0.0,0.0,0.0,0,0
3346,0,0.0,0.0,0.0,0.0,0,0
3400,0,0.0,0.0,0.0,0.0,0,0
3360,0,0.0,0.0,0.0,0.0,0,0
3326,0,0.0,0.0,0.0,0.0,0,0
3339,0,0.0,0.0,0.0,0.0,0,0
3383,0,0.0,0.0,0.0,0.0,0,0
3329,0,0.0,0.0,0.0,0.0,0,0
3367,0,0.0,0.0,0.0,0.0,0,0
3368,0,0.0,0.0,0.0,0.0,0,0
3398,0,0.0,0.0,0.0,0.0,0,0
3384,0,0.0,0.0,0.0,0.0,0,0
3341,0,0.0,0.0,0.0,0.0,0,0
3334,0,0.0,0.0,0.0,0.0,0,0
3396,0,0.0,0.0,0.0,0.0,0,0
3333,0,0.0,0.0,0.0,0.0,0,0
3391,0,0.0,0.0,0.0,0.0,0,0
3349,0,0.0,0.0,0.0,0.0,0,0
3363,0,0.0,0.0,0.0,0.0,0,0
3340,0,0.0,0.0,0.0,0.0,0,0
3320,0,0.0,0.0,0.0,0.0,0,0
3342,0,0.0,0.0,0.0,0.0,0,0
3354,0,0.0,0.0,0.0,0.0,0,0
3336,0,0.0,0.0,0.0,0.0,0,0
3325,0,0.0,0.0,0.0,0.0,0,0
3362,0,0.0,0.0,0.0,0.0,0,0
3358,0,0.0,0.0,0.0,0.0,0,0
3321,0,0.0,0.0,0.0,0.0,0,0
3347,0,0.0,0.0,0.0,0.0,0,0
3385,0,0.0,0.0,0.0,0.0,0,0
3397,0,0.0,0.0,0.0,0.0,0,0
3345,0,0.0,0.0,0.0,0.0,0,0
3371,0,0.0,0.0,0.0,0.0,0,0
3348,0,0.0,0.0,0.0,0.0,0,0
3390,0,0.0,0.0,0.0,0.0,0,0
3316,0,0.0,0.0,0.0,0.0,0,0
3293,0,0.0,0.0,0.0,0.0,0,0
3306,0,0.0,0.0,0.0,0.0,0,0
3286,0,0.0,0.0,0.0,0.0,0,0
3289,0,0.0,0.0,0.0,0.0,0,0
3280,0,0.0,0.0,0.0,0.0,0,0
3305,0,0.0,0.0,0.0,0.0,0,0
3294,0,0.0,0.0,0.0,0.0,0,0
3308,0,0.0,0.0,0.0,0.0,0,0
3284,0,0.0,0.0,0.0,0.0,0,0
3309,0,0.0,0.0,0.0,0.0,0,0
3312,0,0.0,0.0,0.0,0.0,0,0
3296,0,0.0,0.0,0.0,0.0,0,0
3300,0,0.0,0.0,0.0,0.0,0,0
3313,0,0.0,0.0,0.0,0.0,0,0
3315,0,0.0,0.0,0.0,0.0,0,0
3298,0,0.0,0.0,0.0,0.0,0,0
3317,0,0.0,0.0,0.0,0.0,0,0
3304,0,0.0,0.0,0.0,0.0,0,0
3290,0,0.0,0.0,0.0,0.0,0,0
3287,0,0.0,0.0,0.0,0.0,0,0
3301,0,0.0,0.0,0.0,0.0,0,0
3279,0,0.0,0.0,0.0,0.0,0,0
3292,0,0.0,0.0,0.0,0.0,0,0
3283,0,0.0,0.0,0.0,0.0,0,0
3310,0,0.0,0.0,0.0,0.0,0,0
3302,0,0.0,0.0,0.0,0.0,0,0
3295,0,0.0,0.0,0.0,0.0,0,0
3278,0,0.0,0.0,0.0,0.0,0,0
3299,0,0.0,0.0,0.0,0.0,0,0
3307,0,0.0,0.0,0.0,0.0,0,0
3303,0,0.0,0.0,0.0,0.0,0,0
3285,0,0.0,0.0,0.0,0.0,0,0
3281,0,0.0,0.0,0.0,0.0,0,0
3282,0,0.0,0.0,0.0,0.0,0,0
3288,0,0.0,0.0,0.0,0.0,0,0
3291,0,0.0,0.0,0.0,0.0,0,0
3311,0,0.0,0.0,0.0,0.0,0,0
3314,0,0.0,0.0,0.0,0.0,0,0
3297,0,0.0,0.0,0.0,0.0,0,0
3277,0,0.0,0.0,0.0,0.0,0,0
3276,0,0.0,0.0,0.0,0.0,0,0
3274,0,0.0,0.0,0.0,0.0,0,0
3273,0,0.0,0.0,0.0,0.0,0,0
3272,0,0.0,0.0,0.0,0.0,0,0
3275,0,0.0,0.0,0.0,0.0,0,0
3271,0,0.0,0.0,0.0,0.0,0,0
3266,0,0.0,0.0,0.0,0.0,0,0
3270,0,0.0,0.0,0.0,0.0,0,0
3269,0,0.0,0.0,0.0,0.0,0,0
3267,0,0.0,0.0,0.0,0.0,0,0
3268,0,0.0,0.0,0.0,0.0,0,0
3265,0,0.0,0.0,0.0,0.0,0,0
3249,0,0.0,0.0,0.0,0.0,0,0
3248,0,0.0,0.0,0.0,0.0,0,0
3256,0,0.0,0.0,0.0,0.0,0,0
3251,0,0.0,0.0,0.0,0.0,0,0
3264,0,0.0,0.0,0.0,0.0,0,0
3257,0,0.0,0.0,0.0,0.0,0,0
3260,0,0.0,0.0,0.0,0.0,0,0
3253,0,0.0,0.0,0.0,0.0,0,0
3259,0,0.0,0.0,0.0,0.0,0,0
3262,0,0.0,0.0,0.0,0.0,0,0
3261,0,0.0,0.0,0.0,0.0,0,0
3263,0,0.0,0.0,0.0,0.0,0,0
3252,0,0.0,0.0,0.0,0.0,0,0
3258,0,0.0,0.0,0.0,0.0,0,0
3255,0,0.0,0.0,0.0,0.0,0,0
3247,0,0.0,0.0,0.0,0.0,0,0
3250,0,0.0,0.0,0.0,0.0,0,0
3254,0,0.0,0.0,0.0,0.0,0,0
3245,0,0.0,0.0,0.0,0.0,0,0
3246,0,0.0,0.0,0.0,0.0,0,0
3242,0,0.0,0.0,0.0,0.0,0,0
3243,0,0.0,0.0,0.0,0.0,0,0
3241,0,0.0,0.0,0.0,0.0,0,0
3240,0,0.0,0.0,0.0,0.0,0,0
3239,0,0.0,0.0,0.0,0.0,0,0
3244,0,0.0,0.0,0.0,0.0,0,0
3237,0,0.0,0.0,0.0,0.0,0,0
3236,0,0.0,0.0,0.0,0.0,0,0
3238,0,0.0,0.0,0.0,0.0,0,0
3234,0,0.0,0.0,0.0,0.0,0,0
3233,0,0.0,0.0,0.0,0.0,0,0
3235,0,0.0,0.0,0.0,0.0,0,0
3232,0,0.0,0.0,0.0,0.0,0,0
3231,0,0.0,0.0,0.0,0.0,0,0
3229,0,0.0,0.0,0.0,0.0,0,0
3225,0,0.0,0.0,0.0,0.0,0,0
3230,0,0.0,0.0,0.0,0.0,0,0
3227,0,0.0,0.0,0.0,0.0,0,0
3228,0,0.0,0.0,0.0,0.0,0,0
3226,0,0.0,0.0,0.0,0.0,0,0
3220,0,0.0,0.0,0.0,0.0,0,0
3215,0,0.0,0.0,0.0,0.0,0,0
3224,0,0.0,0.0,0.0,0.0,0,0
3196,0,0.0,0.0,0.0,0.0,0,0
3200,0,0.0,0.0,0.0,0.0,0,0
3214,0,0.0,0.0,0.0,0.0,0,0
3193,0,0.0,0.0,0.0,0.0,0,0
3223,0,0.0,0.0,0.0,0.0,0,0
3212,0,0.0,0.0,0.0,0.0,0,0
3210,0,0.0,0.0,0.0,0.0,0,0
3211,0,0.0,0.0,0.0,0.0,0,0
3195,0,0.0,0.0,0.0,0.0,0,0
3201,0,0.0,0.0,0.0,0.0,0,0
3202,0,0.0,0.0,0.0,0.0,0,0
3198,0,0.0,0.0,0.0,0.0,0,0
3207,0,0.0,0.0,0.0,0.0,0,0
3222,0,0.0,0.0,0.0,0.0,0,0
3192,0,0.0,0.0,0.0,0.0,0,0
3221,0,0.0,0.0,0.0,0.0,0,0
3206,0,0.0,0.0,0.0,0.0,0,0
3208,0,0.0,0.0,0.0,0.0,0,0
3217,0,0.0,0.0,0.0,0.0,0,0
3194,0,0.0,0.0,0.0,0.0,0,0
3213,0,0.0,0.0,0.0,0.0,0,0
3219,0,0.0,0.0,0.0,0.0,0,0
3197,0,0.0,0.0,0.0,0.0,0,0
3199,0,0.0,0.0,0.0,0.0,0,0
3216,0,0.0,0.0,0.0,0.0,0,0
3204,0,0.0,0.0,0.0,0.0,0,0
3203,0,0.0,0.0,0.0,0.0,0,0
3209,0,0.0,0.0,0.0,0.0,0,0
3218,0,0.0,0.0,0.0,0.0,0,0
3205,0,0.0,0.0,0.0,0.0,0,0
3190,0,0.0,0.0,0.0,0.0,0,0
3189,0,0.0,0.0,0.0,0.0,0,0
3191,0,0.0,0.0,0.0,0.0,0,0
3187,0,0.0,0.0,0.0,0.0,0,0
3186,0,0.0,0.0,0.0,0.0,0,0
3188,0,0.0,0.0,0.0,0.0,0,0
3185,0,0.0,0.0,0.0,0.0,0,0
3184,0,0.0,0.0,0.0,0.0,0,0
3183,0,0.0,0.0,0.0,0.0,0,0
3182,0,0.0,0.0,0.0,0.0,0,0
3181,0,0.0,0.0,0.0,0.0,0,0
3180,0,0.0,0.0,0.0,0.0,0,0
3163,0,0.0,0.0,0.0,0.0,0,0
3173,0,0.0,0.0,0.0,0.0,0,0
3165,0,0.0,0.0,0.0,0.0,0,0
3162,0,0.0,0.0,0.0,0.0,0,0
3161,0,0.0,0.0,0.0,0.0,0,0
3158,0,0.0,0.0,0.0,0.0,0,0
3174,0,0.0,0.0,0.0,0.0,0,0
3179,0,0.0,0.0,0.0,0.0,0,0
3164,0,0.0,0.0,0.0,0.0,0,0
3172,0,0.0,0.0,0.0,0.0,0,0
3170,0,0.0,0.0,0.0,0.0,0,0
3167,0,0.0,0.0,0.0,0.0,0,0
3156,0,0.0,0.0,0.0,0.0,0,0
3155,0,0.0,0.0,0.0,0.0,0,0
3176,0,0.0,0.0,0.0,0.0,0,0
3168,0,0.0,0.0,0.0,0.0,0,0
3166,0,0.0,0.0,0.0,0.0,0,0
3160,0,0.0,0.0,0.0,0.0,0,0
3177,0,0.0,0.0,0.0,0.0,0,0
3169,0,0.0,0.0,0.0,0.0,0,0
3159,0,0.0,0.0,0.0,0.0,0,0
3175,0,0.0,0.0,0.0,0.0,0,0
3178,0,0.0,0.0,0.0,0.0,0,0
3157,0,0.0,0.0,0.0,0.0,0,0
3171,0,0.0,0.0,0.0,0.0,0,0
3150,0,0.0,0.0,0.0,0.0,0,0
3153,0,0.0,0.0,0.0,0.0,0,0
3154,0,0.0,0.0,0.0,0.0,0,0
3152,0,0.0,0.0,0.0,0.0,0,0
3151,0,0.0,0.0,0.0,0.0,0,0
3147,0,0.0,0.0,0.0,0.0,0,0
3148,0,0.0,0.0,0.0,0.0,0,0
3149,0,0.0,0.0,0.0,0.0,0,0
3144,0,0.0,0.0,0.0,0.0,0,0
3146,0,0.0,0.0,0.0,0.0,0,0
3145,0,0.0,0.0,0.0,0.0,0,0
3140,0,0.0,0.0,0.0,0.0,0,0
3139,0,0.0,0.0,0.0,0.0,0,0
3137,0,0.0,0.0,0.0,0.0,0,0
3143,0,0.0,0.0,0.0,0.0,0,0
3141,0,0.0,0.0,0.0,0.0,0,0
3138,0,0.0,0.0,0.0,0.0,0,0
3136,0,0.0,0.0,0.0,0.0,0,0
3142,0,0.0,0.0,0.0,0.0,0,0
3135,0,0.0,0.0,0.0,0.0,0,0
3134,0,0.0,0.0,0.0,0.0,0,0
3131,0,0.0,0.0,0.0,0.0,0,0
3132,0,0.0,0.0,0.0,0.0,0,0
3130,0,0.0,0.0,0.0,0.0,0,0
3133,0,0.0,0.0,0.0,0.0,0,0
3128,0,0.0,0.0,0.0,0.0,0,0
3127,0,0.0,0.0,0.0,0.0,0,0
3129,0,0.0,0.0,0.0,0.0,0,0
3126,0,0.0,0.0,0.0,0.0,0,0
3120,0,0.0,0.0,0.0,0.0,0,0
3125,0,0.0,0.0,0.0,0.0,0,0
3121,0,0.0,0.0,0.0,0.0,0,0
3123,0,0.0,0.0,0.0,0.0,0,0
3124,0,0.0,0.0,0.0,0.0,0,0
3122,0,0.0,0.0,0.0,0.0,0,0
3116,0,0.0,0.0,0.0,0.0,0,0
3117,0,0.0,0.0,0.0,0.0,0,0
3115,0,0.0,0.0,0.0,0.0,0,0
3119,0,0.0,0.0,0.0,0.0,0,0
3118,0,0.0,0.0,0.0,0.0,0,0
3103,0,0.0,0.0,0.0,0.0,0,0
3105,0,0.0,0.0,0.0,0.0,0,0
3109,0,0.0,0.0,0.0,0.0,0,0
3107,0,0.0,0.0,0.0,0.0,0,0
3113,0,0.0,0.0,0.0,0.0,0,0
3114,0,0.0,0.0,0.0,0.0,0,0
3111,0,0.0,0.0,0.0,0.0,0,0
3110,0,0.0,0.0,0.0,0.0,0,0
3112,0,0.0,0.0,0.0,0.0,0,0
3108,0,0.0,0.0,0.0,0.0,0,0
3106,0,0.0,0.0,0.0,0.0,0,0
3102,0,0.0,0.0,0.0,0.0,0,0
3104,0,0.0,0.0,0.0,0.0,0,0
3101,0,0.0,0.0,0.0,0.0,0,0
3100,0,0.0,0.0,0.0,0.0,0,0
3099,0,0.0,0.0,0.0,0.0,0,0
3098,0,0.0,0.0,0.0,0.0,0,0
3091,0,0.0,0.0,0.0,0.0,0,0
3088,0,0.0,0.0,0.0,0.0,0,0
3092,0,0.0,0.0,0.0,0.0,0,0
3090,0,0.0,0.0,0.0,0.0,0,0
3097,0,0.0,0.0,0.0,0.0,0,0
3096,0,0.0,0.0,0.0,0.0,0,0
3087,0,0.0,0.0,0.0,0.0,0,0
3093,0,0.0,0.0,0.0,0.0,0,0
3089,0,0.0,0.0,0.0,0.0,0,0
3094,0,0.0,0.0,0.0,0.0,0,0
3095,0,0.0,0.0,0.0,0.0,0,0
3086,0,0.0,0.0,0.0,0.0,0,0
3085,0,0.0,0.0,0.0,0.0,0,0
3082,0,0.0,0.0,0.0,0.0,0,0
3072,0,0.0,0.0,0.0,0.0,0,0
3066,0,0.0,0.0,0.0,0.0,0,0
3079,0,0.0,0.0,0.0,0.0,0,0
3071,0,0.0,0.0,0.0,0.0,0,0
3074,0,0.0,0.0,0.0,0.0,0,0
3081,0,0.0,0.0,0.0,0.0,0,0
3070,0,0.0,0.0,0.0,0.0,0,0
3080,0,0.0,0.0,0.0,0.0,0,0
3073,0,0.0,0.0,0.0,0.0,0,0
3069,0,0.0,0.0,0.0,0.0,0,0
3067,0,0.0,0.0,0.0,0.0,0,0
3083,0,0.0,0.0,0.0,0.0,0,0
3075,0,0.0,0.0,0.0,0.0,0,0
3077,0,0.0,0.0,0.0,0.0,0,0
3084,0,0.0,0.0,0.0,0.0,0,0
3068,0,0.0,0.0,0.0,0.0,0,0
3076,0,0.0,0.0,0.0,0.0,0,0
3078,0,0.0,0.0,0.0,0.0,0,0
3065,0,0.0,0.0,0.0,0.0,0,0
3063,0,0.0,0.0,0.0,0.0,0,0
3064,0,0.0,0.0,0.0,0.0,0,0
3053,0,0.0,0.0,0.0,0.0,0,0
3057,0,0.0,0.0,0.0,0.0,0,0
3058,0,0.0,0.0,0.0,0.0,0,0
3055,0,0.0,0.0,0.0,0.0,0,0
3051,0,0.0,0.0,0.0,0.0,0,0
3046,0,0.0,0.0,0.0,0.0,0,0
3049,0,0.0,0.0,0.0,0.0,0,0
3054,0,0.0,0.0,0.0,0.0,0,0
3052,0,0.0,0.0,0.0,0.0,0,0
3061,0,0.0,0.0,0.0,0.0,0,0
3062,0,0.0,0.0,0.0,0.0,0,0
3047,0,0.0,0.0,0.0,0.0,0,0
3048,0,0.0,0.0,0.0,0.0,0,0
3059,0,0.0,0.0,0.0,0.0,0,0
3056,0,0.0,0.0,0.0,0.0,0,0
3060,0,0.0,0.0,0.0,0.0,0,0
3050,0,0.0,0.0,0.0,0.0,0,0
3040,0,0.0,0.0,0.0,0.0,0,0
3033,0,0.0,0.0,0.0,0.0,0,0
3031,0,0.0,0.0,0.0,0.0,0,0
3043,0,0.0,0.0,0.0,0.0,0,0
3030,0,0.0,0.0,0.0,0.0,0,0
3035,0,0.0,0.0,0.0,0.0,0,0
3041,0,0.0,0.0,0.0,0.0,0,0
3042,0,0.0,0.0,0.0,0.0,0,0
3037,0,0.0,0.0,0.0,0.0,0,0
3034,0,0.0,0.0,0.0,0.0,0,0
3036,0,0.0,0.0,0.0,0.0,0,0
3044,0,0.0,0.0,0.0,0.0,0,0
3032,0,0.0,0.0,0.0,0.0,0,0
3038,0,0.0,0.0,0.0,0.0,0,0
3039,0,0.0,0.0,0.0,0.0,0,0
3045,0,0.0,0.0,0.0,0.0,0,0
3029,0,0.0,0.0,0.0,0.0,0,0
3025,0,0.0,0.0,0.0,0.0,0,0
3020,0,0.0,0.0,0.0,0.0,0,0
3018,0,0.0,0.0,0.0,0.0,0,0
3017,0,0.0,0.0,0.0,0.0,0,0
3015,0,0.0,0.0,0.0,0.0,0,0
3021,0,0.0,0.0,0.0,0.0,0,0
3022,0,0.0,0.0,0.0,0.0,0,0
3027,0,0.0,0.0,0.0,0.0,0,0
3019,0,0.0,0.0,0.0,0.0,0,0
3016,0,0.0,0.0,0.0,0.0,0,0
3024,0,0.0,0.0,0.0,0.0,0,0
3023,0,0.0,0.0,0.0,0.0,0,0
3026,0,0.0,0.0,0.0,0.0,0,0
3028,0,0.0,0.0,0.0,0.0,0,0
3002,0,0.0,0.0,0.0,0.0,0,0
3001,0,0.0,0.0,0.0,0.0,0,0
3006,0,0.0,0.0,0.0,0.0,0,0
3010,0,0.0,0.0,0.0,0.0,0,0
3012,0,0.0,0.0,0.0,0.0,0,0
3004,0,0.0,0.0,0.0,0.0,0,0
3007,0,0.0,0.0,0.0,0.0,0,0
3013,0,0.0,0.0,0.0,0.0,0,0
3003,0,0.0,0.0,0.0,0.0,0,0
3005,0,0.0,0.0,0.0,0.0,0,0
3009,0,0.0,0.0,0.0,0.0,0,0
3011,0,0.0,0.0,0.0,0.0,0,0
3008,0,0.0,0.0,0.0,0.0,0,0
3014,0,0.0,0.0,0.0,0.0,0,0
2999,0,0.0,0.0,0.0,0.0,0,0
3000,0,0.0,0.0,0.0,0.0,0,0
2992,0,0.0,0.0,0.0,0.0,0,0
2997,0,0.0,0.0,0.0,0.0,0,0
2993,0,0.0,0.0,0.0,0.0,0,0
2995,0,0.0,0.0,0.0,0.0,0,0
2994,0,0.0,0.0,0.0,0.0,0,0
2998,0,0.0,0.0,0.0,0.0,0,0
2996,0,0.0,0.0,0.0,0.0,0,0
2968,0,0.0,0.0,0.0,0.0,0,0
2974,0,0.0,0.0,0.0,0.0,0,0
2984,0,0.0,0.0,0.0,0.0,0,0
2989,0,0.0,0.0,0.0,0.0,0,0
2976,0,0.0,0.0,0.0,0.0,0,0
2987,0,0.0,0.0,0.0,0.0,0,0
2986,0,0.0,0.0,0.0,0.0,0,0
2988,0,0.0,0.0,0.0,0.0,0,0
2969,0,0.0,0.0,0.0,0.0,0,0
2981,0,0.0,0.0,0.0,0.0,0,0
2977,0,0.0,0.0,0.0,0.0,0,0
2975,0,0.0,0.0,0.0,0.0,0,0
2971,0,0.0,0.0,0.0,0.0,0,0
2982,0,0.0,0.0,0.0,0.0,0,0
2972,0,0.0,0.0,0.0,0.0,0,0
2990,0,0.0,0.0,0.0,0.0,0,0
2978,0,0.0,0.0,0.0,0.0,0,0
2973,0,0.0,0.0,0.0,0.0,0,0
2970,0,0.0,0.0,0.0,0.0,0,0
2985,0,0.0,0.0,0.0,0.0,0,0
2991,0,0.0,0.0,0.0,0.0,0,0
2983,0,0.0,0.0,0.0,0.0,0,0
2979,0,0.0,0.0,0.0,0.0,0,0
2980,0,0.0,0.0,0.0,0.0,0,0
2967,0,0.0,0.0,0.0,0.0,0,0
2966,0,0.0,0.0,0.0,0.0,0,0
2962,0,0.0,0.0,0.0,0.0,0,0
2960,0,0.0,0.0,0.0,0.0,0,0
2965,0,0.0,0.0,0.0,0.0,0,0
2964,0,0.0,0.0,0.0,0.0,0,0
2961,0,0.0,0.0,0.0,0.0,0,0
2963,0,0.0,0.0,0.0,0.0,0,0
2958,0,0.0,0.0,0.0,0.0,0,0
2957,0,0.0,0.0,0.0,0.0,0,0
2959,0,0.0,0.0,0.0,0.0,0,0
2956,0,0.0,0.0,0.0,0.0,0,0
2954,0,0.0,0.0,0.0,0.0,0,0
2953,0,0.0,0.0,0.0,0.0,0,0
2955,0,0.0,0.0,0.0,0.0,0,0
2950,0,0.0,0.0,0.0,0.0,0,0
2949,0,0.0,0.0,0.0,0.0,0,0
2943,0,0.0,0.0,0.0,0.0,0,0
2948,0,0.0,0.0,0.0,0.0,0,0
2946,0,0.0,0.0,0.0,0.0,0,0
2944,0,0.0,0.0,0.0,0.0,0,0
2942,0,0.0,0.0,0.0,0.0,0,0
2952,0,0.0,0.0,0.0,0.0,0,0
2945,0,0.0,0.0,0.0,0.0,0,0
2947,0,0.0,0.0,0.0,0.0,0,0
2951,0,0.0,0.0,0.0,0.0,0,0
2941,0,0.0,0.0,0.0,0.0,0,0
2940,0,0.0,0.0,0.0,0.0,0,0
2938,0,0.0,0.0,0.0,0.0,0,0
2936,0,0.0,0.0,0.0,0.0,0,0
2939,0,0.0,0.0,0.0,0.0,0,0
2937,0,0.0,0.0,0.0,0.0,0,0
2935,0,0.0,0.0,0.0,0.0,0,0
2934,0,0.0,0.0,0.0,0.0,0,0
2933,0,0.0,0.0,0.0,0.0,0,0
2931,0,0.0,0.0,0.0,0.0,0,0
2932,0,0.0,0.0,0.0,0.0,0,0
2928,0,0.0,0.0,0.0,0.0,0,0
2926,0,0.0,0.0,0.0,0.0,0,0
2930,0,0.0,0.0,0.0,0.0,0,0
2923,0,0.0,0.0,0.0,0.0,0,0
2929,0,0.0,0.0,0.0,0.0,0,0
2925,0,0.0,0.0,0.0,0.0,0,0
2924,0,0.0,0.0,0.0,0.0,0,0
2927,0,0.0,0.0,0.0,0.0,0,0
2922,0,0.0,0.0,0.0,0.0,0,0
2916,0,0.0,0.0,0.0,0.0,0,0
2918,0,0.0,0.0,0.0,0.0,0,0
2919,0,0.0,0.0,0.0,0.0,0,0
2920,0,0.0,0.0,0.0,0.0,0,0
2921,0,0.0,0.0,0.0,0.0,0,0
2917,0,0.0,0.0,0.0,0.0,0,0
2914,0,0.0,0.0,0.0,0.0,0,0
2915,0,0.0,0.0,0.0,0.0,0,0
2913,0,0.0,0.0,0.0,0.0,0,0
2912,0,0.0,0.0,0.0,0.0,0,0
2888,0,0.0,0.0,0.0,0.0,0,0
2908,0,0.0,0.0,0.0,0.0,0,0
2887,0,0.0,0.0,0.0,0.0,0,0
2905,0,0.0,0.0,0.0,0.0,0,0
2899,0,0.0,0.0,0.0,0.0,0,0
2890,0,0.0,0.0,0.0,0.0,0,0
2885,0,0.0,0.0,0.0,0.0,0,0
2898,0,0.0,0.0,0.0,0.0,0,0
2884,0,0.0,0.0,0.0,0.0,0,0
2903,0,0.0,0.0,0.0,0.0,0,0
2892,0,0.0,0.0,0.0,0.0,0,0
2896,0,0.0,0.0,0.0,0.0,0,0
2909,0,0.0,0.0,0.0,0.0,0,0
2900,0,0.0,0.0,0.0,0.0,0,0
2904,0,0.0,0.0,0.0,0.0,0,0
2897,0,0.0,0.0,0.0,0.0,0,0
2911,0,0.0,0.0,0.0,0.0,0,0
2893,0,0.0,0.0,0.0,0.0,0,0
2895,0,0.0,0.0,0.0,0.0,0,0
2906,0,0.0,0.0,0.0,0.0,0,0
2901,0,0.0,0.0,0.0,0.0,0,0
2889,0,0.0,0.0,0.0,0.0,0,0
2894,0,0.0,0.0,0.0,0.0,0,0
2886,0,0.0,0.0,0.0,0.0,0,0
2891,0,0.0,0.0,0.0,0.0,0,0
2910,0,0.0,0.0,0.0,0.0,0,0
2907,0,0.0,0.0,0.0,0.0,0,0
2902,0,0.0,0.0,0.0,0.0,0,0
2883,0,0.0,0.0,0.0,0.0,0,0
2882,0,0.0,0.0,0.0,0.0,0,0
2880,0,0.0,0.0,0.0,0.0,0,0
2878,0,0.0,0.0,0.0,0.0,0,0
2881,0,0.0,0.0,0.0,0.0,0,0
2879,0,0.0,0.0,0.0,0.0,0,0
2876,0,0.0,0.0,0.0,0.0,0,0
2877,0,0.0,0.0,0.0,0.0,0,0
2868,0,0.0,0.0,0.0,0.0,0,0
2874,0,0.0,0.0,0.0,0.0,0,0
2873,0,0.0,0.0,0.0,0.0,0,0
2871,0,0.0,0.0,0.0,0.0,0,0
2870,0,0.0,0.0,0.0,0.0,0,0
2867,0,0.0,0.0,0.0,0.0,0,0
2875,0,0.0,0.0,0.0,0.0,0,0
2869,0,0.0,0.0,0.0,0.0,0,0
2872,0,0.0,0.0,0.0,0.0,0,0
2865,0,0.0,0.0,0.0,0.0,0,0
2866,0,0.0,0.0,0.0,0.0,0,0
2864,0,0.0,0.0,0.0,0.0,0,0
2862,0,0.0,0.0,0.0,0.0,0,0
2863,0,0.0,0.0,0.0,0.0,0,0
2861,0,0.0,0.0,0.0,0.0,0,0
2852,0,0.0,0.0,0.0,0.0,0,0
2857,0,0.0,0.0,0.0,0.0,0,0
2854,0,0.0,0.0,0.0,0.0,0,0
2856,0,0.0,0.0,0.0,0.0,0,0
2860,0,0.0,0.0,0.0,0.0,0,0
2853,0,0.0,0.0,0.0,0.0,0,0
2859,0,0.0,0.0,0.0,0.0,0,0
2855,0,0.0,0.0,0.0,0.0,0,0
2858,0,0.0,0.0,0.0,0.0,0,0
2851,0,0.0,0.0,0.0,0.0,0,0
2848,0,0.0,0.0,0.0,0.0,0,0
2850,0,0.0,0.0,0.0,0.0,0,0
2849,0,0.0,0.0,0.0,0.0,0,0
2839,0,0.0,0.0,0.0,0.0,0,0
2834,0,0.0,0.0,0.0,0.0,0,0
2836,0,0.0,0.0,0.0,0.0,0,0
2843,0,0.0,0.0,0.0,0.0,0,0
2837,0,0.0,0.0,0.0,0.0,0,0
2829,0,0.0,0.0,0.0,0.0,0,0
2847,0,0.0,0.0,0.0,0.0,0,0
2840,0,0.0,0.0,0.0,0.0,0,0
2833,0,0.0,0.0,0.0,0.0,0,0
2838,0,0.0,0.0,0.0,0.0,0,0
2831,0,0.0,0.0,0.0,0.0,0,0
2842,0,0.0,0.0,0.0,0.0,0,0
2832,0,0.0,0.0,0.0,0.0,0,0
2841,0,0.0,0.0,0.0,0.0,0,0
2828,0,0.0,0.0,0.0,0.0,0,0
2846,0,0.0,0.0,0.0,0.0,0,0
2835,0,0.0,0.0,0.0,0.0,0,0
2844,0,0.0,0.0,0.0,0.0,0,0
2845,0,0.0,0.0,0.0,0.0,0,0
2830,0,0.0,0.0,0.0,0.0,0,0
2826,0,0.0,0.0,0.0,0.0,0,0
2827,0,0.0,0.0,0.0,0.0,0,0
2825,0,0.0,0.0,0.0,0.0,0,0
2824,0,0.0,0.0,0.0,0.0,0,0
2823,0,0.0,0.0,0.0,0.0,0,0
2820,0,0.0,0.0,0.0,0.0,0,0
2822,0,0.0,0.0,0.0,0.0,0,0
2821,0,0.0,0.0,0.0,0.0,0,0
2819,0,0.0,0.0,0.0,0.0,0,0
2818,0,0.0,0.0,0.0,0.0,0,0
2817,0,0.0,0.0,0.0,0.0,0,0
2816,0,0.0,0.0,0.0,0.0,0,0
2809,0,0.0,0.0,0.0,0.0,0,0
2808,0,0.0,0.0,0.0,0.0,0,0
2799,0,0.0,0.0,0.0,0.0,0,0
2810,0,0.0,0.0,0.0,0.0,0,0
2815,0,0.0,0.0,0.0,0.0,0,0
2802,0,0.0,0.0,0.0,0.0,0,0
2805,0,0.0,0.0,0.0,0.0,0,0
2795,0,0.0,0.0,0.0,0.0,0,0
2801,0,0.0,0.0,0.0,0.0,0,0
2796,0,0.0,0.0,0.0,0.0,0,0
2797,0,0.0,0.0,0.0,0.0,0,0
2798,0,0.0,0.0,0.0,0.0,0,0
2811,0,0.0,0.0,0.0,0.0,0,0
2813,0,0.0,0.0,0.0,0.0,0,0
2806,0,0.0,0.0,0.0,0.0,0,0
2814,0,0.0,0.0,0.0,0.0,0,0
2800,0,0.0,0.0,0.0,0.0,0,0
2803,0,0.0,0.0,0.0,0.0,0,0
2807,0,0.0,0.0,0.0,0.0,0,0
2812,0,0.0,0.0,0.0,0.0,0,0
2804,0,0.0,0.0,0.0,0.0,0,0
2790,0,0.0,0.0,0.0,0.0,0,0
2777,0,0.0,0.0,0.0,0.0,0,0
2791,0,0.0,0.0,0.0,0.0,0,0
2787,0,0.0,0.0,0.0,0.0,0,0
2779,0,0.0,0.0,0.0,0.0,0,0
2792,0,0.0,0.0,0.0,0.0,0,0
2794,0,0.0,0.0,0.0,0.0,0,0
2789,0,0.0,0.0,0.0,0.0,0,0
2778,0,0.0,0.0,0.0,0.0,0,0
2782,0,0.0,0.0,0.0,0.0,0,0
2785,0,0.0,0.0,0.0,0.0,0,0
2780,0,0.0,0.0,0.0,0.0,0,0
2784,0,0.0,0.0,0.0,0.0,0,0
2783,0,0.0,0.0,0.0,0.0,0,0
2786,0,0.0,0.0,0.0,0.0,0,0
2775,0,0.0,0.0,0.0,0.0,0,0
2793,0,0.0,0.0,0.0,0.0,0,0
2776,0,0.0,0.0,0.0,0.0,0,0
2788,0,0.0,0.0,0.0,0.0,0,0
2781,0,0.0,0.0,0.0,0.0,0,0
2755,0,0.0,0.0,0.0,0.0,0,0
2769,0,0.0,0.0,0.0,0.0,0,0
2751,0,0.0,0.0,0.0,0.0,0,0
2761,0,0.0,0.0,0.0,0.0,0,0
2766,0,0.0,0.0,0.0,0.0,0,0
2773,0,0.0,0.0,0.0,0.0,0,0
2767,0,0.0,0.0,0.0,0.0,0,0
2757,0,0.0,0.0,0.0,0.0,0,0
2758,0,0.0,0.0,0.0,0.0,0,0
2756,0,0.0,0.0,0.0,0.0,0,0
2771,0,0.0,0.0,0.0,0.0,0,0
2770,0,0.0,0.0,0.0,0.0,0,0
2754,0,0.0,0.0,0.0,0.0,0,0
2750,0,0.0,0.0,0.0,0.0,0,0
2762,0,0.0,0.0,0.0,0.0,0,0
2753,0,0.0,0.0,0.0,0.0,0,0
2759,0,0.0,0.0,0.0,0.0,0,0
2752,0,0.0,0.0,0.0,0.0,0,0
2749,0,0.0,0.0,0.0,0.0,0,0
2764,0,0.0,0.0,0.0,0.0,0,0
2760,0,0.0,0.0,0.0,0.0,0,0
2768,0,0.0,0.0,0.0,0.0,0,0
2772,0,0.0,0.0,0.0,0.0,0,0
2765,0,0.0,0.0,0.0,0.0,0,0
2763,0,0.0,0.0,0.0,0.0,0,0
2774,0,0.0,0.0,0.0,0.0,0,0
2748,0,0.0,0.0,0.0,0.0,0,0
2743,0,0.0,0.0,0.0,0.0,0,0
2727,0,0.0,0.0,0.0,0.0,0,0
2733,0,0.0,0.0,0.0,0.0,0,0
2730,0,0.0,0.0,0.0,0.0,0,0
2747,0,0.0,0.0,0.0,0.0,0,0
2734,0,0.0,0.0,0.0,0.0,0,0
2729,0,0.0,0.0,0.0,0.0,0,0
2745,0,0.0,0.0,0.0,0.0,0,0
2738,0,0.0,0.0,0.0,0.0,0,0
2731,0,0.0,0.0,0.0,0.0,0,0
2739,0,0.0,0.0,0.0,0.0,0,0
2737,0,0.0,0.0,0.0,0.0,0,0
2735,0,0.0,0.0,0.0,0.0,0,0
2741,0,0.0,0.0,0.0,0.0,0,0
2744,0,0.0,0.0,0.0,0.0,0,0
2728,0,0.0,0.0,0.0,0.0,0,0
2736,0,0.0,0.0,0.0,0.0,0,0
2732,0,0.0,0.0,0.0,0.0,0,0
2742,0,0.0,0.0,0.0,0.0,0,0
2740,0,0.0,0.0,0.0,0.0,0,0
2726,0,0.0,0.0,0.0,0.0,0,0
2746,0,0.0,0.0,0.0,0.0,0,0
2719,0,0.0,0.0,0.0,0.0,0,0
2723,0,0.0,0.0,0.0,0.0,0,0
2716,0,0.0,0.0,0.0,0.0,0,0
2721,0,0.0,0.0,0.0,0.0,0,0
2718,0,0.0,0.0,0.0,0.0,0,0
2717,0,0.0,0.0,0.0,0.0,0,0
2725,0,0.0,0.0,0.0,0.0,0,0
2722,0,0.0,0.0,0.0,0.0,0,0
2724,0,0.0,0.0,0.0,0.0,0,0
2720,0,0.0,0.0,0.0,0.0,0,0
2715,0,0.0,0.0,0.0,0.0,0,0
2682,0,0.0,0.0,0.0,0.0,0,0
2704,0,0.0,0.0,0.0,0.0,0,0
2701,0,0.0,0.0,0.0,0.0,0,0
2685,0,0.0,0.0,0.0,0.0,0,0
2702,0,0.0,0.0,0.0,0.0,0,0
2707,0,0.0,0.0,0.0,0.0,0,0
2689,0,0.0,0.0,0.0,0.0,0,0
2691,0,0.0,0.0,0.0,0.0,0,0
2698,0,0.0,0.0,0.0,0.0,0,0
2679,0,0.0,0.0,0.0,0.0,0,0
2675,0,0.0,0.0,0.0,0.0,0,0
2714,0,0.0,0.0,0.0,0.0,0,0
2683,0,0.0,0.0,0.0,0.0,0,0
2703,0,0.0,0.0,0.0,0.0,0,0
2681,0,0.0,0.0,0.0,0.0,0,0
2688,0,0.0,0.0,0.0,0.0,0,0
2694,0,0.0,0.0,0.0,0.0,0,0
2693,0,0.0,0.0,0.0,0.0,0,0
2692,0,0.0,0.0,0.0,0.0,0,0
2710,0,0.0,0.0,0.0,0.0,0,0
2705,0,0.0,0.0,0.0,0.0,0,0
2684,0,0.0,0.0,0.0,0.0,0,0
2678,0,0.0,0.0,0.0,0.0,0,0
2677,0,0.0,0.0,0.0,0.0,0,0
2697,0,0.0,0.0,0.0,0.0,0,0
2680,0,0.0,0.0,0.0,0.0,0,0
2699,0,0.0,0.0,0.0,0.0,0,0
2709,0,0.0,0.0,0.0,0.0,0,0
2711,0,0.0,0.0,0.0,0.0,0,0
2695,0,0.0,0.0,0.0,0.0,0,0
2686,0,0.0,0.0,0.0,0.0,0,0
2708,0,0.0,0.0,0.0,0.0,0,0
2690,0,0.0,0.0,0.0,0.0,0,0
2706,0,0.0,0.0,0.0,0.0,0,0
2700,0,0.0,0.0,0.0,0.0,0,0
2713,0,0.0,0.0,0.0,0.0,0,0
2696,0,0.0,0.0,0.0,0.0,0,0
2676,0,0.0,0.0,0.0,0.0,0,0
2687,0,0.0,0.0,0.0,0.0,0,0
2712,0,0.0,0.0,0.0,0.0,0,0
2670,0,0.0,0.0,0.0,0.0,0,0
2671,0,0.0,0.0,0.0,0.0,0,0
2673,0,0.0,0.0,0.0,0.0,0,0
2674,0,0.0,0.0,0.0,0.0,0,0
2672,0,0.0,0.0,0.0,0.0,0,0
2666,0,0.0,0.0,0.0,0.0,0,0
2668,0,0.0,0.0,0.0,0.0,0,0
2669,0,0.0,0.0,0.0,0.0,0,0
2665,0,0.0,0.0,0.0,0.0,0,0
2667,0,0.0,0.0,0.0,0.0,0,0
2658,0,0.0,0.0,0.0,0.0,0,0
2662,0,0.0,0.0,0.0,0.0,0,0
2651,0,0.0,0.0,0.0,0.0,0,0
2652,0,0.0,0.0,0.0,0.0,0,0
2657,0,0.0,0.0,0.0,0.0,0,0
2645,0,0.0,0.0,0.0,0.0,0,0
2646,0,0.0,0.0,0.0,0.0,0,0
2656,0,0.0,0.0,0.0,0.0,0,0
2650,0,0.0,0.0,0.0,0.0,0,0
2660,0,0.0,0.0,0.0,0.0,0,0
2663,0,0.0,0.0,0.0,0.0,0,0
2653,0,0.0,0.0,0.0,0.0,0,0
2655,0,0.0,0.0,0.0,0.0,0,0
2644,0,0.0,0.0,0.0,0.0,0,0
2647,0,0.0,0.0,0.0,0.0,0,0
2654,0,0.0,0.0,0.0,0.0,0,0
2649,0,0.0,0.0,0.0,0.0,0,0
2661,0,0.0,0.0,0.0,0.0,0,0
2648,0,0.0,0.0,0.0,0.0,0,0
2664,0,0.0,0.0,0.0,0.0,0,0
2659,0,0.0,0.0,0.0,0.0,0,0
2624,0,0.0,0.0,0.0,0.0,0,0
2640,0,0.0,0.0,0.0,0.0,0,0
2628,0,0.0,0.0,0.0,0.0,0,0
2632,0,0.0,0.0,0.0,0.0,0,0
2635,0,0.0,0.0,0.0,0.0,0,0
2620,0,0.0,0.0,0.0,0.0,0,0
2631,0,0.0,0.0,0.0,0.0,0,0
2637,0,0.0,0.0,0.0,0.0,0,0
2618,0,0.0,0.0,0.0,0.0,0,0
2641,0,0.0,0.0,0.0,0.0,0,0
2633,0,0.0,0.0,0.0,0.0,0,0
2638,0,0.0,0.0,0.0,0.0,0,0
2627,0,0.0,0.0,0.0,0.0,0,0
2619,0,0.0,0.0,0.0,0.0,0,0
2634,0,0.0,0.0,0.0,0.0,0,0
2643,0,0.0,0.0,0.0,0.0,0,0
2623,0,0.0,0.0,0.0,0.0,0,0
2639,0,0.0,0.0,0.0,0.0,0,0
2642,0,0.0,0.0,0.0,0.0,0,0
2625,0,0.0,0.0,0.0,0.0,0,0
2622,0,0.0,0.0,0.0,0.0,0,0
2617,0,0.0,0.0,0.0,0.0,0,0
2621,0,0.0,0.0,0.0,0.0,0,0
2636,0,0.0,0.0,0.0,0.0,0,0
2630,0,0.0,0.0,0.0,0.0,0,0
2629,0,0.0,0.0,0.0,0.0,0,0
2626,0,0.0,0.0,0.0,0.0,0,0
2613,0,0.0,0.0,0.0,0.0,0,0
2616,0,0.0,0.0,0.0,0.0,0,0
2612,0,0.0,0.0,0.0,0.0,0,0
2614,0,0.0,0.0,0.0,0.0,0,0
2615,0,0.0,0.0,0.0,0.0,0,0
2610,0,0.0,0.0,0.0,0.0,0,0
2611,0,0.0,0.0,0.0,0.0,0,0
2609,0,0.0,0.0,0.0,0.0,0,0
2607,0,0.0,0.0,0.0,0.0,0,0
2604,0,0.0,0.0,0.0,0.0,0,0
2608,0,0.0,0.0,0.0,0.0,0,0
2606,0,0.0,0.0,0.0,0.0,0,0
2603,0,0.0,0.0,0.0,0.0,0,0
2605,0,0.0,0.0,0.0,0.0,0,0
2601,0,0.0,0.0,0.0,0.0,0,0
2599,0,0.0,0.0,0.0,0.0,0,0
2602,0,0.0,0.0,0.0,0.0,0,0
2600,0,0.0,0.0,0.0,0.0,0,0
2597,0,0.0,0.0,0.0,0.0,0,0
2598,0,0.0,0.0,0.0,0.0,0,0
2596,0,0.0,0.0,0.0,0.0,0,0
2595,0,0.0,0.0,0.0,0.0,0,0
2594,0,0.0,0.0,0.0,0.0,0,0
2593,0,0.0,0.0,0.0,0.0,0,0
2591,0,0.0,0.0,0.0,0.0,0,0
2576,0,0.0,0.0,0.0,0.0,0,0
2582,0,0.0,0.0,0.0,0.0,0,0
2564,0,0.0,0.0,0.0,0.0,0,0
2589,0,0.0,0.0,0.0,0.0,0,0
2571,0,0.0,0.0,0.0,0.0,0,0
2592,0,0.0,0.0,0.0,0.0,0,0
2586,0,0.0,0.0,0.0,0.0,0,0
2566,0,0.0,0.0,0.0,0.0,0,0
2575,0,0.0,0.0,0.0,0.0,0,0
2590,0,0.0,0.0,0.0,0.0,0,0
2568,0,0.0,0.0,0.0,0.0,0,0
2563,0,0.0,0.0,0.0,0.0,0,0
2581,0,0.0,0.0,0.0,0.0,0,0
2585,0,0.0,0.0,0.0,0.0,0,0
2584,0,0.0,0.0,0.0,0.0,0,0
2565,0,0.0,0.0,0.0,0.0,0,0
2574,0,0.0,0.0,0.0,0.0,0,0
2578,0,0.0,0.0,0.0,0.0,0,0
2588,0,0.0,0.0,0.0,0.0,0,0
2577,0,0.0,0.0,0.0,0.0,0,0
2570,0,0.0,0.0,0.0,0.0,0,0
2580,0,0.0,0.0,0.0,0.0,0,0
2572,0,0.0,0.0,0.0,0.0,0,0
2567,0,0.0,0.0,0.0,0.0,0,0
2579,0,0.0,0.0,0.0,0.0,0,0
2569,0,0.0,0.0,0.0,0.0,0,0
2583,0,0.0,0.0,0.0,0.0,0,0
2573,0,0.0,0.0,0.0,0.0,0,0
2587,0,0.0,0.0,0.0,0.0,0,0
2562,0,0.0,0.0,0.0,0.0,0,0
2553,0,0.0,0.0,0.0,0.0,0,0
2555,0,0.0,0.0,0.0,0.0,0,0
2558,0,0.0,0.0,0.0,0.0,0,0
2544,0,0.0,0.0,0.0,0.0,0,0
2559,0,0.0,0.0,0.0,0.0,0,0
2546,0,0.0,0.0,0.0,0.0,0,0
2550,0,0.0,0.0,0.0,0.0,0,0
2554,0,0.0,0.0,0.0,0.0,0,0
2556,0,0.0,0.0,0.0,0.0,0,0
2552,0,0.0,0.0,0.0,0.0,0,0
2560,0,0.0,0.0,0.0,0.0,0,0
2548,0,0.0,0.0,0.0,0.0,0,0
2547,0,0.0,0.0,0.0,0.0,0,0
2557,0,0.0,0.0,0.0,0.0,0,0
2561,0,0.0,0.0,0.0,0.0,0,0
2551,0,0.0,0.0,0.0,0.0,0,0
2549,0,0.0,0.0,0.0,0.0,0,0
2545,0,0.0,0.0,0.0,0.0,0,0
2520,0,0.0,0.0,0.0,0.0,0,0
2534,0,0.0,0.0,0.0,0.0,0,0
2532,0,0.0,0.0,0.0,0.0,0,0
2529,0,0.0,0.0,0.0,0.0,0,0
2539,0,0.0,0.0,0.0,0.0,0,0
2521,0,0.0,0.0,0.0,0.0,0,0
2543,0,0.0,0.0,0.0,0.0,0,0
2528,0,0.0,0.0,0.0,0.0,0,0
2526,0,0.0,0.0,0.0,0.0,0,0
2542,0,0.0,0.0,0.0,0.0,0,0
2536,0,0.0,0.0,0.0,0.0,0,0
2537,0,0.0,0.0,0.0,0.0,0,0
2523,0,0.0,0.0,0.0,0.0,0,0
2530,0,0.0,0.0,0.0,0.0,0,0
2525,0,0.0,0.0,0.0,0.0,0,0
2522,0,0.0,0.0,0.0,0.0,0,0
2540,0,0.0,0.0,0.0,0.0,0,0
2541,0,0.0,0.0,0.0,0.0,0,0
2538,0,0.0,0.0,0.0,0.0,0,0
2535,0,0.0,0.0,0.0,0.0,0,0
2524,0,0.0,0.0,0.0,0.0,0,0
2527,0,0.0,0.0,0.0,0.0,0,0
2533,0,0.0,0.0,0.0,0.0,0,0
2531,0,0.0,0.0,0.0,0.0,0,0
2519,0,0.0,0.0,0.0,0.0,0,0
2517,0,0.0,0.0,0.0,0.0,0,0
2513,0,0.0,0.0,0.0,0.0,0,0
2516,0,0.0,0.0,0.0,0.0,0,0
2514,0,0.0,0.0,0.0,0.0,0,0
2515,0,0.0,0.0,0.0,0.0,0,0
2518,0,0.0,0.0,0.0,0.0,0,0
2511,0,0.0,0.0,0.0,0.0,0,0
2512,0,0.0,0.0,0.0,0.0,0,0
2502,0,0.0,0.0,0.0,0.0,0,0
2491,0,0.0,0.0,0.0,0.0,0,0
2505,0,0.0,0.0,0.0,0.0,0,0
2510,0,0.0,0.0,0.0,0.0,0,0
2503,0,0.0,0.0,0.0,0.0,0,0
2497,0,0.0,0.0,0.0,0.0,0,0
2506,0,0.0,0.0,0.0,0.0,0,0
2496,0,0.0,0.0,0.0,0.0,0,0
2508,0,0.0,0.0,0.0,0.0,0,0
2494,0,0.0,0.0,0.0,0.0,0,0
2492,0,0.0,0.0,0.0,0.0,0,0
2495,0,0.0,0.0,0.0,0.0,0,0
2504,0,0.0,0.0,0.0,0.0,0,0
2493,0,0.0,0.0,0.0,0.0,0,0
2501,0,0.0,0.0,0.0,0.0,0,0
2500,0,0.0,0.0,0.0,0.0,0,0
2509,0,0.0,0.0,0.0,0.0,0,0
2507,0,0.0,0.0,0.0,0.0,0,0
2499,0,0.0,0.0,0.0,0.0,0,0
2498,0,0.0,0.0,0.0,0.0,0,0
2490,0,0.0,0.0,0.0,0.0,0,0
2489,0,0.0,0.0,0.0,0.0,0,0
2488,0,0.0,0.0,0.0,0.0,0,0
2486,0,0.0,0.0,0.0,0.0,0,0
2487,0,0.0,0.0,0.0,0.0,0,0
2485,0,0.0,0.0,0.0,0.0,0,0
2483,0,0.0,0.0,0.0,0.0,0,0
2481,0,0.0,0.0,0.0,0.0,0,0
2479,0,0.0,0.0,0.0,0.0,0,0
2482,0,0.0,0.0,0.0,0.0,0,0
2484,0,0.0,0.0,0.0,0.0,0,0
2480,0,0.0,0.0,0.0,0.0,0,0
2477,0,0.0,0.0,0.0,0.0,0,0
2478,0,0.0,0.0,0.0,0.0,0,0
2476,0,0.0,0.0,0.0,0.0,0,0
2473,0,0.0,0.0,0.0,0.0,0,0
2474,0,0.0,0.0,0.0,0.0,0,0
2475,0,0.0,0.0,0.0,0.0,0,0
2468,0,0.0,0.0,0.0,0.0,0,0
2472,0,0.0,0.0,0.0,0.0,0,0
2457,0,0.0,0.0,0.0,0.0,0,0
2462,0,0.0,0.0,0.0,0.0,0,0
2469,0,0.0,0.0,0.0,0.0,0,0
2458,0,0.0,0.0,0.0,0.0,0,0
2467,0,0.0,0.0,0.0,0.0,0,0
2464,0,0.0,0.0,0.0,0.0,0,0
2466,0,0.0,0.0,0.0,0.0,0,0
2456,0,0.0,0.0,0.0,0.0,0,0
2459,0,0.0,0.0,0.0,0.0,0,0
2465,0,0.0,0.0,0.0,0.0,0,0
2471,0,0.0,0.0,0.0,0.0,0,0
2470,0,0.0,0.0,0.0,0.0,0,0
2460,0,0.0,0.0,0.0,0.0,0,0
2455,0,0.0,0.0,0.0,0.0,0,0
2461,0,0.0,0.0,0.0,0.0,0,0
2454,0,0.0,0.0,0.0,0.0,0,0
2453,0,0.0,0.0,0.0,0.0,0,0
2463,0,0.0,0.0,0.0,0.0,0,0
2449,0,0.0,0.0,0.0,0.0,0,0
2445,0,0.0,0.0,0.0,0.0,0,0
2447,0,0.0,0.0,0.0,0.0,0,0
2450,0,0.0,0.0,0.0,0.0,0,0
2446,0,0.0,0.0,0.0,0.0,0,0
2451,0,0.0,0.0,0.0,0.0,0,0
2448,0,0.0,0.0,0.0,0.0,0,0
2452,0,0.0,0.0,0.0,0.0,0,0
2444,0,0.0,0.0,0.0,0.0,0,0
2443,0,0.0,0.0,0.0,0.0,0,0
2437,0,0.0,0.0,0.0,0.0,0,0
2436,0,0.0,0.0,0.0,0.0,0,0
2440,0,0.0,0.0,0.0,0.0,0,0
2438,0,0.0,0.0,0.0,0.0,0,0
2441,0,0.0,0.0,0.0,0.0,0,0
2439,0,0.0,0.0,0.0,0.0,0,0
2442,0,0.0,0.0,0.0,0.0,0,0
2430,0,0.0,0.0,0.0,0.0,0,0
2416,0,0.0,0.0,0.0,0.0,0,0
2411,0,0.0,0.0,0.0,0.0,0,0
2423,0,0.0,0.0,0.0,0.0,0,0
2433,0,0.0,0.0,0.0,0.0,0,0
2414,0,0.0,0.0,0.0,0.0,0,0
2429,0,0.0,0.0,0.0,0.0,0,0
2419,0,0.0,0.0,0.0,0.0,0,0
2415,0,0.0,0.0,0.0,0.0,0,0
2412,0,0.0,0.0,0.0,0.0,0,0
2431,0,0.0,0.0,0.0,0.0,0,0
2432,0,0.0,0.0,0.0,0.0,0,0
2435,0,0.0,0.0,0.0,0.0,0,0
2420,0,0.0,0.0,0.0,0.0,0,0
2425,0,0.0,0.0,0.0,0.0,0,0
2434,0,0.0,0.0,0.0,0.0,0,0
2413,0,0.0,0.0,0.0,0.0,0,0
2428,0,0.0,0.0,0.0,0.0,0,0
2417,0,0.0,0.0,0.0,0.0,0,0
2424,0,0.0,0.0,0.0,0.0,0,0
2422,0,0.0,0.0,0.0,0.0,0,0
2421,0,0.0,0.0,0.0,0.0,0,0
2427,0,0.0,0.0,0.0,0.0,0,0
2426,0,0.0,0.0,0.0,0.0,0,0
2418,0,0.0,0.0,0.0,0.0,0,0
2409,0,0.0,0.0,0.0,0.0,0,0
2406,0,0.0,0.0,0.0,0.0,0,0
2407,0,0.0,0.0,0.0,0.0,0,0
2410,0,0.0,0.0,0.0,0.0,0,0
2408,0,0.0,0.0,0.0,0.0,0,0
2404,0,0.0,0.0,0.0,0.0,0,0
2405,0,0.0,0.0,0.0,0.0,0,0
2400,0,0.0,0.0,0.0,0.0,0,0
2401,0,0.0,0.0,0.0,0.0,0,0
2398,0,0.0,0.0,0.0,0.0,0,0
2402,0,0.0,0.0,0.0,0.0,0,0
2399,0,0.0,0.0,0.0,0.0,0,0
2397,0,0.0,0.0,0.0,0.0,0,0
2403,0,0.0,0.0,0.0,0.0,0,0
2396,0,0.0,0.0,0.0,0.0,0,0
2390,0,0.0,0.0,0.0,0.0,0,0
2391,0,0.0,0.0,0.0,0.0,0,0
2394,0,0.0,0.0,0.0,0.0,0,0
2393,0,0.0,0.0,0.0,0.0,0,0
2392,0,0.0,0.0,0.0,0.0,0,0
2395,0,0.0,0.0,0.0,0.0,0,0
2374,0,0.0,0.0,0.0,0.0,0,0
2375,0,0.0,0.0,0.0,0.0,0,0
2385,0,0.0,0.0,0.0,0.0,0,0
2383,0,0.0,0.0,0.0,0.0,0,0
2380,0,0.0,0.0,0.0,0.0,0,0
2376,0,0.0,0.0,0.0,0.0,0,0
2370,0,0.0,0.0,0.0,0.0,0,0
2378,0,0.0,0.0,0.0,0.0,0,0
2387,0,0.0,0.0,0.0,0.0,0,0
2389,0,0.0,0.0,0.0,0.0,0,0
2372,0,0.0,0.0,0.0,0.0,0,0
2377,0,0.0,0.0,0.0,0.0,0,0
2379,0,0.0,0.0,0.0,0.0,0,0
2369,0,0.0,0.0,0.0,0.0,0,0
2371,0,0.0,0.0,0.0,0.0,0,0
2386,0,0.0,0.0,0.0,0.0,0,0
2382,0,0.0,0.0,0.0,0.0,0,0
2381,0,0.0,0.0,0.0,0.0,0,0
2373,0,0.0,0.0,0.0,0.0,0,0
2384,0,0.0,0.0,0.0,0.0,0,0
2388,0,0.0,0.0,0.0,0.0,0,0
2359,0,0.0,0.0,0.0,0.0,0,0
2362,0,0.0,0.0,0.0,0.0,0,0
2360,0,0.0,0.0,0.0,0.0,0,0
2366,0,0.0,0.0,0.0,0.0,0,0
2368,0,0.0,0.0,0.0,0.0,0,0
2358,0,0.0,0.0,0.0,0.0,0,0
2365,0,0.0,0.0,0.0,0.0,0,0
2363,0,0.0,0.0,0.0,0.0,0,0
2354,0,0.0,0.0,0.0,0.0,0,0
2357,0,0.0,0.0,0.0,0.0,0,0
2356,0,0.0,0.0,0.0,0.0,0,0
2367,0,0.0,0.0,0.0,0.0,0,0
2355,0,0.0,0.0,0.0,0.0,0,0
2364,0,0.0,0.0,0.0,0.0,0,0
2361,0,0.0,0.0,0.0,0.0,0,0
2347,0,0.0,0.0,0.0,0.0,0,0
2342,0,0.0,0.0,0.0,0.0,0,0
2353,0,0.0,0.0,0.0,0.0,0,0
2341,0,0.0,0.0,0.0,0.0,0,0
2352,0,0.0,0.0,0.0,0.0,0,0
2343,0,0.0,0.0,0.0,0.0,0,0
2346,0,0.0,0.0,0.0,0.0,0,0
2348,0,0.0,0.0,0.0,0.0,0,0
2349,0,0.0,0.0,0.0,0.0,0,0
2351,0,0.0,0.0,0.0,0.0,0,0
2344,0,0.0,0.0,0.0,0.0,0,0
2350,0,0.0,0.0,0.0,0.0,0,0
2345,0,0.0,0.0,0.0,0.0,0,0
2339,0,0.0,0.0,0.0,0.0,0,0
2332,0,0.0,0.0,0.0,0.0,0,0
2335,0,0.0,0.0,0.0,0.0,0,0
2336,0,0.0,0.0,0.0,0.0,0,0
2337,0,0.0,0.0,0.0,0.0,0,0
2333,0,0.0,0.0,0.0,0.0,0,0
2338,0,0.0,0.0,0.0,0.0,0,0
2340,0,0.0,0.0,0.0,0.0,0,0
2334,0,0.0,0.0,0.0,0.0,0,0
2325,0,0.0,0.0,0.0,0.0,0,0
2313,0,0.0,0.0,0.0,0.0,0,0
2322,0,0.0,0.0,0.0,0.0,0,0
2324,0,0.0,0.0,0.0,0.0,0,0
2312,0,0.0,0.0,0.0,0.0,0,0
2323,0,0.0,0.0,0.0,0.0,0,0
2321,0,0.0,0.0,0.0,0.0,0,0
2318,0,0.0,0.0,0.0,0.0,0,0
2327,0,0.0,0.0,0.0,0.0,0,0
2314,0,0.0,0.0,0.0,0.0,0,0
2320,0,0.0,0.0,0.0,0.0,0,0
2315,0,0.0,0.0,0.0,0.0,0,0
2328,0,0.0,0.0,0.0,0.0,0,0
2329,0,0.0,0.0,0.0,0.0,0,0
2319,0,0.0,0.0,0.0,0.0,0,0
2316,0,0.0,0.0,0.0,0.0,0,0
2330,0,0.0,0.0,0.0,0.0,0,0
2317,0,0.0,0.0,0.0,0.0,0,0
2331,0,0.0,0.0,0.0,0.0,0,0
2326,0,0.0,0.0,0.0,0.0,0,0
2305,0,0.0,0.0,0.0,0.0,0,0
2308,0,0.0,0.0,0.0,0.0,0,0
2309,0,0.0,0.0,0.0,0.0,0,0
2304,0,0.0,0.0,0.0,0.0,0,0
2306,0,0.0,0.0,0.0,0.0,0,0
2310,0,0.0,0.0,0.0,0.0,0,0
2307,0,0.0,0.0,0.0,0.0,0,0
2311,0,0.0,0.0,0.0,0.0,0,0
2298,0,0.0,0.0,0.0,0.0,0,0
2300,0,0.0,0.0,0.0,0.0,0,0
2299,0,0.0,0.0,0.0,0.0,0,0
2301,0,0.0,0.0,0.0,0.0,0,0
2296,0,0.0,0.0,0.0,0.0,0,0
2297,0,0.0,0.0,0.0,0.0,0,0
2295,0,0.0,0.0,0.0,0.0,0,0
2303,0,0.0,0.0,0.0,0.0,0,0
2302,0,0.0,0.0,0.0,0.0,0,0
2280,0,0.0,0.0,0.0,0.0,0,0
2287,0,0.0,0.0,0.0,0.0,0,0
2282,0,0.0,0.0,0.0,0.0,0,0
2288,0,0.0,0.0,0.0,0.0,0,0
2273,0,0.0,0.0,0.0,0.0,0,0
2275,0,0.0,0.0,0.0,0.0,0,0
2292,0,0.0,0.0,0.0,0.0,0,0
2285,0,0.0,0.0,0.0,0.0,0,0
2284,0,0.0,0.0,0.0,0.0,0,0
2281,0,0.0,0.0,0.0,0.0,0,0
2293,0,0.0,0.0,0.0,0.0,0,0
2286,0,0.0,0.0,0.0,0.0,0,0
2289,0,0.0,0.0,0.0,0.0,0,0
2290,0,0.0,0.0,0.0,0.0,0,0
2278,0,0.0,0.0,0.0,0.0,0,0
2274,0,0.0,0.0,0.0,0.0,0,0
2272,0,0.0,0.0,0.0,0.0,0,0
2277,0,0.0,0.0,0.0,0.0,0,0
2276,0,0.0,0.0,0.0,0.0,0,0
2294,0,0.0,0.0,0.0,0.0,0,0
2279,0,0.0,0.0,0.0,0.0,0,0
2283,0,0.0,0.0,0.0,0.0,0,0
2291,0,0.0,0.0,0.0,0.0,0,0
2271,0,0.0,0.0,0.0,0.0,0,0
2270,0,0.0,0.0,0.0,0.0,0,0
2269,0,0.0,0.0,0.0,0.0,0,0
2266,0,0.0,0.0,0.0,0.0,0,0
2262,0,0.0,0.0,0.0,0.0,0,0
2256,0,0.0,0.0,0.0,0.0,0,0
2258,0,0.0,0.0,0.0,0.0,0,0
2268,0,0.0,0.0,0.0,0.0,0,0
2260,0,0.0,0.0,0.0,0.0,0,0
2259,0,0.0,0.0,0.0,0.0,0,0
2267,0,0.0,0.0,0.0,0.0,0,0
2263,0,0.0,0.0,0.0,0.0,0,0
2257,0,0.0,0.0,0.0,0.0,0,0
2264,0,0.0,0.0,0.0,0.0,0,0
2261,0,0.0,0.0,0.0,0.0,0,0
2265,0,0.0,0.0,0.0,0.0,0,0
2254,0,0.0,0.0,0.0,0.0,0,0
2255,0,0.0,0.0,0.0,0.0,0,0
2253,0,0.0,0.0,0.0,0.0,0,0
2252,2,15.0,27.0,3.0,30.0,1,1
2241,4,3.6525,12.87,0.4,14.61,1,1
2242,10,21.98301,100.0,0.6,219.8301,1,1
2246,5,31.07,86.0,0.45,155.35,1,1
2243,9,18.550941666666667,93.0,0.343375,166.958475,1,1
2247,3,2.1421666666666668,4.069,0.52,6.4265,1,1
2248,6,23.607891666666664,43.0,0.40935,141.64735,1,1
2250,47,17.96879785106383,78.18,0.5,844.533499,1,1
2249,4,53.96,115.0,0.6,215.84,1,1
2245,14,18.673357142857146,29.99,0.4,261.427,1,1
2251,3,29.459999999999997,83.0,1.88,88.38,1,1
2244,4,2.35,5.5,0.5,9.4,1,1
2212,2,20.619999999999997,24.24,17.0,41.239999999999995,1,1
2228,1,136.0,136.0,136.0,136.0,1,1
2222,0,0.0,0.0,0.0,0.0,0,0
2230,0,0.0,0.0,0.0,0.0,0,0
2235,7,28.726052857142857,109.0,9.37,201.08237,1,1
2229,1,1.0,1.0,1.0,1.0,1,1
2221,11,26.807716181818183,114.888,0.5,294.884878,1,1
2231,1,11.0,11.0,11.0,11.0,1,1
2239,6,3.03,7.5,0.39,18.18,1,1
2226,14,25.428832857142858,40.0,7.5,356.00366,1,1
2211,3,30.863333333333333,89.89,1.2,92.59,1,1
2227,3,22.46666666666667,28.8,14.0,67.4,1,1
2223,3,8.4,19.0,2.9,25.2,1,1
2218,0,0.0,0.0,0.0,0.0,0,0
2225,3,23.46666666666667,49.98,0.42,70.4,1,1
2238,3,2.6118,3.9,0.36,7.8354,1,1
2219,1,0.38,0.38,0.38,0.38,1,1
2217,12,23.259233,72.77,0.348,279.110796,1,1
2210,2,0.245,0.3,0.19,0.49,1,1
2232,8,21.1998875,23.85,17.56,169.5991,1,1
2236,0,0.0,0.0,0.0,0.0,0,0
2233,2,138.25,158.0,118.5,276.5,1,1
2240,2,22.845,25.0,20.69,45.69,1,1
2234,0,0.0,0.0,0.0,0.0,0,0
2220,1,120.0,120.0,120.0,120.0,1,1
2237,0,0.0,0.0,0.0,0.0,0,0
2214,3,11.658333333333333,13.045,10.13,34.975,1,1
2224,10,13.378639799999998,69.0,0.4,133.786398,1,1
2209,17,9.05169994117647,55.0,0.23,153.878899,1,1
2216,7,33.50995714285715,69.0,1.69,234.5697,1,1
2213,8,20.813975,29.543,1.15,166.5118,1,1
2215,4,5.8225,10.3,3.0,23.29,1,1
2207,5,16.315980000000003,49.27,0.1399,81.57990000000001,1,1
2208,1,87.0,87.0,87.0,87.0,1,1
2206,9,26.022222222222222,70.0,11.58,234.2,1,1
2204,2,32.0,55.0,9.0,64.0,1,1
2205,0,0.0,0.0,0.0,0.0,0,0
2202,4,23.6475,32.7,0.2,94.59,1,1
2195,3,1.05,1.7,0.7,3.15,1,1
2193,59,65.7488593220339,72.0,63.0,3879.1827,1,1
2199,5,8.52938,32.0,0.15,42.6469,1,1
2200,2,3.56,6.777,0.343,7.12,1,1
2196,2,17.575,35.0,0.15,35.15,1,1
2201,9,10.886333333333333,25.7,0.135,97.977,1,1
2197,11,12.760909090909092,31.99,0.3,140.37,1,1
2194,6,26.116666666666664,98.9,0.12,156.7,1,1
2203,3,5.823333333333333,14.8,0.79,17.47,1,1
2198,1,0.85,0.85,0.85,0.85,1,1
2192,1,0.42,0.42,0.42,0.42,1,1
2191,5,45.524,148.0,3.6,227.62,1,1
2188,1,0.5,0.5,0.5,0.5,1,1
2189,3,59.403333333333336,150.0,11.69,178.21,1,1
2187,1,15.18,15.18,15.18,15.18,1,1
2190,3,69.616,149.96,21.888,208.848,1,1
2186,3,22.266333333333336,55.0,4.2,66.799,1,1
2185,3,16.737,36.0,0.728,50.211,1,1
2184,5,27.022219999999997,110.0,0.0911,135.1111,1,1
2181,10,13.202100000000002,15.38,10.39,132.02100000000002,1,1
2179,2,6.0395,8.08,3.999,12.079,1,1
2182,3,12.749333333333333,12.988,12.48,38.248,1,1
2183,1,0.899,0.899,0.899,0.899,1,1
2180,3,36.806333333333335,69.42,0.999,110.41900000000001,1,1
2174,3,3.545,7.1,0.085,10.635,1,1
2176,8,9.9597375,41.33,1.89,79.6779,1,1
2173,2,5.8,9.6,2.0,11.6,1,1
2175,4,8.0375,24.0,0.55,32.15,1,1
2177,0,0.0,0.0,0.0,0.0,0,0
2178,0,0.0,0.0,0.0,0.0,0,0
2172,1,0.07,0.07,0.07,0.07,1,1
2171,0,0.0,0.0,0.0,0.0,0,0
2170,5,16.818379999999998,55.0,0.702,84.0919,1,1
2169,1,3.4,3.4,3.4,3.4,1,1
2168,4,13.9725,49.0,0.9,55.89,1,1
2167,7,8.482585714285715,18.25,1.23,59.3781,1,1
2159,5,49.2,135.0,0.5,246.0,1,1
2162,4,7.981375,15.99,0.55,31.9255,1,1
2165,1,1.9,1.9,1.9,1.9,1,1
2160,2,46.34,46.69,45.99,92.68,1,1
2163,14,28.101785714285715,65.9,0.15,393.425,1,1
2161,2,0.875,1.0,0.75,1.75,1,1
2166,3,4.3,12.3,0.15,12.9,1,1
2164,5,26.52,116.9,0.2,132.6,1,1
2148,6,7.284083333333332,11.98,0.399,43.704499999999996,1,1
2149,26,64.32491773076923,77.95,0.0001,1672.447861,1,1
2150,35,31.83690674285714,157.0,0.168,1114.291736,1,1
2155,6,27.541483333333332,46.86,0.2999,165.2489,1,1
2151,2,1.0326575,1.465515,0.5998,2.065315,1,1
2152,4,36.647475,110.0,0.5999,146.5899,1,1
2157,1,38.5,38.5,38.5,38.5,1,1
2154,1,0.3388,0.3388,0.3388,0.3388,1,1
2156,0,0.0,0.0,0.0,0.0,0,0
2153,4,77.125,180.0,2.0,308.5,1,1
2158,7,9.317857142857141,43.0,0.365,65.225,1,1
2146,7,10.138614285714285,33.3,0.112,70.9703,1,1
2145,11,11.97330909090909,38.0,0.134,131.7064,1,1
2147,0,0.0,0.0,0.0,0.0,0,0
2139,2,11.8254,11.986,11.6648,23.6508,1,1
2141,2,17.345000000000002,34.2,0.49,34.690000000000005,1,1
2143,1,0.14,0.14,0.14,0.14,1,1
2140,3,1.6296666666666668,4.0,0.349,4.889,1,1
2142,13,28.85982823076923,40.0999,0.3,375.177767,1,1
2144,2,5.158296,9.866592,0.45,10.316592,1,1
2136,8,10.36,19.45,1.0,82.88,1,1
2135,7,20.90442857142857,52.5,0.46,146.331,1,1
2137,1,9.69,9.69,9.69,9.69,1,1
2138,3,8.509333333333332,12.548,0.6,25.528,1,1
2132,2,2.2675,4.125,0.41,4.535,1,1
2131,5,45.2934,100.69,0.777,226.46699999999998,1,1
2133,5,66.822,134.0,11.11,334.11,1,1
2134,2,1.17,1.6,0.74,2.34,1,1
2126,3,2.5733333333333333,7.0,0.3,7.72,1,1
2129,8,47.55375,97.75,0.18,380.43,1,1
2130,3,88.08333333333333,250.0,1.25,264.25,1,1
2127,2,0.9835,1.667,0.3,1.967,1,1
2125,3,3.1650000000000005,7.5,0.25,9.495000000000001,1,1
2124,9,7.427777777777777,13.0,0.75,66.85,1,1
2128,4,8.599981,18.85,1.0,34.399924,1,1
2123,2,25.975,51.0,0.95,51.95,1,1
2121,3,30.23,62.69,1.5,90.69,1,1
2120,8,18.314999999999998,53.0,4.33,146.51999999999998,1,1
2122,5,28.264,56.0,5.0,141.32,1,1
2117,1,1.85,1.85,1.85,1.85,1,1
2118,6,35.33,65.0,4.5,211.98,1,1
2119,4,10.062475,37.0,0.7,40.2499,1,1
2111,9,5.267444444444444,6.389,0.5,47.407,1,1
2112,1,54.98,54.98,54.98,54.98,1,1
2113,1,4.0,4.0,4.0,4.0,1,1
2116,7,21.918285714285712,36.69,5.888,153.428,1,1
2115,1,0.623,0.623,0.623,0.623,1,1
2114,0,0.0,0.0,0.0,0.0,0,0
2109,7,14.381285714285713,22.69,12.25,100.669,1,1
2106,2,83.5,147.0,20.0,167.0,1,1
2108,1,2.5,2.5,2.5,2.5,1,1
2110,3,13.676333333333332,14.5,12.87,41.028999999999996,1,1
2107,0,0.0,0.0,0.0,0.0,0,0
2104,1,50.0,50.0,50.0,50.0,1,1
2086,7,22.292857142857144,92.0,1.42,156.05,1,1
2093,10,33.29529,78.08,0.54,332.9529,1,1
2087,2,405.5,769.0,42.0,811.0,1,1
2094,4,27.133725000000002,98.6149,2.18,108.53490000000001,1,1
2100,5,12.36,17.8,6.0,61.8,1,1
2103,8,11.691243,56.0,0.48,93.529944,1,1
2091,6,13.068333333333333,66.69,0.4,78.41,1,1
2088,7,47.57285714285714,125.0,0.88,333.01,1,1
2101,1,3.14,3.14,3.14,3.14,1,1
2096,5,25.568,119.0,0.54,127.84,1,1
2102,7,12633.745299999999,88188.0,14.0,88436.2171,1,1
2092,9,17.55976666666667,119.0,0.39,158.0379,1,1
2095,3,59.07333333333333,94.99,4.53,177.22,1,1
2090,1,6.0,6.0,6.0,6.0,1,1
2099,4,5.185,8.6,0.54,20.74,1,1
2097,2,4.265000000000001,6.65,1.88,8.530000000000001,1,1
2098,1,0.44,0.44,0.44,0.44,1,1
2105,8,16.3138625,41.0,0.375,130.5109,1,1
2089,1,17.79,17.79,17.79,17.79,1,1
2084,9,31.281777777777776,69.7,1.1,281.536,1,1
2083,39,28.405641025641025,65.0,0.55,1107.82,1,1
2085,8,27.7575,58.0,0.69,222.06,1,1
2082,1,12.5628,12.5628,12.5628,12.5628,1,1
2079,3,39.88,119.0,0.28,119.64,1,1
2080,2,0.21,0.29,0.13,0.42,1,1
2078,9,17.903444444444446,80.0,0.14,161.131,1,1
2081,2,0.95,1.5,0.4,1.9,1,1
2075,3,1.1533333333333333,3.0,0.06,3.46,1,1
2076,4,14.5325,57.0,0.06,58.13,1,1
2072,4,100.225,160.0,69.0,400.9,1,1
2077,2,25.15,49.5,0.8,50.3,1,1
2071,4,30.5472,50.0,0.3888,122.1888,1,1
2073,1,2.5,2.5,2.5,2.5,1,1
2074,1,0.06,0.06,0.06,0.06,1,1
2070,11,37.015727272727275,107.8,0.148,407.173,1,1
2069,8,17.9311,31.15,0.45,143.4488,1,1
2068,4,17.215,59.95,0.42,68.86,1,1
2067,6,8.138999,10.47,0.14,48.833994000000004,1,1
2066,7,2.237165142857143,3.601456,0.11,15.660156,1,1
2065,6,25.31828333333333,78.0,0.14,151.9097,1,1
2063,14,9.757662857142858,17.5,0.56828,136.60728,1,1
2062,1,3.49,3.49,3.49,3.49,1,1
2064,1,0.15,0.15,0.15,0.15,1,1
2061,5,16.696,70.0,0.2,83.48,1,1
2059,1,132.69,132.69,132.69,132.69,1,1
2060,5,55.126,71.2,0.25,275.63,1,1
2058,2,30.25,60.0,0.5,60.5,1,1
2056,1,0.13,0.13,0.13,0.13,1,1
2057,2,0.1,0.12,0.08,0.2,1,1
2050,4,17.5847,17.9999,17.19,70.3388,1,1
2055,2,54.675,109.0,0.35,109.35,1,1
2054,0,0.0,0.0,0.0,0.0,0,0
2053,1,0.5,0.5,0.5,0.5,1,1
2051,6,7.216211666666666,13.488,1.455,43.29727,1,1
2049,9,8.9232,46.0,0.3,80.30879999999999,1,1
2052,3,0.36999999999999994,0.42,0.27,1.1099999999999999,1,1
2044,19,12.848388789473683,43.43,0.69,244.119387,1,1
2043,1,60.0,60.0,60.0,60.0,1,1
2042,3,13.87,33.0,1.11,41.61,1,1
2045,66,57.81914493939394,103.5,2.2,3816.063566,1,1
2038,1,6.0,6.0,6.0,6.0,1,1
2036,7,34.80571428571429,60.76,0.5,243.64000000000001,1,1
2040,15,37.36833033333333,106.9,0.4,560.524955,1,1
2047,4,48.865,66.08,0.18,195.46,1,1
2041,2,9.165000000000001,16.85,1.48,18.330000000000002,1,1
2048,22,18.15357681818182,30.33,0.18,399.37869,1,1
2046,1,110.0,110.0,110.0,110.0,1,1
2039,0,0.0,0.0,0.0,0.0,0,0
2037,10,49.11619,71.99,0.45,491.1619,1,1
2034,0,0.0,0.0,0.0,0.0,0,0
2035,3,14.079910666666665,14.5,13.54,42.239732,1,1
2032,12,27.355499166666664,81.0,1.099,328.26599,1,1
2031,3,64.333,120.0,2.999,192.999,1,1
2033,7,23.816857142857145,97.0,1.499,166.71800000000002,1,1
2029,2,9.49,11.98,7.0,18.98,1,1
2030,7,40.54142857142857,105.0,1.1,283.78999999999996,1,1
2028,9,18.095,24.98,10.8,162.855,1,1
2027,2,1.24,1.53,0.95,2.48,1,1
2026,4,24.185,92.89,0.55,96.74,1,1
2022,2,2.575,5.0,0.15,5.15,1,1
2025,5,8.542,13.69,0.89,42.71,1,1
2019,4,0.935,1.59,0.45,3.74,1,1
2024,2,0.625,0.9,0.35,1.25,1,1
2023,3,75.88333333333334,222.0,2.25,227.65,1,1
2020,9,39.574117,130.0,1.0,356.167053,1,1
2021,5,28.696679999999997,139.0,0.087,143.4834,1,1
2018,2,0.14250000000000002,0.19,0.095,0.28500000000000003,1,1
2014,2,62.635,125.0,0.27,125.27,1,1
2009,3,6.849999999999999,10.29,0.33,20.549999999999997,1,1
2013,14,14.595713428571429,23.12,0.235,204.339988,1,1
2016,4,20.2675,46.69,2.5,81.07,1,1
2008,5,7.09144,16.9,0.08,35.4572,1,1
2017,2,0.495,0.66,0.33,0.99,1,1
2015,5,6.87082,13.4141,1.0,34.3541,1,1
2012,12,31.1885,88.0,0.27,374.262,1,1
2011,4,1.7850000000000001,5.0,0.27,7.140000000000001,1,1
2010,11,23.097727272727273,30.15,0.185,254.075,1,1
2006,1,2.0,2.0,2.0,2.0,1,1
2005,5,7.366,16.99,0.45,36.83,1,1
2007,2,28.875,57.25,0.5,57.75,1,1
1994,3,29.256333333333334,85.0,0.999,87.769,1,1
1992,6,12.0149825,14.15,7.5999,72.089895,1,1
2004,2,1.15,1.35,0.95,2.3,1,1
1996,5,42.392,105.0,0.49,211.96,1,1
2002,1,55.0,55.0,55.0,55.0,1,1
1993,6,48.92368333333334,66.6666,0.899,293.5421,1,1
1997,2,6.272,11.364,1.18,12.544,1,1
1990,2,3.9244999999999997,6.85,0.999,7.848999999999999,1,1
2003,5,28.668,78.0,5.93,143.34,1,1
1991,3,12.986666666666666,13.5,12.33,38.96,1,1
1995,0,0.0,0.0,0.0,0.0,0,0
2000,3,1.2596666666666667,1.9,0.88,3.779,1,1
1998,1,5.0,5.0,5.0,5.0,1,1
2001,7,23.08028571428571,83.0,1.44,161.56199999999998,1,1
1999,5,10.687999999999999,18.75,1.99,53.44,1,1
1989,4,8.1875,14.0,4.5,32.75,1,1
1987,7,9.792301142857143,13.0854,0.401975,68.546108,1,1
1988,21,8.331284952380953,16.75,0.09,174.956984,1,1
1984,3,0.361,0.5,0.25,1.083,1,1
1985,3,14.837000000000002,44.0,0.111,44.511,1,1
1986,5,21.70622,39.75,0.0911,108.5311,1,1
1980,5,39.22738,69.6969,0.1,196.1369,1,1
1981,18,16.53649411111111,33.55,6.5,297.656894,1,1
1982,0,0.0,0.0,0.0,0.0,0,0
1983,2,6.1,8.0,4.2,12.2,1,1
1979,4,0.716925,1.24,0.45,2.8677,1,1
1973,1,0.55,0.55,0.55,0.55,1,1
1971,31,48.650770967741934,91.99,0.725,1508.1739,1,1
1970,26,42.302261538461536,47.0,1.3,1099.8588,1,1
1978,2,2.125,2.75,1.5,4.25,1,1
1976,7,21.25257142857143,30.0,4.0,148.768,1,1
1977,6,25.413735000000003,76.76001,1.19,152.48241000000002,1,1
1972,6,9.484283333333334,11.72,4.0,56.9057,1,1
1975,9,23.581855555555556,71.3467,0.4,212.2367,1,1
1969,3,11.0,25.0,1.0,33.0,1,1
1974,2,19.6976,39.0452,0.35,39.3952,1,1
1967,0,0.0,0.0,0.0,0.0,0,0
1968,0,0.0,0.0,0.0,0.0,0,0
1950,2,6.0,8.0,4.0,12.0,1,1
1960,10,12.2560383,42.0,0.35,122.560383,1,1
1964,12,22.042820833333334,95.69,2.18,264.51385,1,1
1961,2,0.4375,0.575,0.3,0.875,1,1
1959,4,10.825,23.9,5.0,43.3,1,1
1948,28,34.96537853571429,59.6,0.9,979.0305989999999,1,1
1941,2,32.15,63.0,1.3,64.3,1,1
1946,4,79.225,155.0,3.5,316.9,1,1
1951,14,51.02819285714286,109.0,0.75,714.3947000000001,1,1
1940,1,2.25,2.25,2.25,2.25,1,1
1944,11,10.194545454545455,22.35,0.5,112.14,1,1
1949,3,18.47,27.69,0.72,55.41,1,1
1963,3,14.693333333333333,27.0,2.1,44.08,1,1
1943,1,0.55,0.55,0.55,0.55,1,1
1966,0,0.0,0.0,0.0,0.0,0,0
1945,10,23.9709,99.999,1.0,239.709,1,1
1965,3,35.513333333333335,91.23,1.81,106.54,1,1
1953,11,25.90636363636364,52.99,0.4,284.97,1,1
1947,21,23.18414285714286,31.65,2.0,486.867,1,1
1954,4,47.775,111.0,1.1,191.1,1,1
1958,5,16.33598,74.99,0.99,81.67989999999999,1,1
1962,4,47.096875,76.0,0.69,188.3875,1,1
1955,4,29.252499999999998,40.0,2.0,117.00999999999999,1,1
1957,7,31.428571428571427,143.0,2.0,220.0,1,1
1956,1,2.0,2.0,2.0,2.0,1,1
1952,6,43.79305,123.0,0.425,262.7583,1,1
1942,2,23.9755,46.701,1.25,47.951,1,1
1936,4,9.7572,36.66,0.3788,39.0288,1,1
1938,1,25.75,25.75,25.75,25.75,1,1
1937,6,43.69261666666667,98.69,0.5888,262.1557,1,1
1935,2,41.244400000000006,81.4,1.0888,82.48880000000001,1,1
1939,16,25.618528125,49.56,0.3999,409.89645,1,1
1926,2,7.035,7.77,6.3,14.07,1,1
1923,2,10.605,19.91,1.3,21.21,1,1
1930,6,1.3949999999999998,2.45,0.35,8.37,1,1
1931,3,47.18333333333334,126.0,0.55,141.55,1,1
1932,7,19.991428428571428,54.0,0.88,139.939999,1,1
1929,2,5.995,6.99,5.0,11.99,1,1
1919,6,4.3315,6.11,0.6,25.989,1,1
1924,1,0.725,0.725,0.725,0.725,1,1
1925,5,16.698,45.99,1.0,83.49000000000001,1,1
1921,6,9.565833333333332,16.125,2.0,57.394999999999996,1,1
1934,5,41.296,158.69,0.9,206.48,1,1
1918,11,12.168545454545454,23.2,0.725,133.85399999999998,1,1
1917,2,1.75,2.1,1.4,3.5,1,1
1933,4,44.41375,101.0,0.725,177.655,1,1
1928,2,19.3625,38.0,0.725,38.725,1,1
1922,3,38.73,114.99,0.4,116.19,1,1
1915,6,6.162766666666666,9.1,1.75,36.9766,1,1
1920,2,0.925,1.2,0.65,1.85,1,1
1927,4,35.7425,66.0,2.0,142.97,1,1
1916,11,28.331490909090906,94.39,2.0,311.64639999999997,1,1
1914,0,0.0,0.0,0.0,0.0,0,0
1907,2,2.675,4.85,0.5,5.35,1,1
1898,9,65.1443558888889,109.99,2.5,586.299203,1,1
1901,2,65.745,123.99,7.5,131.49,1,1
1906,12,28.152833333333334,34.4,3.0,337.834,1,1
1897,3,4.873333333333334,6.75,1.25,14.620000000000001,1,1
1902,1,1.99,1.99,1.99,1.99,1,1
1912,33,17.316940303030304,23.0,1.5,571.45903,1,1
1913,1,10.0,10.0,10.0,10.0,1,1
1900,23,44.74124347826087,80.3,0.5,1029.0486,1,1
1904,7,4.581428571428572,8.0,1.25,32.07,1,1
1908,5,22.16,90.0,0.4,110.8,1,1
1895,18,11.016218944444445,19.05,1.1,198.291941,1,1
1903,2,10.495,20.0,0.99,20.99,1,1
1896,7,11.376414285714286,20.9949,1.3,79.6349,1,1
1911,3,47.46666666666667,137.5,1.9,142.4,1,1
1909,4,21.65,62.0,0.8,86.6,1,1
1910,4,53.9125,110.0,1.5,215.65,1,1
1899,11,36.06423327272727,150.9,3.0,396.706566,1,1
1894,7,36.03071428571429,68.0,0.725,252.215,1,1
1905,6,9.938666666666666,11.822,4.0,59.632,1,1
1892,3,13.796779333333333,31.5,0.915338,41.390338,1,1
1893,1,3.75,3.75,3.75,3.75,1,1
1889,21,41.78657138095238,78.18,2.5,877.517999,1,1
1884,2,116.94,215.0,18.88,233.88,1,1
1870,4,66.32,133.88,2.5,265.28,1,1
1876,4,51.712500000000006,84.4,3.5,206.85000000000002,1,1
1873,1,1.25,1.25,1.25,1.25,1,1
1887,2,4.555,5.5,3.61,9.11,1,1
1891,5,25.886000000000003,57.0,3.64,129.43,1,1
1867,8,10.7434875,53.89,2.0,85.9479,1,1
1869,3,48.391133333333336,72.65,0.4,145.17340000000002,1,1
1879,7,25.411427571428572,85.0,1.25,177.879993,1,1
1885,12,24.978016666666665,33.2,5.0,299.7362,1,1
1880,3,36.03333333333333,55.7,4.5,108.1,1,1
1875,8,67.160625,160.69,4.0,537.285,1,1
1874,7,23.034285714285716,50.0,0.75,161.24,1,1
1888,6,12.511733333333332,16.49,0.4,75.07039999999999,1,1
1886,13,62.776546153846155,72.69,0.725,816.0951,1,1
1878,10,77.23025,400.0,5.0,772.3025,1,1
1890,4,47.125,106.0,5.0,188.5,1,1
1877,6,17.614933333333333,88.0,1.2,105.6896,1,1
1871,3,41.18,64.89,1.15,123.53999999999999,1,1
1883,8,51.386250000000004,116.8,1.25,411.09000000000003,1,1
1881,1,1.4,1.4,1.4,1.4,1,1
1882,1,1.5,1.5,1.5,1.5,1,1
1868,4,12.1875,34.0,2.0,48.75,1,1
1872,5,8.498000000000001,18.5,2.0,42.49,1,1
1857,2,6.144,7.288,5.0,12.288,1,1
1849,18,34.704381833333336,87.37,1.99,624.6788730000001,1,1
1855,18,11.650455555555556,20.17,1.3,209.7082,1,1
1858,4,10.262308,13.089232,2.2,41.049232,1,1
1860,10,9.523,16.99,1.3,95.22999999999999,1,1
1856,11,34.680454545454545,110.0,0.725,381.485,1,1
1865,2,1.585,2.4,0.77,3.17,1,1
1866,3,17.036333333333335,50.0,0.119,51.109,1,1
1863,13,13.510460769230768,22.99,0.37,175.63599,1,1
1847,7,25.199142857142856,75.36,4.0,176.394,1,1
1864,4,27.819499999999998,41.3,1.4,111.27799999999999,1,1
1854,3,1.9233333333333331,2.0,1.8,5.77,1,1
1848,2,4.471,6.942,2.0,8.942,1,1
1862,2,13.275,26.0,0.55,26.55,1,1
1850,2,1.775,2.25,1.3,3.55,1,1
1852,3,17.23,46.3,1.1,51.69,1,1
1846,2,56.0,106.0,6.0,112.0,1,1
1851,3,4.78,9.02,0.7,14.34,1,1
1859,2,3.875,5.75,2.0,7.75,1,1
1853,8,31.66375,44.71,0.45,253.31,1,1
1861,2,5.745,6.49,5.0,11.49,1,1
1845,15,10.883746666666667,19.99,0.07,163.2562,1,1
1843,16,11.5887493125,21.0,5.01,185.419989,1,1
1844,2,37009.845,74000.0,19.69,74019.69,1,1
1842,1,1.0,1.0,1.0,1.0,1,1
1824,18,20.946288888888887,60.43,0.85,377.03319999999997,1,1
1826,9,36.610533333333336,57.75,2.0,329.4948,1,1
1829,2,5.65,10.5,0.8,11.3,1,1
1836,8,20.9084875,58.3879,0.45,167.2679,1,1
1841,2,7.0,12.5,1.5,14.0,1,1
1831,4,36.3925,120.0,1.5,145.57,1,1
1822,2,5.25,5.5,5.0,10.5,1,1
1823,3,49.166666666666664,140.0,2.5,147.5,1,1
1832,5,9.784,23.0,1.07,48.92,1,1
1838,2,24.75,44.5,5.0,49.5,1,1
1827,3,57.26666666666667,100.0,1.8,171.8,1,1
1834,9,2.9975444444444443,5.8,0.9,26.977899999999998,1,1
1837,6,241.6966666666667,569.0,11.49,1450.18,1,1
1833,3,25.316666666666666,75.0,0.45,75.95,1,1
1840,3,7.066666666666666,10.95,1.25,21.2,1,1
1825,1,40.0,40.0,40.0,40.0,1,1
1830,5,18.395180000000003,79.4,2.296,91.97590000000001,1,1
1835,5,59.758,180.0,1.1,298.79,1,1
1839,3,28.71666666666667,80.0,2.2,86.15,1,1
1828,1,0.8,0.8,0.8,0.8,1,1
1821,2,9.5445,19.0,0.089,19.089,1,1
1820,0,0.0,0.0,0.0,0.0,0,0
1810,17,39.69676470588235,78.09,1.1,674.845,1,1
1807,14,13.040714285714285,50.0,0.35,182.57,1,1
1805,2,24.975,49.0,0.95,49.95,1,1
1817,6,20.243166666666667,34.25,0.4,121.459,1,1
1804,3,2.0988333333333333,2.9925,1.1,6.2965,1,1
1816,20,41.722500000000004,85.0,1.1,834.45,1,1
1800,4,42.016999999999996,84.5,1.1,168.06799999999998,1,1
1809,2,2.4885,4.2,0.777,4.977,1,1
1814,29,31.00324551724138,69.5,1.1,899.09412,1,1
1819,7,39.56428571428571,130.0,1.1,276.95,1,1
1815,9,25.00911111111111,92.69,1.3,225.082,1,1
1803,5,27.662,34.3,1.2,138.31,1,1
1818,5,51.58,123.0,4.0,257.9,1,1
1802,4,43.394999999999996,94.98,2.5,173.57999999999998,1,1
1812,3,39.1,59.9,0.4,117.3,1,1
1808,8,8.52375,12.21,2.0,68.19,1,1
1813,11,17.306818181818183,71.25,1.1,190.375,1,1
1811,4,11.239474999999999,19.199,3.0,44.957899999999995,1,1
1801,3,15.196666666666667,34.99,1.1,45.59,1,1
1806,2,3.375,3.75,3.0,6.75,1,1
1790,4,19.315,64.0,0.55,77.26,1,1
1798,2,0.3625815,0.465163,0.26,0.725163,1,1
1786,13,45.20361538461539,81.0,5.0,587.647,1,1
1782,5,43.898,103.0,0.99,219.49,1,1
1792,7,53.44285714285714,90.0,1.75,374.1,1,1
1779,3,37.53966666666667,85.0,0.65,112.619,1,1
1781,2,5.5,8.0,3.0,11.0,1,1
1797,4,19.805,27.5,1.1,79.22,1,1
1791,4,49.975,104.0,3.5,199.9,1,1
1787,1,20.0,20.0,20.0,20.0,1,1
1799,8,19.081375,115.0,0.142,152.651,1,1
1785,2,18.2,35.0,1.4,36.4,1,1
1795,5,21.613,55.0,2.0,108.065,1,1
1778,2,13.25,26.0,0.5,26.5,1,1
1789,1,1.0,1.0,1.0,1.0,1,1
1783,10,24.4545499,63.9,4.0,244.545499,1,1
1784,5,28.401999999999997,110.0,1.02,142.01,1,1
1794,2,1.0574999999999999,1.39,0.725,2.1149999999999998,1,1
1796,6,11.244983333333332,49.8899,2.0,67.4699,1,1
1780,11,37.87,78.18,3.5,416.57,1,1
1793,4,19.1125,72.5,0.45,76.45,1,1
1788,15,11.574231666666666,52.42069,0.45,173.613475,1,1
1777,1,6.15,6.15,6.15,6.15,1,1
1776,5,44.927800000000005,96.0,0.29,224.639,1,1
1757,4,24.922475,76.71,2.5,99.6899,1,1
1769,9,27.48776666666667,70.0,1.4,247.3899,1,1
1758,2,16.595,31.69,1.5,33.19,1,1
1772,1,0.4,0.4,0.4,0.4,1,1
1775,7,32.589999999999996,91.0,4.0,228.13,1,1
1767,15,12.288466666666666,48.0,1.7,184.327,1,1
1774,3,1.2548333333333332,1.9445,0.4,3.7645,1,1
1766,2,59.995,114.99,5.0,119.99,1,1
1761,1,1.3,1.3,1.3,1.3,1,1
1760,1,1.5,1.5,1.5,1.5,1,1
1768,1,1.15,1.15,1.15,1.15,1,1
1756,6,3.9258051666666667,7.14,0.725,23.554831,1,1
1762,2,4.695,6.39,3.0,9.39,1,1
1773,5,20.954,38.69,2.2,104.77,1,1
1759,4,18.6875,53.9,3.5,74.75,1,1
1765,4,10.504999999999999,24.25,2.0,42.019999999999996,1,1
1771,4,14.2075,24.68,2.5,56.83,1,1
1763,2,39.375,77.0,1.75,78.75,1,1
1770,28,28.752496428571426,52.42,3.5,805.0699,1,1
1764,2,25.544999999999998,50.69,0.4,51.089999999999996,1,1
1754,7,56.690985714285716,148.0,4.5,396.8369,1,1
1740,5,54.394000000000005,152.5,2.0,271.97,1,1
1738,14,22.439780000000003,39.69,1.8,314.15692,1,1
1747,7,21.548571428571428,64.0,1.0,150.84,1,1
1755,10,28.368000000000002,70.0,3.5,283.68,1,1
1736,1,2.7,2.7,2.7,2.7,1,1
1748,2,10.33,19.96,0.7,20.66,1,1
1749,6,11.353333333333333,27.77,1.5,68.12,1,1
1743,6,21.885,58.69,1.1,131.31,1,1
1744,9,19.33666111111111,41.49,2.0,174.02994999999999,1,1
1739,1,1.4,1.4,1.4,1.4,1,1
1751,18,19.233608555555556,61.0,1.35,346.204954,1,1
1746,4,31.70125,77.0,0.005,126.805,1,1
1737,5,9.507,18.5,2.0,47.535,1,1
1741,3,33.5,55.5,5.0,100.5,1,1
1742,3,18.150000000000002,50.0,1.8,54.45,1,1
1753,9,53.42444444444445,78.18,5.0,480.82000000000005,1,1
1745,0,0.0,0.0,0.0,0.0,0,0
1752,3,3.1333333333333333,4.3,1.1,9.4,1,1
1750,8,23.8711125,33.0,0.8,190.9689,1,1
1735,8,18.134375,34.99,0.69,145.075,1,1
1717,2,65.5,127.0,4.0,131.0,1,1
1715,9,22.928777777777775,101.0,0.55,206.35899999999998,1,1
1733,4,38.26,115.0,0.64,153.04,1,1
1727,1,0.6,0.6,0.6,0.6,1,1
1718,6,20.446166666666667,100.0,0.4,122.677,1,1
1724,2,2.75,3.5,2.0,5.5,1,1
1725,4,114.67,250.0,2.99,458.68,1,1
1726,1,4.0,4.0,4.0,4.0,1,1
1719,2,1.2149999999999999,1.48,0.95,2.4299999999999997,1,1
1716,5,25.898000000000003,56.8,3.5,129.49,1,1
1732,4,11.3675,14.5,8.0,45.47,1,1
1720,2,40.6385,77.777,3.5,81.277,1,1
1721,6,46.18883333333333,84.213,2.0,277.133,1,1
1734,3,407.6666666666667,800.0,3.0,1223.0,1,1
1723,26,34.427926923076924,77.78,0.34,895.1261,1,1
1729,25,40.922198,87.0,2.0,1023.05495,1,1
1722,2,2.8950000000000005,4.69,1.1,5.790000000000001,1,1
1731,1,0.4,0.4,0.4,0.4,1,1
1728,3,54.99666666666667,87.99,2.0,164.99,1,1
1730,5,9.1,16.5,1.0,45.5,1,1
1714,0,0.0,0.0,0.0,0.0,0,0
1700,2,29.75,55.0,4.5,59.5,1,1
1704,6,44.91612849999999,97.0,0.4,269.49677099999997,1,1
1706,1,1.3,1.3,1.3,1.3,1,1
1702,5,45.86,78.0,3.5,229.3,1,1
1695,3,21.513333333333332,33.69,0.85,64.53999999999999,1,1
1707,7,37.42714285714286,63.95,3.33,261.99,1,1
1708,4,62.258250000000004,149.69,0.463,249.03300000000002,1,1
1697,9,18.9582,74.0,1.4,170.62380000000002,1,1
1696,5,26.3666488,125.0,0.85,131.833244,1,1
1709,3,1.8800000000000001,2.85,0.69,5.640000000000001,1,1
1701,12,8.418925416666667,12.5,0.85,101.027105,1,1
1698,2,20.2,40.0,0.4,40.4,1,1
1694,6,3.997189666666667,11.5,0.725,23.983138,1,1
1713,18,9.965829777777778,13.74,2.0,179.384936,1,1
1699,2,1.3199999999999998,1.69,0.95,2.6399999999999997,1,1
1705,6,4.6049999999999995,6.0,0.35,27.63,1,1
1712,1,4.5,4.5,4.5,4.5,1,1
1703,18,20.523127777777777,83.0,2.0,369.4163,1,1
1710,9,22.136666666666667,49.3,1.95,199.23,1,1
1711,8,27.324725,74.77,3.5,218.5978,1,1
1690,1,3.0,3.0,3.0,3.0,1,1
1692,1,0.5,0.5,0.5,0.5,1,1
1691,1,0.6,0.6,0.6,0.6,1,1
1693,2,64.0,92.0,36.0,128.0,1,1
1689,1,1.25,1.25,1.25,1.25,1,1
1688,18,11.4111555,86.5,0.33,205.400799,1,1
1687,3,26.996266666666667,29.09,23.01,80.9888,1,1
1686,1,21.0,21.0,21.0,21.0,1,1
1684,0,0.0,0.0,0.0,0.0,0,0
1683,0,0.0,0.0,0.0,0.0,0,0
1685,42,38.49418216666667,92.8,0.18,1616.755651,1,1
1680,5,6.063,18.5,0.16,30.314999999999998,1,1
1681,14,25.842835642857143,46.9447,1.206,361.799699,1,1
1682,1,0.16,0.16,0.16,0.16,1,1
1678,9,26.08527777777778,92.22,0.29,234.7675,1,1
1679,3,37.96666666666667,79.9,5.0,113.9,1,1
1677,0,0.0,0.0,0.0,0.0,0,0
1676,1,1.0,1.0,1.0,1.0,1,1
1675,0,0.0,0.0,0.0,0.0,0,0
1673,0,0.0,0.0,0.0,0.0,0,0
1670,0,0.0,0.0,0.0,0.0,0,0
1665,0,0.0,0.0,0.0,0.0,0,0
1667,0,0.0,0.0,0.0,0.0,0,0
1668,0,0.0,0.0,0.0,0.0,0,0
1666,0,0.0,0.0,0.0,0.0,0,0
1671,0,0.0,0.0,0.0,0.0,0,0
1669,0,0.0,0.0,0.0,0.0,0,0
1672,0,0.0,0.0,0.0,0.0,0,0
1674,0,0.0,0.0,0.0,0.0,0,0
1664,0,0.0,0.0,0.0,0.0,0,0
1647,2,3.375,6.0,0.75,6.75,1,1
1650,2,37.095,59.69,14.5,74.19,1,1
1657,3,113.02299999999998,175.0,22.0,339.06899999999996,1,1
1653,1,2.17,2.17,2.17,2.17,1,1
1663,3,144.66666666666666,159.0,125.0,434.0,1,1
1645,1,2.37,2.37,2.37,2.37,1,1
1644,4,21.572499999999998,65.0,5.64,86.28999999999999,1,1
1660,2,0.605,0.72,0.49,1.21,1,1
1654,7,29.0143,109.99,1.05,203.1001,1,1
1659,21,45.15705238095238,74.6092,25.75,948.2981,1,1
1656,2,55.785,109.69,1.88,111.57,1,1
1658,4,46.6925,79.42,6.35,186.77,1,1
1646,8,24.6889875,84.2069,1.89,197.5119,1,1
1655,9,9.183322222222223,16.33,5.61,82.6499,1,1
1661,7,20.45,43.8,0.75,143.15,1,1
1648,1,0.82,0.82,0.82,0.82,1,1
1662,6,44.50383333333334,85.0,0.523,267.023,1,1
1651,3,6.046666666666667,9.21,1.23,18.14,1,1
1652,0,0.0,0.0,0.0,0.0,0,0
1649,1,56.0,56.0,56.0,56.0,1,1
1642,16,26.7384554375,58.291997,0.149,427.815287,1,1
1641,15,19.442211466666667,99.0,0.14,291.633172,1,1
1643,10,23.26589,56.6,0.149,232.6589,1,1
1640,7,17.257142857142856,47.01,0.08,120.8,1,1
1638,4,26.75,90.0,5.45,107.0,1,1
1639,0,0.0,0.0,0.0,0.0,0,0
1637,4,8.258225,16.9989,0.55,33.0329,1,1
1636,15,16.579831333333335,65.98,0.1111,248.69747,1,1
1635,2,7.76,14.99,0.53,15.52,1,1
1634,1,35.69,35.69,35.69,35.69,1,1
1633,5,74.97999999999999,148.0,22.0,374.9,1,1
1632,3,1.1900000000000002,1.34,1.0,3.5700000000000003,1,1
1630,1,1.0,1.0,1.0,1.0,1,1
1631,1,5.88,5.88,5.88,5.88,1,1
1628,12,11.56500175,17.895,0.1499,138.780021,1,1
1626,3,36.80696666666667,108.0,0.9999,110.4209,1,1
1627,1,0.2499,0.2499,0.2499,0.2499,1,1
1629,6,6.834783333333333,16.49,0.1899,41.0087,1,1
1624,4,67.3108,92.92,6.9,269.2432,1,1
1625,0,0.0,0.0,0.0,0.0,0,0
1621,6,23.062929166666667,45.99,0.75,138.377575,1,1
1622,4,32.699749,53.72,14.839996,130.798996,1,1
1620,4,27.37542175,62.0,2.75,109.501687,1,1
1619,6,11.1715,13.95,9.34,67.029,1,1
1623,8,45.916875000000005,113.0,5.99,367.33500000000004,1,1
1618,2,10.265,10.36,10.17,20.53,1,1
1617,3,20.393333333333334,41.7,6.5,61.18000000000001,1,1
1616,10,15.055600000000002,23.199,3.88,150.556,1,1
1615,2,40.25,80.0,0.5,80.5,1,1
1614,3,78.36666666666666,150.0,0.1,235.1,1,1
1613,3,5.843333333333334,13.5,0.44,17.53,1,1
1605,3,42.009,44.0,39.95,126.027,1,1
1595,2,43.90995,87.37,0.4499,87.8199,1,1
1603,5,40.91708,125.0,8.7654,204.5854,1,1
1606,3,105.02923333333332,160.0,25.0777,315.0877,1,1
1593,1,1.77,1.77,1.77,1.77,1,1
1602,3,48.09233333333333,60.0,36.5,144.277,1,1
1594,3,2.4966666666666666,3.3,1.84,7.49,1,1
1610,3,34.93333333333333,50.0,7.9,104.8,1,1
1611,4,15.152750000000001,36.0,5.9,60.611000000000004,1,1
1590,10,21.284239,109.0,3.69,212.84239,1,1
1592,5,18.07198,61.0,1.7,90.3599,1,1
1609,1,17.67,17.67,17.67,17.67,1,1
1599,4,49.53,110.0,6.25,198.12,1,1
1601,4,24.775,41.0,8.1,99.1,1,1
1596,0,0.0,0.0,0.0,0.0,0,0
1604,11,32.12809090909091,45.96,1.55,353.409,1,1
1608,15,33.03705333333333,95.0,7.7,495.5558,1,1
1591,5,4.142799999999999,6.2621,1.28,20.714,1,1
1607,1,7.5,7.5,7.5,7.5,1,1
1600,5,9.047999999999998,14.35,1.23,45.239999999999995,1,1
1598,1,36.99,36.99,36.99,36.99,1,1
1612,3,36.57998366666667,72.7,17.5,109.739951,1,1
1597,0,0.0,0.0,0.0,0.0,0,0
1588,6,69.42833333333333,155.0,3.0,416.57,1,1
1589,6,24.869799999999998,31.9,3.0,149.2188,1,1
1587,7,34.093042857142855,79.88,0.55,238.6513,1,1
1584,4,64.54977525,119.69,14.2,258.199101,1,1
1585,6,28.138,106.69,11.63,168.828,1,1
1586,0,0.0,0.0,0.0,0.0,0,0
1583,12,21.482250000000004,115.0,0.45,257.78700000000003,1,1
1582,6,8.273333333333333,37.99,0.31,49.64,1,1
1577,4,24.49375,92.0,0.475,97.975,1,1
1578,3,1.2429333333333332,1.75,0.63,3.7287999999999997,1,1
1580,1,7.76,7.76,7.76,7.76,1,1
1581,5,92.30799999999999,139.95,6.0,461.53999999999996,1,1
1579,3,45.22666666666667,80.5,0.49,135.68,1,1
1576,30,51.23616166666667,77.2,0.33,1537.08485,1,1
1575,14,9.186287642857142,15.04,0.26,128.608027,1,1
1574,1,0.55,0.55,0.55,0.55,1,1
1573,10,13.687199999999999,91.0,0.248,136.87199999999999,1,1
1572,1,0.64,0.64,0.64,0.64,1,1
1571,15,36.31259,97.4,1.0,544.68885,1,1
1570,11,19.691405727272727,75.99,1.8,216.605463,1,1
1569,4,17.9775,32.0,10.0,71.91,1,1
1568,4,16.5125,50.0,0.6,66.05,1,1
1567,2,0.255,0.36,0.15,0.51,1,1
1566,5,36.790000000000006,148.0,0.63,183.95000000000002,1,1
1561,7,11.905214142857144,14.0,8.35,83.336499,1,1
1562,5,63.818000000000005,200.0,1.89,319.09000000000003,1,1
1563,2,8.49,15.0,1.98,16.98,1,1
1565,4,2.875025,6.0,0.0001,11.5001,1,1
1564,4,44.8475,55.5,36.99,179.39,1,1
1560,5,1.0538,1.9,0.369,5.269,1,1
1558,4,14.6448,19.46,11.639,58.5792,1,1
1555,2,26.245,44.5,7.99,52.49,1,1
1556,0,0.0,0.0,0.0,0.0,0,0
1557,4,25.619999999999997,49.0,3.79,102.47999999999999,1,1
1559,7,16.223757142857142,37.95,0.66,113.5663,1,1
1554,10,11.528556900000002,37.5,0.35,115.28556900000001,1,1
1552,10,25.107836900000002,94.9,0.42,251.078369,1,1
1550,3,41.04,54.4,15.0,123.12,1,1
1548,4,27.75,59.0,12.0,111.0,1,1
1547,8,42.31125,49.4,13.5,338.49,1,1
1549,2,14.819,17.469,12.169,29.638,1,1
1551,8,22.97435,77.43,0.4,183.7948,1,1
1553,2,66.0,99.0,33.0,132.0,1,1
1544,1,125.0,125.0,125.0,125.0,1,1
1545,4,29.935,100.69,2.5,119.74,1,1
1538,0,0.0,0.0,0.0,0.0,0,0
1539,11,33.777181818181816,95.0,0.85,371.549,1,1
1541,1,88.0,88.0,88.0,88.0,1,1
1542,1,0.28,0.28,0.28,0.28,1,1
1546,2,2.875,4.5,1.25,5.75,1,1
1540,11,25.0535,30.1,1.85,275.5885,1,1
1543,6,10.5974725,22.865,0.85,63.584835,1,1
1537,6,16.335,32.4,0.3,98.01,1,1
1535,1,0.57,0.57,0.57,0.57,1,1
1533,2,18.0,35.25,0.75,36.0,1,1
1536,5,62.952,194.0,0.16,314.76,1,1
1534,1,77.0,77.0,77.0,77.0,1,1
1532,0,0.0,0.0,0.0,0.0,0,0
1531,3,36.28333333333333,108.0,0.4,108.85,1,1
1530,1,7.0,7.0,7.0,7.0,1,1
1528,6,69.49258333333334,188.0,2.4555,416.95550000000003,1,1
1526,3,12.228966666666665,18.7,0.4499,36.686899999999994,1,1
1524,6,51.66898333333334,75.53,0.2499,310.01390000000004,1,1
1529,6,26.721166666666665,29.29,24.45,160.327,1,1
1527,13,22.231361538461538,140.0,1.1777,289.0077,1,1
1525,3,83.6296,135.0,10.8888,250.8888,1,1
1523,1,0.3,0.3,0.3,0.3,1,1
1521,1,169.42,169.42,169.42,169.42,1,1
1522,13,47.24718030769231,78.18,0.2,614.213344,1,1
1520,1,0.29,0.29,0.29,0.29,1,1
1519,4,28.3625,47.0,0.45,113.45,1,1
1500,27,28.32381314814815,45.36,3.34,764.742955,1,1
1508,2,4.220000000000001,6.69,1.75,8.440000000000001,1,1
1516,1,96.73,96.73,96.73,96.73,1,1
1503,5,25.862000000000002,51.42,1.39,129.31,1,1
1505,5,22.098,95.0,1.7,110.49,1,1
1499,2,0.62,0.75,0.49,1.24,1,1
1515,7,17.962857142857143,98.0,1.76,125.74,1,1
1501,1,0.4,0.4,0.4,0.4,1,1
1513,1,63.76,63.76,63.76,63.76,1,1
1514,13,15.657699923076922,94.0,0.92,203.550099,1,1
1517,2,1.29,2.1,0.48,2.58,1,1
1512,12,18.979915833333333,87.0,1.42,227.75898999999998,1,1
1502,6,38.84166666666667,179.0,6.19,233.05,1,1
1507,3,30.275333333333332,49.0,20.74,90.826,1,1
1511,2,3.32,6.0,0.64,6.64,1,1
1509,1,18.0,18.0,18.0,18.0,1,1
1504,2,7.0,8.75,5.25,14.0,1,1
1506,0,0.0,0.0,0.0,0.0,0,0
1518,4,4.89875,7.6,2.0,19.595,1,1
1510,8,51.80125,53.72,48.71,414.41,1,1
1497,2,6.625,11.75,1.5,13.25,1,1
1498,4,13.2875,17.15,9.5,53.15,1,1
1496,6,31.85536666666667,78.18,0.497,191.1322,1,1
1495,14,63.60856714285715,96.0,24.39994,890.51994,1,1
1489,3,11.513333333333334,26.8,1.44,34.54,1,1
1483,3,30.790000000000003,90.0,0.88,92.37,1,1
1482,6,6.914316666666667,11.75,0.54,41.4859,1,1
1478,2,54.636050000000004,107.4321,1.84,109.27210000000001,1,1
1484,7,36.247142857142855,52.89,17.0,253.73,1,1
1480,5,9.245999999999999,43.33,0.4,46.23,1,1
1477,5,38.1467938,77.696969,6.16,190.733969,1,1
1475,0,0.0,0.0,0.0,0.0,0,0
1493,3,11.003333333333332,16.79,1.22,33.01,1,1
1479,7,25.927,32.329,1.41,181.489,1,1
1476,4,4.075,6.0,2.5,16.3,1,1
1487,2,51.825,99.0,4.65,103.65,1,1
1492,5,3.2948,7.1,0.8,16.474,1,1
1481,18,34.93162505555555,44.71,0.419,628.7692509999999,1,1
1485,10,52.0376,169.0,5.1,520.376,1,1
1491,1,1.84,1.84,1.84,1.84,1,1
1490,11,27.75790909090909,33.45,3.47,305.337,1,1
1494,7,60.739714285714285,75.5,0.4,425.178,1,1
1486,4,10.7975,17.0,5.99,43.19,1,1
1488,21,34.19341295238095,114.0,2.899,718.061672,1,1
1474,0,0.0,0.0,0.0,0.0,0,0
1473,3,4.060928,6.059784,0.313,12.182783999999998,1,1
1472,6,35.089333333333336,93.0,0.38,210.536,1,1
1456,7,26.759142857142855,57.5,0.98,187.314,1,1
1465,1,7.97,7.97,7.97,7.97,1,1
1470,2,9.385,18.0,0.77,18.77,1,1
1462,3,17.996666666666666,41.0,5.0,53.99,1,1
1463,8,39.4174875,53.73,26.9,315.3399,1,1
1457,21,47.34736190476191,68.9,29.4,994.2946000000001,1,1
1453,2,2.035,2.19,1.88,4.07,1,1
1469,3,37.90333333333333,110.0,1.81,113.71,1,1
1468,1,6.0,6.0,6.0,6.0,1,1
1466,7,19.49857142857143,60.0,1.9,136.49,1,1
1461,4,13.95,38.9,2.9,55.8,1,1
1460,7,30.2045,53.72,12.3635,211.4315,1,1
1454,1,88.8,88.8,88.8,88.8,1,1
1464,4,26.44225,35.9,1.4,105.769,1,1
1458,1,0.99,0.99,0.99,0.99,1,1
1459,3,56.64966666666667,119.0,8.88,169.949,1,1
1452,0,0.0,0.0,0.0,0.0,0,0
1471,2,6.845000000000001,9.0,4.69,13.690000000000001,1,1
1467,6,49.86666666666667,53.73,47.0,299.2,1,1
1455,35,55.316179999999996,82.22,1.42,1936.0663,1,1
1451,3,0.24166666666666667,0.39,0.095,0.725,1,1
1450,2,4.0,5.0,3.0,8.0,1,1
1449,2,43.45,44.9,42.0,86.9,1,1
1448,2,0.3125,0.38,0.245,0.625,1,1
1447,0,0.0,0.0,0.0,0.0,0,0
1446,0,0.0,0.0,0.0,0.0,0,0
1445,1,0.33,0.33,0.33,0.33,1,1
1438,17,17.582283411764706,78.18,4.02,298.898818,1,1
1425,3,30.983000000000004,41.469,15.38,92.94900000000001,1,1
1429,7,14.641046000000001,21.478,10.97,102.487322,1,1
1435,5,23.8482,65.0,4.0,119.241,1,1
1433,2,1.54,1.83,1.25,3.08,1,1
1442,6,14.561666666666667,34.0,2.18,87.37,1,1
1426,2,11.99,23.5,0.48,23.98,1,1
1432,1,21.25,21.25,21.25,21.25,1,1
1434,3,3.36,5.4,1.69,10.08,1,1
1436,2,61.225,121.95,0.5,122.45,1,1
1428,2,2.45,2.7,2.2,4.9,1,1
1430,4,21.0455,50.0,1.18,84.182,1,1
1440,2,45.44,90.0,0.88,90.88,1,1
1441,1,124.0,124.0,124.0,124.0,1,1
1437,1,63.0,63.0,63.0,63.0,1,1
1427,15,8.328752666666666,13.391,0.56,124.93129,1,1
1444,2,1.15,1.22,1.08,2.3,1,1
1431,0,0.0,0.0,0.0,0.0,0,0
1443,1,0.77,0.77,0.77,0.77,1,1
1439,4,19.474495,25.99799,2.0,77.89798,1,1
1424,1,0.13,0.13,0.13,0.13,1,1
1423,1,0.791029,0.791029,0.791029,0.791029,1,1
1422,2,24.75,36.0,13.5,49.5,1,1
1421,7,44.21714285714285,130.0,6.5,309.52,1,1
1419,0,0.0,0.0,0.0,0.0,0,0
1420,7,32.91128571428571,96.0,13.44,230.379,1,1
1416,6,1.1939666666666666,3.3999,0.1,7.1638,1,1
1417,0,0.0,0.0,0.0,0.0,0,0
1418,8,15.7933625,42.75,2.4,126.3469,1,1
1415,7,19.55842857142857,49.9,0.18,136.909,1,1
1413,5,27.432,51.0,0.07,137.16,1,1
1414,2,3.8664745000000003,4.532949,3.2,7.7329490000000005,1,1
1405,3,12.406333333333334,17.899,1.88,37.219,1,1
1411,4,28.136475,45.0,11.6769,112.5459,1,1
1407,2,2.7542999999999997,3.4986,2.01,5.5085999999999995,1,1
1410,14,24.604207142857142,35.689,0.69,344.45889999999997,1,1
1412,8,14.34825,19.99,11.446,114.786,1,1
1403,7,30.03634285714286,70.7564,0.3,210.2544,1,1
1406,3,5.13,8.5,2.69,15.39,1,1
1408,7,33.17142857142857,55.0,4.0,232.2,1,1
1404,5,27.907,61.8,4.2,139.535,1,1
1409,3,15.513333333333334,16.7,13.85,46.54,1,1
1402,8,45.99625,78.2,0.37,367.97,1,1
1401,2,205.0,400.0,10.0,410.0,1,1
1400,3,4.3500000000000005,7.5,0.75,13.05,1,1
1399,10,36.2434,45.5,0.194,362.434,1,1
1398,7,24.729114285714285,70.7,0.195,173.1038,1,1
1391,4,88.92,153.67,12.0,355.68,1,1
1394,0,0.0,0.0,0.0,0.0,0,0
1397,8,14.1658625,48.0,0.88,113.3269,1,1
1390,2,0.925,1.1,0.75,1.85,1,1
1393,3,9.233333333333333,12.0,7.6,27.7,1,1
1388,3,41.50666666666667,53.72,34.0,124.52,1,1
1396,1,0.64,0.64,0.64,0.64,1,1
1395,14,28.511428571428574,78.99,0.5,399.16,1,1
1389,4,29.39034775,64.0,1.22,117.561391,1,1
1392,39,33.958252564102565,52.4268,1.84,1324.37185,1,1
1386,0,0.0,0.0,0.0,0.0,0,0
1387,0,0.0,0.0,0.0,0.0,0,0
1384,3,65.13,103.99,1.4,195.39,1,1
1385,1,0.16,0.16,0.16,0.16,1,1
1378,6,18.258166666666668,99.0,1.25,109.549,1,1
1380,4,2.99,5.71,0.19,11.96,1,1
1379,4,6.075,14.98,2.39,24.3,1,1
1382,1,4.75,4.75,4.75,4.75,1,1
1383,1,7.5,7.5,7.5,7.5,1,1
1381,2,62.9,120.0,5.8,125.8,1,1
1377,6,45.59234166666667,83.83,13.777,273.55405,1,1
1376,7,54.58428571428572,94.0,10.0,382.09000000000003,1,1
1375,16,13.93523125,37.0,0.34,222.9637,1,1
1374,3,50.76166666666668,107.9,0.185,152.28500000000003,1,1
1373,6,29.588566666666665,58.0,0.45,177.5314,1,1
1372,0,0.0,0.0,0.0,0.0,0,0
1371,7,9.0227,11.769,1.4,63.1589,1,1
1366,21,20.606647619047617,74.9,2.9,432.7396,1,1
1370,2,30.32,59.99,0.65,60.64,1,1
1368,8,18.9073625,79.8,0.38,151.2589,1,1
1363,1,0.269,0.269,0.269,0.269,1,1
1369,5,14.5858,70.5,0.23,72.929,1,1
1364,7,45.892571428571436,88.888,0.36,321.24800000000005,1,1
1367,6,12.153333333333334,23.69,0.42,72.92,1,1
1365,4,72.52250000000001,179.0,0.44,290.09000000000003,1,1
1362,0,0.0,0.0,0.0,0.0,0,0
1361,4,31.61,120.0,0.69,126.44,1,1
1359,0,0.0,0.0,0.0,0.0,0,0
1360,7,41.02391428571429,129.99,0.39,287.16740000000004,1,1
1358,0,0.0,0.0,0.0,0.0,0,0
1357,5,31.233999999999998,72.0,1.99,156.17,1,1
1356,0,0.0,0.0,0.0,0.0,0,0
1355,10,28.204738,104.88,0.375,282.04738,1,1
1354,3,33.475559,88.0,5.426777,100.426677,1,1
1353,4,25.634999999999998,75.0,0.35,102.53999999999999,1,1
1352,1,0.49,0.49,0.49,0.49,1,1
1351,5,36.159800000000004,108.5,4.929,180.799,1,1
1350,4,37.86,120.0,6.5,151.44,1,1
1349,1,75.0,75.0,75.0,75.0,1,1
1348,10,58.6654901,137.0,0.3,586.654901,1,1
1344,4,48.960625,83.9,0.2625,195.8425,1,1
1345,7,11.950000000000001,41.0,2.5,83.65,1,1
1340,3,10.526333333333334,12.319,6.99,31.579,1,1
1339,1,40.0,40.0,40.0,40.0,1,1
1341,0,0.0,0.0,0.0,0.0,0,0
1342,0,0.0,0.0,0.0,0.0,0,0
1343,2,80.0,120.0,40.0,160.0,1,1
1346,2,2.8925,3.78,2.005,5.785,1,1
1337,1,52.5,52.5,52.5,52.5,1,1
1338,10,16.970173600000003,59.0,2.0,169.701736,1,1
1347,10,44.513,65.5,2.7,445.13,1,1
1335,2,1.32,1.79,0.85,2.64,1,1
1336,1,3.0,3.0,3.0,3.0,1,1
1334,24,46.09291645833333,73.0,0.62,1106.229995,1,1
1333,5,18.073999999999998,51.97,0.16,90.36999999999999,1,1
1332,12,38.74507,165.0,0.12,464.94084,1,1
1331,10,30.635879999999997,79.0,0.29,306.3588,1,1
1330,5,36.38,110.0,0.35,181.9,1,1
1329,4,27.965,54.0,1.25,111.86,1,1
1327,9,37.72388888888889,99.0,0.15,339.515,1,1
1328,2,8.8,9.75,7.85,17.6,1,1
1326,9,40.31177666666667,100.0,0.45,362.80599,1,1
1325,28,64.94351071428572,74.6969,0.15,1818.4183,1,1
1324,1,6.5,6.5,6.5,6.5,1,1
1323,4,26.213974999999998,27.985,24.42,104.85589999999999,1,1
1321,3,0.7759999999999999,1.0,0.44,2.328,1,1
1322,3,6.839666666666666,7.899,6.0,20.519,1,1
1320,4,21.567500000000003,52.5,0.33,86.27000000000001,1,1
1319,3,85.0996,148.95,0.3488,255.2988,1,1
1318,6,31.833316666666665,64.77,0.5999,190.9999,1,1
1317,5,68.38998000000001,140.0,0.4499,341.9499,1,1
1316,0,0.0,0.0,0.0,0.0,0,0
1315,10,15.574850000000001,31.969,0.18,155.7485,1,1
1314,4,65.0048,120.6942,0.335,260.0192,1,1
1313,0,0.0,0.0,0.0,0.0,0,0
1312,10,27.4158,45.06,0.34,274.158,1,1
1303,4,18.97225,43.9,1.5,75.889,1,1
1295,2,13.495049999999999,13.99,13.0001,26.990099999999998,1,1
1292,7,55.18078571428572,66.29,1.5,386.26550000000003,1,1
1296,11,52.041818181818186,67.99,1.5,572.46,1,1
1307,2,4.0,6.5,1.5,8.0,1,1
1305,2,83.5,162.0,5.0,167.0,1,1
1306,1,1.5,1.5,1.5,1.5,1,1
1310,4,50.75,128.0,1.0,203.0,1,1
1301,2,56.345,109.69,3.0,112.69,1,1
1308,3,6.166666666666667,10.0,1.5,18.5,1,1
1298,6,25.922466666666665,90.0,11.04,155.5348,1,1
1291,4,8.654887500000001,11.709,0.3,34.619550000000004,1,1
1293,10,22.951,169.0,0.71,229.51000000000002,1,1
1311,5,42.788,98.69,1.5,213.94,1,1
1304,7,26.365714285714287,88.0,1.5,184.56,1,1
1297,6,44.94226666666666,82.0,1.5,269.6536,1,1
1302,8,10.7249625,15.65,1.5,85.7997,1,1
1300,1,1.0,1.0,1.0,1.0,1,1
1294,3,56.833333333333336,119.0,1.5,170.5,1,1
1309,4,12.949475,20.0,1.5,51.7979,1,1
1299,1,1.5,1.5,1.5,1.5,1,1
1290,3,26.97896666666667,64.2069,2.98,80.93690000000001,1,1
1289,2,99.025,180.0,18.05,198.05,1,1
1288,0,0.0,0.0,0.0,0.0,0,0
1287,4,3.51225,4.499,2.1,14.049,1,1
1286,7,42.92707142857143,80.0,5.3,300.4895,1,1
1280,17,22.829546411764706,96.5,1.55,388.102289,1,1
1277,2,2.6500000000000004,3.2,2.1,5.300000000000001,1,1
1265,6,23.98,51.9,0.49,143.88,1,1
1267,3,1.3699666666666666,1.5,1.11,4.1099,1,1
1284,11,19.033667545454545,34.25,1.11,209.370343,1,1
1273,0,0.0,0.0,0.0,0.0,0,0
1279,5,51.86598,109.0,0.53,259.3299,1,1
1283,2,93.57,142.7,44.44,187.14,1,1
1269,9,26.90777288888889,32.35,13.13,242.169956,1,1
1282,6,27.136666666666667,35.98,17.99,162.82,1,1
1278,1,0.53,0.53,0.53,0.53,1,1
1268,4,248.9425,780.0,69.0,995.77,1,1
1266,7,19.394185714285715,71.95,0.64,135.7593,1,1
1271,3,83.19666666666667,96.69,76.0,249.59,1,1
1272,0,0.0,0.0,0.0,0.0,0,0
1285,6,46.026666666666664,135.0,0.41,276.15999999999997,1,1
1274,4,44.185,52.9,34.8,176.74,1,1
1281,3,35.26333333333333,36.0,34.69,105.78999999999999,1,1
1270,5,25.823987999999996,52.0,14.89,129.11993999999999,1,1
1276,2,13.25,14.5,12.0,26.5,1,1
1275,2,0.99,1.5,0.48,1.98,1,1
1264,2,8.314719,16.089438,0.54,16.629438,1,1
1263,0,0.0,0.0,0.0,0.0,0,0
1262,0,0.0,0.0,0.0,0.0,0,0
1261,3,5.011666666666667,13.78,0.48,15.035,1,1
1260,11,5.457636363636364,14.99,0.1,60.034,1,1
1259,6,6.202893333333333,7.22736,5.62,37.21736,1,1
1257,12,33.86166666666667,153.0,1.65,406.34000000000003,1,1
1258,0,0.0,0.0,0.0,0.0,0,0
1256,4,40.8125,108.0,0.75,163.25,1,1
1255,2,0.475,0.5,0.45,0.95,1,1
1253,6,12.268666666666666,40.0,0.5,73.612,1,1
1254,2,7.6325,14.8,0.465,15.265,1,1
1234,6,9.4285,14.5,0.3,56.571,1,1
1244,1,0.3,0.3,0.3,0.3,1,1
1250,1,1.3,1.3,1.3,1.3,1,1
1233,6,44.29666666666666,123.99,0.4,265.78,1,1
1240,3,5.566666666666666,14.0,0.3,16.7,1,1
1245,3,37.733333333333334,110.0,0.2,113.2,1,1
1252,1,1.955,1.955,1.955,1.955,1,1
1236,8,17.8784375,62.0,0.2,143.0275,1,1
1241,16,21.913125,31.5,0.35,350.61,1,1
1232,3,0.6766666666666667,0.79,0.55,2.0300000000000002,1,1
1239,10,26.348599999999998,48.69,0.4,263.486,1,1
1246,5,33.059999999999995,140.0,0.7,165.29999999999998,1,1
1248,6,27.28333333333333,64.0,0.3,163.7,1,1
1247,13,36.90330769230769,153.0,0.21,479.743,1,1
1251,7,19.52,66.0,0.69,136.64,1,1
1238,4,18.522068750000003,42.0,0.69,74.08827500000001,1,1
1243,4,7.349475,13.489,0.8,29.3979,1,1
1237,5,8.7838,30.5,0.3,43.919,1,1
1249,7,39.74812857142857,115.0,0.0069,278.2369,1,1
1242,1,3.0,3.0,3.0,3.0,1,1
1235,4,5.922499999999999,14.5,0.4,23.689999999999998,1,1
1231,4,46.575,149.0,1.8,186.3,1,1
1229,0,0.0,0.0,0.0,0.0,0,0
1230,5,20.108,33.86,0.11,100.54,1,1
1228,8,10.2125,38.5,0.6,81.7,1,1
1226,1,0.5,0.5,0.5,0.5,1,1
1227,7,36.212857142857146,103.01,2.5,253.49,1,1
1221,4,46.738175,118.0,8.8647,186.9527,1,1
1216,3,10.938670666666667,15.0,8.71,32.816012,1,1
1223,6,37.13036666666667,90.1,0.38,222.7822,1,1
1224,9,23.4965,55.99,0.39,211.4685,1,1
1220,5,40.227999999999994,69.0,0.26,201.14,1,1
1218,22,26.760654545454543,65.0,0.48,588.7343999999999,1,1
1219,2,2.225,2.65,1.8,4.45,1,1
1217,2,123.0,124.0,122.0,246.0,1,1
1225,2,5.75,10.0,1.5,11.5,1,1
1222,4,24.384,62.0,0.33,97.536,1,1
1215,6,46.76,118.69,0.18,280.56,1,1
1203,4,10.404075,13.1463,3.5,41.6163,1,1
1206,1,0.25,0.25,0.25,0.25,1,1
1214,1,1.2,1.2,1.2,1.2,1,1
1211,22,29.627086363636362,50.71,0.2,651.7959,1,1
1213,4,0.845101,1.39,0.4,3.380404,1,1
1208,9,10.34,54.69,0.2,93.06,1,1
1205,5,6.829657399999999,13.0,0.5,34.148286999999996,1,1
1212,5,8.61976,14.39,0.4,43.0988,1,1
1209,4,1.0799750000000001,2.1,0.2,4.3199000000000005,1,1
1204,1,3.0,3.0,3.0,3.0,1,1
1207,8,18.64875,50.0,1.5,149.19,1,1
1210,1,0.69,0.69,0.69,0.69,1,1
1200,3,34.333333333333336,43.0,20.0,103.0,1,1
1199,0,0.0,0.0,0.0,0.0,0,0
1202,1,115.0,115.0,115.0,115.0,1,1
1201,1,40.0,40.0,40.0,40.0,1,1
1197,8,15.732249750000001,42.0,0.8,125.85799800000001,1,1
1198,9,13597.298768777777,122300.0,0.23,122375.688919,1,1
1196,0,0.0,0.0,0.0,0.0,0,0
1195,0,0.0,0.0,0.0,0.0,0,0
1194,11,38.349818181818186,99.88,0.13,421.848,1,1
1193,2,0.2295,0.399,0.06,0.459,1,1
1192,8,35.20375,62.0,23.3,281.63,1,1
1191,6,49.10833333333333,75.49,22.0,294.65,1,1
1189,5,53.982000000000006,125.0,6.81,269.91,1,1
1190,4,27.866375,95.5,3.447,111.4655,1,1
1188,1,4.5,4.5,4.5,4.5,1,1
1182,9,10.434277777777778,14.999,4.0,93.9085,1,1
1181,5,36.6798,55.0,23.33,183.399,1,1
1184,9,6.6201888888888885,14.5,0.3,59.5817,1,1
1183,25,27.7079156,125.0,0.25,692.69789,1,1
1185,2,53.44,98.0,8.88,106.88,1,1
1186,2,47.0,59.0,35.0,94.0,1,1
1187,7,38.30012857142857,145.0,0.321,268.1009,1,1
1176,3,7.976333333333333,16.0,3.752,23.929,1,1
1177,2,4.17,4.5,3.84,8.34,1,1
1180,1,140.0,140.0,140.0,140.0,1,1
1178,1,60.0,60.0,60.0,60.0,1,1
1179,11,38.963418181818184,104.88,3.73,428.5976,1,1
1175,1,28.0,28.0,28.0,28.0,1,1
1174,2,4.95,9.0,0.9,9.9,1,1
1171,1,60.0,60.0,60.0,60.0,1,1
1173,5,42.624,120.0,4.44,213.12,1,1
1172,5,6.9699798,13.999899,1.6,34.849899,1,1
1170,2,43.035,86.0,0.07,86.07,1,1
1169,1,0.35,0.35,0.35,0.35,1,1
1168,1,0.075,0.075,0.075,0.075,1,1
1167,18,37.376049944444446,45.778899,0.6,672.768899,1,1
1166,29,27.463554620689656,108.5,0.18,796.443084,1,1
1165,3,4.069333333333334,8.25,0.37,12.208,1,1
1163,9,44.239999999999995,100.88,7.5,398.15999999999997,1,1
1162,2,13.0,15.0,11.0,26.0,1,1
1164,0,0.0,0.0,0.0,0.0,0,0
1160,1,0.265,0.265,0.265,0.265,1,1
1161,13,35.34446153846154,89.5,0.27,459.478,1,1
1159,5,815.69198,4000.0,1.9999,4078.4599,1,1
1158,2,56.8471,70.0,43.6942,113.6942,1,1
1157,4,45.03725,110.0,0.189,180.149,1,1
1156,18,34.60604444444445,111.0,0.25,622.9088,1,1
1155,9,41.03207777777778,107.5,23.5,369.2887,1,1
1153,2,8.758849999999999,9.0177,8.5,17.517699999999998,1,1
1154,7,65.95712857142857,149.0,1.0,461.6999,1,1
1152,6,10.149816666666666,48.8,0.85,60.8989,1,1
1151,1,0.65,0.65,0.65,0.65,1,1
1150,3,72.79716666666667,169.0,0.5,218.3915,1,1
1149,0,0.0,0.0,0.0,0.0,0,0
1148,7,14.035714285714286,24.4,0.44,98.25,1,1
1147,1,65.0,65.0,65.0,65.0,1,1
1146,1,3.77,3.77,3.77,3.77,1,1
1145,3,36.79333333333333,110.0,0.1,110.38,1,1
1144,1,0.9999,0.9999,0.9999,0.9999,1,1
1143,1,0.9876,0.9876,0.9876,0.9876,1,1
1140,3,21.933333333333334,48.0,7.8,65.8,1,1
1142,3,28.37369633333333,45.0,0.25,85.121089,1,1
1141,4,31.317,77.69,1.51,125.268,1,1
1139,4,15.6215,60.0,0.709,62.486,1,1
1138,1,1.9,1.9,1.9,1.9,1,1
1137,13,21.063000000000002,70.69,7.0,273.819,1,1
1136,9,41.785444444444444,127.0,0.2,376.069,1,1
1135,0,0.0,0.0,0.0,0.0,0,0
1134,7,25.792857142857144,58.0,0.3,180.55,1,1
1133,6,25.791666666666668,52.0,1.35,154.75,1,1
1132,1,0.45,0.45,0.45,0.45,1,1
1128,13,30.000684615384614,96.0,0.3999,390.0089,1,1
1127,2,1.1722,1.7,0.6444,2.3444,1,1
1130,2,5.65,6.8,4.5,11.3,1,1
1131,5,38.95998,180.0,0.3999,194.7999,1,1
1129,2,0.275,0.32,0.23,0.55,1,1
1126,6,17.150666666666666,36.36,0.25,102.904,1,1
1125,6,5.818666666666666,25.0,0.325,34.912,1,1
1122,0,0.0,0.0,0.0,0.0,0,0
1123,0,0.0,0.0,0.0,0.0,0,0
1124,6,13.273083333333332,63.5,0.75,79.6385,1,1
1121,4,1.87,4.15,0.14,7.48,1,1
1119,1,25.0,25.0,25.0,25.0,1,1
1120,0,0.0,0.0,0.0,0.0,0,0
1118,9,55.644444444444446,109.0,17.98,500.8,1,1
1117,2,31.05,32.0,30.1,62.1,1,1
1116,14,13.088464285714284,16.59,5.09,183.2385,1,1
1115,6,39.083133333333336,115.7,1.799,234.49880000000002,1,1
1114,0,0.0,0.0,0.0,0.0,0,0
1113,10,55.5447,107.0,0.777,555.447,1,1
1112,6,33.84896333333334,80.0,9.105,203.09378,1,1
1111,1,0.95,0.95,0.95,0.95,1,1
1110,0,0.0,0.0,0.0,0.0,0,0
1109,10,38.11649,144.0,0.19,381.1649,1,1
1108,6,27.965644166666664,79.99,0.55,167.79386499999998,1,1
1107,1,59.5,59.5,59.5,59.5,1,1
1106,3,0.8183333333333334,1.89,0.215,2.455,1,1
1105,1,61.0,61.0,61.0,61.0,1,1
1103,1,0.4,0.4,0.4,0.4,1,1
1104,8,18.702494375,47.85,0.32,149.619955,1,1
1102,11,15.476354545454546,27.8,2.75,170.2399,1,1
1101,0,0.0,0.0,0.0,0.0,0,0
1100,8,65.82,118.0,10.0,526.56,1,1
1098,7,21.264999999999997,45.0,0.335,148.855,1,1
1099,3,15.746333333333332,26.0,6.489,47.239,1,1
1097,7,22.669999999999998,32.55,0.25,158.69,1,1
1096,2,49.185,98.0,0.37,98.37,1,1
1095,5,21.216,37.0,0.66,106.08,1,1
1092,2,68.28280000000001,80.0,56.5656,136.56560000000002,1,1
1094,7,12.01127142857143,17.9,0.4,84.0789,1,1
1093,0,0.0,0.0,0.0,0.0,0,0
1090,2,16.125,16.5,15.75,32.25,1,1
1091,2,1.9944,3.0,0.9888,3.9888,1,1
1089,7,16.94126142857143,30.44995,7.46888,118.58883,1,1
1087,1,0.33,0.33,0.33,0.33,1,1
1086,9,22.47939733333333,60.67,0.29,202.314576,1,1
1088,2,44.345,62.0,26.69,88.69,1,1
1085,11,19.924545454545456,90.2,0.44,219.17000000000002,1,1
1083,5,62.629999999999995,120.0,0.25,313.15,1,1
1084,3,56.74666666666667,112.55,2.69,170.24,1,1
1082,3,0.21,0.45,0.08,0.63,1,1
1081,0,0.0,0.0,0.0,0.0,0,0
1080,44,38.616195454545455,49.61,0.1,1699.1126,1,1
1075,2,3.575,4.8,2.35,7.15,1,1
1079,0,0.0,0.0,0.0,0.0,0,0
1078,9,17.995377777777776,75.3684,4.42,161.95839999999998,1,1
1077,0,0.0,0.0,0.0,0.0,0,0
1076,3,95.41666666666667,111.25,85.0,286.25,1,1
1074,10,20.0647255,101.0,0.086,200.647255,1,1
1063,1,5.1,5.1,5.1,5.1,1,1
1067,3,13.35,36.0,1.6,40.05,1,1
1069,6,11.363116666666668,22.78,0.64,68.1787,1,1
1065,3,46.62366666666667,72.971,1.9,139.871,1,1
1064,12,23.243350000000003,52.69,0.64,278.9202,1,1
1070,20,32.43122455,78.18,3.5,648.624491,1,1
1072,4,22.825,29.5,11.8,91.3,1,1
1073,2,40.6,79.9,1.3,81.2,1,1
1068,3,10.666666666666666,15.0,5.0,32.0,1,1
1062,4,26.875,69.0,1.55,107.5,1,1
1066,3,12.285666666666666,17.97,6.0,36.857,1,1
1071,6,34.87833333333334,45.69,25.1,209.27,1,1
1061,4,9.716225,14.2069,6.5,38.8649,1,1
1060,11,29.943454454545453,106.0,0.04,329.377999,1,1
1059,20,35.24249,77.99,0.14,704.8498,1,1
1054,8,15.32375,31.93,3.3,122.59,1,1
1057,6,37.77981666666667,165.0,3.99,226.6789,1,1
1053,2,1.705,1.81,1.6,3.41,1,1
1051,8,28.705,80.0,3.0,229.64,1,1
1049,15,36.9214966,109.0,2.42,553.822449,1,1
1050,12,13.89575,80.0,1.55,166.749,1,1
1058,4,24.4725,46.69,3.2,97.89,1,1
1052,2,1.925,2.2,1.65,3.85,1,1
1055,7,9.924285714285714,25.39,3.02,69.47,1,1
1056,6,44.81333333333333,101.5,7.5,268.88,1,1
1048,11,6.480709000000001,9.2898,0.12,71.287799,1,1
1047,5,22.525,33.03,5.805,112.625,1,1
1046,7,9.667408285714286,56.9,0.251858,67.671858,1,1
1045,3,0.5916666666666667,1.25,0.095,1.775,1,1
1044,12,14.212575000000001,29.06,0.54,170.5509,1,1
1043,1,24.99,24.99,24.99,24.99,1,1
1042,9,10.047777777777778,34.95,0.35,90.43,1,1
1041,11,18.05872727272727,45.512,0.475,198.646,1,1
1040,2,20.75,34.0,7.5,41.5,1,1
1038,3,0.9633333333333333,1.64,0.5,2.8899999999999997,1,1
1039,5,40.54600000000001,129.0,0.04,202.73000000000002,1,1
1037,0,0.0,0.0,0.0,0.0,0,0
1032,10,39.8639955,52.0,22.385,398.639955,1,1
1031,0,0.0,0.0,0.0,0.0,0,0
1034,0,0.0,0.0,0.0,0.0,0,0
1036,2,71.0,110.0,32.0,142.0,1,1
1029,1,150.0,150.0,150.0,150.0,1,1
1035,0,0.0,0.0,0.0,0.0,0,0
1030,4,65.4225,90.69,53.5,261.69,1,1
1033,7,60.26142857142857,115.0,45.33,421.83,1,1
1027,2,51.995,80.0,23.99,103.99,1,1
1028,0,0.0,0.0,0.0,0.0,0,0
1026,5,24.18,68.0,0.09,120.9,1,1
1025,1,0.1499,0.1499,0.1499,0.1499,1,1
1024,4,11.989999999999998,17.4,8.87,47.959999999999994,1,1
1023,0,0.0,0.0,0.0,0.0,0,0
1022,4,2.24,7.0,0.55,8.96,1,1
1021,4,23.037625,74.2105,3.45,92.1505,1,1
1020,12,26.956999,54.7,0.35,323.483988,1,1
1019,0,0.0,0.0,0.0,0.0,0,0
1014,0,0.0,0.0,0.0,0.0,0,0
1018,2,60.84,64.68,57.0,121.68,1,1
1012,22,23.904954545454544,89.0,4.95,525.909,1,1
1017,4,59.7075,64.0,55.0,238.83,1,1
1016,0,0.0,0.0,0.0,0.0,0,0
1010,0,0.0,0.0,0.0,0.0,0,0
1011,1,102.45,102.45,102.45,102.45,1,1
1015,3,38.596666666666664,96.0,6.34,115.78999999999999,1,1
1013,4,63.2575,129.0,9.02,253.03,1,1
1009,10,32.382999999999996,64.0,0.33,323.83,1,1
1008,3,23.527,70.0,0.081,70.581,1,1
1007,17,37.70637647058824,83.0,11.71,641.0084,1,1
1006,5,21.122,55.0,0.12,105.61,1,1
1005,5,37.18,149.69,0.33,185.9,1,1
1004,13,24.93323053846154,90.0,0.333,324.131997,1,1
1003,6,31.235,80.0,3.0,187.41,1,1
1002,6,20.48098333333333,38.5,0.3499,122.88589999999999,1,1
1001,7,17.432642857142856,75.0,0.1495,122.0285,1,1
1000,1,0.5,0.5,0.5,0.5,1,1
999,4,60.08,105.0,0.32,240.32,1,1
998,3,0.4466666666666667,0.53,0.4,1.34,1,1
996,2,0.52,0.7,0.34,1.04,1,1
997,12,13.208926833333335,17.62,11.46,158.507122,1,1
995,2,84.5,97.0,72.0,169.0,1,1
993,13,31.414615384615384,37.11,1.0,408.39,1,1
994,2,1.8775,2.55,1.205,3.755,1,1
992,5,18.508,49.5,0.25,92.53999999999999,1,1
989,14,16.557539928571426,29.369,4.697999,231.805559,1,1
988,5,13.2638,14.389,12.06,66.319,1,1
979,1,15.0,15.0,15.0,15.0,1,1
971,1,13.88,13.88,13.88,13.88,1,1
973,1,32.75,32.75,32.75,32.75,1,1
986,1,29.8492,29.8492,29.8492,29.8492,1,1
985,5,56.68062,66.2631,26.98,283.4031,1,1
974,2,17.744999999999997,17.97,17.52,35.489999999999995,1,1
987,13,15.131053846153845,23.4,9.19,196.7037,1,1
981,1,20.1005,20.1005,20.1005,20.1005,1,1
984,0,0.0,0.0,0.0,0.0,0,0
990,2,22.755000000000003,23.5,22.01,45.510000000000005,1,1
991,3,43.0,112.0,7.0,129.0,1,1
972,1,14.15,14.15,14.15,14.15,1,1
983,5,26.549599999999998,28.72,23.208,132.748,1,1
982,8,11.101699125,13.077,9.5477,88.813593,1,1
976,7,17.532857142857143,31.69,6.09,122.73,1,1
980,4,22.5375,24.25,21.4,90.15,1,1
975,1,28.95,28.95,28.95,28.95,1,1
978,1,37.69,37.69,37.69,37.69,1,1
977,6,9.552,31.2,4.76,57.312,1,1
970,9,10.851522222222222,15.1658,0.32,97.6637,1,1
968,2,25.5,40.0,11.0,51.0,1,1
969,4,36.717475,55.0,0.1499,146.8699,1,1
966,10,25.93139,64.2069,6.0,259.3139,1,1
967,2,35.25,70.0,0.5,70.5,1,1
965,2,1.1600000000000001,2.2,0.12,2.3200000000000003,1,1
964,1,82.0,82.0,82.0,82.0,1,1
963,1,0.195,0.195,0.195,0.195,1,1
962,1,0.85,0.85,0.85,0.85,1,1
960,4,36.0972,62.0,0.8888,144.3888,1,1
959,7,32.51254285714286,80.0,0.3888,227.58780000000002,1,1
961,1,75.0,75.0,75.0,75.0,1,1
958,7,8.795075714285714,26.0,0.1899,61.565529999999995,1,1
957,8,53.973049625,175.0,0.35,431.784397,1,1
956,33,20.16671424242424,48.7437,0.1485,665.50157,1,1
955,6,72.86228333333334,129.4737,35.7,437.1737,1,1
954,3,2.6999999999999997,6.5,0.5,8.1,1,1
953,1,0.35,0.35,0.35,0.35,1,1
951,7,30.677142857142858,88.0,0.14,214.74,1,1
952,7,25.291500000000003,62.24,1.33,177.0405,1,1
950,2,13.0,22.0,4.0,26.0,1,1
949,1,6.9,6.9,6.9,6.9,1,1
948,13,10.95376923076923,28.41,0.79,142.399,1,1
947,2,1.015,1.9,0.13,2.03,1,1
924,8,28.759737375,70.7799,9.218,230.077899,1,1
934,13,32.565151538461535,59.61,11.86197,423.34697,1,1
925,2,13.754999999999999,13.76,13.75,27.509999999999998,1,1
926,0,0.0,0.0,0.0,0.0,0,0
939,4,11.635,13.95,9.36,46.54,1,1
927,4,15.3765,22.01,11.649,61.506,1,1
931,0,0.0,0.0,0.0,0.0,0,0
930,1,96.0,96.0,96.0,96.0,1,1
933,14,23.286862857142857,61.08,9.1,326.01608,1,1
941,29,54.77862068965517,71.99,25.92,1588.58,1,1
946,2,49.35,95.0,3.7,98.7,1,1
929,2,8.198,9.0,7.396,16.396,1,1
943,15,20.807199933333333,104.75,0.24,312.107999,1,1
944,4,5.5725,6.48,4.3,22.29,1,1
936,6,12.8691665,17.788,9.68,77.214999,1,1
938,0,0.0,0.0,0.0,0.0,0,0
940,1,16.5829,16.5829,16.5829,16.5829,1,1
922,3,48.56333333333333,61.9,22.5,145.69,1,1
937,2,16.6645,20.06,13.269,33.329,1,1
923,25,31.4359596,52.32,22.24,785.89899,1,1
932,2,84.53,87.56,81.5,169.06,1,1
942,3,0.303,0.369,0.24,0.909,1,1
935,22,21.538317727272727,65.66,2.95,473.84299,1,1
945,31,38.281321,81.95,11.34,1186.720951,1,1
928,9,24.942555555555558,32.48,21.743,224.483,1,1
921,9,8.292230888888888,9.6,0.3,74.630078,1,1
920,11,13.37880909090909,27.0,4.07,147.1669,1,1
917,1,0.24,0.24,0.24,0.24,1,1
918,8,48.326125,98.0,3.89,386.609,1,1
919,2,0.64,0.88,0.4,1.28,1,1
916,4,12.3654735,17.182,9.0,49.461894,1,1
901,1,32.0,32.0,32.0,32.0,1,1
912,11,15.546445454545454,29.29,2.84,171.0109,1,1
897,1,42.69,42.69,42.69,42.69,1,1
915,4,44.9725,51.85,28.5,179.89,1,1
900,5,27.862000000000002,29.91,26.65,139.31,1,1
911,6,22.505999666666668,49.5,8.497,135.035998,1,1
906,7,20.791285714285713,35.0,12.9,145.539,1,1
909,11,14.060381818181817,22.35,8.59,154.6642,1,1
898,2,13.95,14.02,13.88,27.9,1,1
902,12,14.024118333333334,22.785,8.86,168.28942,1,1
903,1,13.91,13.91,13.91,13.91,1,1
904,12,55.26916666666667,59.63,28.97,663.23,1,1
899,0,0.0,0.0,0.0,0.0,0,0
914,1,22.3317,22.3317,22.3317,22.3317,1,1
908,7,20.80716442857143,29.949951,13.599,145.650151,1,1
910,39,41.89934615384615,78.0,2.95,1634.0745,1,1
905,3,23.673333333333332,29.65,11.88,71.02,1,1
896,18,39.94521977777778,59.63,14.875,719.013956,1,1
907,1,28.45,28.45,28.45,28.45,1,1
913,10,17.3834999,23.3,6.0,173.834999,1,1
895,2,10.16,20.0,0.32,20.32,1,1
894,2,10.85,19.0,2.7,21.7,1,1
892,7,17.61285714285714,44.98,0.15,123.28999999999999,1,1
893,5,6.276999999999999,8.99,0.075,31.384999999999998,1,1
891,3,28.896666666666665,70.0,0.49,86.69,1,1
888,5,8.267759999999999,18.88,0.4888,41.3388,1,1
889,7,14.231571428571428,50.0,0.3,99.621,1,1
890,2,14.575,26.0,3.15,29.15,1,1
886,2,0.62,1.0,0.24,1.24,1,1
887,7,44.082271428571424,110.0,0.58,308.5759,1,1
866,0,0.0,0.0,0.0,0.0,0,0
872,2,38.495,46.0,30.99,76.99,1,1
871,4,26.215,29.99,22.94,104.86,1,1
882,16,43.1411875,59.64,2.93,690.259,1,1
883,1,29.4472,29.4472,29.4472,29.4472,1,1
879,0,0.0,0.0,0.0,0.0,0,0
878,2,25.5,40.0,11.0,51.0,1,1
876,1,16.47,16.47,16.47,16.47,1,1
870,10,13.449090000000002,24.75,4.6,134.4909,1,1
881,11,22.580563636363635,29.99,10.44,248.3862,1,1
884,5,25.798000000000002,29.7,16.5,128.99,1,1
867,1,15.427136,15.427136,15.427136,15.427136,1,1
880,2,17.515,21.21,13.82,35.03,1,1
868,1,29.43,29.43,29.43,29.43,1,1
874,9,15.153069555555554,22.95,11.959726,136.377626,1,1
873,3,15.4,16.0,14.51,46.2,1,1
875,12,14.55560225,22.568,9.37,174.667227,1,1
885,0,0.0,0.0,0.0,0.0,0,0
869,0,0.0,0.0,0.0,0.0,0,0
877,24,16.29104166666667,35.0,11.6,390.985,1,1
849,2,8.427150000000001,8.7543,8.1,16.854300000000002,1,1
855,4,25.2925,27.5,23.68,101.17,1,1
853,1,8.1266,8.1266,8.1266,8.1266,1,1
848,4,6.4175,6.75,6.16,25.67,1,1
859,2,18.744999999999997,19.5,17.99,37.489999999999995,1,1
846,1,12.163,12.163,12.163,12.163,1,1
847,42,28.663403809523807,34.22,23.45,1203.86296,1,1
862,2,21.845,22.01,21.68,43.69,1,1
861,1,27.0,27.0,27.0,27.0,1,1
856,1,17.085427,17.085427,17.085427,17.085427,1,1
858,17,24.34671276470588,104.4,5.66,413.894117,1,1
854,1,60.27,60.27,60.27,60.27,1,1
851,1,7.998,7.998,7.998,7.998,1,1
850,0,0.0,0.0,0.0,0.0,0,0
852,2,22.135,22.26,22.01,44.27,1,1
864,4,15.3375,33.0,5.0,61.35,1,1
857,1,73.5,73.5,73.5,73.5,1,1
863,14,15.132342428571429,23.133,6.0,211.852794,1,1
865,0,0.0,0.0,0.0,0.0,0,0
860,1,24.0,24.0,24.0,24.0,1,1
845,3,2.276666666666667,3.7,0.14,6.83,1,1
844,12,14.067333333333332,50.0,0.149,168.808,1,1
842,8,23.737375,105.0,0.15,189.899,1,1
843,2,30.07,60.0,0.14,60.14,1,1
838,3,44.629999999999995,130.0,1.5,133.89,1,1
841,1,0.69,0.69,0.69,0.69,1,1
839,4,4.5515,17.0,0.11,18.206,1,1
840,5,9.942,35.0,0.1,49.71,1,1
837,13,18.224230769230772,66.0,0.1,236.91500000000002,1,1
836,4,20.5625,31.77,5.8,82.25,1,1
835,9,20.365211111111112,115.0,0.45,183.2869,1,1
834,3,0.8083333333333332,1.365,0.46,2.425,1,1
833,6,55.7648,110.0,4.25,334.5888,1,1
832,1,0.12,0.12,0.12,0.12,1,1
831,3,0.2788,0.46,0.142,0.8364,1,1
830,0,0.0,0.0,0.0,0.0,0,0
829,4,20.075,75.0,0.4,80.3,1,1
828,2,13.155555,13.91111,12.4,26.31111,1,1
826,1,1.2,1.2,1.2,1.2,1,1
827,20,18.28828995,68.5,0.25,365.765799,1,1
824,7,18.295142857142856,68.0,4.0,128.066,1,1
825,2,0.445,0.49,0.4,0.89,1,1
823,5,16.3296,81.0,0.04,81.648,1,1
822,6,3032.6316666666667,18000.0,0.11,18195.79,1,1
821,2,1.975,2.5,1.45,3.95,1,1
819,13,28.25615384615385,94.9,0.12,367.33000000000004,1,1
818,6,28.603333333333335,152.0,0.2,171.62,1,1
820,4,109.575,222.0,1.3,438.3,1,1
816,4,23.969749999999998,58.0,0.295,95.87899999999999,1,1
815,4,30.02675,65.0,0.207,120.107,1,1
814,6,38.559333333333335,70.8,0.281,231.356,1,1
817,4,2.31,5.9,0.3,9.24,1,1
812,6,40.154583333333335,62.9146,0.213,240.9275,1,1
811,3,14.333333333333334,32.0,5.0,43.0,1,1
810,18,24.112222222222222,63.79,0.29,434.02,1,1
813,6,43.13763333333333,88.9,0.212,258.8258,1,1
809,6,18.4978855,31.5,1.5,110.987313,1,1
808,0,0.0,0.0,0.0,0.0,0,0
807,5,44.882,45.82,42.0,224.41,1,1
805,2,56.875,105.0,8.75,113.75,1,1
806,6,12.251658333333333,22.5,1.1,73.50995,1,1
804,7,25.81714285714286,54.5,0.33,180.72,1,1
803,1,100.0,100.0,100.0,100.0,1,1
799,0,0.0,0.0,0.0,0.0,0,0
801,4,20.35,40.0,0.4,81.4,1,1
798,5,7.868,18.0,0.45,39.34,1,1
800,3,16.073333333333334,47.0,0.5,48.22,1,1
802,10,22.90288,114.0,0.47,229.0288,1,1
797,7,72.85385714285714,159.9,0.3,509.977,1,1
795,2,39.075,78.0,0.15,78.15,1,1
790,4,9.695,13.5,7.0,38.78,1,1
793,1,5.0,5.0,5.0,5.0,1,1
791,6,26.058333333333334,50.0,0.12,156.35,1,1
796,7,32.41142857142857,69.42,0.12,226.88,1,1
794,6,33.836666666666666,160.0,0.13,203.01999999999998,1,1
792,4,21.41,65.0,1.19,85.64,1,1
789,3,36.63,63.0,1.89,109.89,1,1
788,2,25.405,48.88,1.93,50.81,1,1
787,3,42.39666666666667,85.0,1.19,127.19,1,1
786,10,13.1939,52.0,0.09,131.939,1,1
785,3,36.31666666666667,108.0,0.4,108.95,1,1
784,6,46.36833333333334,180.0,0.69,278.21000000000004,1,1
783,2,2.1742500000000002,4.2,0.1485,4.3485000000000005,1,1
782,3,26.916666666666668,45.0,2.75,80.75,1,1
779,10,14.1170577,100.5,0.2,141.170577,1,1
777,2,7.773499999999999,14.777,0.77,15.546999999999999,1,1
781,5,52.565999999999995,97.0,0.95,262.83,1,1
776,3,14.713333333333333,42.9,0.47,44.14,1,1
780,3,16.606666666666666,34.95,1.5,49.82,1,1
773,16,14.986667125,36.81,0.315,239.786674,1,1
775,4,39.184375,99.0,0.282,156.7375,1,1
778,0,0.0,0.0,0.0,0.0,0,0
774,3,27.63,82.0,0.3,82.89,1,1
769,2,10.95,19.9,2.0,21.9,1,1
771,4,52.11794375,107.9,0.19,208.471775,1,1
766,14,25.6897285,58.6942,0.13,359.656199,1,1
767,4,8.057500000000001,25.0,0.4,32.230000000000004,1,1
772,4,0.92225,1.8,0.14,3.689,1,1
770,2,0.255,0.39,0.12,0.51,1,1
768,2,1.595,2.0,1.19,3.19,1,1
765,14,30.489771428571427,78.1,3.6,426.85679999999996,1,1
762,3,14.700000000000001,42.5,0.1,44.1,1,1
764,20,48.247,105.0,0.12,964.94,1,1
763,9,7.420000111111111,10.59,0.13,66.780001,1,1
761,2,3.875,7.25,0.5,7.75,1,1
760,5,31.665999999999997,100.0,0.24,158.32999999999998,1,1
759,16,42.320496875,46.988,0.22,677.12795,1,1
758,1,5.5,5.5,5.5,5.5,1,1
757,1,0.08,0.08,0.08,0.08,1,1
754,5,1.2229800000000002,1.88,0.3999,6.1149000000000004,1,1
755,4,48.2605185,110.0,0.66,193.042074,1,1
752,23,38.506478260869564,54.1,0.5,885.649,1,1
756,15,8.55992,23.99,0.3,128.3988,1,1
753,38,41.52444736842106,63.0,0.485,1577.929,1,1
748,6,44.94813333333334,110.0,0.5,269.6888,1,1
749,7,9.112857142857143,32.0,0.45,63.79,1,1
750,2,42.62,83.99,1.25,85.24,1,1
751,6,12.378333333333332,61.99,0.69,74.27,1,1
747,7,30.05,67.45,12.9,210.35,1,1
746,0,0.0,0.0,0.0,0.0,0,0
745,8,15.80477475,42.0,3.6,126.438198,1,1
743,5,9.356,29.69,0.12,46.78,1,1
744,9,42.45377777777778,99.0,0.12,382.084,1,1
742,1,0.12,0.12,0.12,0.12,1,1
741,7,39.441616857142854,65.0,0.4,276.091318,1,1
740,12,46.07083333333333,140.0,0.49,552.85,1,1
739,0,0.0,0.0,0.0,0.0,0,0
738,2,7.845,15.5,0.19,15.69,1,1
737,13,9.20623076923077,22.5,0.34,119.681,1,1
736,4,29.33875,69.0,0.355,117.355,1,1
735,5,5.360938,13.99,2.06469,26.80469,1,1
734,14,35.38607142857143,75.7,0.335,495.405,1,1
733,3,9.663333333333334,19.5,0.34,28.990000000000002,1,1
732,1,0.5,0.5,0.5,0.5,1,1
731,28,50.49198214285714,71.8499,0.43,1413.7755,1,1
730,2,2.3499999999999996,3.55,1.15,4.699999999999999,1,1
729,2,0.8400000000000001,0.89,0.79,1.6800000000000002,1,1
728,2,27.75,53.0,2.5,55.5,1,1
723,2,1.005,1.69,0.32,2.01,1,1
725,8,9.56875,21.19,1.3,76.55,1,1
726,1,0.99,0.99,0.99,0.99,1,1
727,2,1.525,1.65,1.4,3.05,1,1
724,11,14.949990909090907,110.0,0.32,164.44989999999999,1,1
722,1,21.0,21.0,21.0,21.0,1,1
721,0,0.0,0.0,0.0,0.0,0,0
717,11,46.59865181818182,137.0,0.34,512.5851700000001,1,1
716,11,11.193627272727273,45.0,0.35,123.1299,1,1
718,6,46.205000000000005,62.51,2.4,277.23,1,1
720,6,47.8699125,118.15,0.99,287.219475,1,1
719,2,50.17,100.0,0.34,100.34,1,1
715,2,6.140000000000001,11.88,0.4,12.280000000000001,1,1
712,1,99.69,99.69,99.69,99.69,1,1
714,3,47.63333333333333,49.9,45.0,142.9,1,1
713,9,41.534311111111116,108.8888,3.66,373.8088,1,1
711,0,0.0,0.0,0.0,0.0,0,0
709,5,2.213,4.93,0.25,11.065000000000001,1,1
710,5,2.275166,5.63583,0.25,11.37583,1,1
708,4,16.77,62.0,1.3,67.08,1,1
707,2,92.5,95.0,90.0,185.0,1,1
706,7,27.892857142857142,46.69,1.3,195.25,1,1
703,1,180.0,180.0,180.0,180.0,1,1
704,0,0.0,0.0,0.0,0.0,0,0
701,7,13.222857142857142,37.0,0.79,92.56,1,1
705,2,24.045,38.09,10.0,48.09,1,1
702,0,0.0,0.0,0.0,0.0,0,0
697,0,0.0,0.0,0.0,0.0,0,0
699,0,0.0,0.0,0.0,0.0,0,0
700,0,0.0,0.0,0.0,0.0,0,0
696,1,65.0,65.0,65.0,65.0,1,1
698,0,0.0,0.0,0.0,0.0,0,0
693,2,0.7852815,1.070563,0.5,1.570563,1,1
692,4,8.790000000000001,14.99,0.5,35.160000000000004,1,1
694,1,1.3,1.3,1.3,1.3,1,1
691,3,0.51,0.54,0.49,1.53,1,1
690,4,54.115575,92.4623,27.0,216.4623,1,1
695,7,18.252857142857145,42.0,0.8,127.77000000000001,1,1
689,0,0.0,0.0,0.0,0.0,0,0
688,0,0.0,0.0,0.0,0.0,0,0
687,5,53.556,97.9,15.0,267.78,1,1
685,1,80.0,80.0,80.0,80.0,1,1
684,0,0.0,0.0,0.0,0.0,0,0
686,5,52.49980000000001,118.0,18.0,262.499,1,1
678,0,0.0,0.0,0.0,0.0,0,0
683,0,0.0,0.0,0.0,0.0,0,0
681,0,0.0,0.0,0.0,0.0,0,0
682,1,105.0,105.0,105.0,105.0,1,1
680,0,0.0,0.0,0.0,0.0,0,0
677,0,0.0,0.0,0.0,0.0,0,0
674,0,0.0,0.0,0.0,0.0,0,0
676,4,46.705225,119.5,2.521,186.8209,1,1
675,0,0.0,0.0,0.0,0.0,0,0
679,0,0.0,0.0,0.0,0.0,0,0
673,2,16.0,17.5,14.5,32.0,1,1
672,5,10.303999999999998,13.39,6.29,51.519999999999996,1,1
671,2,3.21045,6.0,0.4209,6.4209,1,1
670,2,37.5,60.0,15.0,75.0,1,1
669,54,46.23203703703704,118.0,24.0,2496.53,1,1
668,4,7.1739875,10.4,0.5,28.69595,1,1
667,4,11.032,39.0,0.328,44.128,1,1
666,0,0.0,0.0,0.0,0.0,0,0
661,3,30.776666666666667,44.9,3.98,92.33,1,1
665,15,32.77585333333333,62.85,0.08,491.63779999999997,1,1
662,4,4.880084,8.371436,0.2789,19.520336,1,1
663,2,0.08449999999999999,0.089,0.08,0.16899999999999998,1,1
664,12,30.268207500000003,84.9,0.2389,363.21849000000003,1,1
660,1,6.0,6.0,6.0,6.0,1,1
659,2,12.75,24.0,1.5,25.5,1,1
654,5,1.8876131999999999,3.068166,0.46,9.438066,1,1
655,19,29.940626315789473,66.99,0.462,568.8719,1,1
657,2,4.6,5.0,4.2,9.2,1,1
658,3,1.0033333333333332,2.0,0.49,3.01,1,1
656,2,36.0500955,69.42,2.680191,72.100191,1,1
653,4,40.937675,70.3518,10.9989,163.7507,1,1
652,6,50.416666666666664,99.0,0.11,302.5,1,1
649,0,0.0,0.0,0.0,0.0,0,0
650,0,0.0,0.0,0.0,0.0,0,0
651,0,0.0,0.0,0.0,0.0,0,0
648,3,73.56333333333333,144.69,31.0,220.69,1,1
646,1,8.0,8.0,8.0,8.0,1,1
647,4,9.079374999999999,16.9,0.3575,36.317499999999995,1,1
645,28,25.253792857142855,33.23,0.001,707.1062,1,1
644,9,24.027788666666666,33.8801,10.918,216.250098,1,1
643,2,7.0,10.0,4.0,14.0,1,1
635,5,6.0760000000000005,19.0,0.49,30.380000000000003,1,1
627,6,26.238333333333333,59.58,0.75,157.43,1,1
637,5,10.4378,24.5,0.3,52.189,1,1
633,12,50.066825,78.18,0.432,600.8019,1,1
638,11,27.97601818181818,80.0,3.0,307.7362,1,1
626,11,13.268181727272726,22.0,9.49,145.949999,1,1
631,2,31.5,60.0,3.0,63.0,1,1
634,9,33.75666666666667,110.0,0.34,303.81,1,1
640,8,10.04740625,12.99,3.0,80.37925,1,1
628,3,27.916666666666668,83.0,0.29,83.75,1,1
639,4,22.122500000000002,38.99,8.0,88.49000000000001,1,1
624,2,1.6665,3.0,0.333,3.333,1,1
642,1,0.452,0.452,0.452,0.452,1,1
641,6,8.58,18.5,3.0,51.480000000000004,1,1
636,1,64.2,64.2,64.2,64.2,1,1
632,8,7.517375,17.969,1.25,60.139,1,1
625,6,15.070500000000001,40.0,0.333,90.423,1,1
630,4,13.5,38.0,0.5,54.0,1,1
623,4,5.07675,10.2,2.0,20.307,1,1
629,6,80.40833333333333,127.0,36.69,482.45,1,1
622,1,11.47,11.47,11.47,11.47,1,1
621,4,22.577475,64.01,4.3,90.3099,1,1
620,2,14.775,29.0,0.55,29.55,1,1
619,1,0.6,0.6,0.6,0.6,1,1
618,1,0.3499,0.3499,0.3499,0.3499,1,1
617,3,8.785,20.0,0.355,26.355,1,1
616,1,0.485236,0.485236,0.485236,0.485236,1,1
615,6,6.062966666666667,9.82,0.25,36.3778,1,1
613,5,22.362379999999998,70.0,1.812,111.8119,1,1
614,2,3.75,5.0,2.5,7.5,1,1
612,1,33.33,33.33,33.33,33.33,1,1
610,3,6.0,10.0,2.0,18.0,1,1
595,2,3.5,6.0,1.0,7.0,1,1
602,5,34.33,150.0,1.0,171.65,1,1
601,7,15.138571428571428,42.0,2.0,105.97,1,1
599,6,16.015,46.6,1.0,96.09,1,1
597,6,27.459166666666665,71.69,0.75,164.755,1,1
600,1,6.0,6.0,6.0,6.0,1,1
594,3,3.612766666666667,6.0,1.0,10.8383,1,1
604,5,20.876839999999998,86.6942,1.0,104.38419999999999,1,1
608,27,39.70422196296296,75.53,3.141593,1072.013993,1,1
596,3,6.146633333333334,6.7999,5.69,18.4399,1,1
609,4,24.035,86.75,1.5,96.14,1,1
611,14,12.742285714285714,100.0,1.0,178.392,1,1
598,2,3.875,6.0,1.75,7.75,1,1
593,27,32.19706296296296,71.99,2.0,869.3207,1,1
605,6,43.36166666666666,199.0,1.87,260.16999999999996,1,1
592,3,2.75,6.0,1.0,8.25,1,1
607,3,3.0666666666666664,6.0,1.0,9.2,1,1
603,20,36.752075000000005,75.4,1.75,735.0415,1,1
606,24,16.229677583333334,67.0,2.0,389.512262,1,1
591,3,68.60000000000001,112.0,1.8,205.8,1,1
590,2,37.445,74.69,0.2,74.89,1,1
588,1,0.25,0.25,0.25,0.25,1,1
589,2,1.2395,2.0,0.479,2.479,1,1
587,2,16.5,24.0,9.0,33.0,1,1
586,6,25.715,53.0,0.1,154.29,1,1
583,14,31.018785714285713,77.95,0.32,434.263,1,1
582,4,51.6725,110.0,10.0,206.69,1,1
584,25,38.837959999999995,46.0,0.25,970.949,1,1
585,6,16.096666666666668,72.0,0.49,96.58000000000001,1,1
581,6,4.268709333333334,7.469,2.248256,25.612256000000002,1,1
580,5,17.894,22.72,0.4,89.47,1,1
578,1,27.5,27.5,27.5,27.5,1,1
579,1,29.9,29.9,29.9,29.9,1,1
577,14,21.45532785714286,35.24999,0.134,300.37459,1,1
576,1,2.69,2.69,2.69,2.69,1,1
575,19,30.818105263157893,122.0,0.4,585.544,1,1
574,7,6.517142857142857,12.69,0.35,45.62,1,1
572,4,42.707499999999996,90.0,0.41,170.82999999999998,1,1
573,6,34.089866666666666,52.6969,0.41,204.5392,1,1
571,12,35.675925,77.8141,0.37,428.1111,1,1
570,6,24.34583333333333,45.0,0.425,146.075,1,1
567,3,47.053333333333335,99.0,0.16,141.16,1,1
568,2,35.4259,70.3518,0.5,70.8518,1,1
569,5,18.41138,76.5,0.777,92.0569,1,1
566,1,0.4455,0.4455,0.4455,0.4455,1,1
565,3,57.94,150.0,0.82,173.82,1,1
563,10,24.92046,70.5,11.27,249.2046,1,1
564,18,46.46313077777778,77.94,0.946354,836.336354,1,1
562,4,56.6175,149.0,10.5,226.47,1,1
561,5,40.852,97.0,3.67,204.26,1,1
560,30,37.786441866666664,49.0,0.599,1133.5932559999999,1,1
558,3,4.233333333333333,6.5,2.5,12.7,1,1
559,4,34.412275,65.0,14.0501,137.6491,1,1
557,1,3.0,3.0,3.0,3.0,1,1
554,0,0.0,0.0,0.0,0.0,0,0
551,11,19.6608,52.25,0.08,216.2688,1,1
552,39,42.12420282051282,47.32,0.08,1642.84391,1,1
553,2,0.76,1.44,0.08,1.52,1,1
555,1,0.777,0.777,0.777,0.777,1,1
556,1,20.0,20.0,20.0,20.0,1,1
548,24,36.479791666666664,85.0,4.0,875.515,1,1
549,7,1.0924285714285715,2.25,0.24,7.647,1,1
550,2,18.5,22.0,15.0,37.0,1,1
547,1,0.95,0.95,0.95,0.95,1,1
546,3,84.66666666666667,155.0,35.0,254.0,1,1
545,3,0.9133,1.99,0.35,2.7399,1,1
544,1,73.0,73.0,73.0,73.0,1,1
543,10,13.3387,90.0,0.31,133.387,1,1
542,1,10.9999,10.9999,10.9999,10.9999,1,1
538,0,0.0,0.0,0.0,0.0,0,0
540,0,0.0,0.0,0.0,0.0,0,0
537,2,14.35,14.5,14.2,28.7,1,1
541,0,0.0,0.0,0.0,0.0,0,0
539,7,21.512857142857143,83.0,0.79,150.59,1,1
536,8,54.11125,105.69,10.88,432.89,1,1
535,0,0.0,0.0,0.0,0.0,0,0
534,4,36.0975,88.0,0.69,144.39,1,1
532,19,57.21305157894737,114.95,12.74,1087.04798,1,1
533,3,28.366333333333333,74.0,5.16,85.099,1,1
531,3,32.46,58.88,0.5,97.38,1,1
530,2,0.345,0.5,0.19,0.69,1,1
529,11,49.723600000000005,124.9,0.888,546.9596,1,1
528,1,6.5,6.5,6.5,6.5,1,1
527,14,72.89166428571428,99.8888,60.0,1020.4833,1,1
526,13,46.96769200000001,145.9,10.0,610.579996,1,1
525,4,8.51725,16.75,0.369,34.069,1,1
524,5,11.9059928,14.149964,10.4,59.529964,1,1
510,4,12.397499999999999,14.5,7.39,49.589999999999996,1,1
515,6,34.81665,39.88,29.4,208.8999,1,1
511,18,16.00118011111111,90.0,4.798,288.021242,1,1
518,1,46.0,46.0,46.0,46.0,1,1
517,2,67.5,80.0,55.0,135.0,1,1
507,1,5.0,5.0,5.0,5.0,1,1
521,0,0.0,0.0,0.0,0.0,0,0
520,1,99.0,99.0,99.0,99.0,1,1
508,1,8.0,8.0,8.0,8.0,1,1
523,0,0.0,0.0,0.0,0.0,0,0
513,3,62.666666666666664,127.0,6.0,188.0,1,1
519,0,0.0,0.0,0.0,0.0,0,0
505,1,99.9,99.9,99.9,99.9,1,1
512,1,4.0,4.0,4.0,4.0,1,1
522,14,20.84205714285714,41.5,2.0,291.7888,1,1
504,6,22.944999999999997,48.0,8.0,137.67,1,1
516,2,12.49,13.98,11.0,24.98,1,1
509,0,0.0,0.0,0.0,0.0,0,0
506,4,47.9975,100.0,14.3,191.99,1,1
514,5,24.411520000000003,37.15,5.9,122.05760000000001,1,1
503,2,43.5,49.0,38.0,87.0,1,1
502,7,13.712997,22.19,8.7035,95.990979,1,1
501,1,130.0,130.0,130.0,130.0,1,1
500,1,59.0,59.0,59.0,59.0,1,1
496,3,14.726666666666667,17.35,13.15,44.18,1,1
495,5,8.132000000000001,10.0,5.69,40.660000000000004,1,1
499,0,0.0,0.0,0.0,0.0,0,0
498,3,11.963833333333334,12.5,11.1705,35.8915,1,1
497,11,14.538072727272727,23.99,6.49,159.9188,1,1
494,3,14.450000000000001,15.0,13.9,43.35,1,1
493,14,27.553500000000003,79.0,0.7,385.749,1,1
489,3,5.144472666666666,7.033418,3.4,15.433418,1,1
491,1,15.0,15.0,15.0,15.0,1,1
485,1,102.0,102.0,102.0,102.0,1,1
488,2,61.5,111.0,12.0,123.0,1,1
492,12,35.23916666666667,42.97,0.75,422.87,1,1
490,2,28517.75,57000.0,35.5,57035.5,1,1
483,5,53.4,97.0,1.0,267.0,1,1
484,1,0.13,0.13,0.13,0.13,1,1
486,9,40.176916,101.5,11.0,361.592244,1,1
487,7,22.235432857142857,88.0,0.63,155.64803,1,1
482,1,1.05,1.05,1.05,1.05,1,1
481,1,4.2069,4.2069,4.2069,4.2069,1,1
480,6,51.20830083333333,138.0,0.555,307.249805,1,1
479,8,3.392375,5.9,0.199,27.139,1,1
476,6,23.933333333333334,95.0,5.5,143.6,1,1
478,1,12.15,12.15,12.15,12.15,1,1
477,6,6.333166666666667,12.549,0.63,37.999,1,1
474,3,11.75,25.0,3.5,35.25,1,1
467,4,20.447725,35.6969,13.745,81.7909,1,1
470,2,109.45,110.0,108.9,218.9,1,1
471,0,0.0,0.0,0.0,0.0,0,0
469,0,0.0,0.0,0.0,0.0,0,0
468,4,27.25,46.0,15.0,109.0,1,1
472,4,75.6125,100.0,14.75,302.45,1,1
473,7,11.12142857142857,13.19,7.46,77.85,1,1
466,6,71.91666666666667,185.0,8.0,431.5,1,1
475,3,18.283333333333335,34.0,2.6,54.85,1,1
465,13,40.89238453846154,71.69,0.5,531.600999,1,1
464,5,12.12398,28.0,0.2899,60.6199,1,1
451,2,9.3349835,9.499967,9.17,18.669967,1,1
463,1,65.0,65.0,65.0,65.0,1,1
450,0,0.0,0.0,0.0,0.0,0,0
453,1,10.0,10.0,10.0,10.0,1,1
444,0,0.0,0.0,0.0,0.0,0,0
446,0,0.0,0.0,0.0,0.0,0,0
462,1,50.0,50.0,50.0,50.0,1,1
452,1,62.0,62.0,62.0,62.0,1,1
447,9,47.14555555555555,67.5,20.0,424.31,1,1
461,0,0.0,0.0,0.0,0.0,0,0
445,11,34.994409,145.0,1.04,384.938499,1,1
449,7,36.635714285714286,105.0,14.58,256.45,1,1
454,2,28.0,39.0,17.0,56.0,1,1
460,1,160.0,160.0,160.0,160.0,1,1
455,7,14.78138557142857,40.0,6.429999,103.46969899999999,1,1
457,2,23.0,45.0,1.0,46.0,1,1
459,9,12.841051111111112,14.96,12.03,115.56946,1,1
448,5,3.8160000000000003,9.8,1.5,19.080000000000002,1,1
458,0,0.0,0.0,0.0,0.0,0,0
456,2,3.45,3.9,3.0,6.9,1,1
443,6,10.765366666666665,26.65,0.33,64.59219999999999,1,1
442,4,53.4445,101.0,1.878,213.778,1,1
438,3,36.0,105.5,1.0,108.0,1,1
439,10,27.60882,49.89,3.0,276.08820000000003,1,1
440,16,55.2869375,112.0,0.3,884.591,1,1
441,0,0.0,0.0,0.0,0.0,0,0
436,7,21.636699999999998,75.0,0.7569,151.4569,1,1
437,9,27.411877777777775,37.09,0.7569,246.7069,1,1
435,0,0.0,0.0,0.0,0.0,0,0
434,2,2.9000000000000004,3.6,2.2,5.800000000000001,1,1
433,3,3.283333333333333,3.55,3.0,9.85,1,1
428,31,18.76503829032258,60.6,0.915707,581.716187,1,1
423,2,6.949999999999999,7.8,6.1,13.899999999999999,1,1
425,5,8.996,10.39,7.29,44.980000000000004,1,1
424,2,3.55,4.3,2.8,7.1,1,1
430,4,3.2249749999999997,5.0,1.7,12.899899999999999,1,1
427,2,2.68125,3.5555,1.807,5.3625,1,1
426,2,0.416,0.6,0.232,0.832,1,1
431,4,2.325,3.29,1.11,9.3,1,1
432,5,3.2479999999999998,4.8,1.7,16.24,1,1
429,12,39.875,81.99,1.05,478.5,1,1
422,2,3.5250000000000004,4.65,2.4,7.050000000000001,1,1
421,4,16.1625,38.75,1.4,64.65,1,1
420,0,0.0,0.0,0.0,0.0,0,0
419,2,95.0,98.0,92.0,190.0,1,1
416,6,18.291883333333335,37.69,5.53,109.7513,1,1
418,2,0.521,0.7,0.342,1.042,1,1
417,2,50.25,100.0,0.5,100.5,1,1
414,0,0.0,0.0,0.0,0.0,0,0
415,0,0.0,0.0,0.0,0.0,0,0
413,0,0.0,0.0,0.0,0.0,0,0
408,9,44.72988888888889,142.0,0.23,402.56899999999996,1,1
410,6,32.6,55.4,7.4,195.6,1,1
412,5,23.9977392,108.0,0.748696,119.988696,1,1
409,4,8.45035,8.9128,7.5,33.8014,1,1
411,6,6.823333333333333,14.1,2.99,40.94,1,1
407,4,15.39,45.0,0.38,61.56,1,1
406,2,110.88884999999999,111.7777,110.0,221.77769999999998,1,1
405,15,14.577599999999999,37.01,0.49,218.664,1,1
404,6,28.633333333333336,69.0,8.3,171.8,1,1
403,11,22.282545454545456,66.2,1.85,245.108,1,1
402,2,0.39,0.59,0.19,0.78,1,1
400,4,50.9225,83.69,5.0,203.69,1,1
401,2,0.48050000000000004,0.64,0.321,0.9610000000000001,1,1
398,0,0.0,0.0,0.0,0.0,0,0
399,0,0.0,0.0,0.0,0.0,0,0
397,1,0.2,0.2,0.2,0.2,1,1
396,0,0.0,0.0,0.0,0.0,0,0
395,0,0.0,0.0,0.0,0.0,0,0
394,4,8.69225,15.99,5.81,34.769,1,1
393,3,116.66666666666667,128.0,104.0,350.0,1,1
391,2,2.2199999999999998,2.75,1.69,4.4399999999999995,1,1
390,12,50.78408516666667,76.99,0.333,609.409022,1,1
392,2,0.5295,0.599,0.46,1.059,1,1
389,4,82.344,139.74,0.5,329.376,1,1
388,6,3.4128166666666666,8.0,0.5489,20.4769,1,1
385,8,13.2899625,27.5,0.3,106.3197,1,1
386,4,7.618469,16.623876,0.1,30.473876,1,1
387,10,39.76169,105.0,0.1,397.6169,1,1
384,5,39.512,99.99,0.15,197.56,1,1
383,0,0.0,0.0,0.0,0.0,0,0
382,5,48.92,107.9,22.0,244.6,1,1
380,1,3.5,3.5,3.5,3.5,1,1
381,20,12.25795,14.28,1.42,245.159,1,1
379,0,0.0,0.0,0.0,0.0,0,0
378,2,54.875,109.0,0.75,109.75,1,1
377,11,39.64817272727273,106.75,0.25,436.1299,1,1
376,16,28.7243625,88.0,0.48,459.5898,1,1
375,2,16.402,30.304,2.5,32.804,1,1
374,3,0.6596666666666667,0.85,0.469,1.979,1,1
373,5,16.426,70.1,0.38,82.13,1,1
372,10,11.7134,20.23,6.18,117.134,1,1
371,3,81.63000000000001,129.99,0.9,244.89000000000001,1,1
370,0,0.0,0.0,0.0,0.0,0,0
369,2,4.9,6.2,3.6,9.8,1,1
368,3,19.573333333333334,51.5,0.22,58.72,1,1
367,7,18.274242714285716,36.75,10.6897,127.91969900000001,1,1
366,0,0.0,0.0,0.0,0.0,0,0
365,5,6.673400000000001,14.9,1.0,33.367000000000004,1,1
364,5,35.668,105.0,0.51,178.34,1,1
363,4,6.517,9.0,0.5,26.068,1,1
362,4,4.5615625,7.0,0.44625,18.24625,1,1
361,4,7.445,23.23,1.5,29.78,1,1
360,3,16.49,28.5,0.97,49.47,1,1
359,8,32.687375,77.0,0.45,261.499,1,1
358,4,90.75,130.0,30.0,363.0,1,1
357,2,39.0,45.0,33.0,78.0,1,1
356,12,32.010325,71.78,8.7,384.1239,1,1
355,4,11.905,21.75,0.68,47.62,1,1
354,1,41.0,41.0,41.0,41.0,1,1
353,6,21.471052,43.5233,10.549999,128.826312,1,1
352,3,40.13666666666666,119.0,0.69,120.41,1,1
348,2,0.54995,0.7999,0.3,1.0999,1,1
349,4,1.7933750000000002,2.7,1.02,7.173500000000001,1,1
351,11,29.44633581818182,95.5,0.208,323.909694,1,1
347,2,7.58,14.8,0.36,15.16,1,1
350,5,28.59798,69.0,1.3,142.9899,1,1
346,4,1.2249750000000001,2.7,0.3,4.899900000000001,1,1
345,21,49.02640947619048,69.75,0.58,1029.554599,1,1
344,2,0.319,0.399,0.239,0.638,1,1
343,5,21.992020000000004,40.28,0.35,109.96010000000001,1,1
342,6,17.595,52.0,0.4,105.57,1,1
341,8,11.53061,13.7,9.42989,92.24488,1,1
340,11,13.366162727272728,44.0,0.35,147.02779,1,1
339,2,79.745,90.0,69.49,159.49,1,1
338,15,11.983782933333334,22.37,2.94,179.756744,1,1
337,4,49.8625,170.0,0.5,199.45,1,1
335,2,28.375,38.0,18.75,56.75,1,1
334,2,30.5,40.0,21.0,61.0,1,1
333,2,20.65,23.0,18.3,41.3,1,1
336,11,16.326881818181818,22.469,8.56,179.5957,1,1
332,6,14.358333333333334,24.3,6.0,86.15,1,1
331,1,42.069,42.069,42.069,42.069,1,1
330,10,54.907259999999994,78.05,0.3888,549.0726,1,1
328,15,55.4595708,105.0,0.328,831.893562,1,1
329,2,0.43200000000000005,0.535,0.329,0.8640000000000001,1,1
326,7,43.14,61.35,31.55,301.98,1,1
327,3,43.333333333333336,55.0,34.0,130.0,1,1
325,4,4.3691875,8.5,2.25,17.47675,1,1
324,6,16.125,59.0,2.5,96.75,1,1
323,8,26.832375,33.25,0.33,214.659,1,1
322,31,37.402294870967744,49.25,0.3,1159.471141,1,1
312,3,82.03333333333333,166.0,1.1,246.1,1,1
316,9,13.68809888888889,20.58,7.0,123.19289,1,1
320,3,41.649966666666664,120.0,2.05,124.9499,1,1
317,7,26.46985714285714,29.98,24.49,185.289,1,1
318,6,985.0483166666667,5850.0,1.7,5910.2899,1,1
315,3,59.89666666666667,75.0,37.0,179.69,1,1
314,3,14.383333333333333,22.3,7.0,43.15,1,1
313,4,27.274434499999998,106.0,0.268,109.09773799999999,1,1
321,3,1.168,2.89,0.244,3.504,1,1
319,2,3.2649999999999997,3.98,2.55,6.529999999999999,1,1
306,1,0.8,0.8,0.8,0.8,1,1
303,2,3.3114575,3.8,2.822915,6.622915,1,1
307,2,3.3114575,3.8,2.822915,6.622915,1,1
310,1,7.0,7.0,7.0,7.0,1,1
309,2,59.0,68.0,50.0,118.0,1,1
305,6,11.668333333333335,43.88,0.4,70.01,1,1
308,2,3.3114575,3.8,2.822915,6.622915,1,1
302,4,23.9725,49.99,0.4,95.89,1,1
311,2,3.3114575,3.8,2.822915,6.622915,1,1
304,2,3.3114575,3.8,2.822915,6.622915,1,1
301,11,54.459909090909086,63.63,13.69,599.059,1,1
300,13,12.53438223076923,39.696969,0.59,162.946969,1,1
299,5,19.91038,85.0,0.462,99.5519,1,1
298,4,94.75,108.0,80.0,379.0,1,1
296,4,11.18351325,11.698953,9.999,44.734053,1,1
297,0,0.0,0.0,0.0,0.0,0,0
293,7,10.26,13.69,0.33,71.82,1,1
294,1,2.77,2.77,2.77,2.77,1,1
295,8,20.657375,95.0,0.08,165.259,1,1
292,2,16.744999999999997,16.99,16.5,33.489999999999995,1,1
291,2,155.95,185.0,126.9,311.9,1,1
290,32,26.88508028125,120.69,7.0,860.322569,1,1
289,8,31.777325,44.75,1.1,254.2186,1,1
288,1,12.88,12.88,12.88,12.88,1,1
287,5,27.64778,100.69,0.808,138.2389,1,1
286,4,24.7125,28.85,13.5,98.85,1,1
285,4,0.459975,0.69,0.15,1.8399,1,1
281,4,31.048925,95.0,0.3557,124.1957,1,1
282,4,45.84275,122.5,0.371,183.371,1,1
284,16,39.0703625,86.9,0.375,625.1258,1,1
283,9,50.75205555555556,150.0,0.2797,456.7685,1,1
280,3,0.82,1.29,0.57,2.46,1,1
279,15,33.68688,76.0,1.5,505.3032,1,1
278,3,0.6766666666666667,1.0,0.44,2.0300000000000002,1,1
275,2,1.325,2.0,0.65,2.65,1,1
277,1,8.0,8.0,8.0,8.0,1,1
276,1,15.0,15.0,15.0,15.0,1,1
273,25,24.273599960000002,31.38,12.369999,606.839999,1,1
274,6,36.433,78.18,8.85,218.598,1,1
254,1,0.833,0.833,0.833,0.833,1,1
263,3,8.826663666666667,11.649991,3.63,26.479991,1,1
264,3,48.09883333333334,105.0,12.0,144.2965,1,1
271,5,12.440000000000001,16.2,4.5,62.2,1,1
272,3,13.793333333333331,19.88,6.5,41.379999999999995,1,1
260,26,10.765376884615383,46.5,3.14,279.899799,1,1
258,2,9.0,12.0,6.0,18.0,1,1
266,2,24.15,40.0,8.3,48.3,1,1
257,1,19.3,19.3,19.3,19.3,1,1
269,27,30.26654211111111,46.0,0.833,817.196637,1,1
261,10,9.37678,13.649,4.7,93.7678,1,1
256,9,18.24607422222222,41.55,1.9,164.214668,1,1
265,1,24.7,24.7,24.7,24.7,1,1
270,4,21.9739,60.0,4.54,87.8956,1,1
253,4,43.2,76.0,2.1,172.8,1,1
259,6,23.4315,95.0,5.0,140.589,1,1
267,10,14.969800000000001,43.98,4.5,149.698,1,1
268,14,38.752315714285714,88.0,0.833,542.53242,1,1
262,3,39.90003333333333,69.0001,3.72,119.70009999999999,1,1
255,0,0.0,0.0,0.0,0.0,0,0
252,6,7.2815,18.5,0.55,43.689,1,1
251,6,15.688983333333333,69.0,0.35,94.1339,1,1
250,7,23.663755714285717,52.42069,0.142,165.64629000000002,1,1
249,4,33.715725,133.333,0.2,134.8629,1,1
248,2,1.5250000000000001,2.2,0.85,3.0500000000000003,1,1
246,1,0.75,0.75,0.75,0.75,1,1
247,5,38.1,125.0,1.25,190.5,1,1
244,6,19.734995,53.0,0.55,118.40997,1,1
245,3,4.626666666666667,8.89,1.0,13.88,1,1
243,8,39.5621,71.0,0.8888,316.4968,1,1
241,10,51.65,241.69,4.6,516.5,1,1
242,0,0.0,0.0,0.0,0.0,0,0
240,6,29.279909166666666,69.0,0.7995,175.679455,1,1
239,3,28.900000000000002,86.0,0.25,86.7,1,1
238,17,24.590387647058822,30.38,5.13,418.03659,1,1
237,4,40.375,74.0,12.5,161.5,1,1
236,1,0.6,0.6,0.6,0.6,1,1
235,0,0.0,0.0,0.0,0.0,0,0
233,0,0.0,0.0,0.0,0.0,0,0
234,9,26.69822111111111,31.365,21.31,240.28399,1,1
232,0,0.0,0.0,0.0,0.0,0,0
231,11,36.775454545454544,50.55,12.19,404.53,1,1
229,3,43.70666666666667,69.69,6.45,131.12,1,1
228,3,59.95666666666667,99.99,8.88,179.87,1,1
230,6,38.655,110.69,8.0,231.93,1,1
226,8,35.4893625,210.0,1.74,283.9149,1,1
227,0,0.0,0.0,0.0,0.0,0,0
225,0,0.0,0.0,0.0,0.0,0,0
224,2,60.165,120.0,0.33,120.33,1,1
223,2,60.375,119.0,1.75,120.75,1,1
221,5,14.866,23.99,0.33,74.33,1,1
220,4,5.57475,16.18,0.35,22.299,1,1
219,5,32.62,83.69,0.41,163.1,1,1
222,1,18.995,18.995,18.995,18.995,1,1
218,1,17.0,17.0,17.0,17.0,1,1
217,16,21.0371875,55.0,11.35,336.595,1,1
216,10,48.20886,129.999,2.805,482.0886,1,1
215,18,19.21177777777778,60.0,0.432,345.812,1,1
214,4,36.77625,119.99,0.315,147.105,1,1
212,3,49.5,90.0,23.5,148.5,1,1
210,5,42.994,95.0,0.4,214.97,1,1
211,3,83.43333333333334,147.8,12.5,250.3,1,1
213,5,66.18199999999999,109.0,1.25,330.90999999999997,1,1
209,10,47.1757,72.88,0.437,471.757,1,1
208,2,164.4,178.8,150.0,328.8,1,1
207,5,24.338,80.0,0.28,121.69,1,1
206,3,8.273333333333333,12.68,0.14,24.82,1,1
205,13,42.628461538461536,93.13,0.1,554.17,1,1
201,2,22.675,45.0,0.35,45.35,1,1
202,6,34.046150000000004,54.2069,12.75,204.2769,1,1
204,2,102.5,105.0,100.0,205.0,1,1
200,2,116.5,200.0,33.0,233.0,1,1
203,14,33.92460714285714,45.0,0.27,474.9445,1,1
199,7,27.13714285714286,92.69,10.49,189.96,1,1
197,1,109.0,109.0,109.0,109.0,1,1
198,3,91.45666666666666,113.0,74.69,274.37,1,1
196,6,9.65,15.0,1.5,57.9,1,1
194,2,0.20995000000000003,0.3199,0.1,0.41990000000000005,1,1
195,2,16.475476999999998,32.830954,0.12,32.950953999999996,1,1
193,3,10.0,26.9,1.51,30.0,1,1
192,3,77.76333333333334,113.99,44.8,233.29,1,1
191,5,12.184000000000001,49.0,1.8,60.92,1,1
189,3,48.046666666666674,99.79,2.4,144.14000000000001,1,1
190,4,37.625,115.0,1.5,150.5,1,1
188,3,30.73,82.0,1.5,92.19,1,1
187,0,0.0,0.0,0.0,0.0,0,0
182,3,3.3499666666666665,6.3,1.65,10.0499,1,1
184,3,17.665666666666667,46.46,1.757,52.997,1,1
183,11,9.633805272727272,13.65,1.7,105.971858,1,1
186,2,1.97495,2.2999,1.65,3.9499,1,1
185,2,28.0,36.0,20.0,56.0,1,1
177,17,24.506805882352943,52.5127,1.505,416.6157,1,1
178,2,1.105,1.45,0.76,2.21,1,1
180,2,3.685,6.99,0.38,7.37,1,1
181,11,42.83818181818182,110.0,7.0,471.22,1,1
179,5,7.00638,16.5,0.242,35.0319,1,1
173,2,34.644999999999996,65.6,3.69,69.28999999999999,1,1
174,4,10.41373775,13.0,5.2,41.654951,1,1
172,4,6.7375,18.0,2.1,26.95,1,1
175,10,20.643889,69.4,2.469,206.43889000000001,1,1
176,6,48.97081666666667,171.0,0.515,293.8249,1,1
171,9,13.781977777777778,60.24,0.4888,124.0378,1,1
170,19,36.18400389473684,45.96,1.722074,687.496074,1,1
152,4,63.01475,97.0,32.369,252.059,1,1
150,4,29.73749725,55.0,6.889989,118.949989,1,1
154,7,44.66717142857143,65.5,21.9,312.6702,1,1
158,2,40.375,43.75,37.0,80.75,1,1
151,5,15.2731332,17.189,12.205772,76.365666,1,1
155,0,0.0,0.0,0.0,0.0,0,0
159,2,65.845,111.69,20.0,131.69,1,1
166,2,55.0,75.0,35.0,110.0,1,1
167,5,63.502199999999995,93.75,35.96,317.51099999999997,1,1
156,5,31.512750999999998,35.49,28.499955,157.563755,1,1
162,2,37.495000000000005,62.99,12.0,74.99000000000001,1,1
153,0,0.0,0.0,0.0,0.0,0,0
160,6,56.40035,94.0,32.5121,338.4021,1,1
165,0,0.0,0.0,0.0,0.0,0,0
169,6,52.906666666666666,86.69,11.0,317.44,1,1
161,2,34.3845,36.4,32.369,68.769,1,1
157,21,17.108758095238095,49.99,9.096,359.28392,1,1
163,3,37.553333333333335,69.69,12.97,112.66,1,1
168,4,44.8,53.5,35.0,179.2,1,1
164,0,0.0,0.0,0.0,0.0,0,0
149,1,0.397135,0.397135,0.397135,0.397135,1,1
148,0,0.0,0.0,0.0,0.0,0,0
147,6,17.452166666666667,25.0,0.16,104.713,1,1
146,1,1.25,1.25,1.25,1.25,1,1
145,1,74.89,74.89,74.89,74.89,1,1
144,4,5.9387475,12.69999,0.182,23.75499,1,1
143,0,0.0,0.0,0.0,0.0,0,0
141,7,27.51386485714286,49.98,0.577054,192.597054,1,1
142,1,50.0,50.0,50.0,50.0,1,1
140,3,4.623333333333334,7.29,0.33,13.870000000000001,1,1
139,1,30.0,30.0,30.0,30.0,1,1
138,2,6.835000000000001,10.47,3.2,13.670000000000002,1,1
126,4,86.16014625,180.960585,0.8,344.640585,1,1
131,6,11.537333333333335,57.78,0.2,69.224,1,1
128,4,40.9975,129.99,9.0,163.99,1,1
136,11,15.36229990909091,19.7668,1.3,168.985299,1,1
132,5,20.076,80.0,1.0,100.38,1,1
130,1,0.49,0.49,0.49,0.49,1,1
129,3,23.384333333333334,37.99,0.6,70.153,1,1
133,1,0.49,0.49,0.49,0.49,1,1
124,4,26.5675,53.73,0.6,106.27,1,1
127,15,36.41429993333334,83.5,0.43,546.214499,1,1
125,2,0.745,1.0,0.49,1.49,1,1
137,15,7.829866666666666,23.5,0.6,117.448,1,1
135,10,33.868900000000004,124.0,0.6,338.689,1,1
134,3,1.3088666666666666,1.6666,0.6,3.9266,1,1
123,3,3.6018333333333334,5.5,1.1055,10.8055,1,1
122,3,19.36,23.0,14.98,58.08,1,1
121,0,0.0,0.0,0.0,0.0,0,0
120,1,10.0,10.0,10.0,10.0,1,1
119,5,62.04600000000001,117.0,0.48,310.23,1,1
118,1,200.0,200.0,200.0,200.0,1,1
117,6,38.92166666666667,100.0,1.2,233.53,1,1
116,0,0.0,0.0,0.0,0.0,0,0
115,4,3.4640802500000003,6.95,0.16,13.856321000000001,1,1
114,1,33.0,33.0,33.0,33.0,1,1
113,0,0.0,0.0,0.0,0.0,0,0
112,3,10.982,24.399,0.777,32.946,1,1
109,9,5.285998888888889,6.57,4.35,47.57399,1,1
111,0,0.0,0.0,0.0,0.0,0,0
110,0,0.0,0.0,0.0,0.0,0,0
108,14,16.137071428571428,28.8,11.549,225.91899999999998,1,1
107,0,0.0,0.0,0.0,0.0,0,0
105,2,73.91499999999999,114.5,33.33,147.82999999999998,1,1
106,10,10.4341938,12.46,8.865,104.341938,1,1
102,17,31.287894117647056,61.0,8.88,531.8942,1,1
104,0,0.0,0.0,0.0,0.0,0,0
103,5,32.608,38.25,17.77,163.04,1,1
101,3,44.553333333333335,89.0,6.66,133.66,1,1
100,6,47.66235,120.0,13.9141,285.9741,1,1
99,8,19.3825,44.5,0.7,155.06,1,1
98,4,71.925,116.0,0.7,287.7,1,1
97,1,1.5,1.5,1.5,1.5,1,1
95,9,8.205555555555556,13.6,0.64,73.85,1,1
96,0,0.0,0.0,0.0,0.0,0,0
94,0,0.0,0.0,0.0,0.0,0,0
93,4,4.1935,14.35,0.514,16.774,1,1
92,4,13.357475,50.0,0.43,53.4299,1,1
91,6,3.701316666666667,12.7399,0.254,22.207900000000002,1,1
79,3,8.053333333333333,14.0,0.16,24.16,1,1
89,6,38.855,118.0,0.7,233.13,1,1
75,19,24.59768394736842,99.69,0.32,467.355995,1,1
88,2,1.1484999999999999,1.797,0.5,2.2969999999999997,1,1
83,1,0.7,0.7,0.7,0.7,1,1
81,2,0.4375,0.5,0.375,0.875,1,1
86,12,24.10275,81.18,0.32,289.233,1,1
82,4,17.33,35.748,0.32,69.32,1,1
77,1,0.25,0.25,0.25,0.25,1,1
78,14,27.22872142857143,80.0,0.32,381.20210000000003,1,1
71,8,41.8299875,88.0,0.5,334.6399,1,1
80,17,22.822139705882353,78.1,0.32,387.976375,1,1
72,3,11.676633333333333,33.33,0.4,35.0299,1,1
85,4,19.609975,74.5,0.35,78.4399,1,1
84,2,2.6550000000000002,4.99,0.32,5.3100000000000005,1,1
73,1,30.0,30.0,30.0,30.0,1,1
74,4,49.572475000000004,167.99,0.2,198.28990000000002,1,1
76,7,15.664271428571428,50.69,0.32,109.6499,1,1
90,3,6.886333333333333,10.08,0.5,20.659,1,1
87,1,0.5,0.5,0.5,0.5,1,1
70,12,64.8575,115.0,0.79,778.29,1,1
69,2,5.819999999999999,9.69,1.95,11.639999999999999,1,1
68,1,0.5,0.5,0.5,0.5,1,1
66,1,1.02,1.02,1.02,1.02,1,1
67,9,22.06832222222222,130.0,0.455,198.61489999999998,1,1
65,8,10.809229375,15.45,0.3,86.473835,1,1
64,3,17.616666666666667,47.0,2.61,52.85,1,1
63,0,0.0,0.0,0.0,0.0,0,0
62,3,14.93,44.0,0.35,44.79,1,1
61,12,10.394083166666666,45.0,0.2,124.728998,1,1
60,0,0.0,0.0,0.0,0.0,0,0
59,3,2.959633333333333,5.888,1.301,8.8789,1,1
58,2,46.5,88.0,5.0,93.0,1,1
57,7,23.71614285714286,61.88,12.01,166.013,1,1
55,3,26.666666666666668,40.0,17.0,80.0,1,1
56,12,30.97575,51.8,0.25,371.709,1,1
52,5,14.690000000000001,18.49,3.0,73.45,1,1
53,1,1.0,1.0,1.0,1.0,1,1
50,3,35.333333333333336,90.0,1.0,106.0,1,1
54,3,3.873333333333333,8.87,0.45,11.62,1,1
51,5,35.826,123.45,1.0,179.13,1,1
46,0,0.0,0.0,0.0,0.0,0,0
48,1,0.2,0.2,0.2,0.2,1,1
44,5,20.0178,34.15,0.35,100.089,1,1
45,4,18.2395,34.69,1.2,72.958,1,1
47,0,0.0,0.0,0.0,0.0,0,0
49,3,64.26666666666667,100.0,0.8,192.8,1,1
43,6,43.54666666666666,65.0,0.64,261.28,1,1
42,7,9.533714285714286,12.49,2.85,66.736,1,1
41,2,47.75,51.0,44.5,95.5,1,1
40,2,15.175,16.1,14.25,30.35,1,1
39,2,60.0,80.0,40.0,120.0,1,1
37,4,17.795,55.0,1.5,71.18,1,1
38,5,20.282999999999998,38.0,1.5,101.41499999999999,1,1
36,4,37.4775,59.11,15.0,149.91,1,1
34,2,96.225,192.0,0.45,192.45,1,1
35,1,40.0,40.0,40.0,40.0,1,1
33,2,1.745,3.33,0.16,3.49,1,1
32,1,2.5,2.5,2.5,2.5,1,1
31,1,39.69,39.69,39.69,39.69,1,1
30,0,0.0,0.0,0.0,0.0,0,0
23,3,104.66666666666667,289.0,2.0,314.0,1,1
6,3,54.0,89.0,10.0,162.0,1,1
26,0,0.0,0.0,0.0,0.0,0,0
3,0,0.0,0.0,0.0,0.0,0,0
10,1,80.0,80.0,80.0,80.0,1,1
29,3,53.37633333333333,150.0,0.129,160.129,1,1
7,0,0.0,0.0,0.0,0.0,0,0
16,4,22.1355,54.0,0.74,88.542,1,1
9,2,117.5,135.0,100.0,235.0,1,1
8,1,110.0,110.0,110.0,110.0,1,1
25,12,9.247653666666666,13.848,0.425,110.971844,1,1
27,2,124.0,150.0,98.0,248.0,1,1
4,0,0.0,0.0,0.0,0.0,0,0
15,6,15.318166666666668,38.77,0.65,91.909,1,1
12,0,0.0,0.0,0.0,0.0,0,0
17,4,132.3475,410.0,10.69,529.39,1,1
19,1,1.5,1.5,1.5,1.5,1,1
1,0,0.0,0.0,0.0,0.0,0,0
11,1,20.0,20.0,20.0,20.0,1,1
22,2,4.995,7.99,2.0,9.99,1,1
28,4,40.1225,69.69,26.6,160.49,1,1
14,0,0.0,0.0,0.0,0.0,0,0
0,0,0.0,0.0,0.0,0.0,0,0
13,2,50.0,99.0,1.0,100.0,1,1
24,0,0.0,0.0,0.0,0.0,0,0
5,0,0.0,0.0,0.0,0.0,0,0
20,4,64.905,200.0,5.47,259.62,1,1
2,0,0.0,0.0,0.0,0.0,0,0
18,4,5.997525,18.0,0.0001,23.9901,1,1
21,0,0.0,0.0,0.0,0.0,0,0
